instance,V1_init,V2_init,V3_init,T1_init,T2_init,T3_init,xA1_init,xA2_init,xA3_init,xB1_init,xB2_init,xB3_init,F1_init,F2_init,F3_init,Ff1_init,Ff2_init,FR_init,Q1_init,Q2_init,Q3_init,V1_sp,V2_sp,V3_sp,T1_sp,T2_sp,T3_sp,xA1_sp,xA2_sp,xA3_sp,xB1_sp,xB2_sp,xB3_sp,F1_sp,F2_sp,F3_sp,Ff1_sp,Ff2_sp,FR_sp,Q1_sp,Q2_sp,Q3_sp
1,1.0,0.5,1.0,432.4,427.1,432.1,0.536,0.545,0.298,0.448,0.438,0.67,22.04,27.08,9.74,5.04,5.04,17.0,715000.0,580000.0,569000.0,2.0,1.5,2.0,403.8460945,404.7879848,408.8177218,0.689766771,0.630379495,0.452449984,0.304934566,0.362225213,0.534963501,24.05222392,29.18914519,14.53846102,9.688808065,5.13692127,14.36341586,717430.9689,506635.3483,493987.5825
2,2.0,1.5,2.0,403.8460945,404.7879848,408.8177218,0.689766771,0.630379495,0.452449984,0.304934566,0.362225213,0.534963501,24.05222392,29.18914519,14.53846102,9.688808065,5.13692127,14.36341586,717430.9689,506635.3483,493987.5825,1.9,1.2,1.7,424.3162848,410.4596068,415.5435277,0.473050806,0.552682061,0.369582523,0.502738885,0.427662186,0.598554521,18.07236828,27.69516655,14.38088502,5.019151098,9.622798269,13.05321718,737890.5271,523443.2869,591370.0539
3,1.9,1.2,1.7,424.3162848,410.4596068,415.5435277,0.473050806,0.552682061,0.369582523,0.502738885,0.427662186,0.598554521,18.07236828,27.69516655,14.38088502,5.019151098,9.622798269,13.05321718,737890.5271,523443.2869,591370.0539,1.0,2.1,1.2,404.0358944,406.8631369,411.62361,0.765499077,0.635901877,0.448897962,0.231571051,0.357139526,0.538862571,23.7056811,29.18866936,13.8445086,8.662386235,5.48298826,15.04329486,709749.213,506830.3084,583597.1271
4,1.0,2.1,1.2,404.0358944,406.8631369,411.62361,0.765499077,0.635901877,0.448897962,0.231571051,0.357139526,0.538862571,23.7056811,29.18866936,13.8445086,8.662386235,5.48298826,15.04329486,709749.213,506830.3084,583597.1271,1.5,2.4,2.4,397.9923553,397.0360308,402.0779034,0.758730489,0.677612028,0.566261976,0.238283327,0.317116893,0.426073527,18.19182557,26.89449239,16.97552512,8.467347853,8.702666826,9.724477715,687730.8408,579765.4792,569507.9014
5,1.5,2.4,2.4,397.9923553,397.0360308,402.0779034,0.758730489,0.677612028,0.566261976,0.238283327,0.317116893,0.426073527,18.19182557,26.89449239,16.97552512,8.467347853,8.702666826,9.724477715,687730.8408,579765.4792,569507.9014,1.5,1.5,0.85,398.0450029,395.6052312,399.7737617,0.778491485,0.742747358,0.62218063,0.219130989,0.254097291,0.372711554,20.46244635,28.41284839,15.73350858,8.031721046,7.950402042,12.43072531,680999.687,536468.7248,497447.2636
6,1.5,1.5,0.85,398.0450029,395.6052312,399.7737617,0.778491485,0.742747358,0.62218063,0.219130989,0.254097291,0.372711554,20.46244635,28.41284839,15.73350858,8.031721046,7.950402042,12.43072531,680999.687,536468.7248,497447.2636,1.1,1.8,1.2,392.5075012,391.2094434,395.5521334,0.859244939,0.801833615,0.708276829,0.139898464,0.196553602,0.289135517,21.90179136,30.85811366,17.48803982,8.793875832,8.956322303,13.10791552,713719.3495,574786.7837,562830.3293
7,1.1,1.8,1.2,392.5075012,391.2094434,395.5521334,0.859244939,0.801833615,0.708276829,0.139898464,0.196553602,0.289135517,21.90179136,30.85811366,17.48803982,8.793875832,8.956322303,13.10791552,713719.3495,574786.7837,562830.3293,0.7,2.3,2.5,396.4124289,403.0155605,407.7603545,0.843984449,0.669395847,0.523316774,0.154642221,0.324990029,0.467656114,20.59825544,25.069782,13.76021343,9.510443117,4.47152656,11.08781233,705356.2835,524572.2487,499605.2178
8,0.7,2.3,2.5,396.4124289,403.0155605,407.7603545,0.843984449,0.669395847,0.523316774,0.154642221,0.324990029,0.467656114,20.59825544,25.069782,13.76021343,9.510443117,4.47152656,11.08781233,705356.2835,524572.2487,499605.2178,0.78,1.6,1.9,404.6210575,409.8619371,416.127363,0.779073656,0.623375975,0.477099435,0.218177462,0.36873119,0.510736811,16.6463873,20.96432191,12.07124351,7.92768298,4.317934612,8.718704319,733231.0229,557520.5259,551673.3189
9,0.78,1.6,1.9,404.6210575,409.8619371,416.127363,0.779073656,0.623375975,0.477099435,0.218177462,0.36873119,0.510736811,16.6463873,20.96432191,12.07124351,7.92768298,4.317934612,8.718704319,733231.0229,557520.5259,551673.3189,2.4,0.73,1.9,407.6435109,403.6646581,408.9110584,0.6303536,0.656297989,0.501537536,0.360968591,0.335634418,0.485332183,21.60237141,27.93901357,15.01172419,8.928558289,6.336642159,12.67381312,732900.261,546865.8951,615629.9
11,1.5,1.6,2.0,447.7715636,429.1536473,437.0068403,0.229950929,0.319345907,0.182583627,0.662344809,0.594283126,0.700123873,10.47120273,17.98618217,11.21925299,3.836958435,7.514979437,6.634244297,708400.889,609603.9197,593304.0137,2.1,0.89,2.4,411.0468068,411.8755445,415.6286024,0.628808154,0.600694018,0.38391717,0.362884915,0.389657102,0.598124027,27.16584131,31.33651195,13.26120108,9.444948299,4.17067064,17.72089301,712622.267,597396.5177,493902.3136
12,2.1,0.89,2.4,411.0468068,411.8755445,415.6286024,0.628808154,0.600694018,0.38391717,0.362884915,0.389657102,0.598124027,27.16584131,31.33651195,13.26120108,9.444948299,4.17067064,17.72089301,712622.267,597396.5177,493902.3136,1.1,0.96,2.0,430.2225701,424.0859498,429.3304496,0.503013601,0.492662418,0.259564344,0.477891606,0.486171665,0.701421195,21.00714076,27.02762686,10.59198365,4.893765059,6.020486107,16.1133757,689862.5988,520709.2185,595339.065
13,1.1,0.96,2.0,430.2225701,424.0859498,429.3304496,0.503013601,0.492662418,0.259564344,0.477891606,0.486171665,0.701421195,21.00714076,27.02762686,10.59198365,4.893765059,6.020486107,16.1133757,689862.5988,520709.2185,595339.065,0.65,2.2,1.3,438.1568639,434.4998355,440.7149018,0.388363162,0.284957142,0.117167855,0.569969314,0.649945906,0.780051127,16.60885678,22.72727007,9.852298746,3.986335869,6.118413295,12.62252091,681275.1775,508821.6895,593256.6636
14,0.65,2.2,1.3,438.1568639,434.4998355,440.7149018,0.388363162,0.284957142,0.117167855,0.569969314,0.649945906,0.780051127,16.60885678,22.72727007,9.852298746,3.986335869,6.118413295,12.62252091,681275.1775,508821.6895,593256.6636,1.5,0.76,2.0,389.6107578,387.2228371,391.2493246,0.854163488,0.854546678,0.790164783,0.144913264,0.144512538,0.208376684,21.33795172,29.40171255,17.53885945,9.70770358,8.063760829,11.63024814,737447.3465,541924.9568,497219.5967
15,1.5,0.76,2.0,389.6107578,387.2228371,391.2493246,0.854163488,0.854546678,0.790164783,0.144913264,0.144512538,0.208376684,21.33795172,29.40171255,17.53885945,9.70770358,8.063760829,11.63024814,737447.3465,541924.9568,497219.5967,0.68,2.2,0.6,400.5608216,400.3693823,404.0948994,0.836311955,0.728657266,0.56006761,0.162398666,0.267952163,0.433566835,25.09184728,32.78006557,14.66148998,7.328537883,7.688218286,17.7633094,723233.2204,495636.8103,512915.3915
17,1.3,1.7,1.8,443.9949346,430.4738775,435.6556489,0.284282944,0.321047009,0.142803259,0.647718845,0.612439505,0.752404975,16.21671729,23.95825905,10.91119043,3.425473549,7.741541758,12.79124374,731901.6147,523829.9573,521432.6584,1.2,2.2,1.3,417.757256,418.5623618,422.8514148,0.574631162,0.463308847,0.255375764,0.412708164,0.515141103,0.708194267,21.8984194,28.25227147,12.87442446,6.822098795,6.353852073,15.0763206,686583.4076,617183.7005,508936.4433
18,1.2,2.2,1.3,417.757256,418.5623618,422.8514148,0.574631162,0.463308847,0.255375764,0.412708164,0.515141103,0.708194267,21.8984194,28.25227147,12.87442446,6.822098795,6.353852073,15.0763206,686583.4076,617183.7005,508936.4433,0.82,1.9,1.1,413.7583072,414.5851346,418.9150614,0.695239423,0.575045767,0.355499948,0.299316382,0.414085521,0.624511286,23.57958126,29.76185409,12.63172981,6.785341769,6.18227283,16.79423949,719061.7643,570261.2758,541239.8804
19,0.82,1.9,1.1,413.7583072,414.5851346,418.9150614,0.695239423,0.575045767,0.355499948,0.299316382,0.414085521,0.624511286,23.57958126,29.76185409,12.63172981,6.785341769,6.18227283,16.79423949,719061.7643,570261.2758,541239.8804,2.1,0.62,1.8,420.7358652,407.0556664,412.1328476,0.500982031,0.612153713,0.440508633,0.477976662,0.372223324,0.533905511,18.03860655,26.94942702,14.12287174,5.463552354,8.91082047,12.5750542,717758.5164,507382.7084,574672.5934
20,2.1,0.62,1.8,420.7358652,407.0556664,412.1328476,0.500982031,0.612153713,0.440508633,0.477976662,0.372223324,0.533905511,18.03860655,26.94942702,14.12287174,5.463552354,8.91082047,12.5750542,717758.5164,507382.7084,574672.5934,0.82,1.8,1.5,430.9747279,435.4220875,440.2198112,0.439609931,0.305729258,0.121545,0.528525752,0.640968631,0.789465643,21.08574793,24.95191491,9.632377336,6.066593446,3.866166979,15.01915448,683805.845,582746.0924,502793.6524
21,0.82,1.8,1.5,430.9747279,435.4220875,440.2198112,0.439609931,0.305729258,0.121545,0.528525752,0.640968631,0.789465643,21.08574793,24.95191491,9.632377336,6.066593446,3.866166979,15.01915448,683805.845,582746.0924,502793.6524,2.2,1.5,2.0,411.1941807,414.0781953,418.2994113,0.585222633,0.512973949,0.31018699,0.403452433,0.471342818,0.663349471,24.58869943,28.69933311,13.62507774,9.810017697,4.110633679,14.77868174,712267.7554,580978.205,508798.8362
22,2.2,1.5,2.0,411.1941807,414.0781953,418.2994113,0.585222633,0.512973949,0.31018699,0.403452433,0.471342818,0.663349471,24.58869943,28.69933311,13.62507774,9.810017697,4.110633679,14.77868174,712267.7554,580978.205,508798.8362,1.6,2.2,2.3,413.6386287,412.6282083,417.3999458,0.587125279,0.501005865,0.309653138,0.401457828,0.481579036,0.662077988,20.85552235,27.56315304,13.91193157,7.471971891,6.707630685,13.38355046,709846.0457,511287.7613,552401.2321
23,1.6,2.2,2.3,413.6386287,412.6282083,417.3999458,0.587125279,0.501005865,0.309653138,0.401457828,0.481579036,0.662077988,20.85552235,27.56315304,13.91193157,7.471971891,6.707630685,13.38355046,709846.0457,511287.7613,552401.2321,2.0,1.4,2.4,413.6890785,409.4004249,414.9159549,0.545091914,0.53584688,0.382712778,0.439405137,0.447532912,0.592646979,16.4010966,22.79746264,13.53936102,7.324526389,6.396366031,9.076570216,707569.9783,509168.5763,528104.2308
24,2.0,1.4,2.4,413.6890785,409.4004249,414.9159549,0.545091914,0.53584688,0.382712778,0.439405137,0.447532912,0.592646979,16.4010966,22.79746264,13.53936102,7.324526389,6.396366031,9.076570216,707569.9783,509168.5763,528104.2308,0.68,1.8,2.0,430.1707134,427.9104101,434.8097407,0.515244477,0.388901482,0.206551524,0.464539578,0.575465102,0.737940856,15.04986494,20.93373095,10.55213971,4.871834316,5.883866006,10.17803063,731305.8659,551115.6672,606604.3344
25,0.68,1.8,2.0,430.1707134,427.9104101,434.8097407,0.515244477,0.388901482,0.206551524,0.464539578,0.575465102,0.737940856,15.04986494,20.93373095,10.55213971,4.871834316,5.883866006,10.17803063,731305.8659,551115.6672,606604.3344,0.96,0.63,1.5,397.8140698,393.4280667,397.8719785,0.846799334,0.843210744,0.754657504,0.152147191,0.155667366,0.243407562,19.37623488,26.69554508,13.88386448,6.815763705,7.319310196,12.56047118,732759.7695,492739.9666,498257.1138
26,0.96,0.63,1.5,397.8140698,393.4280667,397.8719785,0.846799334,0.843210744,0.754657504,0.152147191,0.155667366,0.243407562,19.37623488,26.69554508,13.88386448,6.815763705,7.319310196,12.56047118,732759.7695,492739.9666,498257.1138,1.7,2.2,2.0,396.5325481,394.9506726,400.3316188,0.740966563,0.68533641,0.609048646,0.255450492,0.3094736,0.384172342,15.4105725,24.33086695,17.65532633,8.86592483,8.92029445,6.544647668,735376.3078,613505.099,549876.7759
27,1.7,2.2,2.0,396.5325481,394.9506726,400.3316188,0.740966563,0.68533641,0.609048646,0.255450492,0.3094736,0.384172342,15.4105725,24.33086695,17.65532633,8.86592483,8.92029445,6.544647668,735376.3078,613505.099,549876.7759,1.3,1.0,1.9,410.4949762,407.6294225,413.4034602,0.657184056,0.635305857,0.503203848,0.33542801,0.356238905,0.484174987,14.56535431,20.48976264,12.37731215,6.611971475,5.924408335,7.953382831,693681.3554,604388.7504,496900.8641
29,1.8,0.6,1.2,442.3372486,439.421567,447.0051142,0.254987041,0.284683322,0.137159168,0.653362826,0.6266392,0.735894131,12.82190573,16.06393516,8.763291294,5.664411748,3.242029426,7.157493986,715986.3716,563508.3883,511658.3354,0.75,0.77,1.7,427.9797653,423.3494081,429.5967682,0.592949434,0.554072902,0.349694791,0.395368593,0.431426976,0.625228376,15.75704179,20.8406796,9.720663792,4.855065514,5.083637804,10.90197628,719817.7579,560273.0436,546835.8353
30,0.75,0.77,1.7,427.9797653,423.3494081,429.5967682,0.592949434,0.554072902,0.349694791,0.395368593,0.431426976,0.625228376,15.75704179,20.8406796,9.720663792,4.855065514,5.083637804,10.90197628,719817.7579,560273.0436,546835.8353,1.0,0.86,0.76,428.1368828,421.3678246,427.9643419,0.509645326,0.500508228,0.321581324,0.470258254,0.47774372,0.644410089,13.17296536,18.37237245,9.877138424,4.844304555,5.199407085,8.328660806,696201.7538,504036.4489,509013.4119
31,1.0,0.86,0.76,428.1368828,421.3678246,427.9643419,0.509645326,0.500508228,0.321581324,0.470258254,0.47774372,0.644410089,13.17296536,18.37237245,9.877138424,4.844304555,5.199407085,8.328660806,696201.7538,504036.4489,509013.4119,2.2,1.6,2.2,398.5051578,395.9338574,401.4259806,0.707562276,0.691163124,0.590136625,0.287705089,0.303543293,0.402326593,18.59759245,26.64755355,17.3288116,9.461570935,8.049961093,9.136021519,713228.7807,566907.4659,614662.934
32,2.2,1.6,2.2,398.5051578,395.9338574,401.4259806,0.707562276,0.691163124,0.590136625,0.287705089,0.303543293,0.402326593,18.59759245,26.64755355,17.3288116,9.461570935,8.049961093,9.136021519,713228.7807,566907.4659,614662.934,1.3,0.91,2.0,431.7383718,423.2181278,427.9689838,0.457710614,0.481064266,0.258733688,0.516837719,0.493779105,0.696733063,19.49764826,26.04370196,10.96581987,4.715410924,6.546053696,14.78223734,721649.4912,541636.1286,519677.4892
33,1.3,0.91,2.0,431.7383718,423.2181278,427.9689838,0.457710614,0.481064266,0.258733688,0.516837719,0.493779105,0.696733063,19.49764826,26.04370196,10.96581987,4.715410924,6.546053696,14.78223734,721649.4912,541636.1286,519677.4892,2.1,0.9,2.4,417.4782688,414.9490101,420.2288154,0.535388741,0.536436944,0.344411554,0.448386387,0.446768101,0.627864888,20.87788044,26.19763456,13.10087749,8.037922528,5.319754121,12.83995791,730751.8205,597121.7669,580918.1146
34,2.1,0.9,2.4,417.4782688,414.9490101,420.2288154,0.535388741,0.536436944,0.344411554,0.448386387,0.446768101,0.627864888,20.87788044,26.19763456,13.10087749,8.037922528,5.319754121,12.83995791,730751.8205,597121.7669,580918.1146,1.3,1.1,2.1,421.5587374,410.3556818,414.203767,0.586205465,0.617628564,0.403162786,0.40246967,0.371751894,0.576928579,21.11078226,30.49357698,12.88248243,3.845003293,9.382794719,17.26577897,697612.3449,520460.7247,492835.134
35,1.3,1.1,2.1,421.5587374,410.3556818,414.203767,0.586205465,0.617628564,0.403162786,0.40246967,0.371751894,0.576928579,21.11078226,30.49357698,12.88248243,3.845003293,9.382794719,17.26577897,697612.3449,520460.7247,492835.134,1.7,0.8,2.2,398.401922,393.9240653,398.982563,0.738919,0.758482885,0.670998243,0.257431343,0.238177313,0.3241288,16.17341759,23.35173373,14.85020739,7.838587849,7.178316134,8.334829745,680026.926,504779.7241,496120.654
36,1.7,0.8,2.2,398.401922,393.9240653,398.982563,0.738919,0.758482885,0.670998243,0.257431343,0.238177313,0.3241288,16.17341759,23.35173373,14.85020739,7.838587849,7.178316134,8.334829745,680026.926,504779.7241,496120.654,2.1,0.86,0.75,444.0435719,434.8161515,439.2542868,0.249018665,0.315425433,0.122182615,0.666389436,0.607764136,0.747949231,22.54414736,28.6208664,10.5988804,4.875533625,6.076719045,17.66861373,734265.9589,556079.9249,533500.6691
38,1.1,1.9,2.0,436.3384694,432.7743073,437.1901609,0.365310411,0.312156771,0.126142472,0.592023295,0.632389113,0.781576774,21.11720676,27.41502881,10.76699138,4.795601431,6.297822051,16.32160533,729212.0091,598626.627,508453.5622,0.92,1.4,0.94,400.4397494,403.1841324,410.0695524,0.794273619,0.685543756,0.575565919,0.203545583,0.30952835,0.417247199,15.1480246,20.03304642,12.61127691,7.871779986,4.885021819,7.276244618,701280.3845,533389.6405,579330.8885
39,0.92,1.4,0.94,400.4397494,403.1841324,410.0695524,0.794273619,0.685543756,0.575565919,0.203545583,0.30952835,0.417247199,15.1480246,20.03304642,12.61127691,7.871779986,4.885021819,7.276244618,701280.3845,533389.6405,579330.8885,1.7,1.2,1.5,418.5640973,405.7556349,411.1615133,0.550031847,0.614815511,0.458501261,0.434654286,0.372663467,0.521806619,16.73942211,26.53724275,14.79429407,5.226727317,9.797820647,11.51269479,722999.0002,554357.8885,602523.1665
40,1.7,1.2,1.5,418.5640973,405.7556349,411.1615133,0.550031847,0.614815511,0.458501261,0.434654286,0.372663467,0.521806619,16.73942211,26.53724275,14.79429407,5.226727317,9.797820647,11.51269479,722999.0002,554357.8885,602523.1665,2.0,1.3,0.66,398.8524423,398.0189927,401.7772801,0.761075341,0.732403066,0.583843907,0.236141123,0.264152608,0.41009046,26.63601386,33.50599758,16.46998072,9.93403655,6.869983719,16.70197731,723191.3777,586076.1763,528885.5165
41,2.0,1.3,0.66,398.8524423,398.0189927,401.7772801,0.761075341,0.732403066,0.583843907,0.236141123,0.264152608,0.41009046,26.63601386,33.50599758,16.46998072,9.93403655,6.869983719,16.70197731,723191.3777,586076.1763,528885.5165,0.73,2.4,1.8,408.8479506,413.344472,417.9831526,0.722674068,0.542926196,0.340642827,0.272404808,0.443711312,0.636515674,21.44412854,26.65356594,12.60468077,7.670711709,5.209437398,13.77341683,706603.0666,499039.9704,519284.6906
42,0.73,2.4,1.8,408.8479506,413.344472,417.9831526,0.722674068,0.542926196,0.340642827,0.272404808,0.443711312,0.636515674,21.44412854,26.65356594,12.60468077,7.670711709,5.209437398,13.77341683,706603.0666,499039.9704,519284.6906,1.5,1.5,1.9,397.8470409,396.4462047,401.2638223,0.773093189,0.728388644,0.615673584,0.224355318,0.26804893,0.378829955,19.01952035,26.24300833,15.44913482,8.437291413,7.223487986,10.58222893,686291.2775,541581.3666,530998.9541
43,1.5,1.5,1.9,397.8470409,396.4462047,401.2638223,0.773093189,0.728388644,0.615673584,0.224355318,0.26804893,0.378829955,19.01952035,26.24300833,15.44913482,8.437291413,7.223487986,10.58222893,686291.2775,541581.3666,530998.9541,1.2,1.5,1.7,421.4932213,403.7817106,409.8476701,0.526535687,0.605643402,0.492070156,0.454891959,0.380419354,0.488626744,10.89845882,20.89558725,13.90561976,4.045549522,9.997128424,6.852909299,689577.0167,532390.8199,532361.758
44,1.2,1.5,1.7,421.4932213,403.7817106,409.8476701,0.526535687,0.605643402,0.492070156,0.454891959,0.380419354,0.488626744,10.89845882,20.89558725,13.90561976,4.045549522,9.997128424,6.852909299,689577.0167,532390.8199,532361.758,1.1,1.1,1.9,396.1908726,393.6125737,398.1134319,0.843306014,0.81257802,0.708094462,0.155612402,0.185929072,0.289329353,21.79891442,29.23038764,15.09419664,7.939903627,7.431473229,13.85901079,725480.2942,491948.666,552559.5321
45,1.1,1.1,1.9,396.1908726,393.6125737,398.1134319,0.843306014,0.81257802,0.708094462,0.155612402,0.185929072,0.289329353,21.79891442,29.23038764,15.09419664,7.939903627,7.431473229,13.85901079,725480.2942,491948.666,552559.5321,0.89,2.4,1.3,402.3736176,403.5209167,408.4634855,0.784193521,0.64803361,0.489767633,0.213330871,0.345449041,0.499591851,20.29054398,27.28023463,14.55513543,7.814956527,6.989690653,12.47558745,719822.7709,502599.7721,566305.7396
46,0.89,2.4,1.3,402.3736176,403.5209167,408.4634855,0.784193521,0.64803361,0.489767633,0.213330871,0.345449041,0.499591851,20.29054398,27.28023463,14.55513543,7.814956527,6.989690653,12.47558745,719822.7709,502599.7721,566305.7396,1.9,0.7,1.6,418.1133541,407.5545242,412.9484053,0.529780691,0.608426184,0.447665123,0.452651639,0.377502154,0.530046633,16.47651439,24.01878224,13.22178601,5.891223962,7.542267854,10.58529043,689634.0405,517282.9983,544135.0272
47,1.9,0.7,1.6,418.1133541,407.5545242,412.9484053,0.529780691,0.608426184,0.447665123,0.452651639,0.377502154,0.530046633,16.47651439,24.01878224,13.22178601,5.891223962,7.542267854,10.58529043,689634.0405,517282.9983,544135.0272,2.5,1.8,1.1,423.5296899,424.4978484,428.7684642,0.396223128,0.348113338,0.154463816,0.569206662,0.609478289,0.775184471,26.03495419,30.85530432,12.93989395,8.470826371,4.820350137,17.56412782,680289.4085,614398.0659,553439.0026
48,2.5,1.8,1.1,423.5296899,424.4978484,428.7684642,0.396223128,0.348113338,0.154463816,0.569206662,0.609478289,0.775184471,26.03495419,30.85530432,12.93989395,8.470826371,4.820350137,17.56412782,680289.4085,614398.0659,553439.0026,2.2,1.9,1.8,433.2965031,428.0825764,432.906415,0.306858649,0.306902891,0.137007074,0.63344948,0.629026409,0.763873917,19.94090249,26.5862371,12.47753304,6.108839691,6.645334609,13.8320628,726376.3692,617577.4585,538646.0658
49,2.2,1.9,1.8,433.2965031,428.0825764,432.906415,0.306858649,0.306902891,0.137007074,0.63344948,0.629026409,0.763873917,19.94090249,26.5862371,12.47753304,6.108839691,6.645334609,13.8320628,726376.3692,617577.4585,538646.0658,2.2,1.6,2.2,435.6679019,421.8189794,426.2508077,0.316822582,0.398599114,0.191039903,0.627994295,0.553897819,0.728986721,21.8707894,31.64252923,13.54793897,4.130995018,9.771739836,17.73979438,697967.686,559724.9269,588982.2846
50,2.2,1.6,2.2,435.6679019,421.8189794,426.2508077,0.316822582,0.398599114,0.191039903,0.627994295,0.553897819,0.728986721,21.8707894,31.64252923,13.54793897,4.130995018,9.771739836,17.73979438,697967.686,559724.9269,588982.2846,1.0,1.7,2.2,405.218025,413.2321208,421.0360896,0.727220162,0.540391064,0.397908536,0.268205688,0.446318177,0.582875875,15.41984842,18.67932174,11.53690645,8.417480486,3.259473321,7.002367935,721390.204,492327.536,612240.6036
51,1.0,1.7,2.2,405.218025,413.2321208,421.0360896,0.727220162,0.540391064,0.397908536,0.268205688,0.446318177,0.582875875,15.41984842,18.67932174,11.53690645,8.417480486,3.259473321,7.002367935,721390.204,492327.536,612240.6036,0.8,0.89,2.0,397.7152273,395.1805128,402.4389988,0.83387581,0.803659249,0.742790665,0.164801534,0.194564048,0.254755163,13.27169732,20.16119722,13.79379723,7.029148314,6.889499896,6.242549008,711419.302,605594.9478,614627.0113
52,0.8,0.89,2.0,397.7152273,395.1805128,402.4389988,0.83387581,0.803659249,0.742790665,0.164801534,0.194564048,0.254755163,13.27169732,20.16119722,13.79379723,7.029148314,6.889499896,6.242549008,711419.302,605594.9478,614627.0113,2.1,0.86,0.73,416.8712884,405.7483058,410.2045299,0.533798583,0.618626331,0.459579954,0.449240063,0.368125376,0.519362449,17.77383563,26.81126414,14.73239475,5.931806824,9.037428502,11.84202881,704968.0982,605237.7209,501804.9247
53,2.1,0.86,0.73,416.8712884,405.7483058,410.2045299,0.533798583,0.618626331,0.459579954,0.449240063,0.368125376,0.519362449,17.77383563,26.81126414,14.73239475,5.931806824,9.037428502,11.84202881,704968.0982,605237.7209,501804.9247,2.3,0.92,0.54,433.5303791,420.9608093,425.9465798,0.350579055,0.445954967,0.233819289,0.601474048,0.51435429,0.698860471,21.26141628,29.5323809,13.08791109,5.139387051,8.270964621,16.12202922,704990.9031,569006.6036,618415.4488
54,2.3,0.92,0.54,433.5303791,420.9608093,425.9465798,0.350579055,0.445954967,0.233819289,0.601474048,0.51435429,0.698860471,21.26141628,29.5323809,13.08791109,5.139387051,8.270964621,16.12202922,704990.9031,569006.6036,618415.4488,1.9,0.62,2.4,419.0683636,419.518841,426.2416308,0.51004116,0.501379154,0.329258248,0.470244243,0.47775964,0.638704782,16.63046312,20.0374361,11.10737388,7.875500155,3.406972982,8.754962967,720678.0816,569918.5856,565763.7057
55,1.9,0.62,2.4,419.0683636,419.518841,426.2416308,0.51004116,0.501379154,0.329258248,0.470244243,0.47775964,0.638704782,16.63046312,20.0374361,11.10737388,7.875500155,3.406972982,8.754962967,720678.0816,569918.5856,565763.7057,2.0,2.2,0.91,409.9723357,408.4180734,414.1112586,0.559573889,0.495284241,0.371020395,0.426124612,0.48546164,0.602923859,14.69067086,21.48791799,14.45585497,7.796491431,6.797247125,6.894179432,716619.588,539886.2289,513803.7849
56,2.0,2.2,0.91,409.9723357,408.4180734,414.1112586,0.559573889,0.495284241,0.371020395,0.426124612,0.48546164,0.602923859,14.69067086,21.48791799,14.45585497,7.796491431,6.797247125,6.894179432,716619.588,539886.2289,513803.7849,1.5,1.0,1.1,403.3854128,406.5422927,412.0433981,0.736437202,0.669404892,0.504961522,0.259907271,0.325104786,0.485690543,21.37883279,24.64025225,12.45056795,9.428161907,3.261419456,11.95067088,689522.5538,501775.9226,569304.154
57,1.5,1.0,1.1,403.3854128,406.5422927,412.0433981,0.736437202,0.669404892,0.504961522,0.259907271,0.325104786,0.485690543,21.37883279,24.64025225,12.45056795,9.428161907,3.261419456,11.95067088,689522.5538,501775.9226,569304.154,2.4,0.98,1.1,436.5627611,436.0272634,443.6222246,0.251283968,0.247393197,0.116028886,0.657354309,0.656539536,0.75018438,14.21712725,17.42975961,9.77672717,6.714154269,3.21263236,7.502972982,731018.4647,518662.4959,556001.4109
58,2.4,0.98,1.1,436.5627611,436.0272634,443.6222246,0.251283968,0.247393197,0.116028886,0.657354309,0.656539536,0.75018438,14.21712725,17.42975961,9.77672717,6.714154269,3.21263236,7.502972982,731018.4647,518662.4959,556001.4109,1.9,1.5,1.0,396.6245538,393.5638118,397.4721971,0.787114966,0.767584448,0.638846171,0.210772049,0.229900058,0.35677706,26.40112799,35.59294494,17.97786197,9.131438803,9.191816948,17.26968919,720048.2898,540579.8297,584265.3835
59,1.9,1.5,1.0,396.6245538,393.5638118,397.4721971,0.787114966,0.767584448,0.638846171,0.210772049,0.229900058,0.35677706,26.40112799,35.59294494,17.97786197,9.131438803,9.191816948,17.26968919,720048.2898,540579.8297,584265.3835,1.1,1.5,0.94,424.3868938,423.3948015,429.0100368,0.522270263,0.437556934,0.252635829,0.459524873,0.535614441,0.705302592,16.27064585,21.70806236,11.20725902,5.975740605,5.437416515,10.29490524,730057.6565,601937.2028,511962.9052
60,1.1,1.5,0.94,424.3868938,423.3948015,429.0100368,0.522270263,0.437556934,0.252635829,0.459524873,0.535614441,0.705302592,16.27064585,21.70806236,11.20725902,5.975740605,5.437416515,10.29490524,730057.6565,601937.2028,511962.9052,1.2,1.4,1.7,398.8747536,401.5166285,407.1476765,0.788595273,0.699241348,0.569453341,0.209185773,0.296470659,0.423778413,18.73765842,23.31763035,13.23294417,8.850711184,4.579971936,9.886947231,681687.9571,501561.3295,551469.1356
61,1.2,1.4,1.7,398.8747536,401.5166285,407.1476765,0.788595273,0.699241348,0.569453341,0.209185773,0.296470659,0.423778413,18.73765842,23.31763035,13.23294417,8.850711184,4.579971936,9.886947231,681687.9571,501561.3295,551469.1356,1.9,1.8,2.1,428.8432142,423.7379915,428.8490105,0.391305763,0.374907901,0.179578954,0.572487752,0.584226341,0.753564251,21.78003409,28.59060464,12.78507546,6.284417243,6.810570556,15.49561685,738826.6932,535304.8543,613744.9738
63,1.7,1.9,0.57,404.4152082,402.7702219,409.1988663,0.663151007,0.606607773,0.503600926,0.329849137,0.383858919,0.483559247,14.88288862,22.31292631,15.42135032,8.126441566,7.430037695,6.756447051,738392.1373,608588.8821,602455.5993,1.0,1.3,1.4,408.6055617,399.016591,404.3768511,0.72733499,0.722214624,0.599964582,0.268583843,0.273431609,0.393146142,15.23019475,24.54207265,13.95044045,4.846241616,9.311877896,10.38395314,689794.4734,492960.0702,552517.9586
64,1.0,1.3,1.4,408.6055617,399.016591,404.3768511,0.72733499,0.722214624,0.599964582,0.268583843,0.273431609,0.393146142,15.23019475,24.54207265,13.95044045,4.846241616,9.311877896,10.38395314,689794.4734,492960.0702,552517.9586,1.1,2.1,0.69,407.433257,409.2546699,413.6614105,0.726260758,0.610956492,0.410710969,0.269637497,0.380679622,0.574345824,24.61206835,30.96393111,14.13866889,8.116713226,6.351862764,16.49535512,687419.7764,606704.5581,573090.1955
65,1.1,2.1,0.69,407.433257,409.2546699,413.6614105,0.726260758,0.610956492,0.410710969,0.269637497,0.380679622,0.574345824,24.61206835,30.96393111,14.13866889,8.116713226,6.351862764,16.49535512,687419.7764,606704.5581,573090.1955,0.84,1.8,2.3,397.5228109,401.5776555,406.9293764,0.831884765,0.701766527,0.578040968,0.16669768,0.293967699,0.415340203,18.45062586,23.63467097,13.73670536,8.746738015,5.184045107,9.703887849,711204.9955,563805.9711,531240.0718
66,0.84,1.8,2.3,397.5228109,401.5776555,406.9293764,0.831884765,0.701766527,0.578040968,0.16669768,0.293967699,0.415340203,18.45062586,23.63467097,13.73670536,8.746738015,5.184045107,9.703887849,711204.9955,563805.9711,531240.0718,0.89,0.53,1.2,397.6375937,389.9540662,394.2135213,0.859145853,0.875023267,0.799881743,0.139977895,0.124210591,0.198765323,19.38690815,29.2695044,14.85875943,5.258726804,9.882596249,14.12818135,706686.7075,498736.858,523622.9799
68,0.69,2.3,2.2,406.4227606,415.308088,420.9570211,0.746390459,0.531746331,0.334048053,0.249169044,0.453798581,0.641722655,21.61418368,25.09554602,12.19597942,8.967549762,3.481362338,12.64663392,682461.9779,526851.4947,595426.6879,1.3,2.0,1.7,394.3812931,395.502342,400.0463512,0.818225416,0.734044481,0.627726129,0.180224206,0.262770125,0.367435549,20.13296223,27.46351768,16.52178891,9.405777164,7.330555451,10.72718507,710548.9509,594497.2227,524136.1298
69,1.3,2.0,1.7,394.3812931,395.502342,400.0463512,0.818225416,0.734044481,0.627726129,0.180224206,0.262770125,0.367435549,20.13296223,27.46351768,16.52178891,9.405777164,7.330555451,10.72718507,710548.9509,594497.2227,524136.1298,1.0,0.53,1.0,414.4398117,400.984837,405.6838289,0.718316242,0.773025825,0.626752498,0.277190459,0.223484177,0.366681064,18.36818683,28.31208214,12.83959154,3.199078406,9.943895306,15.16910843,690054.9057,498512.0767,558760.6829
71,1.7,1.1,1.7,430.2855028,429.0892474,434.2925427,0.406587884,0.379178742,0.170315249,0.560090904,0.582525899,0.763645234,23.20796032,27.66683423,10.9821974,6.850473231,4.458873909,16.35748709,703925.0283,568335.4931,604628.1669,1.7,1.9,1.2,392.5427998,391.3886476,395.0082424,0.818701669,0.772843439,0.661014409,0.179835151,0.224941567,0.335345354,24.55158467,33.27196134,18.1723334,9.748027864,8.720376667,14.80355681,694622.5488,536125.0477,505809.7296
72,1.7,1.9,1.2,392.5427998,391.3886476,395.0082424,0.818701669,0.772843439,0.661014409,0.179835151,0.224941567,0.335345354,24.55158467,33.27196134,18.1723334,9.748027864,8.720376667,14.80355681,694622.5488,536125.0477,505809.7296,0.67,1.3,1.6,397.738703,400.2733674,405.2711338,0.863144192,0.770975906,0.653105876,0.135986123,0.226743224,0.343067075,19.3102422,24.56146238,13.04319445,8.017822663,5.251220174,11.29241954,680022.4065,606729.7695,515560.3594
73,0.67,1.3,1.6,397.738703,400.2733674,405.2711338,0.863144192,0.770975906,0.653105876,0.135986123,0.226743224,0.343067075,19.3102422,24.56146238,13.04319445,8.017822663,5.251220174,11.29241954,680022.4065,606729.7695,515560.3594,1.6,0.84,1.7,388.3960812,385.6794073,390.3462,0.833613283,0.845307629,0.800739743,0.165128158,0.153536586,0.197702017,17.20781477,26.24450181,18.55074207,9.664913068,9.03668704,7.542901706,703817.0129,610438.042,514406.125
74,1.6,0.84,1.7,388.3960812,385.6794073,390.3462,0.833613283,0.845307629,0.800739743,0.165128158,0.153536586,0.197702017,17.20781477,26.24450181,18.55074207,9.664913068,9.03668704,7.542901706,703817.0129,610438.042,514406.125,0.56,2.4,2.1,403.1739586,409.5741829,414.1935333,0.813971452,0.636255188,0.439075926,0.183889743,0.356398821,0.54759384,26.16721284,30.95399819,13.96896622,9.515220717,4.786785344,16.65199213,734653.5642,614746.8893,600562.5263
75,0.56,2.4,2.1,403.1739586,409.5741829,414.1935333,0.813971452,0.636255188,0.439075926,0.183889743,0.356398821,0.54759384,26.16721284,30.95399819,13.96896622,9.515220717,4.786785344,16.65199213,734653.5642,614746.8893,600562.5263,1.4,1.6,1.3,404.2440323,396.6253434,402.6194967,0.699690908,0.699957848,0.610588555,0.295066435,0.294699194,0.382036934,14.05204345,23.73802432,16.08595908,6.550018704,9.685980875,7.502024746,714735.7797,580675.9194,597615.1354
76,1.4,1.6,1.3,404.2440323,396.6253434,402.6194967,0.699690908,0.699957848,0.610588555,0.295066435,0.294699194,0.382036934,14.05204345,23.73802432,16.08595908,6.550018704,9.685980875,7.502024746,714735.7797,580675.9194,597615.1354,1.3,2.5,1.7,390.9314515,390.6095219,394.6018431,0.845381603,0.765786263,0.674914017,0.153551804,0.231875421,0.321592414,21.30848153,30.8391959,19.0468344,9.747342806,9.530714366,11.56113873,739240.6566,565244.4436,517103.76
77,1.3,2.5,1.7,390.9314515,390.6095219,394.6018431,0.845381603,0.765786263,0.674914017,0.153551804,0.231875421,0.321592414,21.30848153,30.8391959,19.0468344,9.747342806,9.530714366,11.56113873,739240.6566,565244.4436,517103.76,0.85,1.7,1.2,424.3962259,420.6068929,427.7676776,0.555262314,0.457390483,0.293850937,0.429346525,0.518008875,0.669734402,13.26293343,19.68688102,11.37276919,5.111843395,6.423947592,8.151090032,707773.0614,592889.0964,592089.6542
78,0.85,1.7,1.2,424.3962259,420.6068929,427.7676776,0.555262314,0.457390483,0.293850937,0.429346525,0.518008875,0.669734402,13.26293343,19.68688102,11.37276919,5.111843395,6.423947592,8.151090032,707773.0614,592889.0964,592089.6542,0.66,1.3,1.5,393.0314427,396.0738473,400.9130231,0.890508419,0.804780097,0.710472438,0.108957902,0.193665509,0.287010414,19.33378241,24.44239167,13.69447221,8.796606463,5.108609265,10.53717594,681502.705,590554.8194,496780.3059
79,0.66,1.3,1.5,393.0314427,396.0738473,400.9130231,0.890508419,0.804780097,0.710472438,0.108957902,0.193665509,0.287010414,19.33378241,24.44239167,13.69447221,8.796606463,5.108609265,10.53717594,681502.705,590554.8194,496780.3059,1.6,2.4,1.3,431.7505231,433.6264833,440.3482729,0.324389748,0.22598299,0.107257235,0.614518649,0.68199158,0.767714034,13.63449174,18.52337475,10.81198991,6.074310523,4.888883012,7.560181219,712218.7728,609410.2335,522955.4254
80,1.6,2.4,1.3,431.7505231,433.6264833,440.3482729,0.324389748,0.22598299,0.107257235,0.614518649,0.68199158,0.767714034,13.63449174,18.52337475,10.81198991,6.074310523,4.888883012,7.560181219,712218.7728,609410.2335,522955.4254,1.7,1.1,2.3,426.7959381,413.9917948,419.6069548,0.459217611,0.531926577,0.349614893,0.514228217,0.445953767,0.615024288,16.74255072,25.46317094,13.39392374,4.909955426,8.720620217,11.83259529,694362.9309,607427.8698,600502.9052
81,1.7,1.1,2.3,426.7959381,413.9917948,419.6069548,0.459217611,0.531926577,0.349614893,0.514228217,0.445953767,0.615024288,16.74255072,25.46317094,13.39392374,4.909955426,8.720620217,11.83259529,694362.9309,607427.8698,600502.9052,1.1,2.0,0.83,405.6763066,400.1669082,404.7462287,0.748854035,0.693001258,0.538681143,0.247935764,0.30215377,0.453098796,20.18746191,29.89547627,15.30518657,5.883256325,9.708014357,14.30420559,696518.8551,504031.1619,574983.6423
83,1.2,1.5,2.4,420.2553149,426.0581881,433.5114682,0.527700754,0.386245231,0.232316784,0.453628654,0.579619662,0.718868893,14.01631591,17.75925533,10.5173496,6.916408333,3.742939423,7.099907576,703453.357,610468.526,555947.1458,1.2,1.7,1.2,412.4832104,409.5301147,414.4640794,0.658017112,0.587881082,0.407966316,0.334943779,0.401661027,0.574777467,18.67232912,25.62891155,13.15439072,6.442406736,6.956582431,12.22992239,711248.9336,516026.9305,531097.6992
85,2.2,1.5,2.3,438.0651009,416.5276707,421.9167404,0.266606679,0.429462062,0.277596124,0.648004958,0.512924719,0.640918307,12.44838361,22.04031647,13.52378579,4.098843726,9.591932861,8.349539886,682296.1055,570367.4364,498942.6175,2.5,1.8,1.6,431.8224175,428.1794316,432.7505933,0.295019641,0.287812842,0.121449396,0.641580871,0.643255301,0.771201641,21.04302835,26.59301655,11.97122693,6.707940487,5.549988205,14.33508786,736138.1693,503758.6851,510555.2995
86,2.5,1.8,1.6,431.8224175,428.1794316,432.7505933,0.295019641,0.287812842,0.121449396,0.641580871,0.643255301,0.771201641,21.04302835,26.59301655,11.97122693,6.707940487,5.549988205,14.33508786,736138.1693,503758.6851,510555.2995,1.1,1.5,1.8,434.7834653,428.9038274,434.0667533,0.414686953,0.38217431,0.171326033,0.553687185,0.579572866,0.762317809,21.13827623,27.55326091,10.81948568,4.732614229,6.414984688,16.405662,738709.766,504927.392,597473.766
87,1.1,1.5,1.8,434.7834653,428.9038274,434.0667533,0.414686953,0.38217431,0.171326033,0.553687185,0.579572866,0.762317809,21.13827623,27.55326091,10.81948568,4.732614229,6.414984688,16.405662,738709.766,504927.392,597473.766,1.3,1.5,2.1,406.7079548,406.624241,411.0292882,0.735903025,0.667250293,0.483346831,0.260470177,0.327044767,0.506356262,24.36094702,30.65273078,14.16873266,8.200164541,6.291783763,16.16078248,730200.5253,599950.9683,567098.6996
88,1.3,1.5,2.1,406.7079548,406.624241,411.0292882,0.735903025,0.667250293,0.483346831,0.260470177,0.327044767,0.506356262,24.36094702,30.65273078,14.16873266,8.200164541,6.291783763,16.16078248,730200.5253,599950.9683,567098.6996,1.5,0.5,1.5,406.6314168,400.2086389,405.5907098,0.69122006,0.73897784,0.636789411,0.303040102,0.256320404,0.356136362,15.46926764,22.50160725,13.71559022,6.855525455,7.032339609,8.613742183,737323.1268,609955.0913,508641.9637
89,1.5,0.5,1.5,406.6314168,400.2086389,405.5907098,0.69122006,0.73897784,0.636789411,0.303040102,0.256320404,0.356136362,15.46926764,22.50160725,13.71559022,6.855525455,7.032339609,8.613742183,737323.1268,609955.0913,508641.9637,2.3,1.5,1.8,439.8136612,426.6632343,431.5046544,0.251976904,0.33313346,0.154183036,0.663562239,0.594045444,0.732455194,17.86254577,25.68367503,12.16459404,4.608544793,7.821129263,13.25400097,709829.7397,531746.3071,522299.6832
90,2.3,1.5,1.8,439.8136612,426.6632343,431.5046544,0.251976904,0.33313346,0.154183036,0.663562239,0.594045444,0.732455194,17.86254577,25.68367503,12.16459404,4.608544793,7.821129263,13.25400097,709829.7397,531746.3071,522299.6832,0.81,1.3,1.7,395.0369752,391.4409391,395.4481654,0.878260885,0.841570805,0.746241923,0.121124018,0.15742741,0.251975229,22.40620686,31.85772461,15.89797291,6.759391476,9.451517744,15.64681539,700825.6195,553586.6265,536176.6368
91,0.81,1.3,1.7,395.0369752,391.4409391,395.4481654,0.878260885,0.841570805,0.746241923,0.121124018,0.15742741,0.251975229,22.40620686,31.85772461,15.89797291,6.759391476,9.451517744,15.64681539,700825.6195,553586.6265,536176.6368,2.2,1.3,0.53,405.9414423,406.0830443,410.0446018,0.660422176,0.620859526,0.432480694,0.332960364,0.370926659,0.553230352,25.08745227,30.32336684,14.53090155,9.604643157,5.235914571,15.48280912,705571.8124,533434.2113,504537.1307
92,2.2,1.3,0.53,405.9414423,406.0830443,410.0446018,0.660422176,0.620859526,0.432480694,0.332960364,0.370926659,0.553230352,25.08745227,30.32336684,14.53090155,9.604643157,5.235914571,15.48280912,705571.8124,533434.2113,504537.1307,0.72,2.4,2.0,396.7535627,395.6139413,399.7941114,0.85835577,0.759101867,0.629054315,0.14071486,0.238333538,0.366529165,22.82280966,32.27398845,16.49595158,7.354146059,9.45117879,15.4686636,693800.8293,567821.9343,566624.2427
93,0.72,2.4,2.0,396.7535627,395.6139413,399.7941114,0.85835577,0.759101867,0.629054315,0.14071486,0.238333538,0.366529165,22.82280966,32.27398845,16.49595158,7.354146059,9.45117879,15.4686636,693800.8293,567821.9343,566624.2427,0.89,0.64,1.5,426.466894,420.8221295,425.65673,0.615091315,0.609140113,0.378147205,0.37530773,0.380440141,0.60143278,20.81507381,26.67952631,10.35115132,4.806863043,5.864452496,16.00821077,702066.4679,607065.5928,541738.544
94,0.89,0.64,1.5,426.466894,420.8221295,425.65673,0.615091315,0.609140113,0.378147205,0.37530773,0.380440141,0.60143278,20.81507381,26.67952631,10.35115132,4.806863043,5.864452496,16.00821077,702066.4679,607065.5928,541738.544,1.6,1.2,1.5,430.5635405,424.12331,429.7345864,0.402907228,0.41001359,0.222872846,0.561236584,0.552850611,0.718686762,16.69634511,22.67383504,11.37422272,5.61829382,5.977489929,11.07805129,717827.113,562798.7968,534361.8957
95,1.6,1.2,1.5,430.5635405,424.12331,429.7345864,0.402907228,0.41001359,0.222872846,0.561236584,0.552850611,0.718686762,16.69634511,22.67383504,11.37422272,5.61829382,5.977489929,11.07805129,717827.113,562798.7968,534361.8957,0.74,1.3,2.0,409.3407254,408.6705521,413.8491217,0.77848558,0.693113108,0.520341045,0.218997825,0.302117833,0.471066221,20.48925647,26.68626594,12.5072792,6.588289081,6.197009465,13.90096739,720421.8155,606559.6224,580423.2304
96,0.74,1.3,2.0,409.3407254,408.6705521,413.8491217,0.77848558,0.693113108,0.520341045,0.218997825,0.302117833,0.471066221,20.48925647,26.68626594,12.5072792,6.588289081,6.197009465,13.90096739,720421.8155,606559.6224,580423.2304,0.67,0.81,1.3,397.7920638,391.1702394,396.2929138,0.874742384,0.865136477,0.797387268,0.124573983,0.134072338,0.201323274,17.11475283,26.79542594,15.03768284,5.587553719,9.680673108,11.52719911,712830.3303,580019.872,576509.8196
97,0.67,0.81,1.3,397.7920638,391.1702394,396.2929138,0.874742384,0.865136477,0.797387268,0.124573983,0.134072338,0.201323274,17.11475283,26.79542594,15.03768284,5.587553719,9.680673108,11.52719911,712830.3303,580019.872,576509.8196,0.98,2.3,1.0,411.0818128,407.2428265,412.0746789,0.69652995,0.603490856,0.42766344,0.298216243,0.387193102,0.556956027,19.10907604,28.09630047,14.50358252,5.782881965,8.987224433,13.32619407,690021.7973,583443.2596,570181.3077
98,0.98,2.3,1.0,411.0818128,407.2428265,412.0746789,0.69652995,0.603490856,0.42766344,0.298216243,0.387193102,0.556956027,19.10907604,28.09630047,14.50358252,5.782881965,8.987224433,13.32619407,690021.7973,583443.2596,570181.3077,1.9,0.84,1.7,424.7765845,420.2418943,426.0389631,0.465791853,0.481549275,0.277105415,0.50950818,0.493833221,0.681709922,20.00776243,25.35667101,11.9444613,6.858537225,5.348908579,13.14922521,702175.6038,555674.1947,617379.5975
99,1.9,0.84,1.7,424.7765845,420.2418943,426.0389631,0.465791853,0.481549275,0.277105415,0.50950818,0.493833221,0.681709922,20.00776243,25.35667101,11.9444613,6.858537225,5.348908579,13.14922521,702175.6038,555674.1947,617379.5975,0.78,1.9,1.0,399.1641583,399.8561122,403.6862863,0.846886659,0.753002658,0.598505178,0.152028771,0.24430986,0.39648043,25.83649262,32.98427915,15.03129765,8.23553037,7.147786529,17.60096225,732966.5089,585180.4367,530609.1143
100,0.78,1.9,1.0,399.1641583,399.8561122,403.6862863,0.846886659,0.753002658,0.598505178,0.152028771,0.24430986,0.39648043,25.83649262,32.98427915,15.03129765,8.23553037,7.147786529,17.60096225,732966.5089,585180.4367,530609.1143,2.1,0.63,1.7,399.9486817,395.7459231,400.0506102,0.728127604,0.756115572,0.641396287,0.267901278,0.240358728,0.352906633,21.06292177,28.37431517,15.79425905,8.729533421,7.3113934,12.33338835,725544.4804,550508.345,512998.4272
101,2.1,0.63,1.7,399.9486817,395.7459231,400.0506102,0.728127604,0.756115572,0.641396287,0.267901278,0.240358728,0.352906633,21.06292177,28.37431517,15.79425905,8.729533421,7.3113934,12.33338835,725544.4804,550508.345,512998.4272,1.8,0.54,2.1,401.4711917,397.3169715,401.3101196,0.754951999,0.77447401,0.635005786,0.242010487,0.222723958,0.359842133,24.01431158,31.02750489,14.54500484,7.854997819,7.013193301,16.15931377,688899.5568,517677.1015,520369.8308
102,1.8,0.54,2.1,401.4711917,397.3169715,401.3101196,0.754951999,0.77447401,0.635005786,0.242010487,0.222723958,0.359842133,24.01431158,31.02750489,14.54500484,7.854997819,7.013193301,16.15931377,688899.5568,517677.1015,520369.8308,1.8,2.3,1.4,409.9265631,406.3782987,410.902543,0.639380268,0.58452054,0.398535919,0.352840771,0.404852074,0.583663167,23.68469644,32.62413347,16.3245102,7.70467363,8.939437026,15.98002281,737346.4749,551141.7138,619921.5695
103,1.8,2.3,1.4,409.9265631,406.3782987,410.902543,0.639380268,0.58452054,0.398535919,0.352840771,0.404852074,0.583663167,23.68469644,32.62413347,16.3245102,7.70467363,8.939437026,15.98002281,737346.4749,551141.7138,619921.5695,1.3,1.7,1.5,405.6536358,406.7006786,410.7034005,0.734318599,0.648671063,0.454199572,0.2620167,0.344976198,0.534207275,25.04864396,30.78541715,13.85880865,8.453929755,5.736773183,16.59471421,709370.2393,540271.8738,517546.9357
104,1.3,1.7,1.5,405.6536358,406.7006786,410.7034005,0.734318599,0.648671063,0.454199572,0.2620167,0.344976198,0.534207275,25.04864396,30.78541715,13.85880865,8.453929755,5.736773183,16.59471421,709370.2393,540271.8738,517546.9357,2.0,1.6,0.69,434.2741082,434.01185,439.2086407,0.306876811,0.270437082,0.106633119,0.632956655,0.658258309,0.780503913,21.72834647,26.31786165,11.05833722,6.768028402,4.589515179,14.96031807,700535.4049,615832.1,574427.8564
105,2.0,1.6,0.69,434.2741082,434.01185,439.2086407,0.306876811,0.270437082,0.106633119,0.632956655,0.658258309,0.780503913,21.72834647,26.31786165,11.05833722,6.768028402,4.589515179,14.96031807,700535.4049,615832.1,574427.8564,0.51,2.3,1.7,403.8231649,411.0365776,417.1513173,0.808651791,0.592858178,0.427333856,0.188866605,0.396916451,0.556412122,18.83103722,23.62037743,12.86963354,8.291092235,4.789340203,10.53994499,729993.1553,570512.9098,606613.3545
106,0.51,2.3,1.7,403.8231649,411.0365776,417.1513173,0.808651791,0.592858178,0.427333856,0.188866605,0.396916451,0.556412122,18.83103722,23.62037743,12.86963354,8.291092235,4.789340203,10.53994499,729993.1553,570512.9098,606613.3545,2.3,1.6,2.2,420.2067897,423.7311077,428.1613077,0.444161234,0.36876589,0.172949181,0.529092227,0.595497451,0.768052776,24.49708179,27.96108131,12.19416095,9.039316736,3.463999518,15.45776505,691235.569,560508.5011,520269.7608
109,2.0,0.53,0.82,446.8307017,429.5471428,434.2460755,0.25419147,0.40468752,0.19774709,0.655368069,0.526668925,0.688700479,17.54560453,24.96604551,11.09211591,3.943712765,7.420440978,13.60189177,737376.0376,599645.7582,492719.4839,1.8,1.5,2.0,393.7257842,391.5953625,395.6036356,0.81413139,0.789039415,0.676509963,0.184321616,0.209004162,0.320166202,25.84482303,34.73758911,18.21693166,9.648100048,8.892766073,16.19672299,700380.8201,554365.4878,584795.5047
110,1.8,1.5,2.0,393.7257842,391.5953625,395.6036356,0.81413139,0.789039415,0.676509963,0.184321616,0.209004162,0.320166202,25.84482303,34.73758911,18.21693166,9.648100048,8.892766073,16.19672299,700380.8201,554365.4878,584795.5047,1.3,2.1,1.2,415.5178784,408.6447299,414.1187399,0.588220504,0.542777565,0.398053674,0.399928093,0.442077261,0.579906447,14.48205842,23.13458058,14.15860708,5.682084396,8.652522168,8.799974019,710902.0246,575097.9716,531886.4266
111,1.3,2.1,1.2,415.5178784,408.6447299,414.1187399,0.588220504,0.542777565,0.398053674,0.399928093,0.442077261,0.579906447,14.48205842,23.13458058,14.15860708,5.682084396,8.652522168,8.799974019,710902.0246,575097.9716,531886.4266,2.1,2.4,0.93,429.2722376,426.6531388,431.1472308,0.336837272,0.29517934,0.126446839,0.613580732,0.643946375,0.778289582,21.58373209,27.88074902,12.56388989,6.567203532,6.297016927,15.01652856,731802.2029,533239.45,526255.2423
112,2.1,2.4,0.93,429.2722376,426.6531388,431.1472308,0.336837272,0.29517934,0.126446839,0.613580732,0.643946375,0.778289582,21.58373209,27.88074902,12.56388989,6.567203532,6.297016927,15.01652856,731802.2029,533239.45,526255.2423,1.5,1.7,0.62,405.641962,411.730309,416.9534471,0.691398897,0.559019855,0.38608702,0.302990239,0.429556371,0.595783716,20.64765314,24.19065018,13.04515733,9.720699368,3.542997041,10.92695377,735785.2197,560705.4733,530674.4885
113,1.5,1.7,0.62,405.641962,411.730309,416.9534471,0.691398897,0.559019855,0.38608702,0.302990239,0.429556371,0.595783716,20.64765314,24.19065018,13.04515733,9.720699368,3.542997041,10.92695377,735785.2197,560705.4733,530674.4885,1.2,0.99,2.2,415.9177048,408.7008463,414.6749613,0.631204529,0.633663549,0.484703422,0.359824914,0.357140837,0.50089944,15.22442647,22.27287656,12.57119277,5.712971773,7.04845009,9.511454693,726903.3091,567589.1293,558857.3835
114,1.2,0.99,2.2,415.9177048,408.7008463,414.6749613,0.631204529,0.633663549,0.484703422,0.359824914,0.357140837,0.50089944,15.22442647,22.27287656,12.57119277,5.712971773,7.04845009,9.511454693,726903.3091,567589.1293,558857.3835,1.3,2.4,0.7,421.1123646,420.9011425,425.9679523,0.51964479,0.411896838,0.213269803,0.462399024,0.558931618,0.738876712,21.67334712,28.14782226,13.02515688,6.847204587,6.474475139,14.82614253,735110.9726,548635.4056,599002.5945
115,1.3,2.4,0.7,421.1123646,420.9011425,425.9679523,0.51964479,0.411896838,0.213269803,0.462399024,0.558931618,0.738876712,21.67334712,28.14782226,13.02515688,6.847204587,6.474475139,14.82614253,735110.9726,548635.4056,599002.5945,1.2,0.51,2.4,417.0511093,410.5945958,415.8425816,0.641139678,0.670890266,0.507900814,0.350453916,0.321421173,0.479060855,16.53562311,22.54369153,11.46235432,5.671567021,6.008068419,10.86405609,711573.3342,595651.9199,496893.116
116,1.2,0.51,2.4,417.0511093,410.5945958,415.8425816,0.641139678,0.670890266,0.507900814,0.350453916,0.321421173,0.479060855,16.53562311,22.54369153,11.46235432,5.671567021,6.008068419,10.86405609,711573.3342,595651.9199,496893.116,2.1,1.3,1.8,393.0962303,391.9051145,397.1393809,0.747068167,0.734463148,0.664964273,0.249602781,0.261883613,0.330191868,16.37358562,23.35967529,16.70868549,9.853007387,6.986089672,6.520578231,692319.6324,529533.099,513535.927
117,2.1,1.3,1.8,393.0962303,391.9051145,397.1393809,0.747068167,0.734463148,0.664964273,0.249602781,0.261883613,0.330191868,16.37358562,23.35967529,16.70868549,9.853007387,6.986089672,6.520578231,692319.6324,529533.099,513535.927,1.9,0.74,1.9,402.289965,398.4422481,402.0311929,0.746466661,0.758676656,0.607243137,0.250280032,0.238179855,0.386896497,26.0206802,33.7980742,15.45162848,8.033968706,7.777394002,17.98671149,701609.2323,599393.1717,509460.1035
118,1.9,0.74,1.9,402.289965,398.4422481,402.0311929,0.746466661,0.758676656,0.607243137,0.250280032,0.238179855,0.386896497,26.0206802,33.7980742,15.45162848,8.033968706,7.777394002,17.98671149,701609.2323,599393.1717,509460.1035,2.2,0.66,1.1,442.6581982,433.623859,441.9065639,0.237515291,0.326953243,0.177010361,0.658102002,0.58505621,0.699154024,12.97780511,17.73222268,10.35979947,5.749939211,4.754417573,7.227865896,732192.9675,614180.1886,616875.116
119,2.2,0.66,1.1,442.6581982,433.623859,441.9065639,0.237515291,0.326953243,0.177010361,0.658102002,0.58505621,0.699154024,12.97780511,17.73222268,10.35979947,5.749939211,4.754417573,7.227865896,732192.9675,614180.1886,616875.116,2.3,1.6,2.3,430.8626144,428.1436582,433.165827,0.323775689,0.312099146,0.142760953,0.621394368,0.627642161,0.764565699,19.53087868,24.94363994,11.96300946,6.80477036,5.412761265,12.72610832,716370.1457,600683.4045,526112.1132
120,2.3,1.6,2.3,430.8626144,428.1436582,433.165827,0.323775689,0.312099146,0.142760953,0.621394368,0.627642161,0.764565699,19.53087868,24.94363994,11.96300946,6.80477036,5.412761265,12.72610832,716370.1457,600683.4045,526112.1132,1.5,2.4,1.7,401.8953556,400.0167381,403.8135754,0.751024224,0.679520335,0.509605244,0.245902006,0.315370742,0.481435818,25.63471804,34.91277364,16.94934609,8.023514558,9.2780556,17.61120348,693701.0725,568126.9017,556731.1841
121,1.5,2.4,1.7,401.8953556,400.0167381,403.8135754,0.751024224,0.679520335,0.509605244,0.245902006,0.315370742,0.481435818,25.63471804,34.91277364,16.94934609,8.023514558,9.2780556,17.61120348,693701.0725,568126.9017,556731.1841,0.76,1.4,2.2,408.9631235,403.6030273,409.7774205,0.757285638,0.694166506,0.571014579,0.239538881,0.300831976,0.421306646,14.49181272,22.20444418,13.07037226,5.536840247,7.712631462,8.954972469,727470.9516,554659.319,575816.9303
122,0.76,1.4,2.2,408.9631235,403.6030273,409.7774205,0.757285638,0.694166506,0.571014579,0.239538881,0.300831976,0.421306646,14.49181272,22.20444418,13.07037226,5.536840247,7.712631462,8.954972469,727470.9516,554659.319,575816.9303,0.51,2.3,0.91,438.8091625,433.8654032,441.9690062,0.426955917,0.277129013,0.146731123,0.535017068,0.65031851,0.754386014,9.989527203,16.31641771,9.877813094,3.677169735,6.326890508,6.312357468,706905.823,606154.22,555331.9871
123,0.51,2.3,0.91,438.8091625,433.8654032,441.9690062,0.426955917,0.277129013,0.146731123,0.535017068,0.65031851,0.754386014,9.989527203,16.31641771,9.877813094,3.677169735,6.326890508,6.312357468,706905.823,606154.22,555331.9871,2.4,0.84,0.79,429.6562346,422.7867545,429.0835406,0.347360064,0.401961639,0.226818786,0.601848675,0.552083474,0.703671066,16.60833632,21.8639606,11.75576232,6.69833801,5.255624278,9.909998307,719676.4359,520790.4854,578223.6455
124,2.4,0.84,0.79,429.6562346,422.7867545,429.0835406,0.347360064,0.401961639,0.226818786,0.601848675,0.552083474,0.703671066,16.60833632,21.8639606,11.75576232,6.69833801,5.255624278,9.909998307,719676.4359,520790.4854,578223.6455,2.2,2.0,2.1,415.5040477,414.4332834,419.7213144,0.501233872,0.446691714,0.278093778,0.478934936,0.527931125,0.683896134,18.54157134,24.74181298,13.93881434,7.950396207,6.200241638,10.59117514,690008.6958,563153.3668,549496.2556
125,2.2,2.0,2.1,415.5040477,414.4332834,419.7213144,0.501233872,0.446691714,0.278093778,0.478934936,0.527931125,0.683896134,18.54157134,24.74181298,13.93881434,7.950396207,6.200241638,10.59117514,690008.6958,563153.3668,549496.2556,1.4,2.0,1.4,392.4611482,393.1004828,397.4103377,0.828294729,0.754782787,0.6586987,0.170357458,0.242602011,0.337373059,20.78971194,28.48331501,17.44308949,9.965961424,7.693603076,10.82375051,738758.4158,573757.666,515587.4471
126,1.4,2.0,1.4,392.4611482,393.1004828,397.4103377,0.828294729,0.754782787,0.6586987,0.170357458,0.242602011,0.337373059,20.78971194,28.48331501,17.44308949,9.965961424,7.693603076,10.82375051,738758.4158,573757.666,515587.4471,0.64,2.3,1.1,415.077583,420.1572633,425.9205698,0.663905903,0.454710623,0.26843946,0.327545909,0.52184698,0.694557023,17.37290052,22.32842974,11.51468426,6.771189261,4.955529223,10.60171125,737068.267,507486.3143,540480.2449
127,0.64,2.3,1.1,415.077583,420.1572633,425.9205698,0.663905903,0.454710623,0.26843946,0.327545909,0.52184698,0.694557023,17.37290052,22.32842974,11.51468426,6.771189261,4.955529223,10.60171125,737068.267,507486.3143,540480.2449,1.3,1.5,1.7,430.1991267,419.8815434,425.0235236,0.465298187,0.47505188,0.264035183,0.51068035,0.499952327,0.69333327,19.44597405,27.95474926,12.62314924,4.414993639,8.508775211,15.03098041,727764.5611,568266.02,603720.2291
128,1.3,1.5,1.7,430.1991267,419.8815434,425.0235236,0.465298187,0.47505188,0.264035183,0.51068035,0.499952327,0.69333327,19.44597405,27.95474926,12.62314924,4.414993639,8.508775211,15.03098041,727764.5611,568266.02,603720.2291,2.1,0.68,0.57,427.6058677,413.6372372,418.1504127,0.445316037,0.552461469,0.338811081,0.526309281,0.425433106,0.62210059,21.27430269,30.426264,13.60616044,4.784005081,9.151961312,16.49029761,723338.2718,530659.1423,576739.9388
129,2.1,0.68,0.57,427.6058677,413.6372372,418.1504127,0.445316037,0.552461469,0.338811081,0.526309281,0.425433106,0.62210059,21.27430269,30.426264,13.60616044,4.784005081,9.151961312,16.49029761,723338.2718,530659.1423,576739.9388,2.0,1.1,1.7,405.6246649,406.5319232,411.3259367,0.690645485,0.648156034,0.458235143,0.304106978,0.345176815,0.529777486,26.08894808,30.53757609,14.07249814,9.946714795,4.448628012,16.14223328,698125.6425,525031.2211,614862.0592
130,2.0,1.1,1.7,405.6246649,406.5319232,411.3259367,0.690645485,0.648156034,0.458235143,0.304106978,0.345176815,0.529777486,26.08894808,30.53757609,14.07249814,9.946714795,4.448628012,16.14223328,698125.6425,525031.2211,614862.0592,1.6,0.67,0.97,441.4788409,435.055638,439.992458,0.311808272,0.348470758,0.139304375,0.630319122,0.595617016,0.762022698,22.16558161,26.95750627,9.479778356,5.030554241,4.791924662,17.13502737,696344.445,500279.7105,558954.9783
131,1.6,0.67,0.97,441.4788409,435.055638,439.992458,0.311808272,0.348470758,0.139304375,0.630319122,0.595617016,0.762022698,22.16558161,26.95750627,9.479778356,5.030554241,4.791924662,17.13502737,696344.445,500279.7105,558954.9783,1.4,0.83,2.5,398.7882005,399.3979807,403.4980859,0.813690243,0.78107128,0.63385921,0.184740098,0.216850565,0.362141317,26.68180917,31.23259748,13.75631841,9.548202238,4.550788312,17.13360693,709796.9255,521588.6462,537822.9963
132,1.4,0.83,2.5,398.7882005,399.3979807,403.4980859,0.813690243,0.78107128,0.63385921,0.184740098,0.216850565,0.362141317,26.68180917,31.23259748,13.75631841,9.548202238,4.550788312,17.13360693,709796.9255,521588.6462,537822.9963,1.4,2.0,2.5,405.7289835,405.6706137,410.1441114,0.724008715,0.640641696,0.455763289,0.271963982,0.352508347,0.532207583,24.72528363,31.94667839,15.22334139,8.329855191,7.221394765,16.39542844,696745.6299,603659.4384,600247.814
134,0.9,0.53,0.88,397.4420995,392.5174328,398.5022228,0.847094799,0.853998125,0.78795885,0.151825484,0.144967072,0.210423185,16.56727199,24.20597615,14.28663838,6.842431039,7.63870416,9.724840956,714239.0058,560497.4798,608444.2714,2.3,1.2,2.3,429.6014254,418.0712458,423.1476929,0.360946344,0.437010168,0.250983563,0.593169434,0.523843779,0.687780734,17.5877036,25.21843642,13.03154285,5.639768725,7.630732821,11.94793488,719102.0035,507865.2928,537749.1701
136,0.62,1.7,0.67,410.9099453,407.545899,413.7548861,0.759416038,0.651867269,0.501379028,0.237397588,0.341386054,0.487822397,15.57476919,23.14809279,12.72527495,5.356320324,7.573323604,10.21844887,691310.8959,578344.2949,603650.0667,2.3,0.66,2.5,418.8465298,405.3834036,412.1795478,0.43972708,0.589011622,0.48275266,0.528657922,0.389574399,0.488491088,12.33785411,20.22094283,13.98999131,6.229078103,7.883088726,6.108776002,682999.17,592335.5074,577177.2396
137,2.3,0.66,2.5,418.8465298,405.3834036,412.1795478,0.43972708,0.589011622,0.48275266,0.528657922,0.389574399,0.488491088,12.33785411,20.22094283,13.98999131,6.229078103,7.883088726,6.108776002,682999.17,592335.5074,577177.2396,1.2,1.5,2.4,431.3734372,423.309431,430.1079609,0.432632084,0.412700531,0.240278501,0.536352155,0.552035607,0.706629069,14.22681406,20.84864242,11.40689266,4.970196651,6.621828356,9.256617411,732562.0147,548034.1227,595322.527
138,1.2,1.5,2.4,431.3734372,423.309431,430.1079609,0.432632084,0.412700531,0.240278501,0.536352155,0.552035607,0.706629069,14.22681406,20.84864242,11.40689266,4.970196651,6.621828356,9.256617411,732562.0147,548034.1227,595322.527,1.5,1.4,1.0,418.3635221,421.6283352,428.5043638,0.52909913,0.428788371,0.261772075,0.453326116,0.54435288,0.698275069,15.9793351,19.86666978,11.2237656,7.505899637,3.887334674,8.473435467,711792.1714,550600.296,573735.7906
139,1.5,1.4,1.0,418.3635221,421.6283352,428.5043638,0.52909913,0.428788371,0.261772075,0.453326116,0.54435288,0.698275069,15.9793351,19.86666978,11.2237656,7.505899637,3.887334674,8.473435467,711792.1714,550600.296,573735.7906,0.89,1.4,1.1,424.4307011,414.7713031,419.186798,0.604854842,0.58627593,0.362662916,0.385286332,0.402133569,0.615584699,20.65432373,29.70810505,12.2522679,3.5407579,9.053781317,17.11356583,692961.1849,560257.1386,550939.1477
140,0.89,1.4,1.1,424.4307011,414.7713031,419.186798,0.604854842,0.58627593,0.362662916,0.385286332,0.402133569,0.615584699,20.65432373,29.70810505,12.2522679,3.5407579,9.053781317,17.11356583,692961.1849,560257.1386,550939.1477,0.67,1.5,2.1,431.9622215,424.3966859,431.3650618,0.523277446,0.451289944,0.259213001,0.458507291,0.522532421,0.698808414,14.33736023,21.07998566,10.52805805,3.992333155,6.742625432,10.34502707,691901.1582,544685.9764,616954.3563
141,0.67,1.5,2.1,431.9622215,424.3966859,431.3650618,0.523277446,0.451289944,0.259213001,0.458507291,0.522532421,0.698808414,14.33736023,21.07998566,10.52805805,3.992333155,6.742625432,10.34502707,691901.1582,544685.9764,616954.3563,1.6,1.9,1.3,402.2747842,403.6067258,408.9541305,0.726890414,0.636540701,0.486201196,0.269090373,0.356458931,0.502756876,21.05626726,27.03201553,15.10978803,9.367808926,5.975748272,11.68845834,734254.6989,532347.7382,607111.3919
142,1.6,1.9,1.3,402.2747842,403.6067258,408.9541305,0.726890414,0.636540701,0.486201196,0.269090373,0.356458931,0.502756876,21.05626726,27.03201553,15.10978803,9.367808926,5.975748272,11.68845834,734254.6989,532347.7382,607111.3919,1.1,0.88,1.1,439.4358838,432.987238,439.1465424,0.383463787,0.384118008,0.177357278,0.577079621,0.573758989,0.751086552,17.81743849,22.91837673,9.475257653,4.637909986,5.100938237,13.1795285,696983.8007,525192.3362,592877.547
143,1.1,0.88,1.1,439.4358838,432.987238,439.1465424,0.383463787,0.384118008,0.177357278,0.577079621,0.573758989,0.751086552,17.81743849,22.91837673,9.475257653,4.637909986,5.100938237,13.1795285,696983.8007,525192.3362,592877.547,0.96,1.8,1.3,417.4787702,410.2716182,415.2808387,0.632127311,0.574062844,0.400132402,0.359247777,0.413891596,0.580524873,15.9920924,24.22300853,12.89951853,4.890631617,8.230916134,11.10146078,721289.7579,512543.1845,509618.9009
144,0.96,1.8,1.3,417.4787702,410.2716182,415.2808387,0.632127311,0.574062844,0.400132402,0.359247777,0.413891596,0.580524873,15.9920924,24.22300853,12.89951853,4.890631617,8.230916134,11.10146078,721289.7579,512543.1845,509618.9009,0.76,0.86,1.5,394.325552,391.8510356,397.3490119,0.880752991,0.853664417,0.788152375,0.118633492,0.145456977,0.210479228,17.59533059,25.14696652,14.91375438,7.562769663,7.551635932,10.03256092,723885.6637,588908.4075,580681.196
145,0.76,0.86,1.5,394.325552,391.8510356,397.3490119,0.880752991,0.853664417,0.788152375,0.118633492,0.145456977,0.210479228,17.59533059,25.14696652,14.91375438,7.562769663,7.551635932,10.03256092,723885.6637,588908.4075,580681.196,0.57,1.6,1.9,394.3635668,404.4031248,410.4731015,0.87575658,0.695572565,0.589692254,0.123372842,0.299726845,0.403478185,16.32652224,19.34561019,12.2590011,9.378866272,3.019087947,6.947655972,719074.9964,601584.1145,493195.3952
146,0.57,1.6,1.9,394.3635668,404.4031248,410.4731015,0.87575658,0.695572565,0.589692254,0.123372842,0.299726845,0.403478185,16.32652224,19.34561019,12.2590011,9.378866272,3.019087947,6.947655972,719074.9964,601584.1145,493195.3952,2.2,1.6,1.3,415.13143,418.3232794,422.8021486,0.517242787,0.436634448,0.236047152,0.465308767,0.539071296,0.723899097,23.28171904,27.0068805,12.65008638,9.20643069,3.725161458,14.07528835,691863.2973,524425.9548,508034.3506
147,2.2,1.6,1.3,415.13143,418.3232794,422.8021486,0.517242787,0.436634448,0.236047152,0.465308767,0.539071296,0.723899097,23.28171904,27.0068805,12.65008638,9.20643069,3.725161458,14.07528835,691863.2973,524425.9548,508034.3506,2.2,1.2,0.96,421.3156548,419.4263016,423.9679653,0.475295926,0.460932371,0.24621067,0.502470411,0.514581715,0.711541558,24.20835024,29.62690962,12.91628201,7.825381999,5.418559379,16.38296824,688497.1207,597063.9998,565133.0911
148,2.2,1.2,0.96,421.3156548,419.4263016,423.9679653,0.475295926,0.460932371,0.24621067,0.502470411,0.514581715,0.711541558,24.20835024,29.62690962,12.91628201,7.825381999,5.418559379,16.38296824,688497.1207,597063.9998,565133.0911,1.4,0.87,2.1,437.7320796,429.935327,436.353801,0.343151312,0.370330546,0.18809167,0.605118069,0.579063365,0.733141328,14.45755201,19.37460339,9.591899604,4.866665947,4.917051378,9.590886063,694118.8486,491500.3175,522306.6309
149,1.4,0.87,2.1,437.7320796,429.935327,436.353801,0.343151312,0.370330546,0.18809167,0.605118069,0.579063365,0.733141328,14.45755201,19.37460339,9.591899604,4.866665947,4.917051378,9.590886063,694118.8486,491500.3175,522306.6309,1.4,0.55,1.3,392.8989339,387.8881767,391.929433,0.849080612,0.868415392,0.798507335,0.149913005,0.130722248,0.200053414,22.23465856,32.18719203,17.53908418,7.873768515,9.95253347,14.36089004,725680.5786,587119.5955,546322.1161
150,1.4,0.55,1.3,392.8989339,387.8881767,391.929433,0.849080612,0.868415392,0.798507335,0.149913005,0.130722248,0.200053414,22.23465856,32.18719203,17.53908418,7.873768515,9.95253347,14.36089004,725680.5786,587119.5955,546322.1161,1.6,1.1,0.76,403.326378,403.7285767,407.6161743,0.7546984,0.71309027,0.534882818,0.242331407,0.282936363,0.457605222,27.09546096,32.41778409,14.25019636,9.284100441,5.322323134,17.81136052,718115.0952,589598.8723,529314.8365
151,1.6,1.1,0.76,403.326378,403.7285767,407.6161743,0.7546984,0.71309027,0.534882818,0.242331407,0.282936363,0.457605222,27.09546096,32.41778409,14.25019636,9.284100441,5.322323134,17.81136052,718115.0952,589598.8723,529314.8365,1.4,2.1,1.8,399.099991,400.9891854,405.2160912,0.780042775,0.681869609,0.5290646,0.217563295,0.313250429,0.462806894,23.74170923,30.17307623,15.80636613,9.656699326,6.431366999,14.08500991,732523.3072,569545.6664,535661.4736
152,1.4,2.1,1.8,399.099991,400.9891854,405.2160912,0.780042775,0.681869609,0.5290646,0.217563295,0.313250429,0.462806894,23.74170923,30.17307623,15.80636613,9.656699326,6.431366999,14.08500991,732523.3072,569545.6664,535661.4736,0.9,0.92,1.5,434.8203682,416.1995093,422.8548806,0.476630025,0.558225515,0.401076904,0.497624051,0.421587708,0.568360518,11.57575347,19.86092105,11.50436902,3.383055411,8.285167573,8.192698063,733851.9213,606924.6868,555165.3119
153,0.9,0.92,1.5,434.8203682,416.1995093,422.8548806,0.476630025,0.558225515,0.401076904,0.497624051,0.421587708,0.568360518,11.57575347,19.86092105,11.50436902,3.383055411,8.285167573,8.192698063,733851.9213,606924.6868,555165.3119,1.7,1.2,1.7,424.9883443,419.3088189,423.9872641,0.495194485,0.495691663,0.269274392,0.485054847,0.483357625,0.69295078,24.20744186,31.17367073,12.83447455,6.227837767,6.966228867,17.9796041,733186.1865,563894.8886,612545.0386
156,2.4,1.1,1.3,442.1797248,435.7286099,443.4146539,0.205070191,0.244743956,0.118380246,0.670039813,0.637933315,0.722099999,12.58322249,16.84620989,9.896205829,5.769493021,4.262987397,6.813729471,728841.4888,496586.8804,543844.6737,0.66,1.9,1.5,395.5532353,391.7932264,396.5656574,0.862370612,0.786987463,0.71006496,0.136768732,0.211034749,0.287062458,15.04267143,24.8086382,15.92362354,6.331872748,9.765966769,8.710798687,693517.1877,558308.0901,497269.5247
157,0.66,1.9,1.5,395.5532353,391.7932264,396.5656574,0.862370612,0.786987463,0.71006496,0.136768732,0.211034749,0.287062458,15.04267143,24.8086382,15.92362354,6.331872748,9.765966769,8.710798687,693517.1877,558308.0901,497269.5247,0.82,0.57,0.7,424.2321443,412.6121658,417.0712189,0.671734168,0.701047651,0.489916247,0.321861893,0.293059992,0.497892016,20.92345329,29.20864873,11.04125925,3.112287125,8.285195444,17.81116616,727068.752,521560.0411,547020.2924
159,1.8,2.2,1.5,413.5994424,411.5697962,415.3455688,0.587677042,0.52459947,0.311864241,0.401428398,0.460292282,0.661734806,25.44020671,32.97603816,14.80446906,7.624942888,7.535831445,17.81526383,726049.6252,532311.9976,522937.8578,1.7,0.71,1.9,399.6487499,397.1710201,402.1194311,0.762513103,0.762630153,0.643724814,0.234628617,0.23443907,0.351410337,20.97206334,27.01865826,14.52912527,8.727423157,6.046594912,12.24464019,718452.6939,504982.1794,561536.3434
161,0.96,1.8,2.3,451.3072832,431.5833645,439.1474256,0.258616001,0.305163806,0.162795615,0.65372769,0.614389551,0.725280284,10.1913025,17.87053142,10.54810064,3.012448794,7.679228924,7.178853703,731712.8902,573444.9578,567789.5398,0.94,1.1,1.6,404.8162133,400.8494645,407.9396549,0.752112304,0.714772888,0.620273997,0.244540371,0.280871348,0.373520394,12.97670699,19.65969784,12.81535587,6.266567809,6.682990843,6.710139185,691041.066,547204.7272,585441.7794
162,0.94,1.1,1.6,404.8162133,400.8494645,407.9396549,0.752112304,0.714772888,0.620273997,0.244540371,0.280871348,0.373520394,12.97670699,19.65969784,12.81535587,6.266567809,6.682990843,6.710139185,691041.066,547204.7272,585441.7794,0.56,2.3,1.8,406.0533834,407.7294126,412.5163306,0.797191775,0.64200678,0.464120567,0.200454439,0.350900621,0.523670408,20.8936107,27.99141341,13.76559863,6.946733474,7.097802705,13.94687723,712166.403,599458.1758,562770.501
163,0.56,2.3,1.8,406.0533834,407.7294126,412.5163306,0.797191775,0.64200678,0.464120567,0.200454439,0.350900621,0.523670408,20.8936107,27.99141341,13.76559863,6.946733474,7.097802705,13.94687723,712166.403,599458.1758,562770.501,0.51,0.72,2.0,450.055837,449.2081824,455.7183442,0.392082345,0.326598407,0.123526466,0.568182834,0.621042177,0.783234181,19.19762079,22.66998851,7.484752651,4.310134655,3.472367719,14.88748613,712260.5644,561070.7753,619871.13
164,0.51,0.72,2.0,450.055837,449.2081824,455.7183442,0.392082345,0.326598407,0.123526466,0.568182834,0.621042177,0.783234181,19.19762079,22.66998851,7.484752651,4.310134655,3.472367719,14.88748613,712260.5644,561070.7753,619871.13,2.3,0.92,0.88,408.6509784,411.1576117,416.6233621,0.590356061,0.555134224,0.400727341,0.398151952,0.431401669,0.579026172,18.39107039,22.01986503,12.88120371,9.431598506,3.628794639,8.959471887,708042.7823,591724.2368,505487.8248
165,2.3,0.92,0.88,408.6509784,411.1576117,416.6233621,0.590356061,0.555134224,0.400727341,0.398151952,0.431401669,0.579026172,18.39107039,22.01986503,12.88120371,9.431598506,3.628794639,8.959471887,708042.7823,591724.2368,505487.8248,0.99,1.8,0.64,399.5101449,399.5946111,404.3583481,0.819170756,0.733110797,0.582204094,0.179300731,0.26367852,0.412087449,23.51264096,30.27306957,14.68322617,8.228480759,6.760428612,15.2841602,688334.9143,505402.7368,605694.3315
167,1.3,2.4,2.2,414.0901842,419.6011507,425.3769941,0.57833944,0.403365896,0.237780236,0.408017651,0.566849625,0.71815611,17.29374557,21.86811133,12.30174712,7.914957125,4.574365761,9.378788445,739986.5215,518110.4906,530498.092,1.2,0.61,0.69,414.3521995,406.6949591,411.4194908,0.674299744,0.698935401,0.529878567,0.319341009,0.295168432,0.459549263,18.25769254,25.09395615,11.87227136,5.29525647,6.83626361,12.96243607,698533.0984,503924.7412,497940.1848
169,1.5,1.2,1.3,458.420915,436.7721056,443.2546082,0.169574724,0.290714082,0.135161617,0.673473278,0.589197354,0.690930668,11.76544728,18.91150524,9.989727739,3.018606586,7.146057967,8.74684069,705885.0993,568653.5567,514927.4619,2.0,0.79,2.1,411.9821407,414.0438236,418.355756,0.614011188,0.577771523,0.372259644,0.376547976,0.411016384,0.607949956,23.81404722,27.07217607,12.37418982,9.404256772,3.258128852,14.40979044,732737.2244,567934.4282,490249.4528
170,2.0,0.79,2.1,411.9821407,414.0438236,418.355756,0.614011188,0.577771523,0.372259644,0.376547976,0.411016384,0.607949956,23.81404722,27.07217607,12.37418982,9.404256772,3.258128852,14.40979044,732737.2244,567934.4282,490249.4528,1.7,1.5,2.1,406.9333755,404.4561826,408.4952934,0.694015732,0.657817543,0.48177731,0.300839872,0.335689579,0.506917253,23.67944792,31.19779826,15.17541133,7.971225448,7.518350335,15.70822247,728969.0149,595928.8102,529239.8717
171,1.7,1.5,2.1,406.9333755,404.4561826,408.4952934,0.694015732,0.657817543,0.48177731,0.300839872,0.335689579,0.506917253,23.67944792,31.19779826,15.17541133,7.971225448,7.518350335,15.70822247,728969.0149,595928.8102,529239.8717,2.5,1.3,1.2,423.4092831,421.4387603,427.2672,0.393349801,0.380559508,0.204388394,0.56940146,0.579032458,0.733906256,18.71431145,23.38214302,12.17579679,7.727697495,4.667831572,10.98661395,696850.0174,494781.0652,572383.9964
172,2.5,1.3,1.2,423.4092831,421.4387603,427.2672,0.393349801,0.380559508,0.204388394,0.56940146,0.579032458,0.733906256,18.71431145,23.38214302,12.17579679,7.727697495,4.667831572,10.98661395,696850.0174,494781.0652,572383.9964,1.0,0.52,2.5,398.2865137,395.762699,399.8993945,0.854302588,0.846753215,0.741323533,0.144769856,0.152218148,0.256714495,23.14268169,29.2068508,13.30752361,7.555106012,6.064169116,15.58757568,739587.8781,501978.6914,507442.326
173,1.0,0.52,2.5,398.2865137,395.762699,399.8993945,0.854302588,0.846753215,0.741323533,0.144769856,0.152218148,0.256714495,23.14268169,29.2068508,13.30752361,7.555106012,6.064169116,15.58757568,739587.8781,501978.6914,507442.326,1.7,1.7,2.0,418.9777116,413.0110025,418.5400282,0.506552613,0.492383801,0.338442646,0.473577877,0.485741867,0.629670996,15.07735698,22.45557637,13.4859069,6.283563373,7.378219397,8.793793605,710697.8911,592635.4397,521475.5888
174,1.7,1.7,2.0,418.9777116,413.0110025,418.5400282,0.506552613,0.492383801,0.338442646,0.473577877,0.485741867,0.629670996,15.07735698,22.45557637,13.4859069,6.283563373,7.378219397,8.793793605,710697.8911,592635.4397,521475.5888,0.94,1.7,0.76,419.3678745,418.2322092,422.7757947,0.613311888,0.518468976,0.291562847,0.37708558,0.465898316,0.679940232,22.4615365,28.42049951,11.70770476,6.076443607,5.958963012,16.38509289,713456.2585,491200.1184,542350.1064
175,0.94,1.7,0.76,419.3678745,418.2322092,422.7757947,0.613311888,0.518468976,0.291562847,0.37708558,0.465898316,0.679940232,22.4615365,28.42049951,11.70770476,6.076443607,5.958963012,16.38509289,713456.2585,491200.1184,542350.1064,2.1,0.93,2.2,442.9438385,428.4093948,434.5556402,0.240130497,0.357129248,0.195132399,0.659571406,0.564179966,0.690830721,13.22714387,19.75829558,11.12959546,4.767633956,6.531151707,8.459509918,704458.0724,605421.0531,510103.9435
177,0.78,1.3,1.4,408.4373959,402.0820888,408.058821,0.760657674,0.717347415,0.601828289,0.236289301,0.27841361,0.391657465,14.37182091,22.67381337,13.39088967,5.270915328,8.301992459,9.100905586,700750.2445,607881.5723,569164.0914,1.9,2.1,1.8,417.0362591,420.6990302,426.1722106,0.507760892,0.397286163,0.212455977,0.472977443,0.572163148,0.73955522,21.572803,26.16150023,13.06977396,8.737777251,4.588697228,12.83502575,706386.3774,582166.8947,601385.0672
178,1.9,2.1,1.8,417.0362591,420.6990302,426.1722106,0.507760892,0.397286163,0.212455977,0.472977443,0.572163148,0.73955522,21.572803,26.16150023,13.06977396,8.737777251,4.588697228,12.83502575,706386.3774,582166.8947,601385.0672,1.5,2.1,0.92,428.1493359,426.617775,431.8273267,0.410939857,0.344423775,0.155279672,0.556148043,0.611148783,0.772250695,21.56762249,27.6819419,12.03365713,6.226166831,6.114319415,15.34145566,681837.8552,582417.1455,605684.2202
179,1.5,2.1,0.92,428.1493359,426.617775,431.8273267,0.410939857,0.344423775,0.155279672,0.556148043,0.611148783,0.772250695,21.56762249,27.6819419,12.03365713,6.226166831,6.114319415,15.34145566,681837.8552,582417.1455,605684.2202,1.7,2.4,1.3,413.4436911,408.5280937,412.7852557,0.607020335,0.55800847,0.357786784,0.383341391,0.4292212,0.62032617,24.10474644,33.64628536,15.98226985,6.787084176,9.541538915,17.31766227,737340.0884,540863.6948,601594.4451
180,1.7,2.4,1.3,413.4436911,408.5280937,412.7852557,0.607020335,0.55800847,0.357786784,0.383341391,0.4292212,0.62032617,24.10474644,33.64628536,15.98226985,6.787084176,9.541538915,17.31766227,737340.0884,540863.6948,601594.4451,2.3,1.0,1.0,407.1302852,404.3812157,411.3359762,0.5842632,0.599710811,0.488614666,0.403464139,0.388438263,0.495132392,15.13594652,20.91333904,14.0914182,8.447788832,5.777392518,6.688157686,691193.6559,563871.1362,610877.5366
181,2.3,1.0,1.0,407.1302852,404.3812157,411.3359762,0.5842632,0.599710811,0.488614666,0.403464139,0.388438263,0.495132392,15.13594652,20.91333904,14.0914182,8.447788832,5.777392518,6.688157686,691193.6559,563871.1362,610877.5366,1.8,2.4,2.1,397.2126844,399.9848148,405.8696373,0.725827245,0.617190452,0.52269391,0.270022607,0.374754473,0.466649236,16.30605405,23.06875267,16.34763929,9.716727212,6.762698614,6.58932684,725152.6536,598132.3049,570170.4946
182,1.8,2.4,2.1,397.2126844,399.9848148,405.8696373,0.725827245,0.617190452,0.52269391,0.270022607,0.374754473,0.466649236,16.30605405,23.06875267,16.34763929,9.716727212,6.762698614,6.58932684,725152.6536,598132.3049,570170.4946,2.2,1.0,1.7,418.0508596,409.2515679,413.7122459,0.531497592,0.58222588,0.388285193,0.451972916,0.403210157,0.586842392,21.75053014,30.1576969,14.59574881,6.493718286,8.407166763,15.25681185,726770.3448,548206.6358,565014.8515
183,2.2,1.0,1.7,418.0508596,409.2515679,413.7122459,0.531497592,0.58222588,0.388285193,0.451972916,0.403210157,0.586842392,21.75053014,30.1576969,14.59574881,6.493718286,8.407166763,15.25681185,726770.3448,548206.6358,565014.8515,2.3,1.6,0.96,429.2220833,431.4840202,438.1493496,0.317341591,0.260856645,0.126653023,0.622215035,0.663654358,0.76776716,15.58792868,19.37824832,10.96014348,7.334884726,3.790319637,8.253043956,723720.776,582330.5058,542483.4939
184,2.3,1.6,0.96,429.2220833,431.4840202,438.1493496,0.317341591,0.260856645,0.126653023,0.622215035,0.663654358,0.76776716,15.58792868,19.37824832,10.96014348,7.334884726,3.790319637,8.253043956,723720.776,582330.5058,542483.4939,0.82,2.1,2.1,410.3487021,416.2777287,421.9502701,0.702921092,0.52007151,0.329971211,0.291293252,0.464508905,0.644887301,19.57544559,24.1832986,12.24502535,7.87125613,4.607853012,11.70418946,699055.0481,573936.5026,576154.2621
185,0.82,2.1,2.1,410.3487021,416.2777287,421.9502701,0.702921092,0.52007151,0.329971211,0.291293252,0.464508905,0.644887301,19.57544559,24.1832986,12.24502535,7.87125613,4.607853012,11.70418946,699055.0481,573936.5026,576154.2621,2.3,0.96,0.64,405.0885018,399.0679622,404.033283,0.647891683,0.687356938,0.563681044,0.344408667,0.305951706,0.426108432,19.21618681,27.64370619,16.38346933,8.176738906,8.427519384,11.0394479,715332.8141,607439.1763,576491.0708
186,2.3,0.96,0.64,405.0885018,399.0679622,404.033283,0.647891683,0.687356938,0.563681044,0.344408667,0.305951706,0.426108432,19.21618681,27.64370619,16.38346933,8.176738906,8.427519384,11.0394479,715332.8141,607439.1763,576491.0708,1.7,1.9,2.4,434.4470165,428.1177164,435.1492686,0.316472307,0.302879419,0.163833995,0.622213866,0.629138632,0.74210422,13.13149486,19.4019904,11.59351441,5.476126239,6.270495539,7.655368623,723117.735,606602.7418,573045.1995
187,1.7,1.9,2.4,434.4470165,428.1177164,435.1492686,0.316472307,0.302879419,0.163833995,0.622213866,0.629138632,0.74210422,13.13149486,19.4019904,11.59351441,5.476126239,6.270495539,7.655368623,723117.735,606602.7418,573045.1995,0.95,0.7,2.1,413.7822643,412.017837,417.7820497,0.719939292,0.685923015,0.514621793,0.275658326,0.308564577,0.475592087,18.66337167,23.62311503,11.28679792,6.568943125,4.959743367,12.09442854,736815.9588,587593.4581,571904.432
188,0.95,0.7,2.1,413.7822643,412.017837,417.7820497,0.719939292,0.685923015,0.514621793,0.275658326,0.308564577,0.475592087,18.66337167,23.62311503,11.28679792,6.568943125,4.959743367,12.09442854,736815.9588,587593.4581,571904.432,2.5,2.1,1.9,415.7820748,410.5490783,414.1549743,0.51487078,0.508461892,0.30951887,0.467751449,0.472686793,0.659136479,24.39799219,33.49510204,16.26950823,7.510155124,9.097109842,16.88783707,720781.2556,614291.9923,507265.5661
189,2.5,2.1,1.9,415.7820748,410.5490783,414.1549743,0.51487078,0.508461892,0.30951887,0.467751449,0.472686793,0.659136479,24.39799219,33.49510204,16.26950823,7.510155124,9.097109842,16.88783707,720781.2556,614291.9923,507265.5661,2.4,2.0,2.1,431.2124697,424.9852921,429.2420861,0.318450686,0.327421185,0.141744529,0.627925758,0.616354813,0.766898884,23.21647806,30.46675317,13.01346021,6.105406526,7.250275118,17.11107153,729139.6577,526234.4945,544719.6047
191,1.1,1.6,1.4,444.5644981,429.8088479,436.7289284,0.300198565,0.331095531,0.166843299,0.634130141,0.604667274,0.737834989,12.62844676,19.82916692,10.47528917,3.457978381,7.200720157,9.170468382,698871.1725,528036.6549,576323.6602,1.2,0.61,1.8,397.4318867,390.7872562,395.2822403,0.82164612,0.842222476,0.759864724,0.176866685,0.156485048,0.237985395,18.94287669,28.14162094,15.3323872,6.384804402,9.198744243,12.55807229,695324.7116,516271.0617,531283.6912
192,1.2,0.61,1.8,397.4318867,390.7872562,395.2822403,0.82164612,0.842222476,0.759864724,0.176866685,0.156485048,0.237985395,18.94287669,28.14162094,15.3323872,6.384804402,9.198744243,12.55807229,695324.7116,516271.0617,531283.6912,1.7,2.0,1.9,405.9956462,410.590144,415.8273376,0.656726856,0.529368317,0.371369458,0.335959123,0.456653511,0.607681021,18.98420885,23.61128946,13.76467668,9.330666912,4.627080604,9.653541942,732728.5882,560366.6323,519368.7098
193,1.7,2.0,1.9,405.9956462,410.590144,415.8273376,0.656726856,0.529368317,0.371369458,0.335959123,0.456653511,0.607681021,18.98420885,23.61128946,13.76467668,9.330666912,4.627080604,9.653541942,732728.5882,560366.6323,519368.7098,1.9,0.62,0.85,410.3922799,410.067026,414.9649579,0.646167079,0.640318475,0.459713993,0.346134821,0.351559375,0.526221322,22.01031405,26.35457934,12.83171974,8.752608561,4.344265288,13.25770549,718486.1929,608037.9937,542148.4814
194,1.9,0.62,0.85,410.3922799,410.067026,414.9649579,0.646167079,0.640318475,0.459713993,0.346134821,0.351559375,0.526221322,22.01031405,26.35457934,12.83171974,8.752608561,4.344265288,13.25770549,718486.1929,608037.9937,542148.4814,1.9,0.54,2.4,406.1026773,403.0522042,408.6607052,0.650597718,0.678722959,0.555148473,0.341714581,0.314256469,0.434235673,16.38107044,21.5802675,12.92615959,7.896650909,5.199197069,8.484419527,681903.8248,542401.5742,508330.7927
196,1.7,1.3,2.1,454.9401976,432.9492959,439.8326152,0.177261798,0.309995321,0.156045194,0.672121008,0.578823463,0.685525983,11.64926807,19.2913225,10.78005128,3.304884518,7.642054436,8.34438355,687740.5597,594314.9552,557902.3579,1.5,1.1,0.93,389.187821,387.1726695,392.1248934,0.852249352,0.839086598,0.774383182,0.146803374,0.159809653,0.223962777,20.83895336,29.40045811,18.25928573,9.916235336,8.561504752,10.92271802,699849.1623,554052.428,611510.1335
198,1.1,1.8,2.4,423.6605149,421.396054,426.1420003,0.532924928,0.451013343,0.243641436,0.450739807,0.524804133,0.715624082,19.90472127,26.27937608,11.92818628,5.834927343,6.374654814,14.06979393,731396.4806,559203.4496,523853.7774,1.5,0.57,1.7,399.7456006,396.7587051,402.7664433,0.765937088,0.778915533,0.686702315,0.231217409,0.21839418,0.30917706,17.65580774,23.92337255,14.33954509,8.259898465,6.267564815,9.39590927,720980.7755,573469.0423,603646.2437
199,1.5,0.57,1.7,399.7456006,396.7587051,402.7664433,0.765937088,0.778915533,0.686702315,0.231217409,0.21839418,0.30917706,17.65580774,23.92337255,14.33954509,8.259898465,6.267564815,9.39590927,720980.7755,573469.0423,603646.2437,1.0,1.8,0.85,402.0088609,397.6310024,402.6812004,0.781327049,0.721008404,0.613382574,0.216260086,0.275125964,0.380811851,16.26978063,25.2792806,15.4007573,6.584953863,9.00949997,9.684826771,738013.0741,562384.8447,536194.5639
201,1.7,1.4,2.4,419.2800443,412.3999334,417.0324695,0.546892796,0.549224814,0.346234923,0.438455738,0.435415851,0.627396944,21.04731813,29.05154037,13.6811378,5.978296003,8.004222239,15.06902213,694309.1447,560934.6583,565275.4433,1.9,1.1,2.1,398.6870764,397.7172346,403.2547413,0.70708909,0.687883586,0.594952041,0.288080847,0.306673649,0.397523683,15.59309048,21.18364463,14.30486548,8.849189345,5.590554157,6.743901132,698303.9989,493191.2103,492673.4804
202,1.9,1.1,2.1,398.6870764,397.7172346,403.2547413,0.70708909,0.687883586,0.594952041,0.288080847,0.306673649,0.397523683,15.59309048,21.18364463,14.30486548,8.849189345,5.590554157,6.743901132,698303.9989,493191.2103,492673.4804,1.3,2.0,1.8,393.819061,391.6061635,396.0386502,0.835278322,0.783008995,0.680057522,0.163520416,0.214978126,0.316694575,22.62604837,32.57605889,18.26463177,8.595237466,9.95001052,14.0308109,695604.7957,581243.2491,606450.2746
203,1.3,2.0,1.8,393.819061,391.6061635,396.0386502,0.835278322,0.783008995,0.680057522,0.163520416,0.214978126,0.316694575,22.62604837,32.57605889,18.26463177,8.595237466,9.95001052,14.0308109,695604.7957,581243.2491,606450.2746,1.1,2.3,0.55,424.5657265,420.0089805,426.4743837,0.497162451,0.407271827,0.247754701,0.48132214,0.560009827,0.704724189,14.13357855,21.51701515,12.53045559,5.323226043,7.383436601,8.810352508,710870.5581,594936.0668,584288.1414
204,1.1,2.3,0.55,424.5657265,420.0089805,426.4743837,0.497162451,0.407271827,0.247754701,0.48132214,0.560009827,0.704724189,14.13357855,21.51701515,12.53045559,5.323226043,7.383436601,8.810352508,710870.5581,594936.0668,584288.1414,1.6,2.1,0.85,403.4783192,408.7368498,415.3122629,0.686689282,0.542490062,0.400564289,0.307400898,0.444702646,0.580925537,17.82565231,22.32104727,13.80122811,9.472888433,4.495394956,8.352763877,719061.6951,521031.4302,616433.753
205,1.6,2.1,0.85,403.4783192,408.7368498,415.3122629,0.686689282,0.542490062,0.400564289,0.307400898,0.444702646,0.580925537,17.82565231,22.32104727,13.80122811,9.472888433,4.495394956,8.352763877,719061.6951,521031.4302,616433.753,2.5,1.1,2.1,422.2099133,412.5747486,417.1436454,0.465251751,0.529584857,0.323391962,0.510343464,0.44929575,0.640475953,23.21381822,32.15596368,15.03215148,6.425767041,8.942145463,16.78805118,711134.8607,592783.1707,617069.654
206,2.5,1.1,2.1,422.2099133,412.5747486,417.1436454,0.465251751,0.529584857,0.323391962,0.510343464,0.44929575,0.640475953,23.21381822,32.15596368,15.03215148,6.425767041,8.942145463,16.78805118,711134.8607,592783.1707,617069.654,1.1,0.81,1.7,405.780502,402.1640409,407.0139964,0.767838106,0.748906952,0.603930987,0.229441617,0.247905573,0.390371242,19.81315649,26.03447391,12.59549026,6.637682327,6.221317421,13.17547416,708837.5189,494327.8436,530316.6369
207,1.1,0.81,1.7,405.780502,402.1640409,407.0139964,0.767838106,0.748906952,0.603930987,0.229441617,0.247905573,0.390371242,19.81315649,26.03447391,12.59549026,6.637682327,6.221317421,13.17547416,708837.5189,494327.8436,530316.6369,0.6,1.1,2.1,408.7808692,404.8740494,409.9458808,0.815744273,0.75740886,0.590990795,0.182661474,0.239868826,0.403653757,21.32808813,28.32161061,11.96323815,5.290468078,6.993522475,16.03762006,687978.3892,493848.4599,603298.9852
208,0.6,1.1,2.1,408.7808692,404.8740494,409.9458808,0.815744273,0.75740886,0.590990795,0.182661474,0.239868826,0.403653757,21.32808813,28.32161061,11.96323815,5.290468078,6.993522475,16.03762006,687978.3892,493848.4599,603298.9852,0.94,1.1,1.5,395.0642125,394.7564183,399.7428018,0.868671663,0.823068168,0.724708909,0.130586656,0.175669022,0.273119925,22.49651055,29.04107572,15.10314686,8.831874402,6.544565176,13.66463614,729376.0724,581530.0437,608201.7437
210,1.8,0.51,2.4,415.3551331,415.0734091,421.4986875,0.548347113,0.553162059,0.395871321,0.436004456,0.431034929,0.580225873,15.10806755,18.48094326,10.7048428,7.48443965,3.372875711,7.623627897,684021.1867,524068.2979,498779.2614,2.3,1.3,0.55,430.0554659,419.801787,424.3233338,0.366579952,0.426888178,0.221889767,0.590928694,0.534966134,0.714702735,21.09303006,29.1088296,13.23507723,5.530527745,8.015799532,15.56250232,710896.8955,537332.2911,552791.3605
211,2.3,1.3,0.55,430.0554659,419.801787,424.3233338,0.366579952,0.426888178,0.221889767,0.590928694,0.534966134,0.714702735,21.09303006,29.1088296,13.23507723,5.530527745,8.015799532,15.56250232,710896.8955,537332.2911,552791.3605,2.3,1.3,0.97,418.0221855,404.5213089,409.7875432,0.45830718,0.569725555,0.448920007,0.514219341,0.410390997,0.523584163,13.70193107,23.2475902,15.4012871,6.00947704,9.545659136,7.692454027,693372.5868,595317.8338,514189.906
212,2.3,1.3,0.97,418.0221855,404.5213089,409.7875432,0.45830718,0.569725555,0.448920007,0.514219341,0.410390997,0.523584163,13.70193107,23.2475902,15.4012871,6.00947704,9.545659136,7.692454027,693372.5868,595317.8338,514189.906,0.68,0.73,2.2,399.5477034,393.8405214,398.5989039,0.865883314,0.85443141,0.772815379,0.133325072,0.144637442,0.225587734,17.77614089,26.35336717,13.83672176,5.504919905,8.577226279,12.27122099,696392.681,580274.3391,526677.4537
213,0.68,0.73,2.2,399.5477034,393.8405214,398.5989039,0.865883314,0.85443141,0.772815379,0.133325072,0.144637442,0.225587734,17.77614089,26.35336717,13.83672176,5.504919905,8.577226279,12.27122099,696392.681,580274.3391,526677.4537,2.0,1.2,1.7,407.5611687,405.720207,412.1919034,0.599426969,0.590149403,0.483159369,0.389417486,0.397985841,0.500835241,14.35029126,20.31625321,13.97645742,8.134805197,5.965961945,6.215486068,725658.2707,609790.3899,552220.6746
214,2.0,1.2,1.7,407.5611687,405.720207,412.1919034,0.599426969,0.590149403,0.483159369,0.389417486,0.397985841,0.500835241,14.35029126,20.31625321,13.97645742,8.134805197,5.965961945,6.215486068,725658.2707,609790.3899,552220.6746,2.0,2.2,1.9,408.9138403,416.1598822,422.6594705,0.571357788,0.414477952,0.260087556,0.415170902,0.558946231,0.701774655,17.90590576,21.33188589,12.73921191,9.481715585,3.425980129,8.424190176,683902.499,496329.0419,582326.0442
215,2.0,2.2,1.9,408.9138403,416.1598822,422.6594705,0.571357788,0.414477952,0.260087556,0.415170902,0.558946231,0.701774655,17.90590576,21.33188589,12.73921191,9.481715585,3.425980129,8.424190176,683902.499,496329.0419,582326.0442,1.9,1.1,1.3,440.1000163,436.0211389,440.8318529,0.273081442,0.282076944,0.103439838,0.655408768,0.643628693,0.772101908,23.05268071,27.74950271,9.997197544,5.648459966,4.696821994,17.40422075,696025.398,512038.2632,560685.6193
216,1.9,1.1,1.3,440.1000163,436.0211389,440.8318529,0.273081442,0.282076944,0.103439838,0.655408768,0.643628693,0.772101908,23.05268071,27.74950271,9.997197544,5.648459966,4.696821994,17.40422075,696025.398,512038.2632,560685.6193,0.61,0.96,1.5,411.2986229,402.2748644,407.2056517,0.803264743,0.783214702,0.646893243,0.194860319,0.214467202,0.348816811,18.3151486,27.74304822,12.92463594,3.78729343,9.427899614,14.52785517,709908.4477,605999.4827,574539.1641
217,0.61,0.96,1.5,411.2986229,402.2748644,407.2056517,0.803264743,0.783214702,0.646893243,0.194860319,0.214467202,0.348816811,18.3151486,27.74304822,12.92463594,3.78729343,9.427899614,14.52785517,709908.4477,605999.4827,574539.1641,0.74,1.3,1.4,445.6771286,432.0635723,439.5999894,0.357824561,0.354976907,0.201158691,0.591861888,0.590863413,0.721544029,10.22931881,16.6148614,9.677226536,3.427716002,6.38554259,6.801602807,739026.3658,602356.2401,525910.3558
218,0.74,1.3,1.4,445.6771286,432.0635723,439.5999894,0.357824561,0.354976907,0.201158691,0.591861888,0.590863413,0.721544029,10.22931881,16.6148614,9.677226536,3.427716002,6.38554259,6.801602807,739026.3658,602356.2401,525910.3558,1.9,0.72,1.9,424.6468093,415.1149856,419.6374392,0.479317589,0.544388539,0.33317367,0.497789053,0.435875768,0.632280081,20.29120115,27.56979414,12.49550076,5.51248215,7.278592989,14.778719,684705.3025,550405.0506,523652.1833
219,1.9,0.72,1.9,424.6468093,415.1149856,419.6374392,0.479317589,0.544388539,0.33317367,0.497789053,0.435875768,0.632280081,20.29120115,27.56979414,12.49550076,5.51248215,7.278592989,14.778719,684705.3025,550405.0506,523652.1833,1.2,0.72,1.4,414.9383667,414.6460389,418.8955856,0.676872822,0.640707978,0.420888848,0.317181756,0.351937188,0.564713374,23.45710173,27.52747923,10.96829618,7.222608547,4.070377499,16.23449318,717230.7602,521664.4888,491312.8674
220,1.2,0.72,1.4,414.9383667,414.6460389,418.8955856,0.676872822,0.640707978,0.420888848,0.317181756,0.351937188,0.564713374,23.45710173,27.52747923,10.96829618,7.222608547,4.070377499,16.23449318,717230.7602,521664.4888,491312.8674,1.6,1.0,2.2,391.5962024,387.2623617,391.4244646,0.832993386,0.837656992,0.764731774,0.165760087,0.16111627,0.233350944,21.37498085,31.2572046,18.41729855,8.786837663,9.882223746,12.58814319,727815.8878,525658.8609,546401.7945
221,1.6,1.0,2.2,391.5962024,387.2623617,391.4244646,0.832993386,0.837656992,0.764731774,0.165760087,0.16111627,0.233350944,21.37498085,31.2572046,18.41729855,8.786837663,9.882223746,12.58814319,727815.8878,525658.8609,546401.7945,2.3,1.5,2.4,437.1340651,426.6655478,430.8078877,0.287657763,0.349358426,0.154625658,0.646690569,0.590821082,0.746915307,21.89488861,30.04157495,12.73519966,4.927854004,8.146686345,16.9670346,719231.2555,617764.8662,522771.1734
223,1.9,1.1,0.95,397.3263566,393.4323296,399.6865963,0.723755358,0.740054833,0.668930303,0.272036083,0.256028435,0.325817539,15.45522441,23.60068606,16.65435612,8.645097016,8.145461649,6.810127395,695952.4836,604144.1596,619940.7856,1.8,0.71,0.87,409.0049724,408.3643084,415.15212,0.616859346,0.615008381,0.492039847,0.373195474,0.374731059,0.493268869,14.9311377,19.40461294,12.36330797,8.027897535,4.473475236,6.903240164,716510.7101,582615.5739,553202.7557
224,1.8,0.71,0.87,409.0049724,408.3643084,415.15212,0.616859346,0.615008381,0.492039847,0.373195474,0.374731059,0.493268869,14.9311377,19.40461294,12.36330797,8.027897535,4.473475236,6.903240164,716510.7101,582615.5739,553202.7557,1.2,1.7,1.3,416.9595983,412.9202043,417.5559155,0.618599018,0.56169288,0.349597067,0.372364494,0.425839777,0.628209579,21.68669997,29.14195334,12.98729774,5.848802327,7.455253366,15.83789764,683133.8857,531012.7512,567394.19
225,1.2,1.7,1.3,416.9595983,412.9202043,417.5559155,0.618599018,0.56169288,0.349597067,0.372364494,0.425839777,0.628209579,21.68669997,29.14195334,12.98729774,5.848802327,7.455253366,15.83789764,683133.8857,531012.7512,567394.19,2.1,2.4,0.63,420.2067657,418.3668861,422.2633589,0.460597294,0.407390673,0.208014027,0.515488898,0.561709768,0.741149035,23.91983599,31.17465809,14.27000719,7.346648832,7.254822101,16.57318716,693485.2743,611874.1822,510179.0338
226,2.1,2.4,0.63,420.2067657,418.3668861,422.2633589,0.460597294,0.407390673,0.208014027,0.515488898,0.561709768,0.741149035,23.91983599,31.17465809,14.27000719,7.346648832,7.254822101,16.57318716,693485.2743,611874.1822,510179.0338,2.3,1.2,1.6,423.650203,412.7525059,418.4571844,0.413901764,0.488433126,0.33222441,0.551066106,0.482349414,0.625081417,15.42481675,23.04182004,13.75655071,6.321611519,7.617003296,9.103205227,736839.2356,524629.9426,552074.834
227,2.3,1.2,1.6,423.650203,412.7525059,418.4571844,0.413901764,0.488433126,0.33222441,0.551066106,0.482349414,0.625081417,15.42481675,23.04182004,13.75655071,6.321611519,7.617003296,9.103205227,736839.2356,524629.9426,552074.834,2.3,1.2,1.3,439.3769522,428.1241235,434.3763527,0.244269857,0.325824518,0.180143177,0.658793983,0.592437229,0.706008717,13.02821501,19.19045264,11.45180427,5.441304846,6.162237632,7.586910163,732257.8886,593418.6512,503944.4003
228,2.3,1.2,1.3,439.3769522,428.1241235,434.3763527,0.244269857,0.325824518,0.180143177,0.658793983,0.592437229,0.706008717,13.02821501,19.19045264,11.45180427,5.441304846,6.162237632,7.586910163,732257.8886,593418.6512,503944.4003,2.3,0.95,1.6,413.8842547,404.0316945,408.6133144,0.571484252,0.633020695,0.45435547,0.415660211,0.356242623,0.527317963,21.80113899,31.06463093,15.41326145,6.456659108,9.263491936,15.34447989,707199.3262,491087.8498,597751.6747
229,2.3,0.95,1.6,413.8842547,404.0316945,408.6133144,0.571484252,0.633020695,0.45435547,0.415660211,0.356242623,0.527317963,21.80113899,31.06463093,15.41326145,6.456659108,9.263491936,15.34447989,707199.3262,491087.8498,597751.6747,0.54,1.1,0.56,396.4586775,399.9729526,404.6120962,0.897551217,0.815196994,0.693297519,0.101978068,0.18342918,0.304117998,23.64059845,27.38248287,12.59547048,9.143527481,3.741884421,14.49707097,728096.2412,544445.7533,533531.3355
232,1.7,1.2,1.3,444.6597676,420.0308617,426.3179531,0.244694371,0.421554995,0.279206232,0.653273755,0.512224804,0.629644296,10.17509591,18.5619236,11.8690979,3.613502085,8.386827695,6.561593821,701003.0059,545587.444,490163.9715,1.8,2.3,1.3,416.1819481,418.7769881,423.8511643,0.523936254,0.40954067,0.221752345,0.458636306,0.562021055,0.733213114,21.69759806,26.71399669,13.2618486,8.509217575,5.016398634,13.18838048,738192.9812,507952.0806,569315.5173
234,1.6,0.75,1.2,440.3568904,437.7206563,443.0699135,0.320615502,0.325507366,0.125840302,0.62445383,0.617210028,0.774270465,23.47581968,27.54066086,9.632908937,5.919200146,4.064841181,17.55661953,682803.306,586314.5963,618753.5677,0.95,2.1,0.73,404.1378431,406.006803,410.521355,0.768025723,0.643882998,0.467057468,0.229125786,0.349449242,0.52147711,21.964965,28.27701559,13.94040827,7.90946763,6.312050585,14.05549737,692982.8653,558589.7023,536163.2923
235,0.95,2.1,0.73,404.1378431,406.006803,410.521355,0.768025723,0.643882998,0.467057468,0.229125786,0.349449242,0.52147711,21.964965,28.27701559,13.94040827,7.90946763,6.312050585,14.05549737,692982.8653,558589.7023,536163.2923,2.3,2.3,1.1,431.6529159,417.8590623,423.3319718,0.303474139,0.36819352,0.219700388,0.631879678,0.575942178,0.702003852,14.00931662,22.95047894,13.92081798,5.156707834,8.941162319,8.852608791,704237.7559,527556.5886,527554.5091
236,2.3,2.3,1.1,431.6529159,417.8590623,423.3319718,0.303474139,0.36819352,0.219700388,0.631879678,0.575942178,0.702003852,14.00931662,22.95047894,13.92081798,5.156707834,8.941162319,8.852608791,704237.7559,527556.5886,527554.5091,1.3,0.91,1.2,429.5578902,418.0289097,423.6116662,0.467686543,0.514555879,0.3203567,0.507118127,0.462660528,0.642269981,15.51806774,22.44975075,11.19997514,4.488875958,6.931683016,11.02919178,701741.6683,499117.566,526392.5842
238,1.8,2.2,1.8,436.5920061,425.6304808,431.1967324,0.30151533,0.324250251,0.160677136,0.635564965,0.612544931,0.745315636,16.19178906,24.42504561,12.76987211,4.765148369,8.233256555,11.42664069,733123.0427,582899.4679,571015.6501,1.5,1.2,0.82,392.7379888,392.2262618,398.0434323,0.80798986,0.774050152,0.697817408,0.19026351,0.223633493,0.298888055,17.36773976,23.74677618,15.62446835,9.404692869,6.379036421,7.963046894,693474.8013,505415.6875,580183.9788
239,1.5,1.2,0.82,392.7379888,392.2262618,398.0434323,0.80798986,0.774050152,0.697817408,0.19026351,0.223633493,0.298888055,17.36773976,23.74677618,15.62446835,9.404692869,6.379036421,7.963046894,693474.8013,505415.6875,580183.9788,2.5,0.52,1.7,411.1813032,404.146602,409.8016141,0.557820391,0.635312252,0.500308343,0.427484576,0.35292477,0.482003329,17.54816684,24.39001642,14.58008282,7.930584878,6.841849584,9.617581962,710835.5858,580258.2921,579301.7969
241,2.3,1.9,1.2,458.67128,435.7225426,442.4956866,0.116891976,0.239519741,0.109357271,0.649665981,0.588800489,0.656968319,11.53934551,19.44537512,11.13766187,3.394528596,7.906029611,8.14481691,680758.909,536667.22,553397.9782,2.5,2.4,1.0,423.2857548,418.5821967,423.021958,0.397508594,0.382171282,0.192787751,0.568109487,0.579112231,0.745389115,22.82767138,30.7841459,14.64009324,7.000168775,7.956474518,15.82750261,685854.8085,575777.0331,574028.5879
243,1.3,0.77,0.75,399.5787152,403.3918679,408.2110432,0.802915452,0.751432723,0.611785718,0.19523919,0.245817538,0.383371626,22.58945964,25.69059254,12.70229068,9.855830373,3.101132892,12.73362927,700994.9422,609291.9245,519991.3522,2.3,0.73,2.4,407.3201833,407.0992396,411.5502978,0.65046438,0.64129846,0.456983653,0.342255577,0.350926604,0.529384483,24.57476009,28.9430411,13.82848834,9.756571102,4.368281014,14.81818899,718283.9291,548812.5176,541085.0871
244,2.3,0.73,2.4,407.3201833,407.0992396,411.5502978,0.65046438,0.64129846,0.456983653,0.342255577,0.350926604,0.529384483,24.57476009,28.9430411,13.82848834,9.756571102,4.368281014,14.81818899,718283.9291,548812.5176,541085.0871,1.2,0.82,0.62,390.0888069,388.9453372,394.0157794,0.866381294,0.851295294,0.790064409,0.132849012,0.147779494,0.208539116,19.38292126,26.43462256,16.29500783,9.442122509,7.051701301,9.940798754,712531.8517,564494.1416,562947.945
245,1.2,0.82,0.62,390.0888069,388.9453372,394.0157794,0.866381294,0.851295294,0.790064409,0.132849012,0.147779494,0.208539116,19.38292126,26.43462256,16.29500783,9.442122509,7.051701301,9.940798754,712531.8517,564494.1416,562947.945,1.2,0.52,0.65,433.6363444,425.1315338,430.216753,0.485180968,0.526349578,0.287654486,0.492711654,0.453096067,0.673431159,20.97091613,26.93310885,10.33078678,4.694129789,5.962192714,16.27678634,720344.6768,558637.7572,575235.2326
246,1.2,0.52,0.65,433.6363444,425.1315338,430.216753,0.485180968,0.526349578,0.287654486,0.492711654,0.453096067,0.673431159,20.97091613,26.93310885,10.33078678,4.694129789,5.962192714,16.27678634,720344.6768,558637.7572,575235.2326,1.9,0.84,0.79,429.783186,422.8461571,429.7515235,0.372922983,0.424673389,0.272734416,0.581310267,0.53422017,0.668866924,13.27998712,18.58921941,11.32258535,6.155836078,5.309232288,7.124151045,739181.7511,607720.0044,539134.116
247,1.9,0.84,0.79,429.783186,422.8461571,429.7515235,0.372922983,0.424673389,0.272734416,0.581310267,0.53422017,0.668866924,13.27998712,18.58921941,11.32258535,6.155836078,5.309232288,7.124151045,739181.7511,607720.0044,539134.116,0.66,0.72,1.6,415.3372794,416.2570081,421.4141917,0.764722066,0.700160775,0.479211913,0.232471822,0.295379819,0.511246212,24.28684507,27.96550457,9.98197434,6.655933085,3.678659495,17.63091199,680883.0722,518742.9534,605737.1444
248,0.66,0.72,1.6,415.3372794,416.2570081,421.4141917,0.764722066,0.700160775,0.479211913,0.232471822,0.295379819,0.511246212,24.28684507,27.96550457,9.98197434,6.655933085,3.678659495,17.63091199,680883.0722,518742.9534,605737.1444,0.98,1.9,0.55,398.2201559,406.4354102,412.4789456,0.794422585,0.617349157,0.492228093,0.20324066,0.374626072,0.496185698,16.49954893,20.31940748,12.80562575,9.133096261,3.819858547,7.366452668,695834.6427,570642.1764,515764.4023
250,2.5,0.9,2.0,439.6380807,422.1486456,429.4201301,0.237270015,0.400762937,0.263037746,0.655864892,0.524151785,0.635224597,11.79778656,18.91805247,12.30660693,5.315977204,7.120265909,6.481809357,728019.57,596335.955,577920.9632,1.6,0.87,2.2,402.0291508,395.6349122,399.8882985,0.768526423,0.786260622,0.662215174,0.228802913,0.211270082,0.333410164,23.44627328,33.37691316,16.5299968,6.929688615,9.930639877,16.51658467,733588.884,604574.0614,596248.6735
251,1.6,0.87,2.2,402.0291508,395.6349122,399.8882985,0.768526423,0.786260622,0.662215174,0.228802913,0.211270082,0.333410164,23.44627328,33.37691316,16.5299968,6.929688615,9.930639877,16.51658467,733588.884,604574.0614,596248.6735,2.0,1.2,1.6,414.5008988,411.7802272,417.0413065,0.573823722,0.557009937,0.366293467,0.413683873,0.429106293,0.610587908,21.4628141,27.4806249,13.69362211,7.946144701,6.017810801,13.5166694,707332.6782,557412.897,607232.847
252,2.0,1.2,1.6,414.5008988,411.7802272,417.0413065,0.573823722,0.557009937,0.366293467,0.413683873,0.429106293,0.610587908,21.4628141,27.4806249,13.69362211,7.946144701,6.017810801,13.5166694,707332.6782,557412.897,607232.847,0.52,1.8,2.0,437.3012907,442.4316675,449.8411507,0.430128431,0.251186026,0.101164438,0.529145954,0.669797999,0.778640813,15.45558396,19.28263221,8.764557604,5.143746112,3.82704825,10.31183785,715826.4177,555140.1783,600091.7125
253,0.52,1.8,2.0,437.3012907,442.4316675,449.8411507,0.430128431,0.251186026,0.101164438,0.529145954,0.669797999,0.778640813,15.45558396,19.28263221,8.764557604,5.143746112,3.82704825,10.31183785,715826.4177,555140.1783,600091.7125,1.4,2.2,1.8,388.794698,387.7742969,392.9020935,0.840899626,0.782868247,0.723697352,0.157964353,0.215118931,0.273616243,17.56171368,27.41110984,19.52542709,9.830652161,9.849396164,7.731061515,712980.3428,575432.9552,590345.9759
256,0.87,1.8,0.97,431.1537926,429.5527542,435.0132776,0.459175598,0.360664591,0.164207099,0.514489363,0.598913513,0.768649489,19.11321086,24.58220087,10.44424657,5.252471347,5.468990011,13.86073951,738837.1542,493492.32,563773.0245,1.5,1.0,1.3,395.2194001,390.5551755,395.1889239,0.809133656,0.812417667,0.725210764,0.189163763,0.185876454,0.272075231,20.11671281,29.33661381,16.8366605,7.86185662,9.219900999,12.25485619,689466.7633,542433.5535,570941.5932
257,1.5,1.0,1.3,395.2194001,390.5551755,395.1889239,0.809133656,0.812417667,0.725210764,0.189163763,0.185876454,0.272075231,20.11671281,29.33661381,16.8366605,7.86185662,9.219900999,12.25485619,689466.7633,542433.5535,570941.5932,2.3,1.9,0.68,397.020891,394.5315331,398.2054597,0.736141872,0.71020666,0.582907432,0.260319757,0.285529109,0.410329703,23.39682759,32.43752849,18.33432049,9.570153077,9.0407009,13.82667451,696277.2054,549746.3504,500527.0898
258,2.3,1.9,0.68,397.020891,394.5315331,398.2054597,0.736141872,0.71020666,0.582907432,0.260319757,0.285529109,0.410329703,23.39682759,32.43752849,18.33432049,9.570153077,9.0407009,13.82667451,696277.2054,549746.3504,500527.0898,1.1,0.94,1.1,395.6369626,394.1312574,398.0149933,0.863069528,0.83797452,0.730275824,0.136139988,0.160955942,0.267717289,26.10482472,33.50825039,15.56963972,8.517951523,7.403425663,17.5868732,731754.0338,610753.0012,546576.2084
259,1.1,0.94,1.1,395.6369626,394.1312574,398.0149933,0.863069528,0.83797452,0.730275824,0.136139988,0.160955942,0.267717289,26.10482472,33.50825039,15.56963972,8.517951523,7.403425663,17.5868732,731754.0338,610753.0012,546576.2084,1.1,2.0,1.2,395.4991832,396.4168683,401.0016538,0.830568666,0.738646035,0.619292675,0.168095302,0.25831212,0.375833566,21.20567297,28.28000678,15.86365175,9.032775876,7.074333816,12.17289709,716096.4354,543415.2402,544562.6229
260,1.1,2.0,1.2,395.4991832,396.4168683,401.0016538,0.830568666,0.738646035,0.619292675,0.168095302,0.25831212,0.375833566,21.20567297,28.28000678,15.86365175,9.032775876,7.074333816,12.17289709,716096.4354,543415.2402,544562.6229,1.2,2.4,1.1,406.0879608,406.1762771,410.5254484,0.723375017,0.613761929,0.424473773,0.272476008,0.378027012,0.56129408,23.66476933,31.06676371,14.92386064,7.838393769,7.401994383,15.82637556,704749.2516,528844.8886,567483.323
261,1.2,2.4,1.1,406.0879608,406.1762771,410.5254484,0.723375017,0.613761929,0.424473773,0.272476008,0.378027012,0.56129408,23.66476933,31.06676371,14.92386064,7.838393769,7.401994383,15.82637556,704749.2516,528844.8886,567483.323,0.55,0.79,0.63,411.0190188,404.761801,409.0706417,0.822234932,0.791754946,0.64361563,0.176285404,0.206214728,0.352360903,19.88932398,27.53638963,11.67555938,4.339490391,7.647065656,15.54983359,735825.718,570621.3217,498329.6453
264,0.51,1.7,1.7,435.9709965,435.7078842,443.929199,0.46084939,0.296695833,0.153205309,0.507646346,0.640648065,0.758339385,10.54340728,15.32470333,8.763540469,4.110894677,4.781296044,6.432512608,682143.8476,551450.8167,529157.7385,2.1,2.1,1.6,403.47338,401.1783687,406.0175771,0.650101731,0.609313005,0.488299718,0.342418759,0.381294455,0.49837226,17.4743646,25.73198536,16.58169961,8.503496216,8.25762076,8.970868384,701219.619,609870.2695,522977.4874
265,2.1,2.1,1.6,403.47338,401.1783687,406.0175771,0.650101731,0.609313005,0.488299718,0.342418759,0.381294455,0.49837226,17.4743646,25.73198536,16.58169961,8.503496216,8.25762076,8.970868384,701219.619,609870.2695,522977.4874,1.4,0.92,1.8,409.0617887,401.5415348,407.4578295,0.659543639,0.683379543,0.573865907,0.333128161,0.309902148,0.416375732,14.02679485,21.27870435,13.4619067,6.363267743,7.251909501,7.663527103,733846.4619,513404.731,528743.2521
266,1.4,0.92,1.8,409.0617887,401.5415348,407.4578295,0.659543639,0.683379543,0.573865907,0.333128161,0.309902148,0.416375732,14.02679485,21.27870435,13.4619067,6.363267743,7.251909501,7.663527103,733846.4619,513404.731,528743.2521,1.8,2.4,0.52,421.1799951,428.6280765,433.5598556,0.429275858,0.284482875,0.123567469,0.538199678,0.659404009,0.790232911,21.55382354,24.86377188,11.62359997,8.573262847,3.309948336,12.9805607,687386.7837,586354.251,515015.1148
268,0.88,0.91,0.78,397.3779042,393.7713325,398.8958851,0.839356838,0.817637754,0.740606158,0.159452568,0.180863787,0.257100544,15.98007461,23.55040807,14.20892144,6.821754391,7.570333454,9.158320224,705343.8889,567949.9819,506878.2864,2.4,2.4,0.83,406.7847262,411.6552345,417.2836411,0.560951719,0.437302821,0.309858474,0.42487613,0.53836781,0.657475242,16.31640779,21.13950498,14.17882506,9.492211782,4.823097195,6.824196004,711820.26,551054.6674,499724.3518
269,2.4,2.4,0.83,406.7847262,411.6552345,417.2836411,0.560951719,0.437302821,0.309858474,0.42487613,0.53836781,0.657475242,16.31640779,21.13950498,14.17882506,9.492211782,4.823097195,6.824196004,711820.26,551054.6674,499724.3518,2.0,1.5,0.9,412.7275422,414.7965386,421.0653159,0.551849467,0.473129336,0.313469652,0.433277686,0.506077107,0.655921407,17.37111394,21.55861622,12.65720355,8.644238779,4.187502276,8.726875161,737432.4776,495180.8437,567614.3156
270,2.0,1.5,0.9,412.7275422,414.7965386,421.0653159,0.551849467,0.473129336,0.313469652,0.433277686,0.506077107,0.655921407,17.37111394,21.55861622,12.65720355,8.644238779,4.187502276,8.726875161,737432.4776,495180.8437,567614.3156,2.4,1.4,0.74,448.3712274,432.2222733,438.4510479,0.174857818,0.28121999,0.136857119,0.673858196,0.598479529,0.69437311,13.09959417,19.98657754,11.26572255,4.549736335,6.88698337,8.549857834,723809.4603,548642.7334,522893.5491
271,2.4,1.4,0.74,448.3712274,432.2222733,438.4510479,0.174857818,0.28121999,0.136857119,0.673858196,0.598479529,0.69437311,13.09959417,19.98657754,11.26572255,4.549736335,6.88698337,8.549857834,723809.4603,548642.7334,522893.5491,1.7,2.3,0.93,406.9147754,402.7371234,407.8788729,0.636038936,0.586769175,0.466804705,0.355533497,0.402196422,0.517799338,15.41517306,24.23116955,15.91214807,7.259269642,8.815996494,8.155903417,715411.1695,581448.0357,523277.4845
272,1.7,2.3,0.93,406.9147754,402.7371234,407.8788729,0.636038936,0.586769175,0.466804705,0.355533497,0.402196422,0.517799338,15.41517306,24.23116955,15.91214807,7.259269642,8.815996494,8.155903417,715411.1695,581448.0357,523277.4845,0.61,1.4,2.3,398.6139462,405.3879472,413.3256357,0.845247154,0.687165544,0.587334924,0.153480628,0.307848751,0.405618984,14.11935228,18.04538206,11.84150938,8.037124158,3.926029781,6.08222812,714492.2351,571662.5191,601602.5766
273,0.61,1.4,2.3,398.6139462,405.3879472,413.3256357,0.845247154,0.687165544,0.587334924,0.153480628,0.307848751,0.405618984,14.11935228,18.04538206,11.84150938,8.037124158,3.926029781,6.08222812,714492.2351,571662.5191,601602.5766,1.2,1.4,0.71,417.5767251,411.4712356,416.9972564,0.6097008,0.578606618,0.39609757,0.380296592,0.409316767,0.583971967,17.40491203,24.73032065,12.63610821,5.547841004,7.325408624,11.85707102,687137.6415,533309.6226,573973.3019
274,1.2,1.4,0.71,417.5767251,411.4712356,416.9972564,0.6097008,0.578606618,0.39609757,0.380296592,0.409316767,0.583971967,17.40491203,24.73032065,12.63610821,5.547841004,7.325408624,11.85707102,687137.6415,533309.6226,573973.3019,2.1,2.0,2.3,416.1657482,407.5906997,412.4202435,0.506576696,0.525341404,0.375853771,0.473863393,0.455634635,0.596365474,16.29895804,25.56963636,15.48490148,6.411963057,9.270678318,9.88699498,700263.9945,582892.8771,518640.1049
276,1.5,1.2,0.95,389.2495154,386.7271758,392.4898445,0.828917344,0.818327729,0.769659337,0.169739633,0.180175961,0.228358081,16.37740499,24.92550714,17.9575675,9.546091622,8.548102146,6.83131337,707144.7318,526387.3914,603277.244,2.2,1.2,1.4,423.0125894,417.9155144,423.3754464,0.448084132,0.461889792,0.268799802,0.524757528,0.510810073,0.687265008,19.99168283,26.28407001,13.12825828,7.093828196,6.292387181,12.89785464,704234.8286,571686.8753,602747.3775
279,1.5,2.3,1.6,429.4571033,418.9368092,423.4077131,0.412960835,0.413153744,0.213319043,0.555671412,0.552636569,0.730505128,19.54152606,28.95807621,13.36255092,4.251795378,9.416550158,15.28973068,714554.7708,504876.3816,543765.4923,1.6,1.6,1.7,402.7794567,399.6992599,404.1155382,0.728138169,0.693316197,0.553778448,0.267960566,0.301715849,0.43818446,20.4367146,28.64989868,15.69176466,7.732661644,8.213184078,12.70405295,697623.7838,583087.0004,531403.8765
280,1.6,1.6,1.7,402.7794567,399.6992599,404.1155382,0.728138169,0.693316197,0.553778448,0.267960566,0.301715849,0.43818446,20.4367146,28.64989868,15.69176466,7.732661644,8.213184078,12.70405295,697623.7838,583087.0004,531403.8765,1.5,1.5,2.3,405.0510896,406.8287732,411.6883743,0.728126135,0.651039017,0.468547861,0.267980023,0.342671443,0.520362609,24.58692074,29.76396667,14.16115498,9.290046541,5.177045925,15.2968742,704041.5697,583804.7643,607499.7703
281,1.5,1.5,2.3,405.0510896,406.8287732,411.6883743,0.728126135,0.651039017,0.468547861,0.267980023,0.342671443,0.520362609,24.58692074,29.76396667,14.16115498,9.290046541,5.177045925,15.2968742,704041.5697,583804.7643,607499.7703,1.3,1.1,1.6,441.547815,418.5425128,424.9848343,0.328517236,0.470009247,0.311371041,0.61073485,0.487678781,0.626983126,11.18000308,19.75760653,11.7537975,3.333131488,8.577603446,7.846871593,722213.6167,534407.6921,534606.0881
282,1.3,1.1,1.6,441.547815,418.5425128,424.9848343,0.328517236,0.470009247,0.311371041,0.61073485,0.487678781,0.626983126,11.18000308,19.75760653,11.7537975,3.333131488,8.577603446,7.846871593,722213.6167,534407.6921,534606.0881,1.3,2.0,0.81,416.2488991,410.0684219,414.7722429,0.615925691,0.57245688,0.380597622,0.374773318,0.415442519,0.598971802,20.41650612,29.74962076,14.60605694,5.569874925,9.333114635,14.8466312,693710.031,618181.5762,587734.3985
283,1.3,2.0,0.81,416.2488991,410.0684219,414.7722429,0.615925691,0.57245688,0.380597622,0.374773318,0.415442519,0.598971802,20.41650612,29.74962076,14.60605694,5.569874925,9.333114635,14.8466312,693710.031,618181.5762,587734.3985,1.5,2.1,0.79,404.3529208,404.9335343,409.4369136,0.716400843,0.622008699,0.443533342,0.279264915,0.370304604,0.543465866,23.30147294,29.7067257,14.88668213,8.772018454,6.405252765,14.52945448,721017.2785,491477.0858,561878.1828
284,1.5,2.1,0.79,404.3529208,404.9335343,409.4369136,0.716400843,0.622008699,0.443533342,0.279264915,0.370304604,0.543465866,23.30147294,29.7067257,14.88668213,8.772018454,6.405252765,14.52945448,721017.2785,491477.0858,561878.1828,1.4,2.2,1.0,412.0918241,407.4099488,412.8533041,0.628271167,0.567152581,0.409844803,0.362915803,0.420496938,0.57130124,17.28341886,26.00328705,14.92812805,6.425419832,8.719868196,10.85799903,699059.1797,587783.9562,594490.0076
285,1.4,2.2,1.0,412.0918241,407.4099488,412.8533041,0.628271167,0.567152581,0.409844803,0.362915803,0.420496938,0.57130124,17.28341886,26.00328705,14.92812805,6.425419832,8.719868196,10.85799903,699059.1797,587783.9562,594490.0076,2.1,0.92,2.4,429.718752,416.5410259,421.3560339,0.40180138,0.499767227,0.296771545,0.561750243,0.470946399,0.654352888,19.24131005,27.92766861,13.36709803,4.966240852,8.686358566,14.2750692,692160.6262,596060.8325,564810.6333
286,2.1,0.92,2.4,429.718752,416.5410259,421.3560339,0.40180138,0.499767227,0.296771545,0.561750243,0.470946399,0.654352888,19.24131005,27.92766861,13.36709803,4.966240852,8.686358566,14.2750692,692160.6262,596060.8325,564810.6333,2.0,0.79,1.7,452.3075903,435.3623729,440.1429748,0.196355414,0.322291755,0.12888978,0.679811516,0.578369588,0.707496524,18.68819583,25.91346747,10.2807014,3.361954579,7.225271646,15.32624125,716283.1036,507747.8458,520360.7351
287,2.0,0.79,1.7,452.3075903,435.3623729,440.1429748,0.196355414,0.322291755,0.12888978,0.679811516,0.578369588,0.707496524,18.68819583,25.91346747,10.2807014,3.361954579,7.225271646,15.32624125,716283.1036,507747.8458,520360.7351,1.7,2.1,1.5,406.4298248,408.8062339,415.0364364,0.637690531,0.521675685,0.387805563,0.353826487,0.463213524,0.591017978,16.09585235,21.5176903,13.84444553,8.57306336,5.421837949,7.522788991,733694.8911,508978.7097,563041.3637
288,1.7,2.1,1.5,406.4298248,408.8062339,415.0364364,0.637690531,0.521675685,0.387805563,0.353826487,0.463213524,0.591017978,16.09585235,21.5176903,13.84444553,8.57306336,5.421837949,7.522788991,733694.8911,508978.7097,563041.3637,1.9,1.2,2.2,401.7032174,396.2782579,401.6600216,0.704487349,0.714202339,0.602351284,0.290623101,0.281025396,0.390434761,18.2619334,26.55190616,16.01873429,7.935294309,8.28997276,10.32663909,703066.2354,504150.23,600159.6076
289,1.9,1.2,2.2,401.7032174,396.2782579,401.6600216,0.704487349,0.714202339,0.602351284,0.290623101,0.281025396,0.390434761,18.2619334,26.55190616,16.01873429,7.935294309,8.28997276,10.32663909,703066.2354,504150.23,600159.6076,2.0,2.0,0.79,407.4257808,403.3002441,409.187865,0.592999852,0.564371367,0.448692596,0.395593941,0.422375856,0.533248524,14.68801161,22.35331827,15.10296004,7.579817269,7.66530666,7.108194345,688546.8821,513978.5516,552753.6418
290,2.0,2.0,0.79,407.4257808,403.3002441,409.187865,0.592999852,0.564371367,0.448692596,0.395593941,0.422375856,0.533248524,14.68801161,22.35331827,15.10296004,7.579817269,7.66530666,7.108194345,688546.8821,513978.5516,552753.6418,0.88,1.4,1.6,417.4313159,409.0240195,413.9476714,0.684993241,0.653599005,0.473845983,0.309275218,0.339212288,0.513556889,18.63996378,27.79106225,13.36212619,4.493948042,9.151098467,14.14601574,736287.546,613859.3575,574702.0284
291,0.88,1.4,1.6,417.4313159,409.0240195,413.9476714,0.684993241,0.653599005,0.473845983,0.309275218,0.339212288,0.513556889,18.63996378,27.79106225,13.36212619,4.493948042,9.151098467,14.14601574,736287.546,613859.3575,574702.0284,2.1,1.9,1.2,418.0377819,411.2362052,415.1405071,0.517068036,0.518396671,0.325785487,0.465406625,0.463132108,0.64394422,21.65178645,30.79523356,15.43486272,6.592599344,9.143447113,15.05918711,736295.9665,614323.7824,504981.273
292,2.1,1.9,1.2,418.0377819,411.2362052,415.1405071,0.517068036,0.518396671,0.325785487,0.465406625,0.463132108,0.64394422,21.65178645,30.79523356,15.43486272,6.592599344,9.143447113,15.05918711,736295.9665,614323.7824,504981.273,2.2,1.1,1.0,424.3676117,410.4732141,415.9420943,0.420130665,0.525880435,0.363196341,0.546047661,0.448240985,0.597749161,15.55690365,24.30056905,13.98183377,5.440496514,8.743665399,10.11640714,681957.476,540127.6439,558168.1564
293,2.2,1.1,1.0,424.3676117,410.4732141,415.9420943,0.420130665,0.525880435,0.363196341,0.546047661,0.448240985,0.597749161,15.55690365,24.30056905,13.98183377,5.440496514,8.743665399,10.11640714,681957.476,540127.6439,558168.1564,0.66,2.1,1.5,417.1394823,423.2249775,428.1984162,0.646576768,0.466059558,0.242284665,0.344224318,0.512639684,0.719735502,24.16985066,28.31850632,11.59432202,7.773591555,4.148655651,16.39625911,730885.8401,559519.5729,591529.8887
294,0.66,2.1,1.5,417.1394823,423.2249775,428.1984162,0.646576768,0.466059558,0.242284665,0.344224318,0.512639684,0.719735502,24.16985066,28.31850632,11.59432202,7.773591555,4.148655651,16.39625911,730885.8401,559519.5729,591529.8887,2.0,1.2,0.71,403.8179836,402.9611988,408.4006809,0.671423536,0.64226981,0.504867343,0.322218185,0.350230744,0.483693006,18.73728452,24.29716157,14.26382018,8.900675318,5.55987705,9.836609198,699519.1312,520086.3044,555088.0284
295,2.0,1.2,0.71,403.8179836,402.9611988,408.4006809,0.671423536,0.64226981,0.504867343,0.322218185,0.350230744,0.483693006,18.73728452,24.29716157,14.26382018,8.900675318,5.55987705,9.836609198,699519.1312,520086.3044,555088.0284,1.6,1.4,0.81,424.6663472,428.2486081,435.1334825,0.429007404,0.332831537,0.173375992,0.539066171,0.620909753,0.75867197,15.54090719,18.84630696,10.23530445,7.098747867,3.305399774,8.442159323,710101.0854,501059.7079,544968.8966
296,1.6,1.4,0.81,424.6663472,428.2486081,435.1334825,0.429007404,0.332831537,0.173375992,0.539066171,0.620909753,0.75867197,15.54090719,18.84630696,10.23530445,7.098747867,3.305399774,8.442159323,710101.0854,501059.7079,544968.8966,0.72,1.8,2.0,389.9682538,389.4643646,394.8363791,0.892197346,0.813452302,0.754039206,0.107294702,0.18513096,0.243989714,16.34897614,24.84027551,16.86054872,8.52571458,8.491299372,7.823261559,728994.6173,562369.2383,560457.7266
297,0.72,1.8,2.0,389.9682538,389.4643646,394.8363791,0.892197346,0.813452302,0.754039206,0.107294702,0.18513096,0.243989714,16.34897614,24.84027551,16.86054872,8.52571458,8.491299372,7.823261559,728994.6173,562369.2383,560457.7266,0.93,2.2,0.65,421.9285513,414.2461008,419.7283981,0.584788199,0.51615423,0.327631652,0.403384352,0.466595048,0.64443709,17.12639293,26.28954387,13.43898279,4.527803632,9.163150946,12.5985893,700854.9759,581747.5279,605334.1568
298,0.93,2.2,0.65,421.9285513,414.2461008,419.7283981,0.584788199,0.51615423,0.327631652,0.403384352,0.466595048,0.64443709,17.12639293,26.28954387,13.43898279,4.527803632,9.163150946,12.5985893,700854.9759,581747.5279,605334.1568,1.2,2.0,0.51,400.2470367,398.9256788,403.2979851,0.794610909,0.721173648,0.569066429,0.203391191,0.27520952,0.424596875,24.01647346,32.32225524,15.94732111,7.962616467,8.305781784,16.05385699,689514.0891,559624.5903,593555.6837
299,1.2,2.0,0.51,400.2470367,398.9256788,403.2979851,0.794610909,0.721173648,0.569066429,0.203391191,0.27520952,0.424596875,24.01647346,32.32225524,15.94732111,7.962616467,8.305781784,16.05385699,689514.0891,559624.5903,593555.6837,1.5,1.7,2.3,401.4786033,400.3314159,406.1807815,0.718545576,0.660625109,0.560985898,0.277019096,0.333020641,0.430232689,15.37618704,22.62064265,15.22721852,8.127732014,7.244455611,7.248455029,730439.0482,605045.3762,555729.248
300,1.5,1.7,2.3,401.4786033,400.3314159,406.1807815,0.718545576,0.660625109,0.560985898,0.277019096,0.333020641,0.430232689,15.37618704,22.62064265,15.22721852,8.127732014,7.244455611,7.248455029,730439.0482,605045.3762,555729.248,1.4,0.99,1.7,388.6194469,385.1451053,389.0697318,0.866826314,0.863501158,0.79863306,0.132431173,0.135708068,0.200107335,22.01704047,31.8096373,18.36734571,8.838323226,9.792596829,13.17871724,682822.1094,512193.7201,524331.9649
301,1.4,0.99,1.7,388.6194469,385.1451053,389.0697318,0.866826314,0.863501158,0.79863306,0.132431173,0.135708068,0.200107335,22.01704047,31.8096373,18.36734571,8.838323226,9.792596829,13.17871724,682822.1094,512193.7201,524331.9649,2.2,1.2,1.8,408.8531916,405.1576402,410.641936,0.574544013,0.582906757,0.45853711,0.41247495,0.404178903,0.523275449,15.44218442,21.73304925,14.07618986,7.935459527,6.290864828,7.506724893,704396.3763,543954.1977,500618.3104
302,2.2,1.2,1.8,408.8531916,405.1576402,410.641936,0.574544013,0.582906757,0.45853711,0.41247495,0.404178903,0.523275449,15.44218442,21.73304925,14.07618986,7.935459527,6.290864828,7.506724893,704396.3763,543954.1977,500618.3104,0.82,0.82,2.3,396.1372557,394.9646956,399.2663352,0.882467595,0.853143088,0.751703731,0.116960879,0.146006656,0.246673709,24.37430389,31.09037933,14.18159802,7.797067309,6.716075439,16.57723658,684833.666,604415.9529,561706.2699
303,0.82,0.82,2.3,396.1372557,394.9646956,399.2663352,0.882467595,0.853143088,0.751703731,0.116960879,0.146006656,0.246673709,24.37430389,31.09037933,14.18159802,7.797067309,6.716075439,16.57723658,684833.666,604415.9529,561706.2699,0.98,1.1,2.3,405.0571687,400.4023639,404.8842762,0.785460492,0.755867003,0.614582136,0.212300769,0.241240141,0.380251961,19.97283783,27.73537461,13.46703011,5.984264784,7.762536786,13.98857304,700665.365,532974.6483,522093.5343
304,0.98,1.1,2.3,405.0571687,400.4023639,404.8842762,0.785460492,0.755867003,0.614582136,0.212300769,0.241240141,0.380251961,19.97283783,27.73537461,13.46703011,5.984264784,7.762536786,13.98857304,700665.365,532974.6483,522093.5343,0.82,1.2,2.2,416.1879906,411.0605979,416.4736872,0.698099272,0.647012568,0.469674274,0.296657303,0.345676763,0.517699179,17.46520984,24.64613265,12.08274433,5.148162474,7.180922805,12.31704737,700486.5124,600025.9768,560336.4265
305,0.82,1.2,2.2,416.1879906,411.0605979,416.4736872,0.698099272,0.647012568,0.469674274,0.296657303,0.345676763,0.517699179,17.46520984,24.64613265,12.08274433,5.148162474,7.180922805,12.31704737,700486.5124,600025.9768,560336.4265,1.3,0.58,2.1,434.1200942,425.6313544,430.7863864,0.456182713,0.496115385,0.253969597,0.51818505,0.479789469,0.700275437,22.00793163,27.91131119,10.27325649,4.715721137,5.903379561,17.2922105,703408.9454,492941.3199,604317.1674
306,1.3,0.58,2.1,434.1200942,425.6313544,430.7863864,0.456182713,0.496115385,0.253969597,0.51818505,0.479789469,0.700275437,22.00793163,27.91131119,10.27325649,4.715721137,5.903379561,17.2922105,703408.9454,492941.3199,604317.1674,0.94,1.9,1.0,398.3918354,395.9964428,399.6044385,0.833677751,0.767002228,0.623388458,0.165097258,0.230652157,0.372293319,24.2216058,33.11415838,15.4588924,6.912521507,8.89255258,17.3090843,685260.5323,507782.2041,501797.8011
307,0.94,1.9,1.0,398.3918354,395.9964428,399.6044385,0.833677751,0.767002228,0.623388458,0.165097258,0.230652157,0.372293319,24.2216058,33.11415838,15.4588924,6.912521507,8.89255258,17.3090843,685260.5323,507782.2041,501797.8011,1.9,1.1,1.1,402.4094891,400.5997934,404.8391407,0.73947752,0.719814628,0.558083974,0.257073523,0.276189116,0.434696783,26.26918719,32.93848398,15.53877345,9.21064745,6.669296791,17.05853974,729387.2344,555497.8879,586478.4658
308,1.9,1.1,1.1,402.4094891,400.5997934,404.8391407,0.73947752,0.719814628,0.558083974,0.257073523,0.276189116,0.434696783,26.26918719,32.93848398,15.53877345,9.21064745,6.669296791,17.05853974,729387.2344,555497.8879,586478.4658,0.74,0.74,1.2,422.2294665,411.1551487,415.5125592,0.696600644,0.707877723,0.50913604,0.298180235,0.286901047,0.480381595,19.96653747,28.67895686,11.44166529,3.067232002,8.712419396,16.89930547,714481.5257,578875.993,524857.4399
310,2.4,1.3,2.4,443.3458858,432.1620236,439.3765553,0.201211018,0.278326393,0.145861845,0.670151099,0.612356728,0.705908185,12.24590838,18.07527706,10.97725508,5.287063306,5.82936868,6.958845079,710391.9935,589198.1969,547776.7868,1.4,2.1,0.68,441.560029,428.1355663,433.4203181,0.28125164,0.310808449,0.141811471,0.649779719,0.620319058,0.752738696,15.54797308,23.70683428,11.43091738,3.512760443,8.158861194,12.03521264,701190.5464,515203.2097,526195.8075
311,1.4,2.1,0.68,441.560029,428.1355663,433.4203181,0.28125164,0.310808449,0.141811471,0.649779719,0.620319058,0.752738696,15.54797308,23.70683428,11.43091738,3.512760443,8.158861194,12.03521264,701190.5464,515203.2097,526195.8075,1.1,2.4,0.74,429.5469226,431.0840408,437.3647521,0.39919306,0.267410845,0.121816429,0.560426469,0.663726609,0.777751892,15.14022246,20.04601136,10.38263473,5.666323805,4.905788899,9.473898658,701732.6262,495107.9125,528793.4153
312,1.1,2.4,0.74,429.5469226,431.0840408,437.3647521,0.39919306,0.267410845,0.121816429,0.560426469,0.663726609,0.777751892,15.14022246,20.04601136,10.38263473,5.666323805,4.905788899,9.473898658,701732.6262,495107.9125,528793.4153,2.4,0.99,1.2,427.5552277,422.240055,429.0802641,0.357086943,0.399093052,0.242701154,0.594155345,0.55571559,0.692485715,15.09943293,20.43013326,12.09510002,6.927831713,5.330700329,8.171601214,708891.2928,609983.5369,586933.2901
313,2.4,0.99,1.2,427.5552277,422.240055,429.0802641,0.357086943,0.399093052,0.242701154,0.594155345,0.55571559,0.692485715,15.09943293,20.43013326,12.09510002,6.927831713,5.330700329,8.171601214,708891.2928,609983.5369,586933.2901,2.0,0.83,1.5,401.4989867,395.021145,399.1095339,0.743069223,0.769296146,0.630223808,0.253562446,0.227696786,0.364314163,25.30416163,34.92527314,16.62739334,7.365063784,9.621111513,17.93909784,702603.9501,498740.6558,599707.2295
314,2.0,0.83,1.5,401.4989867,395.021145,399.1095339,0.743069223,0.769296146,0.630223808,0.253562446,0.227696786,0.364314163,25.30416163,34.92527314,16.62739334,7.365063784,9.621111513,17.93909784,702603.9501,498740.6558,599707.2295,2.0,0.52,0.57,392.5543607,387.4689889,391.5249707,0.800907576,0.835422064,0.76045981,0.19721077,0.163061965,0.237157311,21.53562912,30.83273112,18.03151335,8.985415625,9.297101993,12.5502135,715781.0595,514851.3605,525239.3899
316,1.9,1.1,2.4,406.5504257,403.6097304,409.360891,0.662519966,0.651446439,0.507058148,0.330633411,0.341130256,0.481284968,19.19552711,25.51234855,14.40906132,8.309951394,6.316821436,10.88557572,715304.5992,528317.738,616271.7521,1.4,1.5,2.0,395.2145799,393.0331203,396.9961038,0.815410012,0.778045123,0.66723265,0.183042524,0.219780294,0.329175184,21.74223218,29.94569418,16.26255188,8.327386793,8.203461996,13.41484539,688279.1683,523000.9732,498431.2052
317,1.4,1.5,2.0,395.2145799,393.0331203,396.9961038,0.815410012,0.778045123,0.66723265,0.183042524,0.219780294,0.329175184,21.74223218,29.94569418,16.26255188,8.327386793,8.203461996,13.41484539,688279.1683,523000.9732,498431.2052,1.3,2.0,0.57,397.3700084,398.7785665,405.5787554,0.768133682,0.667498244,0.583838374,0.229040494,0.32680065,0.408628523,14.71056008,21.55141179,15.38478235,8.664844941,6.840851708,6.045715138,731808.7496,582590.4542,615525.4235
318,1.3,2.0,0.57,397.3700084,398.7785665,405.5787554,0.768133682,0.667498244,0.583838374,0.229040494,0.32680065,0.408628523,14.71056008,21.55141179,15.38478235,8.664844941,6.840851708,6.045715138,731808.7496,582590.4542,615525.4235,2.3,2.4,0.92,443.6469801,422.9058492,428.7283904,0.201876307,0.318307427,0.172667272,0.676332325,0.590190748,0.69993296,12.77762075,22.41142883,13.29320406,3.838184692,9.633808085,8.939436058,682749.3743,521760.7338,548114.7903
319,2.3,2.4,0.92,443.6469801,422.9058492,428.7283904,0.201876307,0.318307427,0.172667272,0.676332325,0.590190748,0.69993296,12.77762075,22.41142883,13.29320406,3.838184692,9.633808085,8.939436058,682749.3743,521760.7338,548114.7903,1.2,0.66,1.8,424.8437796,419.1250186,423.7153649,0.573104751,0.580498652,0.350089898,0.414297829,0.406598635,0.625298788,21.45798448,27.17802931,10.82428927,5.42490602,5.720044823,16.03307846,720443.3758,535835.9193,523976.8542
320,1.2,0.66,1.8,424.8437796,419.1250186,423.7153649,0.573104751,0.580498652,0.350089898,0.414297829,0.406598635,0.625298788,21.45798448,27.17802931,10.82428927,5.42490602,5.720044823,16.03307846,720443.3758,535835.9193,523976.8542,1.3,1.1,2.2,424.8052643,411.541392,417.4137772,0.493805047,0.55460397,0.410005453,0.483691138,0.426560993,0.562461505,12.32960873,20.16269098,12.29545005,4.616627434,7.833082243,7.712981299,705682.0224,559883.4444,497287.1137
321,1.3,1.1,2.2,424.8052643,411.541392,417.4137772,0.493805047,0.55460397,0.410005453,0.483691138,0.426560993,0.562461505,12.32960873,20.16269098,12.29545005,4.616627434,7.833082243,7.712981299,705682.0224,559883.4444,497287.1137,2.3,1.8,1.6,409.5009315,409.266561,413.308778,0.604895634,0.549920197,0.342739009,0.385414538,0.437341961,0.635075796,26.62180287,32.47456646,14.92814049,9.419424477,5.852763586,17.20237839,711956.111,490595.3373,551323.2409
322,2.3,1.8,1.6,409.5009315,409.266561,413.308778,0.604895634,0.549920197,0.342739009,0.385414538,0.437341961,0.635075796,26.62180287,32.47456646,14.92814049,9.419424477,5.852763586,17.20237839,711956.111,490595.3373,551323.2409,0.76,1.9,1.5,400.7714419,409.7990894,416.3466188,0.80407716,0.604366382,0.472000758,0.193640364,0.386511699,0.514678579,16.50822774,20.42194143,12.63326287,8.872268377,3.913713684,7.635959364,739256.3165,619178.2903,561595.7554
323,0.76,1.9,1.5,400.7714419,409.7990894,416.3466188,0.80407716,0.604366382,0.472000758,0.193640364,0.386511699,0.514678579,16.50822774,20.42194143,12.63326287,8.872268377,3.913713684,7.635959364,739256.3165,619178.2903,561595.7554,2.3,0.82,0.79,425.8538378,420.0937238,424.0346656,0.430162729,0.470997331,0.249035037,0.540455023,0.501469054,0.702386258,23.79647529,30.04726594,12.60830565,6.699455408,6.250790641,17.09701989,698277.7688,609697.9842,497341.5164
324,2.3,0.82,0.79,425.8538378,420.0937238,424.0346656,0.430162729,0.470997331,0.249035037,0.540455023,0.501469054,0.702386258,23.79647529,30.04726594,12.60830565,6.699455408,6.250790641,17.09701989,698277.7688,609697.9842,497341.5164,0.54,1.2,1.4,402.7258571,396.264889,401.0686977,0.863039078,0.819535708,0.709724529,0.136137626,0.179070938,0.28776817,18.87719168,28.25625867,13.82191179,4.725871203,9.379066995,14.15132047,707883.9009,526284.2316,570098.1688
325,0.54,1.2,1.4,402.7258571,396.264889,401.0686977,0.863039078,0.819535708,0.709724529,0.136137626,0.179070938,0.28776817,18.87719168,28.25625867,13.82191179,4.725871203,9.379066995,14.15132047,707883.9009,526284.2316,570098.1688,1.8,1.1,1.4,413.1380996,410.9742984,415.3959978,0.606816465,0.583068559,0.38862569,0.383216257,0.405496237,0.591771272,21.45033116,26.99772136,12.9979461,7.725061304,5.547390195,13.72526986,723013.9297,522693.7309,501381.359
327,2.5,0.68,2.2,434.574952,430.7838813,437.648587,0.290702187,0.333997977,0.170782981,0.637574795,0.598844143,0.730196817,16.14023024,20.13054762,10.79435201,6.987097295,3.990317378,9.153132948,739703.4026,578542.5873,580444.651,1.8,1.3,0.76,406.838734,410.0252422,415.8186673,0.635799397,0.559457079,0.422383804,0.355682904,0.428221006,0.559883711,16.3089631,20.50541759,12.81421498,8.768568382,4.196454488,7.540394723,724969.3178,575716.1571,498945.1502
328,1.8,1.3,0.76,406.838734,410.0252422,415.8186673,0.635799397,0.559457079,0.422383804,0.355682904,0.428221006,0.559883711,16.3089631,20.50541759,12.81421498,8.768568382,4.196454488,7.540394723,724969.3178,575716.1571,498945.1502,1.0,1.3,0.72,414.9397143,417.8419106,422.6098149,0.665012395,0.55826726,0.344487938,0.328174689,0.429751176,0.634111287,21.33343329,25.37354699,11.21535324,7.452851186,4.040113695,13.88058211,721217.3758,545849.698,508110.3518
329,1.0,1.3,0.72,414.9397143,417.8419106,422.6098149,0.665012395,0.55826726,0.344487938,0.328174689,0.429751176,0.634111287,21.33343329,25.37354699,11.21535324,7.452851186,4.040113695,13.88058211,721217.3758,545849.698,508110.3518,0.51,2.2,1.7,409.7410985,411.7934364,417.3626168,0.763088212,0.593226149,0.396849927,0.233447836,0.396791029,0.585793756,20.11469459,26.25034101,12.41605931,6.55167332,6.135646416,13.56302127,680318.08,503948.1503,614008.2477
330,0.51,2.2,1.7,409.7410985,411.7934364,417.3626168,0.763088212,0.593226149,0.396849927,0.233447836,0.396791029,0.585793756,20.11469459,26.25034101,12.41605931,6.55167332,6.135646416,13.56302127,680318.08,503948.1503,614008.2477,0.85,2.4,1.3,429.1271629,429.6430064,436.6233025,0.453269806,0.29734827,0.150660496,0.515766534,0.643406804,0.764688159,13.52786254,18.96650045,10.58973887,5.315351189,5.438637907,8.212511352,739404.8857,510217.154,556046.4791
331,0.85,2.4,1.3,429.1271629,429.6430064,436.6233025,0.453269806,0.29734827,0.150660496,0.515766534,0.643406804,0.764688159,13.52786254,18.96650045,10.58973887,5.315351189,5.438637907,8.212511352,739404.8857,510217.154,556046.4791,1.9,0.56,1.9,413.6012104,406.0181318,411.725506,0.58954729,0.652834893,0.506272295,0.39847376,0.337313721,0.478150873,17.30204961,24.33206623,13.61256902,6.792738623,7.030016617,10.50931099,697009.2417,602670.1148,583252.3672
332,1.9,0.56,1.9,413.6012104,406.0181318,411.725506,0.58954729,0.652834893,0.506272295,0.39847376,0.337313721,0.478150873,17.30204961,24.33206623,13.61256902,6.792738623,7.030016617,10.50931099,697009.2417,602670.1148,583252.3672,1.9,1.8,1.0,412.4998178,418.2862319,424.467726,0.551930891,0.423851132,0.254820703,0.43308927,0.550443781,0.706716911,18.59299078,21.98517936,12.26246237,9.060915299,3.392188576,9.532075481,701119.9525,513315.3705,570785.3423
333,1.9,1.8,1.0,412.4998178,418.2862319,424.467726,0.551930891,0.423851132,0.254820703,0.43308927,0.550443781,0.706716911,18.59299078,21.98517936,12.26246237,9.060915299,3.392188576,9.532075481,701119.9525,513315.3705,570785.3423,0.91,0.93,2.1,420.569179,407.0521174,412.4421522,0.638471036,0.676345506,0.529373988,0.352890611,0.316119271,0.458395861,14.18362672,23.27057882,12.62703439,3.748779233,9.086952104,10.43484748,706472.4885,612155.035,526802.229
334,0.91,0.93,2.1,420.569179,407.0521174,412.4421522,0.638471036,0.676345506,0.529373988,0.352890611,0.316119271,0.458395861,14.18362672,23.27057882,12.62703439,3.748779233,9.086952104,10.43484748,706472.4885,612155.035,526802.229,0.51,2.3,1.7,394.4293888,403.9144356,410.14519,0.876172043,0.663908275,0.542307454,0.122814949,0.329913954,0.448532879,18.34192464,22.23838641,13.64032171,9.912449448,3.896461771,8.42947519,735031.4465,569918.3217,581959.6398
335,0.51,2.3,1.7,394.4293888,403.9144356,410.14519,0.876172043,0.663908275,0.542307454,0.122814949,0.329913954,0.448532879,18.34192464,22.23838641,13.64032171,9.912449448,3.896461771,8.42947519,735031.4465,569918.3217,581959.6398,1.6,1.9,0.76,420.5341608,413.6124003,418.2232722,0.510569543,0.492041784,0.307512506,0.470871792,0.486821804,0.658994412,17.84716066,26.08719299,13.65403712,5.657792161,8.240032326,12.1893685,692228.5389,568710.0734,505196.504
336,1.6,1.9,0.76,420.5341608,413.6124003,418.2232722,0.510569543,0.492041784,0.307512506,0.470871792,0.486821804,0.658994412,17.84716066,26.08719299,13.65403712,5.657792161,8.240032326,12.1893685,692228.5389,568710.0734,505196.504,2.2,1.3,2.3,436.526502,423.6890256,429.2563381,0.285128832,0.369976486,0.200831071,0.642089678,0.568912229,0.708398293,15.09172834,22.3356708,12.13521151,5.091278057,7.243942463,10.00045028,708725.3733,549698.2739,522308.2869
337,2.2,1.3,2.3,436.526502,423.6890256,429.2563381,0.285128832,0.369976486,0.200831071,0.642089678,0.568912229,0.708398293,15.09172834,22.3356708,12.13521151,5.091278057,7.243942463,10.00045028,708725.3733,549698.2739,522308.2869,0.86,2.5,0.74,390.6850454,390.8563657,395.1341402,0.884574923,0.791360975,0.691077568,0.114836015,0.206850752,0.306025405,23.57808606,32.69109547,18.26224327,9.432152531,9.113009413,14.14593352,723178.8928,537528.7293,587349.5589
338,0.86,2.5,0.74,390.6850454,390.8563657,395.1341402,0.884574923,0.791360975,0.691077568,0.114836015,0.206850752,0.306025405,23.57808606,32.69109547,18.26224327,9.432152531,9.113009413,14.14593352,723178.8928,537528.7293,587349.5589,2.4,1.5,1.6,428.3470868,425.1623451,432.4521919,0.317965079,0.311095968,0.180721799,0.620705911,0.623798003,0.731757895,13.27099966,17.99588257,11.4314417,6.835273311,4.724882912,6.435726344,733202.761,503457.2724,551020.3243
339,2.4,1.5,1.6,428.3470868,425.1623451,432.4521919,0.317965079,0.311095968,0.180721799,0.620705911,0.623798003,0.731757895,13.27099966,17.99588257,11.4314417,6.835273311,4.724882912,6.435726344,733202.761,503457.2724,551020.3243,1.0,2.1,0.79,401.553574,401.5812974,405.7968453,0.802741652,0.70948565,0.541218451,0.195391501,0.286537999,0.451552077,25.4417941,33.30130578,15.50099435,7.990508384,7.859511677,17.45128572,688865.114,609284.5204,589609.3974
340,1.0,2.1,0.79,401.553574,401.5812974,405.7968453,0.802741652,0.70948565,0.541218451,0.195391501,0.286537999,0.451552077,25.4417941,33.30130578,15.50099435,7.990508384,7.859511677,17.45128572,688865.114,609284.5204,589609.3974,2.1,0.55,2.2,417.8206138,403.0120086,407.4631771,0.529907265,0.654672376,0.496422025,0.45243077,0.332972017,0.483329483,17.70068176,27.53206367,14.63159764,5.05316604,9.83138191,12.64751572,701963.0124,508273.7748,514729.566
342,1.3,2.4,1.7,448.9909216,428.4215873,435.0250666,0.227421341,0.292314431,0.156544957,0.668579465,0.617969344,0.720755882,10.73298289,19.63339451,11.87655359,3.128236891,8.900411619,7.604746,715519.1088,600318.445,544554.8596,2.3,1.1,2.0,424.9032783,414.0078186,418.6558036,0.438018788,0.509369815,0.309918398,0.532909266,0.465862938,0.648949726,20.64998446,29.24717307,14.22741754,5.924733934,8.597188618,14.72525052,734263.9039,553978.5424,570928.8024
343,2.3,1.1,2.0,424.9032783,414.0078186,418.6558036,0.438018788,0.509369815,0.309918398,0.532909266,0.465862938,0.648949726,20.64998446,29.24717307,14.22741754,5.924733934,8.597188618,14.72525052,734263.9039,553978.5424,570928.8024,2.1,1.1,1.6,406.1690309,402.9814137,408.1901306,0.650801725,0.648598411,0.499290051,0.341794687,0.343687421,0.488449607,19.96689567,26.52521561,14.71563748,8.388877892,6.55831994,11.57801778,689177.5478,537145.7412,580274.999
344,2.1,1.1,1.6,406.1690309,402.9814137,408.1901306,0.650801725,0.648598411,0.499290051,0.341794687,0.343687421,0.488449607,19.96689567,26.52521561,14.71563748,8.388877892,6.55831994,11.57801778,689177.5478,537145.7412,580274.999,0.8,1.6,0.76,404.3624939,402.8018059,407.1030536,0.806010582,0.726397713,0.559723616,0.19219512,0.27009587,0.433762444,22.68826208,29.97706896,13.60680482,6.638983518,7.288806874,16.04927856,698654.8064,540340.3402,541542.9516
345,0.8,1.6,0.76,404.3624939,402.8018059,407.1030536,0.806010582,0.726397713,0.559723616,0.19219512,0.27009587,0.433762444,22.68826208,29.97706896,13.60680482,6.638983518,7.288806874,16.04927856,698654.8064,540340.3402,541542.9516,1.1,1.8,1.5,387.1012214,386.2120337,390.6011511,0.880858937,0.831403739,0.774794862,0.11854545,0.167475887,0.223623583,18.78834895,28.56177165,19.07591128,9.488485841,9.773422704,9.299863105,687880.5567,607293.6976,526516.0677
346,1.1,1.8,1.5,387.1012214,386.2120337,390.6011511,0.880858937,0.831403739,0.774794862,0.11854545,0.167475887,0.223623583,18.78834895,28.56177165,19.07591128,9.488485841,9.773422704,9.299863105,687880.5567,607293.6976,526516.0677,1.6,0.64,0.57,406.3212392,402.9527733,407.0808482,0.721621988,0.728362589,0.569165663,0.274202473,0.267468922,0.423268197,22.40097516,28.59991175,13.44099687,7.539293897,6.198936594,14.86168126,713657.942,563193.6277,495862.9041
348,1.7,2.1,2.2,427.1827172,432.8968593,437.4842376,0.376555758,0.260985527,0.101421137,0.580515628,0.673459923,0.794791475,22.90904591,26.17351446,10.88439276,7.919710904,3.264468559,14.989335,714650.8807,571533.6703,504306.9838,0.69,1.5,0.57,393.8915552,391.543009,396.3060819,0.885672899,0.825838854,0.740205668,0.113768432,0.172943304,0.257814726,19.34024808,27.83599801,15.57656951,7.321200527,8.49574993,12.01904755,707756.1021,520949.5427,556856.5255
350,2.4,0.96,1.2,441.1025933,430.3275338,435.5285882,0.249942521,0.330362933,0.138359233,0.664962369,0.595049032,0.738875383,20.9253212,27.46294575,11.2529561,5.033174481,6.537624552,15.89214672,684963.2854,505352.3152,599934.1177,1.7,0.59,0.82,405.2800891,402.9611056,409.3247914,0.67539125,0.687380835,0.568722374,0.31823384,0.306434633,0.421989543,15.90130748,20.7783751,12.58230622,7.865945838,4.877067615,8.035361644,682992.4173,514948.9083,555353.258
351,1.7,0.59,0.82,405.2800891,402.9611056,409.3247914,0.67539125,0.687380835,0.568722374,0.31823384,0.306434633,0.421989543,15.90130748,20.7783751,12.58230622,7.865945838,4.877067615,8.035361644,682992.4173,514948.9083,555353.258,1.3,0.69,2.2,412.1078268,405.2565485,411.4157733,0.671383737,0.694196838,0.552581898,0.3219861,0.299643915,0.437381676,16.58255158,23.42639418,12.7038061,6.070210333,6.843842595,10.51234125,694398.9478,555835.2402,606013.9239
352,1.3,0.69,2.2,412.1078268,405.2565485,411.4157733,0.671383737,0.694196838,0.552581898,0.3219861,0.299643915,0.437381676,16.58255158,23.42639418,12.7038061,6.070210333,6.843842595,10.51234125,694398.9478,555835.2402,606013.9239,0.71,1.8,1.6,405.5325729,411.0939991,417.6240554,0.769788019,0.588890685,0.446144077,0.227041753,0.40094131,0.538730988,15.26152906,19.94046055,11.97029618,7.447642417,4.678931492,7.813886642,719477.2244,563935.0054,546892.022
353,0.71,1.8,1.6,405.5325729,411.0939991,417.6240554,0.769788019,0.588890685,0.446144077,0.227041753,0.40094131,0.538730988,15.26152906,19.94046055,11.97029618,7.447642417,4.678931492,7.813886642,719477.2244,563935.0054,546892.022,1.2,1.2,0.56,404.0336367,398.7233351,402.7713266,0.768892752,0.751257873,0.609450283,0.228476139,0.245647837,0.385059553,20.90156328,29.59258879,14.47859676,6.08392403,8.691025519,14.81763925,689706.5184,549434.7119,503120.2895
354,1.2,1.2,0.56,404.0336367,398.7233351,402.7713266,0.768892752,0.751257873,0.609450283,0.228476139,0.245647837,0.385059553,20.90156328,29.59258879,14.47859676,6.08392403,8.691025519,14.81763925,689706.5184,549434.7119,503120.2895,1.3,0.98,1.5,411.3592977,408.7886072,412.9163777,0.705752591,0.676750305,0.476516784,0.28957583,0.317548459,0.512509191,24.496724,30.64767861,12.85496302,7.052885188,6.150954606,17.44383881,732894.7845,555621.187,531329.3485
355,1.3,0.98,1.5,411.3592977,408.7886072,412.9163777,0.705752591,0.676750305,0.476516784,0.28957583,0.317548459,0.512509191,24.496724,30.64767861,12.85496302,7.052885188,6.150954606,17.44383881,732894.7845,555621.187,531329.3485,1.7,1.4,2.0,397.0678813,394.0523703,398.4319941,0.773282846,0.75051704,0.642705007,0.224188357,0.246452766,0.352563563,20.39444369,28.419479,16.53594902,8.7439241,8.025035309,11.65051959,739000.3123,500153.0614,522757.8507
356,1.7,1.4,2.0,397.0678813,394.0523703,398.4319941,0.773282846,0.75051704,0.642705007,0.224188357,0.246452766,0.352563563,20.39444369,28.419479,16.53594902,8.7439241,8.025035309,11.65051959,739000.3123,500153.0614,522757.8507,1.1,1.8,2.0,423.6208598,426.9378619,431.8891038,0.499892648,0.37476281,0.178300893,0.479130897,0.589893231,0.763429058,19.97359131,24.18161,10.64948253,6.706799677,4.208018688,13.26679163,692792.1836,533301.4648,502869.7823
358,0.53,2.2,0.7,400.3453291,410.5556763,416.0888517,0.827831528,0.604017796,0.436720288,0.170108925,0.386569488,0.548111372,20.08741763,23.28186379,12.47500674,9.492459738,3.194446163,10.59495789,722316.615,552707.2683,541054.9652,0.76,0.55,1.8,412.0248599,409.9439785,414.3966584,0.78962903,0.762649701,0.579528376,0.208221462,0.23463743,0.414723913,23.30572475,28.15232922,10.64759614,6.144221722,4.846604474,17.16150302,729065.7127,528325.6893,526484.3017
360,0.71,1.2,2.4,433.917416,437.7751433,443.6592055,0.461526981,0.336119021,0.143754918,0.510674078,0.618326298,0.78023339,17.9613137,21.11688097,8.5750347,5.665385981,3.155567274,12.29592772,715753.9738,515615.063,521880.5911,2.3,1.0,0.64,393.2230076,389.2351131,393.8309569,0.751687305,0.777130586,0.703420087,0.245150405,0.220091639,0.292656256,18.65253617,27.55817974,18.29486312,9.570853204,8.905643573,9.081682966,680032.2306,558510.0991,531942.8635
362,1.9,0.5,2.3,425.193416,424.2875167,429.9247738,0.446071564,0.452311801,0.251797705,0.525791862,0.51912462,0.701250444,18.1854812,21.26854078,10.12931974,7.264676256,3.083059583,10.92080494,706519.3089,492531.9166,503621.3459,2.1,0.7,2.5,391.2011441,386.987555,390.8711015,0.797341734,0.827442967,0.757811345,0.200709174,0.170941094,0.239760857,20.69530425,30.26860191,18.71313709,9.366417171,9.573297665,11.32888707,682627.1418,581125.1856,493706.5249
364,1.4,2.0,0.55,424.0882659,418.0753827,423.0919372,0.473715765,0.432716347,0.254659956,0.502800239,0.538115643,0.700583877,16.09883225,23.5426007,12.60286397,5.373600166,7.443768443,10.72523209,693166.5778,559584.3896,496031.8953,1.5,1.6,0.86,428.0987941,432.7847442,439.578298,0.392134392,0.279941472,0.132369739,0.567397409,0.657904367,0.777273338,15.58818159,18.88183621,9.994557417,6.875163164,3.293654621,8.713018423,722879.2469,530323.8751,538754.151
365,1.5,1.6,0.86,428.0987941,432.7847442,439.578298,0.392134392,0.279941472,0.132369739,0.567397409,0.657904367,0.777273338,15.58818159,18.88183621,9.994557417,6.875163164,3.293654621,8.713018423,722879.2469,530323.8751,538754.151,1.5,2.0,1.8,421.484383,426.9468327,433.163214,0.472777779,0.333903395,0.159049981,0.502207556,0.622917597,0.773817924,19.87274883,23.35655806,11.24385606,7.997550783,3.483809235,11.87519805,712041.3886,498330.1405,609810.5799
366,1.5,2.0,1.8,421.484383,426.9468327,433.163214,0.472777779,0.333903395,0.159049981,0.502207556,0.622917597,0.773817924,19.87274883,23.35655806,11.24385606,7.997550783,3.483809235,11.87519805,712041.3886,498330.1405,609810.5799,1.1,0.94,2.4,394.6374125,393.3272991,397.3059685,0.863163815,0.835539249,0.729388735,0.136048084,0.163369765,0.268594938,24.8538241,31.57818336,14.96538231,8.566764248,6.724359257,16.28705986,711469.1485,526937.8805,527683.4741
368,0.62,0.82,0.93,440.0011503,436.8385625,442.1081012,0.478292977,0.428118278,0.19081444,0.499061721,0.542784399,0.754200642,20.76434519,25.36704958,8.591640812,4.317866,4.602704396,16.44647919,707083.2167,559625.8846,561425.1388,1.7,1.5,1.0,414.6946688,411.2220651,415.5584585,0.610081186,0.578765747,0.369726995,0.380395045,0.409746271,0.609769397,24.39511598,31.730869,14.23495612,7.242260228,7.335753011,17.15285576,726199.3588,579108.4951,577907.8302
369,1.7,1.5,1.0,414.6946688,411.2220651,415.5584585,0.610081186,0.578765747,0.369726995,0.380395045,0.409746271,0.609769397,24.39511598,31.730869,14.23495612,7.242260228,7.335753011,17.15285576,726199.3588,579108.4951,577907.8302,0.83,1.6,0.72,431.4532181,418.9755608,424.3151593,0.524969524,0.513685089,0.303039097,0.458133553,0.467070476,0.663765797,17.43366837,26.86370325,12.24465247,3.101265636,9.430034886,14.33240273,692891.0495,613750.3696,602453.8738
370,0.83,1.6,0.72,431.4532181,418.9755608,424.3151593,0.524969524,0.513685089,0.303039097,0.458133553,0.467070476,0.663765797,17.43366837,26.86370325,12.24465247,3.101265636,9.430034886,14.33240273,692891.0495,613750.3696,602453.8738,2.3,2.3,1.3,403.5035692,402.5896807,408.1978942,0.639913698,0.581606518,0.457433283,0.352016025,0.407453421,0.527170751,18.48815556,26.28473765,17.03965426,9.424348314,7.796582092,9.063807244,727710.9715,599587.5153,619115.1349
371,2.3,2.3,1.3,403.5035692,402.5896807,408.1978942,0.639913698,0.581606518,0.457433283,0.352016025,0.407453421,0.527170751,18.48815556,26.28473765,17.03965426,9.424348314,7.796582092,9.063807244,727710.9715,599587.5153,619115.1349,1.9,0.89,1.1,432.3724576,414.0378545,419.3833243,0.385543299,0.522955706,0.338699727,0.572571099,0.446843557,0.61312554,16.11524613,25.54140798,13.40902414,4.220752171,9.42616185,11.89449396,726753.8841,533152.5709,573435.14
372,1.9,0.89,1.1,432.3724576,414.0378545,419.3833243,0.385543299,0.522955706,0.338699727,0.572571099,0.446843557,0.61312554,16.11524613,25.54140798,13.40902414,4.220752171,9.42616185,11.89449396,726753.8841,533152.5709,573435.14,2.5,0.95,0.98,442.8233944,431.3970157,438.007367,0.213913535,0.303031302,0.147435036,0.669907113,0.598787016,0.710516032,14.47305916,19.95732815,10.76894076,5.464836235,5.484268986,9.008222929,729241.1615,492474.7459,554092.5757
373,2.5,0.95,0.98,442.8233944,431.3970157,438.007367,0.213913535,0.303031302,0.147435036,0.669907113,0.598787016,0.710516032,14.47305916,19.95732815,10.76894076,5.464836235,5.484268986,9.008222929,729241.1615,492474.7459,554092.5757,1.0,1.3,1.7,388.7900118,385.7971407,390.7130644,0.869642417,0.843437565,0.80218696,0.12961731,0.155544912,0.196472817,15.08823785,24.42205462,17.74879351,8.545824992,9.333816774,6.542412854,732883.1657,543436.9948,504239.224
374,1.0,1.3,1.7,388.7900118,385.7971407,390.7130644,0.869642417,0.843437565,0.80218696,0.12961731,0.155544912,0.196472817,15.08823785,24.42205462,17.74879351,8.545824992,9.333816774,6.542412854,732883.1657,543436.9948,504239.224,1.4,0.52,1.4,389.5950587,384.3870906,388.9294029,0.844169037,0.872271216,0.828081108,0.154734729,0.126865372,0.170693273,17.17574474,26.63375897,17.73019411,8.446759587,9.458014226,8.728985155,712830.8697,506559.4366,508111.17
375,1.4,0.52,1.4,389.5950587,384.3870906,388.9294029,0.844169037,0.872271216,0.828081108,0.154734729,0.126865372,0.170693273,17.17574474,26.63375897,17.73019411,8.446759587,9.458014226,8.728985155,712830.8697,506559.4366,508111.17,1.4,1.2,1.2,389.2604076,390.5877884,396.248269,0.832742756,0.789680575,0.732030315,0.165977921,0.208419082,0.265430876,16.08655687,22.02999851,15.68149285,9.862531711,5.943441639,6.224025158,683385.7863,546322.8969,523741.5953
376,1.4,1.2,1.2,389.2604076,390.5877884,396.248269,0.832742756,0.789680575,0.732030315,0.165977921,0.208419082,0.265430876,16.08655687,22.02999851,15.68149285,9.862531711,5.943441639,6.224025158,683385.7863,546322.8969,523741.5953,0.87,1.4,2.2,419.4562304,406.7479857,412.7278364,0.614089815,0.618985189,0.498761835,0.375483866,0.370545447,0.486325609,11.18323203,19.92338664,12.79370781,4.193350826,8.740154609,6.989881202,712104.083,585930.3267,500391.8219
377,0.87,1.4,2.2,419.4562304,406.7479857,412.7278364,0.614089815,0.618985189,0.498761835,0.375483866,0.370545447,0.486325609,11.18323203,19.92338664,12.79370781,4.193350826,8.740154609,6.989881202,712104.083,585930.3267,500391.8219,1.1,1.4,0.71,412.3458645,415.3430808,421.0387368,0.670781085,0.560460355,0.364511907,0.322657572,0.427731634,0.61546271,19.75459475,23.95879994,11.60393329,7.64198039,4.204205186,12.11261436,680491.9338,537698.1919,573136.5652
379,2.1,2.4,1.3,451.7027746,431.5790017,437.0480602,0.152735832,0.250794868,0.115097429,0.679784092,0.616345095,0.699945934,12.58407764,21.34025402,11.86437637,3.294001503,8.756176386,9.290076133,680110.317,568195.9609,490265.1335,2.1,0.73,2.1,423.3092669,403.8572817,409.6200972,0.435308681,0.609697332,0.482982827,0.532088839,0.369702634,0.48739791,13.47915828,23.37907858,14.78909473,5.057605482,9.899920303,8.421552798,739152.025,498194.711,565822.489
380,2.1,0.73,2.1,423.3092669,403.8572817,409.6200972,0.435308681,0.609697332,0.482982827,0.532088839,0.369702634,0.48739791,13.47915828,23.37907858,14.78909473,5.057605482,9.899920303,8.421552798,739152.025,498194.711,565822.489,1.2,1.5,1.2,398.3741652,396.0810304,401.492637,0.79796141,0.751488786,0.653017379,0.200055105,0.245594292,0.342580764,17.85173688,26.02646062,15.83500943,7.86011806,8.174723744,9.991618819,715929.5452,610903.6392,591548.824
381,1.2,1.5,1.2,398.3741652,396.0810304,401.492637,0.79796141,0.751488786,0.653017379,0.200055105,0.245594292,0.342580764,17.85173688,26.02646062,15.83500943,7.86011806,8.174723744,9.991618819,715929.5452,610903.6392,591548.824,1.1,0.86,0.7,431.3913365,426.9483838,434.0553229,0.444101159,0.426095511,0.261318063,0.525646739,0.54032618,0.689171417,12.16334437,16.63944845,9.524219221,5.187629441,4.476104079,6.97571493,722580.7185,544608.5109,496673.368
382,1.1,0.86,0.7,431.3913365,426.9483838,434.0553229,0.444101159,0.426095511,0.261318063,0.525646739,0.54032618,0.689171417,12.16334437,16.63944845,9.524219221,5.187629441,4.476104079,6.97571493,722580.7185,544608.5109,496673.368,0.8,1.4,2.0,432.4637492,418.5007858,424.3708369,0.51616804,0.517226706,0.324215853,0.465249051,0.462939486,0.643280096,14.54896248,23.16803185,11.60115636,3.208888475,8.619069363,11.34007401,707788.1952,566174.5703,571187.9398
383,0.8,1.4,2.0,432.4637492,418.5007858,424.3708369,0.51616804,0.517226706,0.324215853,0.465249051,0.462939486,0.643280096,14.54896248,23.16803185,11.60115636,3.208888475,8.619069363,11.34007401,707788.1952,566174.5703,571187.9398,0.62,2.1,1.8,391.849924,390.5924234,395.7520654,0.897039573,0.808952871,0.731004384,0.102488184,0.189539646,0.266715506,18.79929105,28.36469367,17.34916297,7.999751148,9.565402625,10.7995399,721672.3383,576169.9273,614676.9643
384,0.62,2.1,1.8,391.849924,390.5924234,395.7520654,0.897039573,0.808952871,0.731004384,0.102488184,0.189539646,0.266715506,18.79929105,28.36469367,17.34916297,7.999751148,9.565402625,10.7995399,721672.3383,576169.9273,614676.9643,1.1,1.3,2.0,416.4529395,417.7553867,422.2247208,0.646532433,0.561175903,0.324437981,0.346014116,0.427179852,0.653151396,25.5135662,29.8276377,11.48691125,7.532461837,4.314071501,17.98110437,723538.2403,490195.78,559916.17
385,1.1,1.3,2.0,416.4529395,417.7553867,422.2247208,0.646532433,0.561175903,0.324437981,0.346014116,0.427179852,0.653151396,25.5135662,29.8276377,11.48691125,7.532461837,4.314071501,17.98110437,723538.2403,490195.78,559916.17,2.5,1.8,1.6,404.7206357,408.2967909,413.9348602,0.588828062,0.509770006,0.386147888,0.399529306,0.473641678,0.591316375,16.54981891,21.36368367,14.33959491,9.663457385,4.813864754,6.88636153,688504.2025,597590.6686,505878.3646
386,2.5,1.8,1.6,404.7206357,408.2967909,413.9348602,0.588828062,0.509770006,0.386147888,0.399529306,0.473641678,0.591316375,16.54981891,21.36368367,14.33959491,9.663457385,4.813864754,6.88636153,688504.2025,597590.6686,505878.3646,1.3,0.79,1.6,413.5116697,401.2708227,407.2386765,0.650570692,0.707784537,0.578126028,0.341584043,0.285955942,0.411906113,15.42627329,24.35725849,13.68181004,4.960147363,8.930985192,10.46612593,707208.09,493474.988,610514.724
387,1.3,0.79,1.6,413.5116697,401.2708227,407.2386765,0.650570692,0.707784537,0.578126028,0.341584043,0.285955942,0.411906113,15.42627329,24.35725849,13.68181004,4.960147363,8.930985192,10.46612593,707208.09,493474.988,610514.724,0.5,0.93,1.6,398.5769117,398.3024458,403.4458352,0.892243484,0.832962298,0.733029633,0.107251251,0.165908807,0.264963039,19.36623651,25.30454864,12.61724804,6.927706507,5.938312134,12.43853,684521.4396,593520.2969,546634.8162
388,0.5,0.93,1.6,398.5769117,398.3024458,403.4458352,0.892243484,0.832962298,0.733029633,0.107251251,0.165908807,0.264963039,19.36623651,25.30454864,12.61724804,6.927706507,5.938312134,12.43853,684521.4396,593520.2969,546634.8162,1.0,1.2,1.6,421.7975718,413.1642566,418.1032312,0.624830606,0.612309577,0.404240745,0.366339662,0.377733709,0.577538825,20.03722045,28.40249992,12.46501988,4.412240022,8.365279469,15.62498043,710415.1126,567379.0152,589176.0231
389,1.0,1.2,1.6,421.7975718,413.1642566,418.1032312,0.624830606,0.612309577,0.404240745,0.366339662,0.377733709,0.577538825,20.03722045,28.40249992,12.46501988,4.412240022,8.365279469,15.62498043,710415.1126,567379.0152,589176.0231,2.4,1.1,1.5,410.1300453,412.1904858,419.035075,0.546363092,0.506138818,0.371544012,0.43804619,0.475424929,0.602745527,16.16194558,20.02522277,12.92417653,9.200135541,3.863277189,6.961810038,732050.1999,550190.3514,575664.9361
390,2.4,1.1,1.5,410.1300453,412.1904858,419.035075,0.546363092,0.506138818,0.371544012,0.43804619,0.475424929,0.602745527,16.16194558,20.02522277,12.92417653,9.200135541,3.863277189,6.961810038,732050.1999,550190.3514,575664.9361,2.3,1.8,1.0,410.8144416,412.4281669,416.8636418,0.572900502,0.505158547,0.314949988,0.414761699,0.477979659,0.657724239,23.12089521,28.46958583,14.44585506,9.372139552,5.348690618,13.74875566,681832.8699,611396.3389,530359.837
391,2.3,1.8,1.0,410.8144416,412.4281669,416.8636418,0.572900502,0.505158547,0.314949988,0.414761699,0.477979659,0.657724239,23.12089521,28.46958583,14.44585506,9.372139552,5.348690618,13.74875566,681832.8699,611396.3389,530359.837,0.76,1.7,0.73,401.4356726,398.5982141,402.9809633,0.837502691,0.768693431,0.617984617,0.161314172,0.228967397,0.377574491,24.12678747,32.73219776,14.63301906,6.382494625,8.605410287,17.74429285,685189.6709,519551.5526,602519.4418
392,0.76,1.7,0.73,401.4356726,398.5982141,402.9809633,0.837502691,0.768693431,0.617984617,0.161314172,0.228967397,0.377574491,24.12678747,32.73219776,14.63301906,6.382494625,8.605410287,17.74429285,685189.6709,519551.5526,602519.4418,1.1,0.65,0.99,428.0691219,427.1960547,434.554263,0.512516471,0.477133323,0.27243805,0.468187617,0.500120789,0.689469523,16.3698127,19.81166354,9.289222068,6.053693609,3.441850841,10.31611909,684461.5371,499817.106,612269.194
393,1.1,0.65,0.99,428.0691219,427.1960547,434.554263,0.512516471,0.477133323,0.27243805,0.468187617,0.500120789,0.689469523,16.3698127,19.81166354,9.289222068,6.053693609,3.441850841,10.31611909,684461.5371,499817.106,612269.194,1.5,0.62,1.7,416.3841838,413.2287917,418.8737523,0.598078953,0.604346473,0.426517219,0.390808749,0.384424043,0.554839716,17.40831225,22.19770325,11.36164807,6.784728735,4.789391001,10.62358351,691450.889,548267.3019,526276.8045
394,1.5,0.62,1.7,416.3841838,413.2287917,418.8737523,0.598078953,0.604346473,0.426517219,0.390808749,0.384424043,0.554839716,17.40831225,22.19770325,11.36164807,6.784728735,4.789391001,10.62358351,691450.889,548267.3019,526276.8045,1.0,0.99,1.2,392.2243634,389.4433347,392.9372452,0.889757786,0.871139094,0.788126259,0.109753726,0.12821208,0.210686388,25.86915711,35.24535637,17.07103581,8.051195785,9.376199255,17.81796133,739161.5903,607878.274,517205.3077
395,1.0,0.99,1.2,392.2243634,389.4433347,392.9372452,0.889757786,0.871139094,0.788126259,0.109753726,0.12821208,0.210686388,25.86915711,35.24535637,17.07103581,8.051195785,9.376199255,17.81796133,739161.5903,607878.274,517205.3077,1.2,1.4,0.81,443.7142748,430.371197,435.6747251,0.325776936,0.367281192,0.162568231,0.621834967,0.582004049,0.751335756,19.28789759,27.46880418,11.08287617,3.223262279,8.180906594,16.06463531,726855.0202,560738.4669,611862.8961
396,1.2,1.4,0.81,443.7142748,430.371197,435.6747251,0.325776936,0.367281192,0.162568231,0.621834967,0.582004049,0.751335756,19.28789759,27.46880418,11.08287617,3.223262279,8.180906594,16.06463531,726855.0202,560738.4669,611862.8961,1.1,1.5,0.65,395.1363901,396.9039855,401.5161409,0.847432564,0.773278708,0.65142436,0.151528574,0.224572015,0.344896242,23.72108043,29.36342364,15.18520432,9.820865407,5.642343211,13.90021502,728578.2385,555860.2718,568800.4185
397,1.1,1.5,0.65,395.1363901,396.9039855,401.5161409,0.847432564,0.773278708,0.65142436,0.151528574,0.224572015,0.344896242,23.72108043,29.36342364,15.18520432,9.820865407,5.642343211,13.90021502,728578.2385,555860.2718,568800.4185,1.0,1.4,1.1,392.8951931,390.3721569,395.1783166,0.863608471,0.823818433,0.745019182,0.13558778,0.174904152,0.252983501,19.59579137,28.47738994,16.73802123,8.086606364,8.881598566,11.50918501,710502.7227,562388.2313,574840.9085
400,0.76,1.6,1.7,412.0803062,401.5462273,407.5016941,0.718052321,0.687692827,0.582449092,0.277341265,0.306615018,0.409361311,12.28499855,22.08602576,14.15908375,4.513486781,9.801027209,7.771511766,726501.2143,615407.7839,552436.1368,2.0,2.4,0.74,416.5449645,425.5710891,433.5135557,0.460885223,0.286395161,0.161616326,0.510958602,0.657361142,0.763146064,15.30459313,18.5637662,11.76407822,8.638232367,3.259173067,6.666360765,729552.5649,533956.8458,619256.8842
401,2.0,2.4,0.74,416.5449645,425.5710891,433.5135557,0.460885223,0.286395161,0.161616326,0.510958602,0.657361142,0.763146064,15.30459313,18.5637662,11.76407822,8.638232367,3.259173067,6.666360765,729552.5649,533956.8458,619256.8842,0.64,1.3,1.9,399.637214,402.5170854,407.1232406,0.865885496,0.775693518,0.617281884,0.133290039,0.222182134,0.378497344,26.02897147,30.10923034,12.63406036,8.896451886,4.080258864,17.13251959,704329.1399,504375.3584,582487.4339
402,0.64,1.3,1.9,399.637214,402.5170854,407.1232406,0.865885496,0.775693518,0.617281884,0.133290039,0.222182134,0.378497344,26.02897147,30.10923034,12.63406036,8.896451886,4.080258864,17.13251959,704329.1399,504375.3584,582487.4339,0.83,2.4,0.77,419.0756522,430.9728763,438.7719753,0.553276019,0.297256342,0.153666448,0.426164458,0.64516662,0.764905275,14.78141755,18.20554904,10.39023267,7.119342684,3.424131486,7.662074869,689991.877,590556.0871,596345.0631
404,1.5,0.51,0.52,446.7194321,426.9082211,432.3464372,0.304955634,0.461266886,0.24645333,0.627445032,0.489273757,0.66946695,16.31325955,24.36420507,10.85781229,3.071697997,8.05094552,13.24156155,683631.6671,616307.8006,556490.9867,1.1,1.5,2.2,423.4622164,419.1129611,424.6799289,0.532242066,0.471581498,0.294859252,0.450688777,0.505512982,0.669850966,14.86531679,20.98539261,11.40551121,5.473276195,6.120075822,9.392040594,732931.6637,534410.0844,490657.1567
405,1.1,1.5,2.2,423.4622164,419.1129611,424.6799289,0.532242066,0.471581498,0.294859252,0.450688777,0.505512982,0.669850966,14.86531679,20.98539261,11.40551121,5.473276195,6.120075822,9.392040594,732931.6637,534410.0844,490657.1567,2.3,2.1,1.3,421.1119819,409.0881941,413.9881997,0.430452807,0.484331318,0.327354637,0.538916437,0.488847047,0.633393141,16.00995041,25.79575223,15.34480999,5.763928612,9.785801815,10.2460218,691871.949,506336.3195,530868.7069
406,2.3,2.1,1.3,421.1119819,409.0881941,413.9881997,0.430452807,0.484331318,0.327354637,0.538916437,0.488847047,0.633393141,16.00995041,25.79575223,15.34480999,5.763928612,9.785801815,10.2460218,691871.949,506336.3195,530868.7069,2.2,2.3,2.2,411.6259914,419.004265,426.1253997,0.515874601,0.363228282,0.230374287,0.464744264,0.600400925,0.720501757,16.14145448,19.91403006,12.89363233,9.2587116,3.772575583,6.882742879,724117.9128,554417.2936,595604.6892
407,2.2,2.3,2.2,411.6259914,419.004265,426.1253997,0.515874601,0.363228282,0.230374287,0.464744264,0.600400925,0.720501757,16.14145448,19.91403006,12.89363233,9.2587116,3.772575583,6.882742879,724117.9128,554417.2936,595604.6892,1.6,1.3,1.2,428.2595796,425.3354598,432.2574181,0.397636928,0.366037493,0.201748726,0.564607086,0.590024962,0.733465708,14.3988123,19.09455347,10.53946277,6.011468474,4.695741171,8.387343829,683073.1725,497286.9259,555122.176
408,1.6,1.3,1.2,428.2595796,425.3354598,432.2574181,0.397636928,0.366037493,0.201748726,0.564607086,0.590024962,0.733465708,14.3988123,19.09455347,10.53946277,6.011468474,4.695741171,8.387343829,683073.1725,497286.9259,555122.176,1.0,2.2,0.86,397.0661739,398.3775083,403.4036937,0.823324988,0.713540637,0.593310323,0.175159568,0.282596252,0.400682821,19.93550479,27.47679956,15.96258038,8.647054612,7.541294775,11.28845018,711180.2763,611017.7326,580034.5375
409,1.0,2.2,0.86,397.0661739,398.3775083,403.4036937,0.823324988,0.713540637,0.593310323,0.175159568,0.282596252,0.400682821,19.93550479,27.47679956,15.96258038,8.647054612,7.541294775,11.28845018,711180.2763,611017.7326,580034.5375,0.7,1.5,2.4,394.7202937,389.9142985,394.990816,0.869924509,0.821324883,0.754924995,0.12932889,0.177336809,0.243120139,15.39462392,24.97224093,15.97690814,6.575670205,9.577617009,8.818953719,726366.6436,512797.3861,532442.4455
410,0.7,1.5,2.4,394.7202937,389.9142985,394.990816,0.869924509,0.821324883,0.754924995,0.12932889,0.177336809,0.243120139,15.39462392,24.97224093,15.97690814,6.575670205,9.577617009,8.818953719,726366.6436,512797.3861,532442.4455,1.4,1.2,2.2,425.0636112,416.2013412,421.6877592,0.498342472,0.510525843,0.321439589,0.481046325,0.468678699,0.644965719,16.49240379,23.52152461,12.02581915,5.222104323,7.029120817,11.27029947,721747.2932,500438.3178,542036.0649
411,1.4,1.2,2.2,425.0636112,416.2013412,421.6877592,0.498342472,0.510525843,0.321439589,0.481046325,0.468678699,0.644965719,16.49240379,23.52152461,12.02581915,5.222104323,7.029120817,11.27029947,721747.2932,500438.3178,542036.0649,1.5,2.3,2.0,400.499208,408.2893115,414.3076179,0.718207918,0.544232105,0.413896423,0.277101479,0.443107171,0.568340057,17.29654429,21.67067167,13.99585528,9.772214489,4.374127386,7.524329797,710657.7436,594384.522,547759.2207
412,1.5,2.3,2.0,400.499208,408.2893115,414.3076179,0.718207918,0.544232105,0.413896423,0.277101479,0.443107171,0.568340057,17.29654429,21.67067167,13.99585528,9.772214489,4.374127386,7.524329797,710657.7436,594384.522,547759.2207,1.0,1.7,2.0,408.0513445,413.2889152,418.0827417,0.734428952,0.602749682,0.383660135,0.261642952,0.388622583,0.600126467,26.54335047,30.06459652,12.52777729,9.350390433,3.521246057,17.19296003,701281.7157,535753.3903,605327.4728
413,1.0,1.7,2.0,408.0513445,413.2889152,418.0827417,0.734428952,0.602749682,0.383660135,0.261642952,0.388622583,0.600126467,26.54335047,30.06459652,12.52777729,9.350390433,3.521246057,17.19296003,701281.7157,535753.3903,605327.4728,1.7,1.5,2.0,410.9080188,414.7050823,419.5034243,0.625222085,0.529098911,0.318222442,0.366060898,0.457125931,0.657778576,24.20014482,27.72007521,12.55789481,9.335262072,3.51993039,14.86488275,687776.9317,507732.1566,558643.2892
414,1.7,1.5,2.0,410.9080188,414.7050823,419.5034243,0.625222085,0.529098911,0.318222442,0.366060898,0.457125931,0.657778576,24.20014482,27.72007521,12.55789481,9.335262072,3.51993039,14.86488275,687776.9317,507732.1566,558643.2892,1.5,0.63,1.0,421.7153071,417.7354178,425.0520926,0.514216014,0.530753528,0.367553005,0.466118033,0.449999491,0.603228725,14.20767789,18.68197102,10.67630116,6.358981953,4.474293127,7.84869594,692070.8378,536601.8984,574097.9478
415,1.5,0.63,1.0,421.7153071,417.7354178,425.0520926,0.514216014,0.530753528,0.367553005,0.466118033,0.449999491,0.603228725,14.20767789,18.68197102,10.67630116,6.358981953,4.474293127,7.84869594,692070.8378,536601.8984,574097.9478,0.52,2.0,0.56,412.1937845,421.0142428,425.7683999,0.71199763,0.499544185,0.282475261,0.281800853,0.482561745,0.68614016,21.81754708,25.00874214,10.92908636,8.013962987,3.191195057,13.80358409,708868.1398,533833.9308,499361.0495
416,0.52,2.0,0.56,412.1937845,421.0142428,425.7683999,0.71199763,0.499544185,0.282475261,0.281800853,0.482561745,0.68614016,21.81754708,25.00874214,10.92908636,8.013962987,3.191195057,13.80358409,708868.1398,533833.9308,499361.0495,2.4,1.6,2.1,417.8885254,408.663181,413.3741338,0.477155417,0.520583636,0.35474023,0.499635435,0.458451921,0.613370036,17.92650434,26.58841746,15.0867393,6.650349276,8.661913122,11.27615506,714538.3751,516079.4365,526059.9155
418,0.94,0.89,1.7,427.0686135,426.6801202,434.2851375,0.513586842,0.450285029,0.295008751,0.466060241,0.522751768,0.666037606,11.62314105,15.78212285,9.461356949,5.426311734,4.158981802,6.196829312,708641.6489,618713.5259,504099.8016,0.69,2.2,1.5,404.342877,403.2906021,407.5237378,0.806516561,0.695506206,0.516677916,0.191609963,0.299938002,0.474920169,23.7601964,31.83005645,14.41636241,6.687947337,8.069860052,17.07224907,716182.3535,520253.6216,565908.4557
419,0.69,2.2,1.5,404.342877,403.2906021,407.5237378,0.806516561,0.695506206,0.516677916,0.191609963,0.299938002,0.474920169,23.7601964,31.83005645,14.41636241,6.687947337,8.069860052,17.07224907,716182.3535,520253.6216,565908.4557,1.4,1.7,1.9,428.8401135,420.3018135,424.8703384,0.460993468,0.457923106,0.237153418,0.515259305,0.516032207,0.717017006,22.28891411,30.90658809,12.8845518,4.620251089,8.617673974,17.66866303,710951.0379,568563.3946,593033.6057
420,1.4,1.7,1.9,428.8401135,420.3018135,424.8703384,0.460993468,0.457923106,0.237153418,0.515259305,0.516032207,0.717017006,22.28891411,30.90658809,12.8845518,4.620251089,8.617673974,17.66866303,710951.0379,568563.3946,593033.6057,1.1,2.3,0.76,422.3260702,420.3124688,424.8549561,0.534706415,0.440915445,0.225618022,0.449375463,0.53413621,0.731184352,22.82053307,30.04035855,12.75427257,5.873389942,7.219825488,16.94714312,704677.9133,553736.4342,573123.3718
421,1.1,2.3,0.76,422.3260702,420.3124688,424.8549561,0.534706415,0.440915445,0.225618022,0.449375463,0.53413621,0.731184352,22.82053307,30.04035855,12.75427257,5.873389942,7.219825488,16.94714312,704677.9133,553736.4342,573123.3718,1.1,1.6,1.9,417.6869236,416.217948,420.7499678,0.621000177,0.541316915,0.327224475,0.369912355,0.444837132,0.648276904,21.51786904,27.77084158,12.33478171,6.384477005,6.252972545,15.13339203,717287.7743,563242.5555,528602.9638
422,1.1,1.6,1.9,417.6869236,416.217948,420.7499678,0.621000177,0.541316915,0.327224475,0.369912355,0.444837132,0.648276904,21.51786904,27.77084158,12.33478171,6.384477005,6.252972545,15.13339203,717287.7743,563242.5555,528602.9638,2.1,1.4,2.2,406.7040221,401.6492676,406.0094967,0.657683996,0.657351687,0.495476517,0.335424043,0.335474669,0.492574193,22.29904272,30.69185151,15.94942704,7.845685399,8.392808792,14.45335732,713956.6271,530807.7329,562034.1216
423,2.1,1.4,2.2,406.7040221,401.6492676,406.0094967,0.657683996,0.657351687,0.495476517,0.335424043,0.335474669,0.492574193,22.29904272,30.69185151,15.94942704,7.845685399,8.392808792,14.45335732,713956.6271,530807.7329,562034.1216,2.3,0.53,1.2,436.6092952,429.9040312,435.3470467,0.319386255,0.384388846,0.177337725,0.6226799,0.563495186,0.734627041,21.74404302,26.81373129,11.17926855,6.416138371,5.069688276,15.32790465,725376.184,582514.6395,612983.3854
424,2.3,0.53,1.2,436.6092952,429.9040312,435.3470467,0.319386255,0.384388846,0.177337725,0.6226799,0.563495186,0.734627041,21.74404302,26.81373129,11.17926855,6.416138371,5.069688276,15.32790465,725376.184,582514.6395,612983.3854,1.6,1.2,1.8,430.3305872,430.9743086,436.0952772,0.399874024,0.34927595,0.15429976,0.564812604,0.607068653,0.773007538,21.46473114,25.38510711,10.55416117,6.924588054,3.920375973,14.54014308,726612.2059,564229.6634,545984.2173
427,1.2,1.5,0.76,431.4900222,436.9179927,442.9146728,0.40374426,0.287810501,0.119175535,0.558433512,0.65359479,0.787999456,19.51349988,22.69698454,9.828728524,6.897562606,3.183484664,12.61593727,711931.0978,611499.2999,571647.539,1.1,1.3,1.7,421.3304332,409.485588,415.0290178,0.56810384,0.590457678,0.444684115,0.417996572,0.396371162,0.535558371,13.04897612,21.58143883,12.80175677,4.441444683,8.532462712,8.607531439,699640.6353,600243.6765,502463.8569
428,1.1,1.3,1.7,421.3304332,409.485588,415.0290178,0.56810384,0.590457678,0.444684115,0.417996572,0.396371162,0.535558371,13.04897612,21.58143883,12.80175677,4.441444683,8.532462712,8.607531439,699640.6353,600243.6765,502463.8569,2.2,2.3,1.6,410.0799161,412.4572093,417.5460664,0.552539524,0.455175943,0.311256443,0.432646795,0.521961932,0.656611116,17.25585808,23.08444524,14.49870412,8.838464822,5.828587161,8.417393254,723122.3201,612496.1581,493383.6038
430,2.4,1.3,0.72,449.4454283,425.8339968,432.730135,0.178314764,0.351572482,0.195337551,0.668951767,0.544365687,0.657397763,12.46069616,20.95834043,12.26319477,3.936043553,8.497644269,8.524652611,689068.5081,530821.0151,607075.1457,1.2,2.4,1.8,428.2944908,433.5232741,439.4382611,0.408319525,0.259171289,0.111969944,0.552254467,0.670480905,0.783551715,17.73534906,22.07381755,10.83726288,6.719118996,4.338468489,11.01623007,728783.0034,598042.6663,548378.086
431,1.2,2.4,1.8,428.2944908,433.5232741,439.4382611,0.408319525,0.259171289,0.111969944,0.552254467,0.670480905,0.783551715,17.73534906,22.07381755,10.83726288,6.719118996,4.338468489,11.01623007,728783.0034,598042.6663,548378.086,0.84,0.96,2.0,419.5877562,423.9649093,430.337839,0.630853026,0.512901096,0.328056721,0.359834629,0.470551936,0.645456162,15.30465753,18.56335274,9.660647852,6.576515483,3.258695209,8.728142045,731534.8658,569073.1423,496871.7416
433,1.3,2.0,0.9,438.4637487,428.8856926,434.3674212,0.329173674,0.324242127,0.147005006,0.618511441,0.617555917,0.761563293,17.28558951,24.93994385,11.52770469,4.136335427,7.654354341,13.14925408,715539.4893,561104.0553,574198.8575,1.2,0.9,0.9,388.3882307,387.0350109,391.6182204,0.869503189,0.856807395,0.807510987,0.129764833,0.142331596,0.191266927,17.99038997,25.98061601,17.27523138,9.455699153,7.990226046,8.534690816,716852.2156,603660.0821,500113.3445
436,2.3,1.5,0.86,404.5029063,405.7466834,411.1333074,0.613688717,0.568262423,0.447359506,0.376475802,0.419478675,0.535666101,16.40024305,21.86965663,14.46257621,9.138399493,5.469413588,7.261843553,690505.1114,616357.0169,494773.0357,1.3,2.4,1.6,441.8505414,425.2207012,430.8667698,0.29442766,0.332266377,0.160779042,0.641923073,0.605850239,0.744972159,15.09768533,24.53353546,12.26465419,3.069370363,9.435850131,12.02831497,719442.6709,497975.3025,581787.7522
437,1.3,2.4,1.6,441.8505414,425.2207012,430.8667698,0.29442766,0.332266377,0.160779042,0.641923073,0.605850239,0.744972159,15.09768533,24.53353546,12.26465419,3.069370363,9.435850131,12.02831497,719442.6709,497975.3025,581787.7522,1.2,1.1,2.1,439.7247896,431.2341363,436.5907682,0.367945539,0.382024715,0.170182799,0.590401813,0.574807113,0.7548781,20.07031334,26.4783808,10.34307115,4.251382311,6.408067457,15.81893103,708319.0932,550116.7749,595709.5269
438,1.2,1.1,2.1,439.7247896,431.2341363,436.5907682,0.367945539,0.382024715,0.170182799,0.590401813,0.574807113,0.7548781,20.07031334,26.4783808,10.34307115,4.251382311,6.408067457,15.81893103,708319.0932,550116.7749,595709.5269,0.96,2.5,2.3,394.4716264,399.2035871,403.4265647,0.838934839,0.694833055,0.560281022,0.159753147,0.300713287,0.432615421,22.01949559,27.89182425,15.58738967,9.956324434,5.872328654,12.06317116,700709.3163,576945.6079,494687.1483
439,0.96,2.5,2.3,394.4716264,399.2035871,403.4265647,0.838934839,0.694833055,0.560281022,0.159753147,0.300713287,0.432615421,22.01949559,27.89182425,15.58738967,9.956324434,5.872328654,12.06317116,700709.3163,576945.6079,494687.1483,1.6,1.9,0.65,397.1428561,395.1214049,400.9752986,0.753000002,0.705991345,0.624734774,0.243803297,0.289577991,0.369285272,16.04179136,24.63783978,17.18935374,8.739354072,8.596048414,7.30243729,736917.3049,603685.7855,605754.636
440,1.6,1.9,0.65,397.1428561,395.1214049,400.9752986,0.753000002,0.705991345,0.624734774,0.243803297,0.289577991,0.369285272,16.04179136,24.63783978,17.18935374,8.739354072,8.596048414,7.30243729,736917.3049,603685.7855,605754.636,1.8,1.6,0.62,398.6165393,398.7429089,404.1393616,0.736203185,0.684889687,0.574031687,0.260108836,0.309970961,0.418456847,18.52952708,25.28049093,15.86740682,9.301013245,6.750963853,9.228513833,698186.0373,606567.1051,572984.9124
441,1.8,1.6,0.62,398.6165393,398.7429089,404.1393616,0.736203185,0.684889687,0.574031687,0.260108836,0.309970961,0.418456847,18.52952708,25.28049093,15.86740682,9.301013245,6.750963853,9.228513833,698186.0373,606567.1051,572984.9124,1.3,0.8,1.6,411.7562449,399.9526125,405.5038693,0.639375448,0.709252179,0.610635362,0.351932241,0.284221348,0.379991258,12.7593788,21.56349095,13.89950723,5.245669274,8.804112151,7.513709528,708238.0124,592988.4388,502759.2308
442,1.3,0.8,1.6,411.7562449,399.9526125,405.5038693,0.639375448,0.709252179,0.610635362,0.351932241,0.284221348,0.379991258,12.7593788,21.56349095,13.89950723,5.245669274,8.804112151,7.513709528,708238.0124,592988.4388,502759.2308,1.2,1.2,0.59,412.2241206,404.850139,408.9929785,0.698764245,0.690495449,0.508647501,0.296257495,0.304020022,0.481215815,21.53363489,30.39957845,13.69015535,5.151847533,8.865943564,16.38178736,710526.0203,535897.5973,528950.4434
444,0.68,1.2,1.3,439.9460183,432.3109585,438.1385583,0.434239192,0.392414288,0.187527889,0.535991202,0.57001615,0.749255951,15.82065426,21.75371148,9.306869766,3.617868272,5.933057214,12.20278599,702794.1794,535155.9363,532442.4035,1.1,0.81,0.85,426.3720059,426.317587,432.0428903,0.524725287,0.474944476,0.266787575,0.457657159,0.502900073,0.695704854,17.28889354,21.10902958,9.678943779,6.082927067,3.820136042,11.20596647,691100.005,562832.1179,507593.484
445,1.1,0.81,0.85,426.3720059,426.317587,432.0428903,0.524725287,0.474944476,0.266787575,0.457657159,0.502900073,0.695704854,17.28889354,21.10902958,9.678943779,6.082927067,3.820136042,11.20596647,691100.005,562832.1179,507593.484,1.4,0.53,2.2,401.7884142,394.3238259,398.787149,0.765486597,0.801745768,0.698881811,0.231676515,0.195917723,0.297212173,18.5070752,26.97614899,14.49122942,6.266957974,8.46907379,12.24011723,703921.3039,501903.1168,505691.0874
446,1.4,0.53,2.2,401.7884142,394.3238259,398.787149,0.765486597,0.801745768,0.698881811,0.231676515,0.195917723,0.297212173,18.5070752,26.97614899,14.49122942,6.266957974,8.46907379,12.24011723,703921.3039,501903.1168,505691.0874,2.5,2.2,1.7,432.3640956,426.3672348,430.8813981,0.288060068,0.293862807,0.12288662,0.647527424,0.637900814,0.769447197,22.05016013,29.06416902,12.74357214,6.049574956,7.014008885,16.00058518,706667.3655,508622.3,551071.0958
449,2.2,1.0,1.4,440.4968478,437.0365649,443.1691922,0.239438581,0.261251322,0.115541619,0.664097871,0.642947363,0.745216656,15.26425301,19.43913229,9.975828627,5.986504319,4.174879282,9.27774869,710862.1214,608053.3899,500735.0976,1.4,1.0,2.0,402.5922393,405.4172533,410.1167814,0.760147405,0.697687307,0.535722437,0.236946478,0.297905148,0.456562058,22.36115803,26.05087045,12.76606045,9.336834497,3.689712423,13.02432353,706320.8693,552820.0471,514181.7433
450,1.4,1.0,2.0,402.5922393,405.4172533,410.1167814,0.760147405,0.697687307,0.535722437,0.236946478,0.297905148,0.456562058,22.36115803,26.05087045,12.76606045,9.336834497,3.689712423,13.02432353,706320.8693,552820.0471,514181.7433,1.3,1.4,0.69,428.0964536,423.5674139,428.0879229,0.468762738,0.438222625,0.22486201,0.507875907,0.533886659,0.727239445,20.25126155,26.57530695,11.4392572,5.41199709,6.324045398,14.83926446,707480.0719,576482.4255,504562.4798
451,1.3,1.4,0.69,428.0964536,423.5674139,428.0879229,0.468762738,0.438222625,0.22486201,0.507875907,0.533886659,0.727239445,20.25126155,26.57530695,11.4392572,5.41199709,6.324045398,14.83926446,707480.0719,576482.4255,504562.4798,2.2,0.84,1.7,414.0464571,411.7698287,416.5040808,0.561301595,0.564810879,0.373230101,0.425090404,0.421260273,0.60340835,21.16656603,26.27210393,12.98749418,8.14243882,5.105537904,13.02412721,686393.4254,552297.684,522381.305
452,2.2,0.84,1.7,414.0464571,411.7698287,416.5040808,0.561301595,0.564810879,0.373230101,0.425090404,0.421260273,0.60340835,21.16656603,26.27210393,12.98749418,8.14243882,5.105537904,13.02412721,686393.4254,552297.684,522381.305,2.2,1.8,1.5,407.2854464,400.8347581,405.8395993,0.60117375,0.611443903,0.487153041,0.388161876,0.3780331,0.49776031,16.75289661,25.80376627,16.39966946,7.533193854,9.050869661,9.21970276,696953.5457,554560.1227,542397.9379
453,2.2,1.8,1.5,407.2854464,400.8347581,405.8395993,0.60117375,0.611443903,0.487153041,0.388161876,0.3780331,0.49776031,16.75289661,25.80376627,16.39966946,7.533193854,9.050869661,9.21970276,696953.5457,554560.1227,542397.9379,0.51,2.1,1.3,421.2378775,430.6485329,435.8887077,0.602385742,0.381613877,0.178569534,0.382878876,0.582448842,0.760929238,21.58392586,25.0060326,10.56605024,7.427080412,3.422106738,14.15684545,731495.3955,616133.4119,550351.466
454,0.51,2.1,1.3,421.2378775,430.6485329,435.8887077,0.602385742,0.381613877,0.178569534,0.382878876,0.582448842,0.760929238,21.58392586,25.0060326,10.56605024,7.427080412,3.422106738,14.15684545,731495.3955,616133.4119,550351.466,0.95,0.73,1.7,408.8973419,406.3035303,412.364085,0.750548134,0.720427274,0.574048379,0.24613762,0.275456524,0.41889014,17.22154859,22.36211633,11.36522093,6.440278595,5.14056774,10.78127,693505.5142,497284.635,569211.3954
455,0.95,0.73,1.7,408.8973419,406.3035303,412.364085,0.750548134,0.720427274,0.574048379,0.24613762,0.275456524,0.41889014,17.22154859,22.36211633,11.36522093,6.440278595,5.14056774,10.78127,693505.5142,497284.635,569211.3954,0.78,1.1,0.95,399.4215459,391.6702371,397.6798005,0.834311617,0.821290266,0.752183264,0.164397446,0.17721877,0.245608746,14.61136201,24.36118021,15.32239237,5.7498053,9.7498182,8.861556711,721407.0974,531111.2666,614880.248
456,0.78,1.1,0.95,399.4215459,391.6702371,397.6798005,0.834311617,0.821290266,0.752183264,0.164397446,0.17721877,0.245608746,14.61136201,24.36118021,15.32239237,5.7498053,9.7498182,8.861556711,721407.0974,531111.2666,614880.248,1.3,1.5,0.96,389.1987181,387.5107362,392.3855669,0.845807119,0.814331567,0.761165643,0.153132382,0.184195143,0.236846592,16.68668662,25.79333218,18.17554509,9.218267902,9.106645566,7.468418714,705083.3433,593420.146,528100.1328
457,1.3,1.5,0.96,389.1987181,387.5107362,392.3855669,0.845807119,0.814331567,0.761165643,0.153132382,0.184195143,0.236846592,16.68668662,25.79333218,18.17554509,9.218267902,9.106645566,7.468418714,705083.3433,593420.146,528100.1328,1.9,2.0,0.77,444.1020511,423.8474969,430.3513557,0.23603302,0.34721869,0.191791764,0.665316521,0.577182002,0.700343835,13.09489558,22.62608408,13.06830177,3.724520771,9.531188499,9.370374809,692102.5744,598376.7094,618073.3799
458,1.9,2.0,0.77,444.1020511,423.8474969,430.3513557,0.23603302,0.34721869,0.191791764,0.665316521,0.577182002,0.700343835,13.09489558,22.62608408,13.06830177,3.724520771,9.531188499,9.370374809,692102.5744,598376.7094,618073.3799,1.6,2.2,1.8,398.8642617,399.2157882,403.2005655,0.774105204,0.694653327,0.536316341,0.223424719,0.300931721,0.456076842,26.14135456,33.65144178,16.8587072,9.67788928,7.510087223,16.46346528,722660.2362,555966.661,563181.0767
459,1.6,2.2,1.8,398.8642617,399.2157882,403.2005655,0.774105204,0.694653327,0.536316341,0.223424719,0.300931721,0.456076842,26.14135456,33.65144178,16.8587072,9.67788928,7.510087223,16.46346528,722660.2362,555966.661,563181.0767,2.1,1.3,0.85,438.5838172,414.5352269,420.3320501,0.273629872,0.459565586,0.308879451,0.642880482,0.486867621,0.615088008,12.08401354,21.75744911,13.43440333,3.924164743,9.673435565,8.159848798,702704.1144,502119.8272,529741.1103
460,2.1,1.3,0.85,438.5838172,414.5352269,420.3320501,0.273629872,0.459565586,0.308879451,0.642880482,0.486867621,0.615088008,12.08401354,21.75744911,13.43440333,3.924164743,9.673435565,8.159848798,702704.1144,502119.8272,529741.1103,1.9,1.4,0.64,393.8767478,393.5228773,399.8252248,0.756473282,0.73021953,0.664379501,0.24044937,0.266083546,0.330803732,16.05387801,23.20580185,16.95574655,9.926372817,7.151923841,6.127505192,726974.033,609485.9587,614254.284
462,2.0,1.3,1.9,419.1938895,421.172145,425.4541667,0.497011928,0.436231208,0.214366088,0.48381031,0.539127921,0.741880707,25.91567856,29.43015239,11.76126696,8.593241861,3.514473834,17.3224367,681122.4665,491633.8945,529294.0769,1.8,1.7,1.6,455.1788429,433.7411479,439.9573897,0.172009518,0.288337303,0.129196368,0.681027301,0.597548584,0.702495818,14.24769641,23.11000251,11.67792314,3.039775458,8.862306098,11.20792095,718236.9327,611004.0386,603414.1041
463,1.8,1.7,1.6,455.1788429,433.7411479,439.9573897,0.172009518,0.288337303,0.129196368,0.681027301,0.597548584,0.702495818,14.24769641,23.11000251,11.67792314,3.039775458,8.862306098,11.20792095,718236.9327,611004.0386,603414.1041,1.9,0.95,0.6,400.136635,395.1505944,400.0572359,0.74362103,0.759201387,0.645213404,0.252953149,0.23757523,0.349566526,21.34547994,30.06198509,16.69547641,8.241059674,8.716505146,13.10442027,712137.2657,572453.4009,619514.0883
464,1.9,0.95,0.6,400.136635,395.1505944,400.0572359,0.74362103,0.759201387,0.645213404,0.252953149,0.23757523,0.349566526,21.34547994,30.06198509,16.69547641,8.241059674,8.716505146,13.10442027,712137.2657,572453.4009,619514.0883,1.2,1.4,1.3,389.721634,389.724767,394.7020655,0.853977564,0.803709132,0.737524271,0.145081729,0.194702646,0.26022459,17.56273617,24.42306736,16.1882861,9.48942121,6.860331189,8.073314956,708926.034,505072.0385,510555.7662
465,1.2,1.4,1.3,389.721634,389.724767,394.7020655,0.853977564,0.803709132,0.737524271,0.145081729,0.194702646,0.26022459,17.56273617,24.42306736,16.1882861,9.48942121,6.860331189,8.073314956,708926.034,505072.0385,510555.7662,1.9,2.0,1.0,400.9852927,401.7299117,406.8380649,0.700765134,0.623531507,0.48813965,0.294242428,0.368662138,0.500200175,19.37928481,25.81248298,15.53769893,9.305967118,6.433198171,10.07331769,693300.397,536007.3746,553788.7001
466,1.9,2.0,1.0,400.9852927,401.7299117,406.8380649,0.700765134,0.623531507,0.48813965,0.294242428,0.368662138,0.500200175,19.37928481,25.81248298,15.53769893,9.305967118,6.433198171,10.07331769,693300.397,536007.3746,553788.7001,1.5,2.2,2.2,405.7638124,402.4631632,406.9997194,0.703516152,0.638537695,0.47156016,0.291701729,0.354274877,0.516508176,21.74976122,30.38970478,15.76782297,7.414582984,8.639943553,14.33517824,720074.7565,490324.3968,579035.4404
467,1.5,2.2,2.2,405.7638124,402.4631632,406.9997194,0.703516152,0.638537695,0.47156016,0.291701729,0.354274877,0.516508176,21.74976122,30.38970478,15.76782297,7.414582984,8.639943553,14.33517824,720074.7565,490324.3968,579035.4404,2.2,1.4,2.4,418.0000396,421.0029868,425.5828095,0.48699376,0.418788141,0.219016192,0.49200935,0.553610732,0.735565642,22.87676496,26.48231702,12.25481801,8.928236522,3.60555206,13.94852844,694743.8615,565006.0203,509406.9809
468,2.2,1.4,2.4,418.0000396,421.0029868,425.5828095,0.48699376,0.418788141,0.219016192,0.49200935,0.553610732,0.735565642,22.87676496,26.48231702,12.25481801,8.928236522,3.60555206,13.94852844,694743.8615,565006.0203,509406.9809,0.79,1.4,2.1,391.5592769,391.6316793,396.7853781,0.887852772,0.822903667,0.741069054,0.111610288,0.175860065,0.256972024,19.6477814,26.33756462,15.21881272,8.747044246,6.68978322,10.90073716,701583.7416,503776.5753,570090.5852
469,0.79,1.4,2.1,391.5592769,391.6316793,396.7853781,0.887852772,0.822903667,0.741069054,0.111610288,0.175860065,0.256972024,19.6477814,26.33756462,15.21881272,8.747044246,6.68978322,10.90073716,701583.7416,503776.5753,570090.5852,2.1,1.1,0.93,441.411444,416.5049497,422.3170641,0.267383365,0.463784403,0.299364997,0.64559488,0.480394872,0.618556596,13.189893,23.10536775,13.48172017,3.754944388,9.915474757,9.434948608,731190.6229,526771.119,564047.9947
470,2.1,1.1,0.93,441.411444,416.5049497,422.3170641,0.267383365,0.463784403,0.299364997,0.64559488,0.480394872,0.618556596,13.189893,23.10536775,13.48172017,3.754944388,9.915474757,9.434948608,731190.6229,526771.119,564047.9947,0.86,0.62,1.4,425.5427518,415.0331009,421.4374187,0.608576313,0.635568362,0.453237408,0.380750919,0.354449815,0.529487397,15.06045542,21.66599175,10.53410177,4.14683779,6.605536337,10.91361763,684313.6763,541218.5207,582774.6693
472,1.0,1.8,2.2,422.2083749,421.6920456,426.0157052,0.564707653,0.466763316,0.2473262,0.421877784,0.511765806,0.714963349,21.9778952,27.9978882,11.84120663,6.138011313,6.019992997,15.83988389,731644.0232,577376.4728,508423.1177,0.55,2.0,0.69,405.8349628,418.9112085,425.731371,0.768682959,0.496587307,0.339107213,0.227091644,0.484433023,0.632901002,15.60590984,18.6260021,11.00185587,8.131256673,3.020092256,7.474653167,708537.2217,594247.7647,533535.9072
474,2.2,2.1,0.87,439.9804753,427.8970516,434.0276116,0.24068856,0.291587253,0.145605507,0.665554663,0.622550553,0.732700256,14.71321234,22.55500418,12.66320263,5.01536768,7.841791845,9.69784466,728995.7372,605774.6631,580759.5712,1.2,2.2,2.3,409.4220057,407.0785876,411.9669918,0.686304295,0.596448175,0.430910523,0.307978667,0.393826981,0.553586741,18.94416232,27.16458915,14.75664533,6.779511516,8.220426828,12.1646508,714543.8495,599312.4167,557703.1935
475,1.2,2.2,2.3,409.4220057,407.0785876,411.9669918,0.686304295,0.596448175,0.430910523,0.307978667,0.393826981,0.553586741,18.94416232,27.16458915,14.75664533,6.779511516,8.220426828,12.1646508,714543.8495,599312.4167,557703.1935,0.81,2.4,2.5,407.0337303,412.6783455,417.140991,0.747628371,0.580685284,0.366466867,0.248521119,0.408964665,0.614727666,26.8134174,31.67420006,13.79275903,9.282592861,4.860782663,17.53082454,730379.0713,595104.7203,593680.6209
476,0.81,2.4,2.5,407.0337303,412.6783455,417.140991,0.747628371,0.580685284,0.366466867,0.248521119,0.408964665,0.614727666,26.8134174,31.67420006,13.79275903,9.282592861,4.860782663,17.53082454,730379.0713,595104.7203,593680.6209,2.1,1.5,1.3,433.5737681,418.2960189,423.0496239,0.341197045,0.434244564,0.238292835,0.608551164,0.524563782,0.695363689,18.33674303,27.8977303,13.59699888,4.316418106,9.560987269,14.02032493,705517.4592,536129.5622,556986.7654
478,1.9,0.92,1.1,447.6422374,439.6640179,444.9932894,0.226426671,0.274354513,0.101287168,0.674611159,0.632050021,0.746319307,20.8049614,26.15618153,9.977069794,4.94308714,5.35122014,15.86187426,739454.3672,554425.6831,585456.8175,0.96,1.1,0.78,422.2876926,421.1022645,426.1227448,0.613997265,0.548789463,0.322985843,0.376387551,0.437652805,0.652033296,21.58384117,26.83522601,11.11614859,6.172980962,5.251384834,15.41086021,723368.6546,597269.5283,565848.013
479,0.96,1.1,0.78,422.2876926,421.1022645,426.1227448,0.613997265,0.548789463,0.322985843,0.376387551,0.437652805,0.652033296,21.58384117,26.83522601,11.11614859,6.172980962,5.251384834,15.41086021,723368.6546,597269.5283,565848.013,0.93,0.92,0.78,397.9346515,394.0989191,399.6868284,0.831805644,0.814316593,0.735288623,0.166874952,0.18409601,0.262273834,16.30712536,24.25901375,14.56836044,6.806484862,7.951888384,9.500640502,683853.9226,607950.1489,569340.1086
481,1.0,2.1,1.2,425.7801762,430.3834449,437.7559264,0.462927327,0.293857386,0.153857245,0.507646894,0.64729936,0.76380537,13.10225515,17.40490826,10.12702706,5.967077501,4.302653109,7.135177645,706161.1822,537334.0341,538934.4493,1.6,1.1,0.75,406.926212,406.4423187,411.2132175,0.681923817,0.644593517,0.486727912,0.312227381,0.348127093,0.501445024,19.09651819,24.5479755,13.17550647,7.947038748,5.451457307,11.14947944,683304.5609,588388.1664,491886.4003
482,1.6,1.1,0.75,406.926212,406.4423187,411.2132175,0.681923817,0.644593517,0.486727912,0.312227381,0.348127093,0.501445024,19.09651819,24.5479755,13.17550647,7.947038748,5.451457307,11.14947944,683304.5609,588388.1664,491886.4003,0.79,0.53,1.0,392.0204939,387.7024717,392.9257634,0.896085712,0.89814023,0.850338879,0.103460836,0.101408362,0.148949012,18.38350702,27.2977967,16.0232307,7.330010945,8.914289676,11.05349608,712999.6673,591022.9424,598854.2954
484,1.5,1.8,1.3,431.4575105,423.0201259,428.9360721,0.386263267,0.382921932,0.205069943,0.574868825,0.574930363,0.730310286,16.01211245,23.38130811,12.09356545,4.945698074,7.369195667,11.06641437,682784.4436,569846.0577,580958.6792,2.1,0.82,0.62,411.6493085,403.7136255,408.7719869,0.61073067,0.660910326,0.502807581,0.379203267,0.330505976,0.48301577,20.47143937,28.9063628,15.22524387,7.058577671,8.434923437,13.41286169,718216.2439,583153.0577,614118.4489
485,2.1,0.82,0.62,411.6493085,403.7136255,408.7719869,0.61073067,0.660910326,0.502807581,0.379203267,0.330505976,0.48301577,20.47143937,28.9063628,15.22524387,7.058577671,8.434923437,13.41286169,718216.2439,583153.0577,614118.4489,2.2,0.54,1.9,416.9890833,409.3013794,414.1826129,0.534804804,0.601890293,0.427756782,0.448359915,0.384000765,0.549144109,19.12541154,25.73216078,13.44031469,7.074582035,6.606749245,12.0508295,738945.1753,541939.5906,527545.4859
486,2.2,0.54,1.9,416.9890833,409.3013794,414.1826129,0.534804804,0.601890293,0.427756782,0.448359915,0.384000765,0.549144109,19.12541154,25.73216078,13.44031469,7.074582035,6.606749245,12.0508295,738945.1753,541939.5906,527545.4859,0.58,2.2,1.7,398.1080196,402.0615206,406.783079,0.85424831,0.705484977,0.550680932,0.144601672,0.290281723,0.442003788,22.33986971,27.82104725,13.92853794,8.719762535,5.481177544,13.62010717,702922.978,515415.8326,551705.3851
487,0.58,2.2,1.7,398.1080196,402.0615206,406.783079,0.85424831,0.705484977,0.550680932,0.144601672,0.290281723,0.442003788,22.33986971,27.82104725,13.92853794,8.719762535,5.481177544,13.62010717,702922.978,515415.8326,551705.3851,0.92,2.0,1.5,403.8560022,402.4733848,406.8532877,0.785082419,0.692212266,0.520530266,0.212639915,0.303156224,0.471163879,22.74082935,30.40943293,14.34776166,6.994092808,7.66860358,15.74673655,699435.1938,498875.4932,559399.8081
488,0.92,2.0,1.5,403.8560022,402.4733848,406.8532877,0.785082419,0.692212266,0.520530266,0.212639915,0.303156224,0.471163879,22.74082935,30.40943293,14.34776166,6.994092808,7.66860358,15.74673655,699435.1938,498875.4932,559399.8081,1.0,0.7,1.6,397.0821431,397.8423649,403.1935734,0.850989341,0.818254295,0.716586865,0.14802092,0.180355681,0.281013627,21.05405384,25.8172953,13.34200964,8.823381624,4.763241456,12.23067221,714596.1201,579059.0126,580245.6611
490,2.1,1.1,2.5,413.1454205,414.2559572,419.4641896,0.557237951,0.513280443,0.339077407,0.428590964,0.46952803,0.634214726,18.92084718,22.94390393,12.54942552,8.730182077,4.023056749,10.1906651,739323.4398,528532.9901,501920.2816,1.8,1.1,1.9,432.2765474,429.2877987,434.0944497,0.370863157,0.361499251,0.159385882,0.58823032,0.593958071,0.765098984,22.19347762,26.98412557,10.88471581,6.409742558,4.790647953,15.78373506,733549.6243,529368.2921,544758.8412
491,1.8,1.1,1.9,432.2765474,429.2877987,434.0944497,0.370863157,0.361499251,0.159385882,0.58823032,0.593958071,0.765098984,22.19347762,26.98412557,10.88471581,6.409742558,4.790647953,15.78373506,733549.6243,529368.2921,544758.8412,1.3,0.76,0.72,402.9098608,401.1048038,405.1560925,0.792766684,0.774822797,0.618449149,0.205214379,0.222801175,0.376877925,25.73956953,31.71641272,13.50351563,7.883788075,5.976843188,17.85578145,707961.7291,552117.5326,539667.8261
492,1.3,0.76,0.72,402.9098608,401.1048038,405.1560925,0.792766684,0.774822797,0.618449149,0.205214379,0.222801175,0.376877925,25.73956953,31.71641272,13.50351563,7.883788075,5.976843188,17.85578145,707961.7291,552117.5326,539667.8261,1.3,0.53,1.7,398.3425427,391.0902502,395.1906643,0.814206407,0.844088611,0.756505811,0.184160867,0.154576998,0.241199469,20.35579199,30.25733347,15.79861523,6.180578038,9.901541476,14.17521395,710399.6836,552336.923,521083.8921
493,1.3,0.53,1.7,398.3425427,391.0902502,395.1906643,0.814206407,0.844088611,0.756505811,0.184160867,0.154576998,0.241199469,20.35579199,30.25733347,15.79861523,6.180578038,9.901541476,14.17521395,710399.6836,552336.923,521083.8921,1.0,0.75,2.1,430.9434171,432.1701357,437.0448131,0.510728724,0.456414922,0.213174543,0.470974389,0.520305116,0.742150353,24.18685199,27.44995887,9.362795395,6.45433878,3.263106879,17.73251321,707795.2753,570831.6753,562009.5224
496,0.59,1.2,0.85,428.5603906,426.2592183,432.6848266,0.580233914,0.471342361,0.270908519,0.406635042,0.5064749,0.692448347,14.78538103,19.69637116,9.440831263,4.730930153,4.910990128,10.05445088,725790.9206,490799.9148,531556.9047,0.67,0.75,0.94,404.6492273,398.5491811,403.5838969,0.839363871,0.822187989,0.715855121,0.159444538,0.176357598,0.281552823,18.12456029,26.04391421,12.91344793,5.251554135,7.919353921,12.87300616,729324.6534,556758.1044,550719.5638
498,0.63,1.7,1.6,441.6560206,437.8904866,446.8145962,0.373962682,0.262853796,0.123892348,0.57765253,0.659537811,0.765818354,11.02711572,15.92251766,8.69555304,3.941856291,4.895401938,7.085259433,682415.0365,499272.316,596803.2527,1.8,1.6,1.8,405.9593319,407.2690544,412.0633559,0.660699794,0.584966936,0.416140496,0.332487766,0.404903827,0.567695721,20.1094486,25.12653873,13.5717833,8.781257006,5.017090129,11.32819159,686607.2934,499156.9632,505925.1508
499,1.8,1.6,1.8,405.9593319,407.2690544,412.0633559,0.660699794,0.584966936,0.416140496,0.332487766,0.404903827,0.567695721,20.1094486,25.12653873,13.5717833,8.781257006,5.017090129,11.32819159,686607.2934,499156.9632,505925.1508,2.0,2.4,1.9,444.3933958,428.8618324,433.9543194,0.22234624,0.289467254,0.125433775,0.679834085,0.622847897,0.741115579,17.80035355,27.40281502,12.97776618,3.658148803,9.602461472,14.14220475,734406.2711,581027.7115,586166.6151
500,2.0,2.4,1.9,444.3933958,428.8618324,433.9543194,0.22234624,0.289467254,0.125433775,0.679834085,0.622847897,0.741115579,17.80035355,27.40281502,12.97776618,3.658148803,9.602461472,14.14220475,734406.2711,581027.7115,586166.6151,2.3,2.4,1.2,417.7015066,421.8503274,426.7647073,0.457260357,0.350517133,0.175638635,0.516979693,0.610005754,0.763561565,22.38711431,27.01948374,13.50167097,9.134356693,4.632369428,13.25275762,697566.7932,611595.9854,557691.6375
501,2.3,2.4,1.2,417.7015066,421.8503274,426.7647073,0.457260357,0.350517133,0.175638635,0.516979693,0.610005754,0.763561565,22.38711431,27.01948374,13.50167097,9.134356693,4.632369428,13.25275762,697566.7932,611595.9854,557691.6375,0.93,1.2,1.4,405.826272,405.7090331,410.6748132,0.784958907,0.715147485,0.537088507,0.212789888,0.281007801,0.455621696,23.00845836,28.33355542,12.41193146,7.399023109,5.325097058,15.60943525,680970.2751,497131.0178,590931.8955
502,0.93,1.2,1.4,405.826272,405.7090331,410.6748132,0.784958907,0.715147485,0.537088507,0.212789888,0.281007801,0.455621696,23.00845836,28.33355542,12.41193146,7.399023109,5.325097058,15.60943525,680970.2751,497131.0178,590931.8955,1.8,2.2,1.3,391.1256678,389.1131848,393.0332015,0.810161355,0.766258335,0.674446507,0.188198605,0.231334134,0.321940565,21.57893505,31.47355904,19.33011272,9.673595522,9.894623986,11.90533953,688832.0423,511237.2003,518182.5511
503,1.8,2.2,1.3,391.1256678,389.1131848,393.0332015,0.810161355,0.766258335,0.674446507,0.188198605,0.231334134,0.321940565,21.57893505,31.47355904,19.33011272,9.673595522,9.894623986,11.90533953,688832.0423,511237.2003,518182.5511,1.2,1.2,0.77,438.0104127,435.4266385,440.6300856,0.362072671,0.328324211,0.138596348,0.593691318,0.618902796,0.773958831,19.35031163,24.2489447,9.877618125,5.260775768,4.898633074,14.08953586,711231.1571,617512.4997,529948.1222
504,1.2,1.2,0.77,438.0104127,435.4266385,440.6300856,0.362072671,0.328324211,0.138596348,0.593691318,0.618902796,0.773958831,19.35031163,24.2489447,9.877618125,5.260775768,4.898633074,14.08953586,711231.1571,617512.4997,529948.1222,2.3,1.4,2.0,423.4028672,416.7113939,422.8671558,0.409784161,0.437304244,0.281452087,0.554785823,0.528791139,0.669697715,15.71880799,22.34393704,13.37430671,6.925052766,6.625129047,8.793755225,734436.7232,570472.5675,577662.8764
505,2.3,1.4,2.0,423.4028672,416.7113939,422.8671558,0.409784161,0.437304244,0.281452087,0.554785823,0.528791139,0.669697715,15.71880799,22.34393704,13.37430671,6.925052766,6.625129047,8.793755225,734436.7232,570472.5675,577662.8764,1.0,0.89,1.2,393.2499918,387.7255752,392.8081154,0.864303342,0.862512582,0.799504206,0.134897521,0.136651138,0.199182881,18.53434239,28.50966779,16.76000644,7.015066559,9.9753254,11.51927583,695798.2611,532357.7774,608586.4353
506,1.0,0.89,1.2,393.2499918,387.7255752,392.8081154,0.864303342,0.862512582,0.799504206,0.134897521,0.136651138,0.199182881,18.53434239,28.50966779,16.76000644,7.015066559,9.9753254,11.51927583,695798.2611,532357.7774,608586.4353,1.0,2.5,1.2,425.6029082,418.4182461,423.0870778,0.509696865,0.446531485,0.232783492,0.472372169,0.528190436,0.723728744,20.83979061,29.97607821,12.97112297,4.168265867,9.136287595,16.67152475,683646.0341,505484.5347,587805.3125
507,1.0,2.5,1.2,425.6029082,418.4182461,423.0870778,0.509696865,0.446531485,0.232783492,0.472372169,0.528190436,0.723728744,20.83979061,29.97607821,12.97112297,4.168265867,9.136287595,16.67152475,683646.0341,505484.5347,587805.3125,1.2,1.5,1.2,416.8952532,420.9151739,425.7682786,0.604867029,0.49188111,0.265471422,0.384829321,0.490666245,0.703002581,24.34814943,27.9615755,11.4427909,8.153262563,3.613426075,16.19488687,692782.3437,535034.1349,569941.9183
508,1.2,1.5,1.2,416.8952532,420.9151739,425.7682786,0.604867029,0.49188111,0.265471422,0.384829321,0.490666245,0.703002581,24.34814943,27.9615755,11.4427909,8.153262563,3.613426075,16.19488687,692782.3437,535034.1349,569941.9183,1.8,1.2,1.2,424.9600367,425.2486116,430.2040436,0.45795582,0.415105663,0.199709043,0.517406007,0.555059589,0.748367145,24.1933618,28.54550886,11.63171628,7.611212208,4.352147066,16.58214959,688277.0609,588875.7337,594112.4165
509,1.8,1.2,1.2,424.9600367,425.2486116,430.2040436,0.45795582,0.415105663,0.199709043,0.517406007,0.555059589,0.748367145,24.1933618,28.54550886,11.63171628,7.611212208,4.352147066,16.58214959,688277.0609,588875.7337,594112.4165,0.83,1.9,2.1,397.8455739,400.7807761,404.7317126,0.843070383,0.734032632,0.574682647,0.155758203,0.262802391,0.419511014,25.35965847,30.86651688,14.31416001,9.131857611,5.506858414,16.22780086,695661.3844,555306.9273,512189.83
510,0.83,1.9,2.1,397.8455739,400.7807761,404.7317126,0.843070383,0.734032632,0.574682647,0.155758203,0.262802391,0.419511014,25.35965847,30.86651688,14.31416001,9.131857611,5.506858414,16.22780086,695661.3844,555306.9273,512189.83,2.2,0.95,0.8,392.7386175,388.3352957,392.4002825,0.798556181,0.8145727,0.7214566,0.199557288,0.183697814,0.27570094,24.89333208,34.86837317,19.19854358,9.530754047,9.975041088,15.36257803,704307.3784,518948.4888,595305.785
511,2.2,0.95,0.8,392.7386175,388.3352957,392.4002825,0.798556181,0.8145727,0.7214566,0.199557288,0.183697814,0.27570094,24.89333208,34.86837317,19.19854358,9.530754047,9.975041088,15.36257803,704307.3784,518948.4888,595305.785,1.8,0.66,0.63,414.9527801,408.5104906,413.4996986,0.581285934,0.620530549,0.449070483,0.406354397,0.368357887,0.532574996,17.93506603,24.13790243,12.53034758,6.555110296,6.202836397,11.37995574,684360.2806,516670.4036,505802.6885
512,1.8,0.66,0.63,414.9527801,408.5104906,413.4996986,0.581285934,0.620530549,0.449070483,0.406354397,0.368357887,0.532574996,17.93506603,24.13790243,12.53034758,6.555110296,6.202836397,11.37995574,684360.2806,516670.4036,505802.6885,0.57,1.9,2.3,399.1721346,406.8252439,414.1507516,0.834715542,0.632630871,0.521806832,0.163660346,0.359654656,0.467390593,14.02867338,18.71325313,12.32777934,7.768404963,4.684579749,6.260268419,683921.8796,603519.374,575752.5438
513,0.57,1.9,2.3,399.1721346,406.8252439,414.1507516,0.834715542,0.632630871,0.521806832,0.163660346,0.359654656,0.467390593,14.02867338,18.71325313,12.32777934,7.768404963,4.684579749,6.260268419,683921.8796,603519.374,575752.5438,0.7,1.8,1.1,411.7819119,418.1119654,424.5218921,0.703792439,0.505270859,0.347326811,0.29024096,0.477260271,0.626784929,14.53739961,19.08899531,11.22655777,6.829127508,4.551595708,7.708272098,716380.4187,606356.7494,513908.2531
514,0.7,1.8,1.1,411.7819119,418.1119654,424.5218921,0.703792439,0.505270859,0.347326811,0.29024096,0.477260271,0.626784929,14.53739961,19.08899531,11.22655777,6.829127508,4.551595708,7.708272098,716380.4187,606356.7494,513908.2531,1.4,1.8,1.1,423.2579942,424.9711497,429.9238331,0.492877218,0.397306248,0.193421786,0.48626853,0.571326547,0.753927788,22.57353451,27.44882181,11.9052945,7.334782246,4.875287299,15.23875227,725491.6582,581983.1697,570970.3825
515,1.4,1.8,1.1,423.2579942,424.9711497,429.9238331,0.492877218,0.397306248,0.193421786,0.48626853,0.571326547,0.753927788,22.57353451,27.44882181,11.9052945,7.334782246,4.875287299,15.23875227,725491.6582,581983.1697,570970.3825,1.7,2.4,2.4,436.3532008,427.1946398,432.7755361,0.299219578,0.298436942,0.137036313,0.638146168,0.633239836,0.760205087,16.92315839,24.73477111,12.28781556,4.720260797,7.81161272,12.20289759,712085.3116,540474.5621,579782.9222
517,2.3,1.3,1.3,452.8530412,424.8586105,431.2156409,0.170476061,0.373488225,0.209395307,0.666731339,0.522499252,0.640811776,12.58871394,22.16912122,12.70959634,3.314669938,9.580407281,9.274044002,707011.5379,538797.4514,591950.2274,1.1,1.5,2.5,412.6039418,409.5611115,413.6964113,0.695155048,0.637685422,0.435564959,0.299732599,0.354930915,0.550809442,22.80437418,30.23251719,13.28651725,6.190648741,7.428143016,16.61372544,703422.6553,592109.0733,525052.6037
518,1.1,1.5,2.5,412.6039418,409.5611115,413.6964113,0.695155048,0.637685422,0.435564959,0.299732599,0.354930915,0.550809442,22.80437418,30.23251719,13.28651725,6.190648741,7.428143016,16.61372544,703422.6553,592109.0733,525052.6037,0.61,2.0,1.8,401.4964486,398.0482759,402.9315547,0.830011657,0.729280425,0.613740011,0.168574216,0.26721056,0.380785026,15.93604986,24.74716316,14.35598473,5.748620024,8.8111133,10.18742984,695381.3404,529970.3542,507558.0295
519,0.61,2.0,1.8,401.4964486,398.0482759,402.9315547,0.830011657,0.729280425,0.613740011,0.168574216,0.26721056,0.380785026,15.93604986,24.74716316,14.35598473,5.748620024,8.8111133,10.18742984,695381.3404,529970.3542,507558.0295,0.51,0.69,1.7,400.2839957,402.5559622,407.5715893,0.886464663,0.826785232,0.720410161,0.112963843,0.171991173,0.27738159,19.23888233,23.28228665,11.36527088,7.555533532,4.04340432,11.6833488,722507.1933,608702.0151,490456.1287
520,0.51,0.69,1.7,400.2839957,402.5559622,407.5715893,0.886464663,0.826785232,0.720410161,0.112963843,0.171991173,0.27738159,19.23888233,23.28228665,11.36527088,7.555533532,4.04340432,11.6833488,722507.1933,608702.0151,490456.1287,0.83,1.6,0.62,404.4220945,407.6361133,412.6432603,0.792579912,0.676146738,0.4860076,0.205223296,0.318689181,0.504374574,23.98743844,28.40278499,12.55420386,8.449613801,4.41534655,15.53782464,684278.7019,498618.8382,597311.0804
522,1.4,1.2,1.1,445.8564913,428.9967004,437.4641247,0.262453896,0.351731758,0.210472645,0.64757868,0.575694411,0.69006428,10.4162055,17.14870155,10.71861062,4.112194793,6.732496046,6.304010709,721321.5178,603870.4468,609866.346,0.95,1.4,2.0,431.3853573,435.505573,440.6603853,0.437840743,0.325442854,0.131588725,0.531772185,0.627714158,0.788530906,21.4327439,24.63872916,9.283222167,6.37832527,3.205985269,15.05441863,689485.5197,536203.6004,533433.6108
524,2.2,0.62,0.86,434.4455906,430.9256885,436.7916475,0.320419696,0.350578259,0.157811386,0.622580149,0.594154023,0.75179544,19.76465723,23.58237782,10.19976427,6.644447863,3.817720591,13.12020937,681555.5314,509716.8566,580999.5481,0.68,2.3,1.3,410.2643213,411.7444093,416.1100403,0.741448822,0.598567595,0.382993604,0.254674057,0.392086226,0.599703953,24.90784117,31.55218547,13.45806789,7.168510207,6.644344304,17.73933096,735816.0143,542958.8753,578528.2262
525,0.68,2.3,1.3,410.2643213,411.7444093,416.1100403,0.741448822,0.598567595,0.382993604,0.254674057,0.392086226,0.599703953,24.90784117,31.55218547,13.45806789,7.168510207,6.644344304,17.73933096,735816.0143,542958.8753,578528.2262,0.98,0.73,1.4,389.1780265,386.0781569,391.0794113,0.88475883,0.878568052,0.832253237,0.114679922,0.12081343,0.166840753,17.62871023,25.77564377,16.52844588,8.562829946,8.146933535,9.065880284,726149.7917,508539.6502,541424.3152
527,2.0,1.2,2.1,414.6813202,417.9215171,422.9940076,0.560870464,0.488265324,0.28133079,0.425712598,0.493523666,0.687818306,23.4045205,26.50957269,12.27405216,9.44812782,3.105052189,13.95639268,735158.927,502205.1186,564795.2921,2.1,1.7,0.83,400.6787143,397.2791698,401.0530031,0.727910032,0.706867128,0.558689334,0.268283859,0.288670762,0.433754835,25.0424097,34.13735962,17.60085889,8.830154084,9.09494992,16.21225562,728502.1562,555198.1027,541079.5149
528,2.1,1.7,0.83,400.6787143,397.2791698,401.0530031,0.727910032,0.706867128,0.558689334,0.268283859,0.288670762,0.433754835,25.0424097,34.13735962,17.60085889,8.830154084,9.09494992,16.21225562,728502.1562,555198.1027,541079.5149,1.1,0.88,2.0,389.9471598,392.7687722,399.153039,0.863716266,0.819584785,0.760016128,0.135464309,0.179092499,0.238124327,16.98766747,21.75954985,14.59034893,9.959039116,4.771882384,7.02862835,698192.6404,603584.5679,583458.8414
529,1.1,0.88,2.0,389.9471598,392.7687722,399.153039,0.863716266,0.819584785,0.760016128,0.135464309,0.179092499,0.238124327,16.98766747,21.75954985,14.59034893,9.959039116,4.771882384,7.02862835,698192.6404,603584.5679,583458.8414,1.0,0.84,0.68,439.217987,425.4017021,430.5916548,0.451181658,0.503020919,0.26913507,0.522147501,0.472653495,0.68594695,19.67514944,27.87286206,10.98354492,3.116995371,8.197712627,16.55815407,729984.3534,599878.3619,607567.1351
530,1.0,0.84,0.68,439.217987,425.4017021,430.5916548,0.451181658,0.503020919,0.26913507,0.522147501,0.472653495,0.68594695,19.67514944,27.87286206,10.98354492,3.116995371,8.197712627,16.55815407,729984.3534,599878.3619,607567.1351,0.82,1.4,2.1,387.6506897,385.9179628,391.0549635,0.891105199,0.847985261,0.807121417,0.108393188,0.151102487,0.191671192,14.9675267,24.01106704,17.35448985,8.441470627,9.043540343,6.52605607,694487.5648,568712.9708,518048.4468
531,0.82,1.4,2.1,387.6506897,385.9179628,391.0549635,0.891105199,0.847985261,0.807121417,0.108393188,0.151102487,0.191671192,14.9675267,24.01106704,17.35448985,8.441470627,9.043540343,6.52605607,694487.5648,568712.9708,518048.4468,2.1,2.2,2.0,418.4444054,407.8505317,413.8606212,0.456306688,0.487880139,0.367521342,0.51631169,0.486928046,0.598839077,13.25691182,22.31875727,15.27750431,6.353722649,9.061845447,6.903189174,738343.8339,519881.4931,563421.5524
532,2.1,2.2,2.0,418.4444054,407.8505317,413.8606212,0.456306688,0.487880139,0.367521342,0.51631169,0.486928046,0.598839077,13.25691182,22.31875727,15.27750431,6.353722649,9.061845447,6.903189174,738343.8339,519881.4931,563421.5524,0.93,1.8,1.1,388.1474253,387.5913742,391.2042468,0.898455126,0.840836271,0.76012838,0.101125811,0.158208789,0.238302579,23.56810368,32.34342342,17.8965637,9.404515721,8.775319735,14.16358796,703809.3897,529810.011,490781.21
533,0.93,1.8,1.1,388.1474253,387.5913742,391.2042468,0.898455126,0.840836271,0.76012838,0.101125811,0.158208789,0.238302579,23.56810368,32.34342342,17.8965637,9.404515721,8.775319735,14.16358796,703809.3897,529810.011,490781.21,0.53,1.2,0.74,423.8631009,425.4604289,431.8980059,0.637890792,0.492575442,0.301229962,0.352776532,0.488074297,0.667470665,14.1611951,18.54208563,9.368082371,5.167074257,4.380890531,8.994120845,700083.0338,555150.0052,501337.6721
535,1.7,1.0,0.61,427.2326444,426.9952059,431.9693565,0.455007889,0.422517742,0.198440283,0.520005079,0.548352336,0.749277971,25.20981694,29.36645152,11.23275262,7.431680758,4.156634583,17.77813618,706873.777,577183.7496,613507.2406,2.2,1.5,0.93,397.9112772,394.319539,398.8120537,0.719190942,0.716645775,0.612772334,0.276567346,0.278936266,0.38071211,19.47950819,28.30227194,17.6453157,9.031511875,8.822763755,10.44799632,697561.1734,576149.3824,534022.0189
538,2.5,1.7,0.78,437.0637765,422.1024994,426.0395693,0.271602232,0.369653513,0.170820991,0.65643695,0.570481764,0.730691124,20.96011545,30.67257716,13.34051276,3.967895446,9.712461713,16.99222,693431.486,508078.7662,507193.1431,1.3,2.0,1.9,422.8705166,420.7017783,425.8624186,0.493681236,0.414050216,0.239561785,0.48498989,0.555110779,0.713644311,16.09254586,22.62838197,12.22443677,5.89259958,6.535836112,10.19994628,693591.1643,619560.041,490462.6059
539,1.3,2.0,1.9,422.8705166,420.7017783,425.8624186,0.493681236,0.414050216,0.239561785,0.48498989,0.555110779,0.713644311,16.09254586,22.62838197,12.22443677,5.89259958,6.535836112,10.19994628,693591.1643,619560.041,490462.6059,0.76,2.4,2.3,430.3177321,422.774835,430.0488406,0.468487466,0.364352794,0.227432029,0.504642244,0.592214304,0.713369791,10.39843377,17.80228525,11.34357347,4.066363392,7.403851485,6.332070374,682031.7283,585090.9221,543877.601
540,0.76,2.4,2.3,430.3177321,422.774835,430.0488406,0.468487466,0.364352794,0.227432029,0.504642244,0.592214304,0.713369791,10.39843377,17.80228525,11.34357347,4.066363392,7.403851485,6.332070374,682031.7283,585090.9221,543877.601,2.2,2.3,2.4,420.890528,417.1626387,421.6820865,0.453205623,0.419254729,0.227995561,0.5214306,0.550298685,0.7233653,22.13883019,29.92252308,14.69852172,7.213338657,7.783692892,14.92549153,713473.1652,600733.1258,567966.2444
541,2.2,2.3,2.4,420.890528,417.1626387,421.6820865,0.453205623,0.419254729,0.227995561,0.5214306,0.550298685,0.7233653,22.13883019,29.92252308,14.69852172,7.213338657,7.783692892,14.92549153,713473.1652,600733.1258,567966.2444,1.7,1.0,1.8,394.5720281,388.8528488,394.1263396,0.758924724,0.791755285,0.73934963,0.238041066,0.205746041,0.257385957,14.54133866,24.11104456,17.63697908,8.194215636,9.5697059,6.347123027,707311.809,589724.4658,534027.238
542,1.7,1.0,1.8,394.5720281,388.8528488,394.1263396,0.758924724,0.791755285,0.73934963,0.238041066,0.205746041,0.257385957,14.54133866,24.11104456,17.63697908,8.194215636,9.5697059,6.347123027,707311.809,589724.4658,534027.238,1.2,2.4,0.97,405.0760113,402.7875848,407.5451888,0.737363784,0.646525544,0.488635527,0.258973322,0.346761578,0.500434062,20.86021923,29.84628579,15.97882356,7.264668028,8.986066554,13.5955512,725099.658,575205.3072,596387.508
543,1.2,2.4,0.97,405.0760113,402.7875848,407.5451888,0.737363784,0.646525544,0.488635527,0.258973322,0.346761578,0.500434062,20.86021923,29.84628579,15.97882356,7.264668028,8.986066554,13.5955512,725099.658,575205.3072,596387.508,0.56,1.2,0.5,400.1630434,405.8441311,410.7747403,0.86901143,0.758172385,0.608105014,0.130145643,0.239222474,0.387065721,23.0300863,26.23385067,12.09004156,9.163606779,3.203764371,13.86647952,719085.7825,611929.7059,543265.2372
544,0.56,1.2,0.5,400.1630434,405.8441311,410.7747403,0.86901143,0.758172385,0.608105014,0.130145643,0.239222474,0.387065721,23.0300863,26.23385067,12.09004156,9.163606779,3.203764371,13.86647952,719085.7825,611929.7059,543265.2372,2.3,1.3,1.1,411.3082625,402.0576457,407.9531305,0.525513171,0.599511528,0.504475248,0.456201012,0.386102222,0.476662843,13.44469484,22.11896595,15.82429068,7.273444578,8.674271112,6.171250263,736627.2588,613542.2007,547688.6447
546,2.2,1.3,2.4,466.0354423,436.4719835,443.9309659,0.103592726,0.279066143,0.138021954,0.617339906,0.537748627,0.612895699,10.52439387,18.29096242,10.81831511,3.198269058,7.766568549,7.326124811,722513.8777,508297.2707,574233.8885,2.0,1.2,1.0,416.9422584,407.3766353,412.6600135,0.539530455,0.58297571,0.41074497,0.444506485,0.40277807,0.566374186,18.60076914,27.0254976,14.4346865,6.256836688,8.424728463,12.34393245,714440.684,490859.8838,599694.8491
547,2.0,1.2,1.0,416.9422584,407.3766353,412.6600135,0.539530455,0.58297571,0.41074497,0.444506485,0.40277807,0.566374186,18.60076914,27.0254976,14.4346865,6.256836688,8.424728463,12.34393245,714440.684,490859.8838,599694.8491,1.9,0.67,1.9,398.660444,393.9173651,398.4346228,0.740952518,0.768470753,0.66564488,0.255510434,0.228412835,0.3294525,19.05789615,26.51579605,15.32666836,8.088163117,7.457899903,10.96973303,682635.8977,506703.643,503068.4384
548,1.9,0.67,1.9,398.660444,393.9173651,398.4346228,0.740952518,0.768470753,0.66564488,0.255510434,0.228412835,0.3294525,19.05789615,26.51579605,15.32666836,8.088163117,7.457899903,10.96973303,682635.8977,506703.643,503068.4384,1.6,0.84,1.2,411.9936134,414.6533027,421.0807008,0.607426974,0.559648178,0.408868582,0.382045139,0.427191549,0.571484975,15.64675363,19.29802348,11.42820201,7.931242394,3.651269844,7.71551124,698645.3534,614986.8486,520952.788
549,1.6,0.84,1.2,411.9936134,414.6533027,421.0807008,0.607426974,0.559648178,0.408868582,0.382045139,0.427191549,0.571484975,15.64675363,19.29802348,11.42820201,7.931242394,3.651269844,7.71551124,698645.3534,614986.8486,520952.788,1.3,0.6,2.5,403.6480151,395.6906801,401.1005721,0.731223709,0.773345732,0.683680291,0.264742899,0.22338392,0.311406388,14.58798584,22.41799282,13.76213731,6.101852988,7.830006981,8.486132848,685164.4485,518730.2426,509368.6231
550,1.3,0.6,2.5,403.6480151,395.6906801,401.1005721,0.731223709,0.773345732,0.683680291,0.264742899,0.22338392,0.311406388,14.58798584,22.41799282,13.76213731,6.101852988,7.830006981,8.486132848,685164.4485,518730.2426,509368.6231,1.6,1.6,2.1,417.3817933,417.2824685,421.8002331,0.565653346,0.496600475,0.279550677,0.421488683,0.48555379,0.689172365,24.00061165,29.37348956,12.82370654,7.775334185,5.372877908,16.22527747,730880.689,530633.515,557360.5013
553,1.0,0.96,0.73,450.1036785,438.5946522,444.0430012,0.286893981,0.324665725,0.126858325,0.646637304,0.610134193,0.761102685,18.4576755,24.59383745,8.908792729,3.080180671,6.136161954,15.37749483,690895.6966,505967.7903,562782.5006,1.0,1.5,2.4,393.60641,397.0434477,402.3676468,0.851441089,0.756449149,0.654741759,0.147543146,0.241008272,0.341345909,19.34790282,24.0700989,14.29122599,9.76077252,4.722196077,9.587130299,730159.4094,523534.0743,538243.0999
554,1.0,1.5,2.4,393.60641,397.0434477,402.3676468,0.851441089,0.756449149,0.654741759,0.147543146,0.241008272,0.341345909,19.34790282,24.0700989,14.29122599,9.76077252,4.722196077,9.587130299,730159.4094,523534.0743,538243.0999,2.5,0.85,0.56,405.8901596,398.0998259,401.9000413,0.655035947,0.705129084,0.55138517,0.337850604,0.288917339,0.438378078,23.95089827,33.59180338,16.93418012,7.619895071,9.64090511,16.3310032,738706.8176,514684.0754,536156.0979
555,2.5,0.85,0.56,405.8901596,398.0998259,401.9000413,0.655035947,0.705129084,0.55138517,0.337850604,0.288917339,0.438378078,23.95089827,33.59180338,16.93418012,7.619895071,9.64090511,16.3310032,738706.8176,514684.0754,536156.0979,1.0,1.4,2.5,390.5534257,391.5550652,396.9340256,0.867502499,0.803158681,0.736211067,0.131723929,0.195257782,0.261538088,17.39982118,23.87721623,15.77054038,9.452099763,6.477395044,7.947721421,736173.2945,550531.0302,539425.261
556,1.0,1.4,2.5,390.5534257,391.5550652,396.9340256,0.867502499,0.803158681,0.736211067,0.131723929,0.195257782,0.261538088,17.39982118,23.87721623,15.77054038,9.452099763,6.477395044,7.947721421,736173.2945,550531.0302,539425.261,1.1,0.99,0.81,406.6454011,405.1171855,410.6212949,0.754930917,0.713110788,0.566528947,0.241936124,0.28266308,0.42629129,19.20570148,25.16970993,12.94124551,7.217010873,5.96400845,11.9886906,708329.7768,599506.021,581854.7497
557,1.1,0.99,0.81,406.6454011,405.1171855,410.6212949,0.754930917,0.713110788,0.566528947,0.241936124,0.28266308,0.42629129,19.20570148,25.16970993,12.94124551,7.217010873,5.96400845,11.9886906,708329.7768,599506.021,581854.7497,1.1,0.59,1.7,398.9178306,398.6371973,402.6793588,0.845873548,0.827066447,0.700040081,0.153091245,0.171664217,0.297429458,25.98322829,31.05188449,13.23075319,8.511530939,5.068656201,17.47169735,702860.222,580075.7697,527170.2286
558,1.1,0.59,1.7,398.9178306,398.6371973,402.6793588,0.845873548,0.827066447,0.700040081,0.153091245,0.171664217,0.297429458,25.98322829,31.05188449,13.23075319,8.511530939,5.068656201,17.47169735,702860.222,580075.7697,527170.2286,1.0,2.0,0.87,428.9711705,414.5112577,420.964661,0.461764963,0.466583058,0.340324144,0.51081959,0.505558449,0.622169696,10.04943667,18.86206525,12.69355399,4.001876604,8.812628588,6.047560062,704921.6849,612994.3307,511243.5133
559,1.0,2.0,0.87,428.9711705,414.5112577,420.964661,0.461764963,0.466583058,0.340324144,0.51081959,0.505558449,0.622169696,10.04943667,18.86206525,12.69355399,4.001876604,8.812628588,6.047560062,704921.6849,612994.3307,511243.5133,1.9,1.2,2.1,393.6231483,391.1807293,395.7226204,0.801590097,0.793893555,0.701897178,0.196568438,0.204102561,0.294957428,22.81368177,31.6617396,18.43345486,9.844775164,8.848057833,12.96890661,717364.1658,619295.1396,603976.5166
560,1.9,1.2,2.1,393.6231483,391.1807293,395.7226204,0.801590097,0.793893555,0.701897178,0.196568438,0.204102561,0.294957428,22.81368177,31.6617396,18.43345486,9.844775164,8.848057833,12.96890661,717364.1658,619295.1396,603976.5166,0.86,0.96,1.1,389.0319581,388.7081193,394.35224,0.891926854,0.857043494,0.807105304,0.107580702,0.142158673,0.19175702,17.01115935,23.81279951,15.74541919,9.101962958,6.801640157,7.909196393,718558.1073,558494.4553,564489.7229
562,1.1,0.58,2.1,425.7888589,416.3427607,421.9511696,0.562974059,0.601576259,0.412393067,0.42263409,0.385366787,0.565273471,15.93431875,22.13192268,10.78871059,4.813522586,6.197603928,11.12079617,732896.4227,535817.1099,521347.6856,1.8,1.9,1.8,433.9909996,424.444621,430.3644376,0.331122534,0.346796392,0.171566362,0.616319879,0.599416689,0.745867051,17.17961729,24.65437344,12.30808179,5.075409782,7.474756156,12.1042075,709770.1816,507709.3499,612986.3886
563,1.8,1.9,1.8,433.9909996,424.444621,430.3644376,0.331122534,0.346796392,0.171566362,0.616319879,0.599416689,0.745867051,17.17961729,24.65437344,12.30808179,5.075409782,7.474756156,12.1042075,709770.1816,507709.3499,612986.3886,2.3,1.4,0.52,399.7825196,396.3722176,400.3825795,0.717303529,0.714740946,0.586367251,0.278437453,0.28080061,0.406496536,23.02343867,31.81999169,17.77927525,9.2580304,8.796553018,13.76540827,724117.5859,608781.1634,535960.1708
564,2.3,1.4,0.52,399.7825196,396.3722176,400.3825795,0.717303529,0.714740946,0.586367251,0.278437453,0.28080061,0.406496536,23.02343867,31.81999169,17.77927525,9.2580304,8.796553018,13.76540827,724117.5859,608781.1634,535960.1708,1.8,1.1,0.55,412.6242209,411.6379569,416.1016578,0.631298958,0.60133328,0.393447465,0.360434163,0.38884864,0.588764808,24.89656239,30.50059386,13.52602664,8.25482982,5.604031467,16.64173257,696226.8071,616282.6086,571811.4493
565,1.8,1.1,0.55,412.6242209,411.6379569,416.1016578,0.631298958,0.60133328,0.393447465,0.360434163,0.38884864,0.588764808,24.89656239,30.50059386,13.52602664,8.25482982,5.604031467,16.64173257,696226.8071,616282.6086,571811.4493,1.1,2.4,1.9,401.9409221,403.8025587,407.9789181,0.7660006,0.6391728,0.473347325,0.23111286,0.353986446,0.515326661,21.72798228,28.516893,14.85920999,8.33809698,6.788910718,13.3898853,706882.3895,547285.7917,500200.4538
566,1.1,2.4,1.9,401.9409221,403.8025587,407.9789181,0.7660006,0.6391728,0.473347325,0.23111286,0.353986446,0.515326661,21.72798228,28.516893,14.85920999,8.33809698,6.788910718,13.3898853,706882.3895,547285.7917,500200.4538,0.74,1.6,1.8,392.8960193,391.0776268,395.8660917,0.881040357,0.817946313,0.744057098,0.118344858,0.180697614,0.253898288,17.71511212,26.60024037,16.35355366,7.669340841,8.885128247,10.04577128,716739.9837,595226.4991,534972.1268
567,0.74,1.6,1.8,392.8960193,391.0776268,395.8660917,0.881040357,0.817946313,0.744057098,0.118344858,0.180697614,0.253898288,17.71511212,26.60024037,16.35355366,7.669340841,8.885128247,10.04577128,716739.9837,595226.4991,534972.1268,1.2,2.1,1.7,410.0439948,413.9248874,418.8090324,0.670224646,0.53108161,0.334788355,0.323060382,0.454946507,0.641889162,21.89730916,27.01609439,13.22085603,8.37256568,5.118785224,13.52474348,704970.2332,578742.513,554199.545
571,1.1,1.5,1.5,432.6322813,427.0361784,433.7671534,0.413812404,0.370264371,0.202587002,0.551471268,0.586641996,0.733248018,13.43373244,19.23403721,10.44704623,4.819035395,5.800304776,8.61469704,688928.7224,559089.3867,543748.0363,2.2,1.5,0.88,433.9939502,430.4981531,434.6548433,0.296494126,0.295369837,0.115943163,0.642143684,0.638861955,0.775867692,22.98629391,28.3224757,11.11331941,6.114572058,5.336181787,16.87172185,683335.8518,540603.5519,494456.1577
572,2.2,1.5,0.88,433.9939502,430.4981531,434.6548433,0.296494126,0.295369837,0.115943163,0.642143684,0.638861955,0.775867692,22.98629391,28.3224757,11.11331941,6.114572058,5.336181787,16.87172185,683335.8518,540603.5519,494456.1577,1.8,0.71,2.2,405.6746231,405.3795439,409.9883506,0.713735676,0.697656051,0.523749858,0.281849507,0.29741284,0.46727668,24.47866256,29.0677051,13.44671198,9.163963416,4.589042545,15.31469914,716666.7524,556611.3117,562644.2823
573,1.8,0.71,2.2,405.6746231,405.3795439,409.9883506,0.713735676,0.697656051,0.523749858,0.281849507,0.29741284,0.46727668,24.47866256,29.0677051,13.44671198,9.163963416,4.589042545,15.31469914,716666.7524,556611.3117,562644.2823,1.5,0.73,1.3,395.5276872,389.4872631,395.6931009,0.77200097,0.806312847,0.754472364,0.225306012,0.19150273,0.242631842,14.2912581,22.78801803,16.39400472,8.022617605,8.496759923,6.268640497,734315.9459,526234.1947,593958.7242
575,2.3,1.2,1.8,423.5452998,424.1778566,429.2302542,0.426584627,0.392444062,0.196129432,0.543325793,0.572628944,0.746843629,22.51766316,26.63106747,12.20176097,8.371284234,4.113404312,14.14637893,724788.5836,587752.3584,565121.0405,2.4,0.57,2.2,401.1893611,396.8588197,401.2309268,0.702958814,0.741310372,0.618412383,0.292101075,0.254449074,0.374682763,22.34287988,29.92644542,16.43575344,9.11671126,7.583565549,13.22616862,720571.9647,608086.2469,549522.1922
576,2.4,0.57,2.2,401.1893611,396.8588197,401.2309268,0.702958814,0.741310372,0.618412383,0.292101075,0.254449074,0.374682763,22.34287988,29.92644542,16.43575344,9.11671126,7.583565549,13.22616862,720571.9647,608086.2469,549522.1922,1.5,0.7,2.3,425.6783481,419.7152481,427.6955911,0.456418834,0.48953099,0.336624389,0.515293917,0.484047189,0.625054462,12.63591333,17.4618777,10.55461992,5.864091976,4.825964371,6.771821351,687459.7768,549500.0355,585312.9579
577,1.5,0.7,2.3,425.6783481,419.7152481,427.6955911,0.456418834,0.48953099,0.336624389,0.515293917,0.484047189,0.625054462,12.63591333,17.4618777,10.55461992,5.864091976,4.825964371,6.771821351,687459.7768,549500.0355,585312.9579,1.8,2.1,1.4,399.4484537,395.5340105,401.4332033,0.706514222,0.672266132,0.586056228,0.288629626,0.321725596,0.405914323,15.4822799,24.57079787,17.29708267,8.35118657,9.088517969,7.131093327,728632.3021,534680.5635,608779.1908
578,1.8,2.1,1.4,399.4484537,395.5340105,401.4332033,0.706514222,0.672266132,0.586056228,0.288629626,0.321725596,0.405914323,15.4822799,24.57079787,17.29708267,8.35118657,9.088517969,7.131093327,728632.3021,534680.5635,608779.1908,1.4,0.58,2.0,418.110383,408.1689134,412.7149776,0.632414329,0.682676214,0.496145255,0.358887687,0.30993157,0.490149583,20.75420201,29.00684235,12.94882942,5.011052089,8.252640334,15.74314992,733312.2563,563829.2913,553852.0616
579,1.4,0.58,2.0,418.110383,408.1689134,412.7149776,0.632414329,0.682676214,0.496145255,0.358887687,0.30993157,0.490149583,20.75420201,29.00684235,12.94882942,5.011052089,8.252640334,15.74314992,733312.2563,563829.2913,553852.0616,2.1,2.4,1.1,430.7840089,419.7162993,424.3713655,0.332667177,0.361565413,0.185895643,0.616315335,0.588232179,0.737380437,17.74217785,26.65747287,13.6197686,4.960114841,8.915295023,12.782063,708397.2191,493427.4828,521188.1363
580,2.1,2.4,1.1,430.7840089,419.7162993,424.3713655,0.332667177,0.361565413,0.185895643,0.616315335,0.588232179,0.737380437,17.74217785,26.65747287,13.6197686,4.960114841,8.915295023,12.782063,708397.2191,493427.4828,521188.1363,1.9,1.2,1.5,441.4187269,435.526184,439.9090613,0.260524344,0.282611374,0.106053894,0.662074995,0.639247729,0.7651657,21.74078011,27.15654845,10.26785832,5.183240765,5.415768338,16.55753934,721146.075,544560.5993,499909.5252
581,1.9,1.2,1.5,441.4187269,435.526184,439.9090613,0.260524344,0.282611374,0.106053894,0.662074995,0.639247729,0.7651657,21.74078011,27.15654845,10.26785832,5.183240765,5.415768338,16.55753934,721146.075,544560.5993,499909.5252,1.4,1.7,1.4,427.0892496,411.9321151,417.0237692,0.4611907,0.512738109,0.353197836,0.512422011,0.464227238,0.612484441,13.81246835,23.41790854,13.68781697,4.27316289,9.605440191,9.539305456,739526.1301,553622.9764,500787.2046
582,1.4,1.7,1.4,427.0892496,411.9321151,417.0237692,0.4611907,0.512738109,0.353197836,0.512422011,0.464227238,0.612484441,13.81246835,23.41790854,13.68781697,4.27316289,9.605440191,9.539305456,739526.1301,553622.9764,500787.2046,2.2,0.66,1.3,392.9883397,388.4883558,392.4936897,0.778985689,0.813435511,0.735063198,0.218621391,0.184596707,0.261930358,21.02634948,30.33749614,18.33260909,9.256852365,9.311146666,11.76949711,686883.7618,580517.2609,510349.3825
584,2.4,0.75,2.3,445.0106601,427.1428267,433.9935168,0.220081039,0.378755599,0.207670101,0.664116024,0.53640168,0.667028888,14.07690152,21.17316313,11.62932555,4.720198013,7.096261604,9.356703511,691252.7645,575068.4684,609605.7514,2.1,1.6,1.5,432.2905758,423.452837,429.111943,0.333018626,0.366742613,0.19439539,0.613631633,0.581997425,0.728309143,16.85978984,24.03346748,12.67140188,5.720509838,7.173677646,11.13928,719874.5355,582886.9962,571229.2367
587,1.8,2.1,1.8,451.941309,425.4012413,432.0272458,0.180031797,0.322665528,0.18879438,0.670042166,0.575275436,0.674394568,10.2957049,19.69467059,12.58509505,3.325532808,9.398965684,6.970172096,734051.8514,558658.3842,548056.4825,2.4,1.9,1.9,436.8180175,426.673465,432.2843372,0.253054966,0.297072233,0.137515355,0.663095535,0.623866007,0.744864817,16.86820063,23.97839611,12.15403697,5.27569167,7.110195482,11.59250896,692504.5267,492841.4315,565032.5862
588,2.4,1.9,1.9,436.8180175,426.673465,432.2843372,0.253054966,0.297072233,0.137515355,0.663095535,0.623866007,0.744864817,16.86820063,23.97839611,12.15403697,5.27569167,7.110195482,11.59250896,692504.5267,492841.4315,565032.5862,0.96,1.3,1.4,406.8162628,399.5806593,403.7613996,0.779274222,0.756781277,0.603269758,0.218383834,0.240318102,0.391299529,21.62583068,31.35305425,14.23667548,4.845067181,9.727223566,16.7807635,704498.4247,511271.0648,550530.9205
589,0.96,1.3,1.4,406.8162628,399.5806593,403.7613996,0.779274222,0.756781277,0.603269758,0.218383834,0.240318102,0.391299529,21.62583068,31.35305425,14.23667548,4.845067181,9.727223566,16.7807635,704498.4247,511271.0648,550530.9205,0.6,2.3,1.9,417.5975653,423.5715914,428.7604426,0.640295722,0.447460259,0.232654623,0.349653317,0.52830905,0.725484309,22.54710065,27.3434911,11.74262487,7.252133761,4.796390444,15.29496689,696244.1602,607882.2693,595904.4356
590,0.6,2.3,1.9,417.5975653,423.5715914,428.7604426,0.640295722,0.447460259,0.232654623,0.349653317,0.52830905,0.725484309,22.54710065,27.3434911,11.74262487,7.252133761,4.796390444,15.29496689,696244.1602,607882.2693,595904.4356,1.9,0.58,0.92,427.8589916,422.6815779,427.7225503,0.456147581,0.488790687,0.26075319,0.518064071,0.486652993,0.694886098,23.27907902,28.42542545,11.56304122,6.747329775,5.146346429,16.53174925,738846.2854,535808.8134,601825.5489
591,1.9,0.58,0.92,427.8589916,422.6815779,427.7225503,0.456147581,0.488790687,0.26075319,0.518064071,0.486652993,0.694886098,23.27907902,28.42542545,11.56304122,6.747329775,5.146346429,16.53174925,738846.2854,535808.8134,601825.5489,2.2,1.6,0.97,438.5898681,423.0580604,427.579451,0.276350805,0.373154869,0.178682757,0.65213715,0.567562308,0.725544375,18.95433688,28.24738302,12.87318424,3.881592972,9.293046141,15.0727439,687436.1555,529549.8415,536413.5775
592,2.2,1.6,0.97,438.5898681,423.0580604,427.579451,0.276350805,0.373154869,0.178682757,0.65213715,0.567562308,0.725544375,18.95433688,28.24738302,12.87318424,3.881592972,9.293046141,15.0727439,687436.1555,529549.8415,536413.5775,0.87,2.2,0.76,406.1481201,409.6687993,416.4091168,0.736127525,0.56229506,0.41726837,0.259657686,0.425774008,0.565162647,15.74145082,21.35958454,12.91862631,7.466001573,5.61813372,8.275449246,714576.521,519463.2014,604675.382
593,0.87,2.2,0.76,406.1481201,409.6687993,416.4091168,0.736127525,0.56229506,0.41726837,0.259657686,0.425774008,0.565162647,15.74145082,21.35958454,12.91862631,7.466001573,5.61813372,8.275449246,714576.521,519463.2014,604675.382,2.3,0.77,1.1,421.0098415,419.9158511,426.63009,0.416813646,0.431447809,0.290077824,0.548308299,0.534104645,0.662177535,13.70028366,17.56417853,11.17778714,7.439115626,3.863894871,6.261168032,705951.1515,564963.1397,495308.2133
594,2.3,0.77,1.1,421.0098415,419.9158511,426.63009,0.416813646,0.431447809,0.290077824,0.548308299,0.534104645,0.662177535,13.70028366,17.56417853,11.17778714,7.439115626,3.863894871,6.261168032,705951.1515,564963.1397,495308.2133,2.3,2.2,1.5,431.0383477,424.3970871,429.4286516,0.298902382,0.300790044,0.1457661,0.637493603,0.631651794,0.755303952,16.53570334,23.19593511,12.28183426,5.835604465,6.660231774,10.70009888,696768.8294,490334.1761,490192.9549
595,2.3,2.2,1.5,431.0383477,424.3970871,429.4286516,0.298902382,0.300790044,0.1457661,0.637493603,0.631651794,0.755303952,16.53570334,23.19593511,12.28183426,5.835604465,6.660231774,10.70009888,696768.8294,490334.1761,490192.9549,2.2,1.5,1.1,450.1275533,436.1628,442.8755227,0.160589576,0.241539831,0.115330606,0.670625048,0.617470527,0.693954207,11.50788514,17.62986542,10.37791291,4.398127771,6.121980284,7.109757367,686321.7609,579078.4978,497091.8428
596,2.2,1.5,1.1,450.1275533,436.1628,442.8755227,0.160589576,0.241539831,0.115330606,0.670625048,0.617470527,0.693954207,11.50788514,17.62986542,10.37791291,4.398127771,6.121980284,7.109757367,686321.7609,579078.4978,497091.8428,1.3,0.83,1.2,427.5225448,422.3594864,428.3324276,0.50882161,0.509143366,0.296373919,0.471958479,0.470613783,0.668554086,18.98836277,24.62117646,11.0901797,5.722679677,5.632813688,13.2656831,690598.1558,596937.0366,617655.31
598,1.5,2.1,2.2,434.6512792,425.3826228,432.314987,0.328889301,0.321378273,0.173239555,0.615245972,0.61743382,0.740161592,13.04552468,20.08499671,11.62836866,4.754712864,7.039472035,8.290811813,683815.4878,538076.0972,584789.1889,1.8,2.4,1.0,412.0036095,417.0155587,422.7680186,0.565748499,0.425620668,0.25455627,0.420409476,0.548577943,0.706609301,19.72802888,24.58878504,13.58378754,8.938815636,4.860756164,10.78921324,687444.3027,596927.988,594072.6027
599,1.8,2.4,1.0,412.0036095,417.0155587,422.7680186,0.565748499,0.425620668,0.25455627,0.420409476,0.548577943,0.706609301,19.72802888,24.58878504,13.58378754,8.938815636,4.860756164,10.78921324,687444.3027,596927.988,594072.6027,2.0,2.3,2.3,416.356917,408.5313922,412.9012814,0.536117784,0.527053868,0.339439185,0.448407513,0.455948741,0.632979547,21.12203118,31.05102727,15.90507825,6.273061551,9.928996092,14.84896963,722953.4266,509772.7735,569888.7983
600,2.0,2.3,2.3,416.356917,408.5313922,412.9012814,0.536117784,0.527053868,0.339439185,0.448407513,0.455948741,0.632979547,21.12203118,31.05102727,15.90507825,6.273061551,9.928996092,14.84896963,722953.4266,509772.7735,569888.7983,1.5,1.6,0.54,423.3589082,411.4079557,416.4535701,0.498531291,0.529670048,0.357692212,0.48082727,0.450948937,0.612193787,15.73182722,24.82549955,13.66804217,4.793143507,9.093672339,10.93868371,715594.963,543658.6388,526091.7206
601,1.5,1.6,0.54,423.3589082,411.4079557,416.4535701,0.498531291,0.529670048,0.357692212,0.48082727,0.450948937,0.612193787,15.73182722,24.82549955,13.66804217,4.793143507,9.093672339,10.93868371,715594.963,543658.6388,526091.7206,0.88,0.94,1.9,392.9060425,396.7057826,403.5002803,0.863800547,0.793434523,0.715905095,0.13536403,0.204809477,0.281512315,16.45094055,20.23316115,12.79428308,9.157922832,3.782220601,7.293017719,687888.5547,531098.6451,577391.4497
602,0.88,0.94,1.9,392.9060425,396.7057826,403.5002803,0.863800547,0.793434523,0.715905095,0.13536403,0.204809477,0.281512315,16.45094055,20.23316115,12.79428308,9.157922832,3.782220601,7.293017719,687888.5547,531098.6451,577391.4497,2.0,1.3,2.5,405.1867978,400.418808,404.8665902,0.665851573,0.665380142,0.524057236,0.327558775,0.327799095,0.465185281,19.54350989,27.25021376,15.35294113,7.879517121,7.706703864,11.66399277,723768.9776,501661.91,509064.7097
603,2.0,1.3,2.5,405.1867978,400.418808,404.8665902,0.665851573,0.665380142,0.524057236,0.327558775,0.327799095,0.465185281,19.54350989,27.25021376,15.35294113,7.879517121,7.706703864,11.66399277,723768.9776,501661.91,509064.7097,1.5,1.6,1.1,411.0455292,403.8067204,408.8090864,0.640660451,0.635414113,0.489776692,0.351269105,0.355968846,0.496839805,17.03577092,26.25432523,14.99761601,5.999781485,9.218554309,11.03598944,680992.0742,618095.5624,551602.2778
604,1.5,1.6,1.1,411.0455292,403.8067204,408.8090864,0.640660451,0.635414113,0.489776692,0.351269105,0.355968846,0.496839805,17.03577092,26.25432523,14.99761601,5.999781485,9.218554309,11.03598944,680992.0742,618095.5624,551602.2778,1.0,0.85,0.75,397.0670777,398.1678286,402.8852386,0.854502932,0.81032376,0.683232805,0.144583027,0.188224806,0.314008353,24.43016245,28.7203199,13.00396081,9.02196726,4.290157458,15.40819519,681867.8072,496218.4672,569039.1991
606,1.7,0.53,1.3,435.3106662,423.7185614,428.7373394,0.397090999,0.485588898,0.259454165,0.565409607,0.483038124,0.684515432,20.39107308,27.31786482,11.31465694,4.701653586,6.926791745,15.68941949,704583.6346,574698.5793,575832.5187,1.5,0.57,2.2,393.7791051,389.8876645,393.4126126,0.842209772,0.855495264,0.769810847,0.156691632,0.143499741,0.228419312,24.3232869,33.28906503,16.89288613,8.248601708,8.965778127,16.07468519,730450.614,597704.151,492837.1241
607,1.5,0.57,2.2,393.7791051,389.8876645,393.4126126,0.842209772,0.855495264,0.769810847,0.156691632,0.143499741,0.228419312,24.3232869,33.28906503,16.89288613,8.248601708,8.965778127,16.07468519,730450.614,597704.151,492837.1241,1.4,1.3,2.1,434.4133785,435.5254241,439.9490254,0.352299933,0.294409004,0.110385153,0.601801314,0.64768363,0.791086051,22.98027309,26.54081661,9.465287961,6.239558737,3.560543512,16.74071436,693987.9837,512803.9026,493141.1121
608,1.4,1.3,2.1,434.4133785,435.5254241,439.9490254,0.352299933,0.294409004,0.110385153,0.601801314,0.64768363,0.791086051,22.98027309,26.54081661,9.465287961,6.239558737,3.560543512,16.74071436,693987.9837,512803.9026,493141.1121,1.7,0.87,1.8,423.1983362,422.6264127,426.9961147,0.502751871,0.476558012,0.246410381,0.478377713,0.501896837,0.714323369,24.04003359,28.05466674,11.07523074,7.393527706,4.014633148,16.64650588,708014.968,526760.274,514878.5949
609,1.7,0.87,1.8,423.1983362,422.6264127,426.9961147,0.502751871,0.476558012,0.246410381,0.478377713,0.501896837,0.714323369,24.04003359,28.05466674,11.07523074,7.393527706,4.014633148,16.64650588,708014.968,526760.274,514878.5949,1.3,1.7,0.9,412.8661883,421.6014352,427.6586944,0.611473871,0.440213777,0.267341281,0.377689343,0.536094963,0.696750359,17.90775588,20.93601138,11.51728401,8.673709439,3.028255504,9.23404644,736701.9601,595798.444,532622.32
610,1.3,1.7,0.9,412.8661883,421.6014352,427.6586944,0.611473871,0.440213777,0.267341281,0.377689343,0.536094963,0.696750359,17.90775588,20.93601138,11.51728401,8.673709439,3.028255504,9.23404644,736701.9601,595798.444,532622.32,1.6,2.3,2.2,409.4366859,401.2421125,406.9882502,0.625170708,0.603141889,0.480195162,0.36571843,0.386437715,0.505000107,15.25871311,25.19771081,16.19021558,6.427835443,9.938997693,8.83087767,729543.3909,493318.0986,608099.4337
611,1.6,2.3,2.2,409.4366859,401.2421125,406.9882502,0.625170708,0.603141889,0.480195162,0.36571843,0.386437715,0.505000107,15.25871311,25.19771081,16.19021558,6.427835443,9.938997693,8.83087767,729543.3909,493318.0986,608099.4337,1.3,2.2,0.74,403.8499693,404.0080058,407.7199956,0.744913201,0.653245603,0.469918823,0.251753091,0.340574778,0.519130032,24.93515316,32.51377894,15.36374384,8.121393256,7.57862578,16.81375991,692105.682,600429.4018,506901.4585
612,1.3,2.2,0.74,403.8499693,404.0080058,407.7199956,0.744913201,0.653245603,0.469918823,0.251753091,0.340574778,0.519130032,24.93515316,32.51377894,15.36374384,8.121393256,7.57862578,16.81375991,692105.682,600429.4018,506901.4585,2.3,1.3,2.5,402.2663473,400.5507551,406.1056139,0.648268896,0.639017134,0.533676693,0.344035732,0.352777216,0.454968109,16.73518259,23.22582075,15.55879484,9.218490511,6.490638167,7.516692076,727482.4547,579182.0978,541862.8588
613,2.3,1.3,2.5,402.2663473,400.5507551,406.1056139,0.648268896,0.639017134,0.533676693,0.344035732,0.352777216,0.454968109,16.73518259,23.22582075,15.55879484,9.218490511,6.490638167,7.516692076,727482.4547,579182.0978,541862.8588,0.66,2.5,0.97,398.3658791,397.4500013,401.2378703,0.852389837,0.745067092,0.592479958,0.146574154,0.252002567,0.402170168,24.97492914,34.00183323,15.9425618,7.269761077,9.026904084,17.70516807,722247.5925,509561.5136,540936.8177
614,0.66,2.5,0.97,398.3658791,397.4500013,401.2378703,0.852389837,0.745067092,0.592479958,0.146574154,0.252002567,0.402170168,24.97492914,34.00183323,15.9425618,7.269761077,9.026904084,17.70516807,722247.5925,509561.5136,540936.8177,2.3,2.2,1.4,422.6159415,422.6310871,427.4095472,0.397645646,0.337993643,0.166503381,0.566686478,0.615918121,0.763060311,20.25898987,25.8336829,12.95487587,7.632708473,5.574693022,12.6262814,685913.5812,577293.4601,518473.7119
616,1.7,1.4,0.51,438.0429323,429.3747234,433.8820467,0.312683719,0.343169399,0.148682737,0.630730396,0.600768945,0.758310471,20.24284535,27.2082325,11.24494799,4.592566418,6.965387154,15.65027893,697113.2803,582136.7888,515072.5643,0.81,1.9,0.91,392.9752611,391.6161005,395.2401082,0.884773998,0.820126886,0.713501984,0.11466962,0.178590787,0.28422122,24.89494556,34.44070494,17.1542085,7.94740002,9.545759386,16.94754554,697713.8131,598768.0138,524216.1911
618,1.8,1.9,0.57,445.6993347,433.8348008,439.152713,0.217775305,0.261960759,0.105736766,0.679955575,0.640167914,0.745231632,17.0950605,24.53472683,11.14866367,3.97146917,7.439666326,13.12359133,702579.6309,563119.111,547993.6582,0.97,1.2,1.3,405.9764695,405.1603651,411.6117834,0.753436363,0.68580717,0.560620307,0.243291321,0.308987819,0.43140693,15.63617033,21.61340797,12.74037139,6.937114852,5.977237645,8.699055477,702393.5654,599347.2975,585635.6599
619,0.97,1.2,1.3,405.9764695,405.1603651,411.6117834,0.753436363,0.68580717,0.560620307,0.243291321,0.308987819,0.43140693,15.63617033,21.61340797,12.74037139,6.937114852,5.977237645,8.699055477,702393.5654,599347.2975,585635.6599,2.1,1.2,2.2,392.4589038,389.0893109,392.7131933,0.811563069,0.809674613,0.702604886,0.186852245,0.188666199,0.294517668,27.20408462,36.79752916,18.86409499,9.622286407,9.593444548,17.58179821,692802.4562,505586.6529,560067.8827
620,2.1,1.2,2.2,392.4589038,389.0893109,392.7131933,0.811563069,0.809674613,0.702604886,0.186852245,0.188666199,0.294517668,27.20408462,36.79752916,18.86409499,9.622286407,9.593444548,17.58179821,692802.4562,505586.6529,560067.8827,2.1,1.1,1.0,402.5866433,394.7106177,399.2727298,0.668627168,0.715648633,0.612206358,0.32479466,0.278931497,0.379823794,17.01441047,26.49398621,16.57785948,7.292717601,9.479575735,9.721692872,685118.1669,531494.3724,507648.3968
621,2.1,1.1,1.0,402.5866433,394.7106177,399.2727298,0.668627168,0.715648633,0.612206358,0.32479466,0.278931497,0.379823794,17.01441047,26.49398621,16.57785948,7.292717601,9.479575735,9.721692872,685118.1669,531494.3724,507648.3968,0.57,1.1,0.72,422.1204818,420.0407112,426.2980315,0.667855723,0.564302374,0.384413515,0.325000222,0.42298984,0.594967661,13.91621892,19.20643276,10.01986624,4.909781158,5.290213842,9.00643776,716605.4669,577144.8773,504759.3903
622,0.57,1.1,0.72,422.1204818,420.0407112,426.2980315,0.667855723,0.564302374,0.384413515,0.325000222,0.42298984,0.594967661,13.91621892,19.20643276,10.01986624,4.909781158,5.290213842,9.00643776,716605.4669,577144.8773,504759.3903,2.0,1.1,1.2,411.7315285,408.1469878,413.0452165,0.593367823,0.58921683,0.416770759,0.395531767,0.399084286,0.564325385,19.4243937,25.50179065,13.5298497,7.687196693,6.077396951,11.73719701,702528.0657,511924.4523,524633.0953
623,2.0,1.1,1.2,411.7315285,408.1469878,413.0452165,0.593367823,0.58921683,0.416770759,0.395531767,0.399084286,0.564325385,19.4243937,25.50179065,13.5298497,7.687196693,6.077396951,11.73719701,702528.0657,511924.4523,524633.0953,0.71,1.0,2.3,435.1226469,422.2554663,429.4558437,0.488910174,0.496645161,0.338594341,0.487349526,0.479211357,0.625803411,10.4079952,16.98664876,10.03046323,3.588205453,6.578653568,6.819789743,693892.4619,609847.5466,513715.3889
625,0.68,1.8,0.86,394.1169604,393.3753425,397.8510096,0.882907013,0.80221922,0.694908312,0.116491524,0.196177331,0.302353722,21.52833857,29.43908729,15.38004436,7.744963154,7.910748716,13.78337542,684837.7051,512357.4734,553390.1266,2.1,1.9,2.4,418.0899731,413.1554897,418.4810122,0.495498714,0.477274319,0.306939317,0.483870204,0.499608934,0.658026339,18.44499112,26.04861504,14.59555311,7.216499036,7.603623917,11.22849209,729330.5728,579109.1209,582672.8777
627,0.51,1.7,1.4,401.6665195,402.4781914,407.5170887,0.855726524,0.737372662,0.60225218,0.143223758,0.259360629,0.392219248,19.32005952,26.03503482,13.55099837,7.080808093,6.714975304,12.23925143,734109.7202,598610.4653,550988.9772,0.96,0.95,1.8,411.4005363,403.0002388,409.2665368,0.678921724,0.689266866,0.590490564,0.314630109,0.304483628,0.400694483,11.4314762,18.75372746,12.34074836,5.144241795,7.322251255,6.287234409,686124.315,577191.0317,493569.2923
628,0.96,0.95,1.8,411.4005363,403.0002388,409.2665368,0.678921724,0.689266866,0.590490564,0.314630109,0.304483628,0.400694483,11.4314762,18.75372746,12.34074836,5.144241795,7.322251255,6.287234409,686124.315,577191.0317,493569.2923,1.5,1.9,1.3,415.5396277,405.697298,410.7311048,0.580162591,0.584258253,0.432720142,0.407549481,0.403125777,0.548124754,15.86208309,25.73149963,14.97006169,5.311653736,9.869416541,10.55042936,688521.1057,574505.0464,544015.3481
629,1.5,1.9,1.3,415.5396277,405.697298,410.7311048,0.580162591,0.584258253,0.432720142,0.407549481,0.403125777,0.548124754,15.86208309,25.73149963,14.97006169,5.311653736,9.869416541,10.55042936,688521.1057,574505.0464,544015.3481,1.1,2.2,1.8,412.5026569,408.0305305,412.1160602,0.678601209,0.603651508,0.410482797,0.315516441,0.387038253,0.573342772,21.66656976,30.83634194,14.68339969,5.830351863,9.169772183,15.83621789,737520.6807,566079.8445,529128.713
630,1.1,2.2,1.8,412.5026569,408.0305305,412.1160602,0.678601209,0.603651508,0.410482797,0.315516441,0.387038253,0.573342772,21.66656976,30.83634194,14.68339969,5.830351863,9.169772183,15.83621789,737520.6807,566079.8445,529128.713,2.5,1.8,2.0,401.0345759,399.4205383,404.762994,0.657172398,0.624641225,0.50351384,0.335797507,0.366965474,0.484445814,19.08830781,26.06612012,16.59721176,9.805064325,6.977812309,9.283243485,716882.2236,493342.0305,584864.4489
631,2.5,1.8,2.0,401.0345759,399.4205383,404.762994,0.657172398,0.624641225,0.50351384,0.335797507,0.366965474,0.484445814,19.08830781,26.06612012,16.59721176,9.805064325,6.977812309,9.283243485,716882.2236,493342.0305,584864.4489,2.3,1.5,1.5,427.9103567,418.4690549,425.1409468,0.357239543,0.405522978,0.250886967,0.594581606,0.550823624,0.686775367,14.94502683,22.01049929,13.17244528,6.280267999,7.065472458,8.664758835,721848.5347,539801.7316,616793.3959
632,2.3,1.5,1.5,427.9103567,418.4690549,425.1409468,0.357239543,0.405522978,0.250886967,0.594581606,0.550823624,0.686775367,14.94502683,22.01049929,13.17244528,6.280267999,7.065472458,8.664758835,721848.5347,539801.7316,616793.3959,1.8,1.3,0.98,404.9545067,402.1730048,406.7323928,0.708241242,0.684318761,0.51934818,0.287176208,0.310274492,0.471264751,23.58810875,30.80309299,15.20353215,8.294421649,7.214984244,15.2936871,711178.5466,542521.1702,589860.577
633,1.8,1.3,0.98,404.9545067,402.1730048,406.7323928,0.708241242,0.684318761,0.51934818,0.287176208,0.310274492,0.471264751,23.58810875,30.80309299,15.20353215,8.294421649,7.214984244,15.2936871,711178.5466,542521.1702,589860.577,1.6,1.6,1.4,435.8684964,424.246895,429.4212495,0.349683616,0.388558737,0.194194022,0.603530067,0.566575767,0.733333774,18.1159026,26.3395556,12.26194384,4.314322443,8.223653002,13.80158016,704740.5985,576778.5199,572422.21
634,1.6,1.6,1.4,435.8684964,424.246895,429.4212495,0.349683616,0.388558737,0.194194022,0.603530067,0.566575767,0.733333774,18.1159026,26.3395556,12.26194384,4.314322443,8.223653002,13.80158016,704740.5985,576778.5199,572422.21,2.2,0.89,2.4,399.5705764,391.3929563,396.0492503,0.697901718,0.754568245,0.666327488,0.29688375,0.241396551,0.327798012,17.65363135,27.5198831,17.5418393,7.871235461,9.866251753,9.782395886,721265.3455,490225.0593,538176.9079
635,2.2,0.89,2.4,399.5705764,391.3929563,396.0492503,0.697901718,0.754568245,0.666327488,0.29688375,0.241396551,0.327798012,17.65363135,27.5198831,17.5418393,7.871235461,9.866251753,9.782395886,721265.3455,490225.0593,538176.9079,2.4,0.99,0.52,408.222977,410.8270872,416.4380804,0.590415777,0.549483848,0.39056571,0.39818499,0.436870776,0.588726748,19.21765058,22.75718079,13.10477281,9.754505501,3.539530208,9.463145079,704960.2284,562684.0848,536300.0545
636,2.4,0.99,0.52,408.222977,410.8270872,416.4380804,0.590415777,0.549483848,0.39056571,0.39818499,0.436870776,0.588726748,19.21765058,22.75718079,13.10477281,9.754505501,3.539530208,9.463145079,704960.2284,562684.0848,536300.0545,1.5,1.7,0.96,417.4522498,410.6721175,415.692335,0.572470096,0.552465028,0.367470749,0.41491917,0.43307256,0.60890584,18.70367664,27.00325923,13.85758193,5.815757716,8.299582589,12.88791892,692822.6206,550472.9208,569361.8325
637,1.5,1.7,0.96,417.4522498,410.6721175,415.692335,0.572470096,0.552465028,0.367470749,0.41491917,0.43307256,0.60890584,18.70367664,27.00325923,13.85758193,5.815757716,8.299582589,12.88791892,692822.6206,550472.9208,569361.8325,1.5,1.5,1.3,408.3774431,407.7948673,412.6465226,0.680194847,0.616957851,0.432399615,0.313996329,0.374695449,0.553295925,21.67103863,27.57840332,13.50796679,7.876493009,5.907364691,13.79454562,680525.1799,526574.1676,561962.8093
639,0.99,0.81,0.57,436.4270544,422.9212829,427.5592087,0.478325677,0.526221285,0.286331229,0.499229378,0.453170766,0.674499081,20.04530244,28.05714172,10.67228656,3.001326793,8.011839277,17.04397565,733428.559,510754.4122,546533.1602,0.76,1.5,1.2,400.2535606,397.4353687,402.6579438,0.82126666,0.752972051,0.657632681,0.177192046,0.244167104,0.338093195,14.92459549,23.01979356,14.19153168,6.26943679,8.095198069,8.655158699,682056.1102,612991.1295,504934.8847
641,1.8,1.3,1.6,424.010466,426.8008406,432.8987548,0.439796987,0.366136701,0.178996135,0.531692164,0.59590254,0.760362489,19.91581618,23.28658038,10.90417563,7.776203681,3.370764196,12.1396125,684101.2846,526870.181,596400.5329,0.67,2.3,0.77,397.7820501,409.1420645,415.6638283,0.820651148,0.56960664,0.452102936,0.177211677,0.418586539,0.531683525,14.83186666,18.72545292,12.5297679,8.757665655,3.893586262,6.074201002,714567.3698,585180.487,512916.403
644,1.1,1.1,1.2,436.9424104,435.8640078,443.0708346,0.379710294,0.323447731,0.145385669,0.57849411,0.623343406,0.770438559,16.28033325,20.26341198,9.223012148,5.456411845,3.983078731,10.8239214,696053.6601,528324.5428,613346.668,1.9,1.0,0.64,389.6001459,386.1532173,389.8649458,0.835588446,0.840645671,0.76314478,0.163230852,0.158194696,0.234983858,24.15926228,33.98829804,19.24180526,9.701916422,9.829035754,14.45734586,697821.868,523181.1075,529852.395
645,1.9,1.0,0.64,389.6001459,386.1532173,389.8649458,0.835588446,0.840645671,0.76314478,0.163230852,0.158194696,0.234983858,24.15926228,33.98829804,19.24180526,9.701916422,9.829035754,14.45734586,697821.868,523181.1075,529852.395,1.2,1.9,1.1,421.8938995,411.0947665,417.5816426,0.51341328,0.504702327,0.371673574,0.466957418,0.474227257,0.599093828,11.63634637,19.98773072,12.99176658,4.777557987,8.351384357,6.858788381,684745.8986,548931.3831,544566.3253
646,1.2,1.9,1.1,421.8938995,411.0947665,417.5816426,0.51341328,0.504702327,0.371673574,0.466957418,0.474227257,0.599093828,11.63634637,19.98773072,12.99176658,4.777557987,8.351384357,6.858788381,684745.8986,548931.3831,544566.3253,2.1,0.8,0.67,406.3763859,401.0023237,405.1235816,0.690033839,0.71252715,0.542743319,0.304612574,0.282479054,0.448095364,25.67638318,33.74923629,15.51766608,7.802294744,8.072853106,17.87408844,716939.7697,543318.6589,584174.6552
647,2.1,0.8,0.67,406.3763859,401.0023237,405.1235816,0.690033839,0.71252715,0.542743319,0.304612574,0.282479054,0.448095364,25.67638318,33.74923629,15.51766608,7.802294744,8.072853106,17.87408844,716939.7697,543318.6589,584174.6552,1.2,1.5,1.6,405.8008378,400.9090359,405.1091844,0.759277332,0.723197413,0.553987259,0.237880497,0.273013488,0.438950572,23.89771874,32.72574241,14.76260342,6.286798161,8.828023673,17.61092058,717853.099,494839.4589,577302.5638
648,1.2,1.5,1.6,405.8008378,400.9090359,405.1091844,0.759277332,0.723197413,0.553987259,0.237880497,0.273013488,0.438950572,23.89771874,32.72574241,14.76260342,6.286798161,8.828023673,17.61092058,717853.099,494839.4589,577302.5638,0.8,1.7,1.1,404.3834214,407.175942,412.1674384,0.789590928,0.662850701,0.503614416,0.2080659,0.331252481,0.48657964,19.5023163,25.00165242,13.04899075,7.784020548,5.49933612,11.71829576,725575.6608,595143.2688,524141.8476
649,0.8,1.7,1.1,404.3834214,407.175942,412.1674384,0.789590928,0.662850701,0.503614416,0.2080659,0.331252481,0.48657964,19.5023163,25.00165242,13.04899075,7.784020548,5.49933612,11.71829576,725575.6608,595143.2688,524141.8476,0.88,1.1,1.0,401.8367799,394.9331181,399.9681011,0.813893518,0.800172084,0.703814616,0.184458912,0.197915739,0.293089098,16.87222337,26.41103448,14.78666351,5.475781245,9.538811106,11.39644213,689539.2515,584092.1949,558512.2545
651,1.9,1.4,2.2,420.2306931,409.964328,415.7175102,0.498387641,0.544173685,0.388288036,0.480529049,0.437116496,0.583676072,16.22007031,24.94336749,14.61068133,6.089985834,8.723297184,10.13008448,736934.7905,598504.1602,602736.0945,1.8,1.8,0.83,424.1013366,426.8518802,432.7710718,0.43688639,0.346314878,0.170272351,0.533570318,0.611197633,0.763940321,20.21119763,24.64282908,12.11447046,7.928493091,4.431631455,12.28270454,737371.4309,615299.284,612635.6846
652,1.8,1.8,0.83,424.1013366,426.8518802,432.7710718,0.43688639,0.346314878,0.170272351,0.533570318,0.611197633,0.763940321,20.21119763,24.64282908,12.11447046,7.928493091,4.431631455,12.28270454,737371.4309,615299.284,612635.6846,1.8,2.0,1.4,409.9266479,403.8472288,407.4621466,0.640954776,0.619685844,0.439701399,0.351388425,0.37139553,0.545187566,22.49932813,32.31738474,16.13286899,6.632155827,9.818056613,15.8671723,736215.4596,542881.9035,490655.4601
653,1.8,2.0,1.4,409.9266479,403.8472288,407.4621466,0.640954776,0.619685844,0.439701399,0.351388425,0.37139553,0.545187566,22.49932813,32.31738474,16.13286899,6.632155827,9.818056613,15.8671723,736215.4596,542881.9035,490655.4601,1.1,0.84,2.5,414.9922819,405.1904942,412.1294673,0.635789612,0.673217877,0.561532819,0.355229537,0.318995353,0.427185639,12.36466351,19.96030257,12.64876308,5.196487547,7.595639057,7.168175967,693218.79,614638.6979,581720.0816
654,1.1,0.84,2.5,414.9922819,405.1904942,412.1294673,0.635789612,0.673217877,0.561532819,0.355229537,0.318995353,0.427185639,12.36466351,19.96030257,12.64876308,5.196487547,7.595639057,7.168175967,693218.79,614638.6979,581720.0816,2.2,1.6,2.3,442.2794005,426.4671984,431.5609116,0.246087535,0.342742726,0.159328474,0.666508573,0.584718431,0.726684382,18.21261097,27.13846149,12.70093123,4.058169532,8.925850526,14.15444143,720250.996,555028.9741,580651.9367
655,2.2,1.6,2.3,442.2794005,426.4671984,431.5609116,0.246087535,0.342742726,0.159328474,0.666508573,0.584718431,0.726684382,18.21261097,27.13846149,12.70093123,4.058169532,8.925850526,14.15444143,720250.996,555028.9741,580651.9367,0.83,1.6,0.82,396.886013,404.1619734,410.5059496,0.842748733,0.700180254,0.574419939,0.155989079,0.295506687,0.418854912,19.42719785,23.03739732,13.29614827,9.87695369,3.610199463,9.550244163,711790.7581,617483.269,613824.5209
656,0.83,1.6,0.82,396.886013,404.1619734,410.5059496,0.842748733,0.700180254,0.574419939,0.155989079,0.295506687,0.418854912,19.42719785,23.03739732,13.29614827,9.87695369,3.610199463,9.550244163,711790.7581,617483.269,613824.5209,2.1,0.73,0.55,408.8188859,401.5965767,407.5562815,0.602317108,0.664571692,0.548566223,0.386720402,0.326529642,0.438468745,15.95703035,23.4408449,14.72115446,7.408314236,7.483814544,8.548716118,699017.9635,591216.6081,586742.3044
658,1.8,1.5,1.1,440.6180454,432.3784881,437.1522283,0.277978941,0.305858578,0.121728368,0.65318441,0.625196211,0.764490028,21.63007102,28.50027617,11.2315561,4.699953306,6.870205152,16.93011771,709857.6889,575578.4605,571425.5536,1.4,1.4,1.9,419.9667291,423.0200282,428.071869,0.528291109,0.430495984,0.226792168,0.454804953,0.543915119,0.73057975,20.14188232,23.74724172,10.83049951,7.478409559,3.605359403,12.66347276,696863.7181,500566.3712,503860.383
659,1.4,1.4,1.9,419.9667291,423.0200282,428.071869,0.528291109,0.430495984,0.226792168,0.454804953,0.543915119,0.73057975,20.14188232,23.74724172,10.83049951,7.478409559,3.605359403,12.66347276,696863.7181,500566.3712,503860.383,1.5,2.1,2.5,434.0528611,424.609304,429.4507751,0.37068758,0.372859932,0.17507663,0.58933718,0.583655589,0.75312448,20.82286426,29.68454444,12.95134969,4.417771366,8.861680178,16.4050929,722588.7055,600014.4286,603614.2321
660,1.5,2.1,2.5,434.0528611,424.609304,429.4507751,0.37068758,0.372859932,0.17507663,0.58933718,0.583655589,0.75312448,20.82286426,29.68454444,12.95134969,4.417771366,8.861680178,16.4050929,722588.7055,600014.4286,603614.2321,2.0,0.94,0.69,422.1396074,421.5889072,426.3709432,0.47963642,0.461568369,0.25051005,0.498238037,0.513927502,0.707719074,22.08725678,26.47152326,11.83513921,7.73786065,4.384266483,14.34939613,687229.6264,606363.1819,531668.6092
661,2.0,0.94,0.69,422.1396074,421.5889072,426.3709432,0.47963642,0.461568369,0.25051005,0.498238037,0.513927502,0.707719074,22.08725678,26.47152326,11.83513921,7.73786065,4.384266483,14.34939613,687229.6264,606363.1819,531668.6092,1.7,2.2,1.4,411.1094127,407.213927,411.8836595,0.631071885,0.579945067,0.393356299,0.360651779,0.408957698,0.588087423,22.60462921,31.52969299,15.78588963,7.169527884,8.925063777,15.43510133,696206.9499,580879.2276,618383.4865
662,1.7,2.2,1.4,411.1094127,407.213927,411.8836595,0.631071885,0.579945067,0.393356299,0.360651779,0.408957698,0.588087423,22.60462921,31.52969299,15.78588963,7.169527884,8.925063777,15.43510133,696206.9499,580879.2276,618383.4865,2.1,1.9,0.63,397.9461283,397.8843746,402.6959446,0.715973226,0.664718053,0.560188733,0.27962166,0.32925564,0.431328838,18.55764421,25.96286348,17.07163923,9.84075768,7.405219277,8.716886528,731963.0866,612010.3352,524672.7405
663,2.1,1.9,0.63,397.9461283,397.8843746,402.6959446,0.715973226,0.664718053,0.560188733,0.27962166,0.32925564,0.431328838,18.55764421,25.96286348,17.07163923,9.84075768,7.405219277,8.716886528,731963.0866,612010.3352,524672.7405,0.94,0.88,2.0,406.4383582,403.3559519,409.2595724,0.765870617,0.735604495,0.611481986,0.231266855,0.260780027,0.382651811,16.23896229,22.55204663,12.42927021,6.31467169,6.313084334,9.924290604,680064.9869,594676.2989,559183.3949
664,0.94,0.88,2.0,406.4383582,403.3559519,409.2595724,0.765870617,0.735604495,0.611481986,0.231266855,0.260780027,0.382651811,16.23896229,22.55204663,12.42927021,6.31467169,6.313084334,9.924290604,680064.9869,594676.2989,559183.3949,2.2,1.7,1.6,412.7643172,409.1546919,413.4413034,0.565648366,0.541762417,0.355546216,0.421384669,0.443348677,0.620194605,21.78471174,28.93608311,14.8335248,7.95867418,7.151371366,13.82603756,736187.5396,508512.9701,520959.3523
665,2.2,1.7,1.6,412.7643172,409.1546919,413.4413034,0.565648366,0.541762417,0.355546216,0.421384669,0.443348677,0.620194605,21.78471174,28.93608311,14.8335248,7.95867418,7.151371366,13.82603756,736187.5396,508512.9701,520959.3523,1.2,2.1,1.1,389.1149123,389.9808315,395.1769168,0.854575688,0.773202478,0.703824593,0.144480053,0.224631109,0.293185699,17.89890736,25.80703033,17.62810345,9.880351597,7.908122972,8.018555761,706684.5703,539101.4652,563201.221
666,1.2,2.1,1.1,389.1149123,389.9808315,395.1769168,0.854575688,0.773202478,0.703824593,0.144480053,0.224631109,0.293185699,17.89890736,25.80703033,17.62810345,9.880351597,7.908122972,8.018555761,706684.5703,539101.4652,563201.221,0.9,2.2,0.52,421.2470106,428.301907,432.8845002,0.531358987,0.362714718,0.1549319,0.449610201,0.600516315,0.780848217,25.71046067,28.86657068,10.85497394,8.052032497,3.156110006,17.65842818,709480.3326,504868.7932,555591.7595
667,0.9,2.2,0.52,421.2470106,428.301907,432.8845002,0.531358987,0.362714718,0.1549319,0.449610201,0.600516315,0.780848217,25.71046067,28.86657068,10.85497394,8.052032497,3.156110006,17.65842818,709480.3326,504868.7932,555591.7595,1.6,1.7,0.67,390.6231414,389.5422292,393.9780782,0.821221803,0.780440788,0.704901861,0.177319096,0.217452438,0.2920848,19.09357543,27.43411521,17.93681761,9.782499342,8.340539785,9.311076084,707683.4529,536974.0267,511113.077
668,1.6,1.7,0.67,390.6231414,389.5422292,393.9780782,0.821221803,0.780440788,0.704901861,0.177319096,0.217452438,0.2920848,19.09357543,27.43411521,17.93681761,9.782499342,8.340539785,9.311076084,707683.4529,536974.0267,511113.077,1.1,1.3,0.7,395.3075028,392.2433152,398.1697483,0.811141227,0.783020289,0.719638246,0.187137064,0.2147637,0.27734732,14.2100504,22.63208597,15.75007359,7.462979445,8.422035566,6.747070956,681516.9044,611667.7104,563335.6875
671,2.2,1.3,0.64,412.7384441,410.1460255,414.3893605,0.589852042,0.571969447,0.360938259,0.399327224,0.415891088,0.617375031,25.82169779,32.16448672,14.3417212,8.348398261,6.342788927,17.47329953,702628.779,525238.5026,573235.3213,0.92,2.1,1.5,423.9046174,420.6198077,426.1829399,0.538767199,0.43413029,0.247655137,0.444763887,0.538792859,0.709701525,16.36794377,23.25753529,11.87848204,5.212009209,6.889591523,11.15593456,712255.6487,544664.6137,543416.8297
672,0.92,2.1,1.5,423.9046174,420.6198077,426.1829399,0.538767199,0.43413029,0.247655137,0.444763887,0.538792859,0.709701525,16.36794377,23.25753529,11.87848204,5.212009209,6.889591523,11.15593456,712255.6487,544664.6137,543416.8297,0.5,1.4,2.2,441.3151716,446.2144183,456.4118994,0.413845139,0.232435841,0.10524799,0.541025519,0.676238057,0.767146568,10.77357457,14.15259751,7.780518909,4.526438684,3.379022943,6.247135884,712443.7242,539197.0608,606182.4425
673,0.5,1.4,2.2,441.3151716,446.2144183,456.4118994,0.413845139,0.232435841,0.10524799,0.541025519,0.676238057,0.767146568,10.77357457,14.15259751,7.780518909,4.526438684,3.379022943,6.247135884,712443.7242,539197.0608,606182.4425,2.4,2.0,1.9,412.214951,402.9608482,408.1049944,0.519833155,0.562966899,0.443437198,0.461803548,0.420922035,0.534412098,15.3483504,25.33788573,16.90484876,7.080667093,9.989535333,8.267683305,713260.1342,598977.1597,547379.6092
674,2.4,2.0,1.9,412.214951,402.9608482,408.1049944,0.519833155,0.562966899,0.443437198,0.461803548,0.420922035,0.534412098,15.3483504,25.33788573,16.90484876,7.080667093,9.989535333,8.267683305,713260.1342,598977.1597,547379.6092,2.4,2.1,2.3,417.0606032,416.6129755,420.8984054,0.481954385,0.426114977,0.230522499,0.496713501,0.54648388,0.725058217,23.67245395,29.73327834,14.27248824,8.514816603,6.060824385,15.15763735,709582.3732,555491.1878,535173.2619
675,2.4,2.1,2.3,417.0606032,416.6129755,420.8984054,0.481954385,0.426114977,0.230522499,0.496713501,0.54648388,0.725058217,23.67245395,29.73327834,14.27248824,8.514816603,6.060824385,15.15763735,709582.3732,555491.1878,535173.2619,0.96,1.6,2.4,441.9539009,428.2767543,434.3101131,0.349225796,0.360791262,0.179530855,0.602689033,0.588778154,0.741875893,13.98423665,21.41472116,10.48533624,3.269153391,7.430484515,10.71508325,710465.6422,507960.4676,542674.4928
677,0.52,2.1,1.1,413.5993931,413.9675308,418.4626615,0.726637579,0.581833927,0.360535718,0.268860941,0.407521072,0.619681974,22.23336272,28.8269241,12.06654597,5.801619465,6.593561375,16.43174326,680426.3981,512941.0131,544238.7109,2.5,0.99,1.5,426.1152581,421.2586244,427.2087726,0.36499301,0.399710606,0.230296885,0.589659506,0.55730428,0.705689022,16.43431238,21.5310874,11.9121859,7.004016795,5.096775016,9.430295584,683184.9219,543510.8278,538076.4726
678,2.5,0.99,1.5,426.1152581,421.2586244,427.2087726,0.36499301,0.399710606,0.230296885,0.589659506,0.55730428,0.705689022,16.43431238,21.5310874,11.9121859,7.004016795,5.096775016,9.430295584,683184.9219,543510.8278,538076.4726,2.4,1.6,1.4,407.1457574,405.6564812,412.1292799,0.581979368,0.553714547,0.431876023,0.405741951,0.432188333,0.548702213,16.47928702,22.64623553,15.03808552,9.020316419,6.166948511,7.458970601,733176.0083,541263.5597,615648.6197
679,2.4,1.6,1.4,407.1457574,405.6564812,412.1292799,0.581979368,0.553714547,0.431876023,0.405741951,0.432188333,0.548702213,16.47928702,22.64623553,15.03808552,9.020316419,6.166948511,7.458970601,733176.0083,541263.5597,615648.6197,1.5,0.65,1.3,435.0524427,434.8774095,440.2863006,0.400541752,0.383577839,0.165320046,0.564406005,0.577928028,0.7658132,23.81296479,27.13588842,9.857670788,6.873535736,3.322923633,16.93942905,732547.0982,588563.8775,616455.6591
680,1.5,0.65,1.3,435.0524427,434.8774095,440.2863006,0.400541752,0.383577839,0.165320046,0.564406005,0.577928028,0.7658132,23.81296479,27.13588842,9.857670788,6.873535736,3.322923633,16.93942905,732547.0982,588563.8775,616455.6591,2.1,1.8,2.0,416.7968782,420.0773657,424.3748513,0.509100382,0.422223675,0.207455777,0.472905347,0.552065961,0.747908364,27.28571309,31.13102706,12.88427981,9.396745202,3.84531397,17.88896789,688808.643,531582.2266,561891.7667
681,2.1,1.8,2.0,416.7968782,420.0773657,424.3748513,0.509100382,0.422223675,0.207455777,0.472905347,0.552065961,0.747908364,27.28571309,31.13102706,12.88427981,9.396745202,3.84531397,17.88896789,688808.643,531582.2266,561891.7667,1.6,1.3,2.2,434.3453629,414.084614,420.306476,0.372033128,0.495978872,0.326141277,0.582708162,0.471102563,0.623933272,13.69375103,23.34442896,13.1575301,3.706595279,9.650677934,9.987155747,696984.3212,504238.7229,610044.775
682,1.6,1.3,2.2,434.3453629,414.084614,420.306476,0.372033128,0.495978872,0.326141277,0.582708162,0.471102563,0.623933272,13.69375103,23.34442896,13.1575301,3.706595279,9.650677934,9.987155747,696984.3212,504238.7229,610044.775,1.9,0.76,1.6,419.124798,414.2018941,419.8314664,0.514887792,0.542095442,0.363834957,0.466220421,0.439963851,0.607612902,17.26405315,22.72722152,12.10500254,6.850112979,5.463168365,10.41394018,686377.8511,551299.8896,537363.4463
683,1.9,0.76,1.6,419.124798,414.2018941,419.8314664,0.514887792,0.542095442,0.363834957,0.466220421,0.439963851,0.607612902,17.26405315,22.72722152,12.10500254,6.850112979,5.463168365,10.41394018,686377.8511,551299.8896,537363.4463,1.9,2.5,0.87,407.1639881,402.5799684,407.4519699,0.634270001,0.588073265,0.443687799,0.357433027,0.401167208,0.540246127,18.67365853,28.15463158,16.80409862,7.545685031,9.480973055,11.1279735,711721.1271,544763.8347,576109.2381
684,1.9,2.5,0.87,407.1639881,402.5799684,407.4519699,0.634270001,0.588073265,0.443687799,0.357433027,0.401167208,0.540246127,18.67365853,28.15463158,16.80409862,7.545685031,9.480973055,11.1279735,711721.1271,544763.8347,576109.2381,1.2,1.8,1.5,398.4021451,396.1571977,399.8003591,0.814733683,0.758976325,0.611387615,0.183728887,0.238478361,0.383930218,25.39333235,33.94782503,15.82267875,7.623581095,8.554492677,17.76975126,694968.1245,500576.9158,519444.6481
685,1.2,1.8,1.5,398.4021451,396.1571977,399.8003591,0.814733683,0.758976325,0.611387615,0.183728887,0.238478361,0.383930218,25.39333235,33.94782503,15.82267875,7.623581095,8.554492677,17.76975126,694968.1245,500576.9158,519444.6481,0.73,1.2,1.2,432.2166129,414.2709608,421.7852261,0.509651213,0.545806751,0.406538745,0.46927164,0.435310836,0.566364841,9.800003248,17.7093332,11.07034162,3.291187974,7.909329951,6.508815273,699527.7555,527076.5077,558905.6699
687,1.2,1.5,2.4,431.033487,425.4597845,430.6574091,0.45441874,0.424052061,0.210526401,0.520191813,0.545453691,0.736975262,20.7859305,27.68815174,11.67316424,5.084962363,6.902221236,15.70096814,708666.2933,604175.8439,604434.3426,2.0,2.3,0.69,422.2240942,420.0588973,424.7311053,0.428363214,0.369633791,0.194296514,0.541585921,0.591224811,0.745851248,19.15900108,25.51805061,13.14818979,7.031686553,6.359049526,12.12731453,732677.7113,511850.8448,500747.3372
688,2.0,2.3,0.69,422.2240942,420.0588973,424.7311053,0.428363214,0.369633791,0.194296514,0.541585921,0.591224811,0.745851248,19.15900108,25.51805061,13.14818979,7.031686553,6.359049526,12.12731453,732677.7113,511850.8448,500747.3372,1.2,1.0,0.86,427.6196796,420.6212363,428.5916385,0.474851166,0.473787561,0.313797744,0.500055297,0.49997431,0.647605879,12.60021815,18.11677085,10.64507042,5.275021639,5.516552708,7.325196507,696821.8846,535783.1279,606471.4829
689,1.2,1.0,0.86,427.6196796,420.6212363,428.5916385,0.474851166,0.473787561,0.313797744,0.500055297,0.49997431,0.647605879,12.60021815,18.11677085,10.64507042,5.275021639,5.516552708,7.325196507,696821.8846,535783.1279,606471.4829,2.3,1.2,1.1,396.3107165,391.2592192,396.9191568,0.702827938,0.730877072,0.661702057,0.292175326,0.264725578,0.332493902,16.02321471,24.55336902,17.65614091,9.261226372,8.530154307,6.76198834,722613.5994,497695.843,583675.5153
690,2.3,1.2,1.1,396.3107165,391.2592192,396.9191568,0.702827938,0.730877072,0.661702057,0.292175326,0.264725578,0.332493902,16.02321471,24.55336902,17.65614091,9.261226372,8.530154307,6.76198834,722613.5994,497695.843,583675.5153,1.3,1.6,1.7,420.3890824,423.0041057,427.88894,0.551777864,0.450133018,0.232622484,0.433696777,0.527047793,0.727558994,23.62708367,27.99783987,11.80801036,7.754701797,4.370756205,15.87238187,728181.3116,570507.2263,574414.8438
691,1.3,1.6,1.7,420.3890824,423.0041057,427.88894,0.551777864,0.450133018,0.232622484,0.433696777,0.527047793,0.727558994,23.62708367,27.99783987,11.80801036,7.754701797,4.370756205,15.87238187,728181.3116,570507.2263,574414.8438,2.1,0.82,1.7,418.1035635,411.2674057,416.7735009,0.502454838,0.551317697,0.391185574,0.47688433,0.430377694,0.58096311,16.42235431,22.69099126,13.01701916,6.938067934,6.268636954,9.484286375,718649.144,550603.3667,524737.6984
693,0.67,0.74,2.1,392.2214833,390.7189113,396.9162311,0.89015449,0.862554481,0.814747228,0.109324336,0.136679621,0.184162688,14.64339128,21.27295383,14.1048285,7.615817427,6.629562552,7.027573855,701315.7178,566107.5386,553708.2487,1.9,2.5,1.9,402.1033595,403.9723965,408.2231532,0.69460909,0.592107555,0.438367244,0.300133393,0.398449105,0.547115159,21.70092431,28.63920982,16.4005172,9.702206058,6.93828551,11.99871825,723932.2071,601321.24,511310.7132
695,1.6,1.1,1.3,441.8701283,423.5722419,429.7919018,0.294626503,0.409362617,0.238619765,0.633783511,0.535498635,0.679368413,12.983815,20.69025572,11.51207054,3.985594234,7.706440723,8.998220763,732090.6924,535107.7922,540492.2077,2.3,0.65,2.2,397.1629959,393.6749434,398.1075533,0.75941259,0.782483728,0.667060841,0.237686212,0.214906785,0.328511204,24.98109844,33.03978485,17.32858259,9.577958976,8.058686407,15.40313947,684244.12,604631.7072,615091.8161
696,2.3,0.65,2.2,397.1629959,393.6749434,398.1075533,0.75941259,0.782483728,0.667060841,0.237686212,0.214906785,0.328511204,24.98109844,33.03978485,17.32858259,9.577958976,8.058686407,15.40313947,684244.12,604631.7072,615091.8161,2.3,2.0,1.8,422.9405692,416.9411724,421.2657022,0.442557181,0.441280405,0.234342798,0.530955547,0.530272017,0.717894858,24.46555545,32.97976023,14.92483181,6.764645241,8.514204775,17.70091021,720561.9513,593683.5695,599022.5881
697,2.3,2.0,1.8,422.9405692,416.9411724,421.2657022,0.442557181,0.441280405,0.234342798,0.530955547,0.530272017,0.717894858,24.46555545,32.97976023,14.92483181,6.764645241,8.514204775,17.70091021,720561.9513,593683.5695,599022.5881,1.4,1.1,2.4,401.1766588,399.9748219,405.090148,0.765074604,0.726367033,0.596649882,0.232135596,0.269950659,0.397334711,19.7810514,25.57497858,13.93596845,8.370257143,5.79392719,11.41079425,730943.166,493631.1696,549454.9909
698,1.4,1.1,2.4,401.1766588,399.9748219,405.090148,0.765074604,0.726367033,0.596649882,0.232135596,0.269950659,0.397334711,19.7810514,25.57497858,13.93596845,8.370257143,5.79392719,11.41079425,730943.166,493631.1696,549454.9909,2.2,0.5,0.65,414.2500653,414.1934986,418.4047889,0.580146218,0.578874067,0.358225304,0.408078654,0.40896653,0.61929586,24.963848,28.27707264,11.91819853,8.925736131,3.313224637,16.03811187,689234.1466,512096.7078,500148.8817
699,2.2,0.5,0.65,414.2500653,414.1934986,418.4047889,0.580146218,0.578874067,0.358225304,0.408078654,0.40896653,0.61929586,24.963848,28.27707264,11.91819853,8.925736131,3.313224637,16.03811187,689234.1466,512096.7078,500148.8817,2.2,0.88,1.7,414.5701863,406.0920248,412.6504698,0.506694704,0.581435799,0.461623868,0.472745408,0.401968138,0.515328573,13.91394107,20.90983933,13.80350336,6.946945019,6.995898262,6.966996052,692033.9033,557300.4469,575968.3291
700,2.2,0.88,1.7,414.5701863,406.0920248,412.6504698,0.506694704,0.581435799,0.461623868,0.472745408,0.401968138,0.515328573,13.91394107,20.90983933,13.80350336,6.946945019,6.995898262,6.966996052,692033.9033,557300.4469,575968.3291,1.9,1.8,1.4,418.1592761,407.423337,412.1931424,0.521733679,0.551274428,0.379522479,0.460712396,0.432219949,0.594537173,17.99531255,27.74560064,15.13785215,5.634774812,9.750288089,12.36053774,719279.8043,496307.6693,555834.0159
701,1.9,1.8,1.4,418.1592761,407.423337,412.1931424,0.521733679,0.551274428,0.379522479,0.460712396,0.432219949,0.594537173,17.99531255,27.74560064,15.13785215,5.634774812,9.750288089,12.36053774,719279.8043,496307.6693,555834.0159,1.8,1.6,0.8,430.2221508,422.0030159,427.3691467,0.394686819,0.409574639,0.220591122,0.568490314,0.552953894,0.720098269,18.61388085,26.24245192,13.00785422,5.638785073,7.628571065,12.97509578,739396.2054,607072.8446,591446.0514
702,1.8,1.6,0.8,430.2221508,422.0030159,427.3691467,0.394686819,0.409574639,0.220591122,0.568490314,0.552953894,0.720098269,18.61388085,26.24245192,13.00785422,5.638785073,7.628571065,12.97509578,739396.2054,607072.8446,591446.0514,1.4,2.1,1.6,428.2145325,428.8320134,433.188611,0.401437928,0.31688665,0.130659458,0.563474801,0.633269054,0.786615156,22.70851697,27.78218269,11.11281704,6.366001625,5.073665723,16.34251534,693827.0151,528399.3146,508350.6108
704,1.6,1.9,1.2,449.0832696,430.3289767,436.4765545,0.219235235,0.304070582,0.143748772,0.675130184,0.607169171,0.725230694,14.10103491,22.8747943,11.84199452,3.284564532,8.773759391,10.81647038,720332.6106,586567.5293,590628.4709,1.3,0.85,0.87,425.5337204,414.0004392,418.8998292,0.554782568,0.602536684,0.393856811,0.430729192,0.384617058,0.582835723,19.90493901,28.60673425,12.65630346,4.267261757,8.701795244,15.63767725,707422.4295,606980.2046,588653.0697
706,1.8,1.9,1.6,440.4537357,422.4761859,428.5993991,0.279627933,0.366917063,0.200067438,0.646194484,0.572016004,0.709783299,14.4275415,23.63401226,12.97237516,3.974956106,9.206470762,10.45258539,734717.3268,523493.7444,607811.2998,1.7,2.0,1.5,414.7508236,406.2046052,411.4219119,0.576249976,0.570408632,0.409056893,0.41130518,0.416242851,0.57030469,17.72034833,27.32017713,15.4008317,6.034715553,9.599828799,11.68563277,715322.9923,527324.3199,598650.4156
707,1.7,2.0,1.5,414.7508236,406.2046052,411.4219119,0.576249976,0.570408632,0.409056893,0.41130518,0.416242851,0.57030469,17.72034833,27.32017713,15.4008317,6.034715553,9.599828799,11.68563277,715322.9923,527324.3199,598650.4156,0.85,1.1,2.0,420.2689587,408.2667074,414.7432339,0.626793678,0.640745877,0.508117227,0.363693414,0.350038621,0.478048314,12.12280344,20.42824016,12.25744895,4.11222383,8.305436711,8.010579614,681009.4686,618558.7264,555678.3744
708,0.85,1.1,2.0,420.2689587,408.2667074,414.7432339,0.626793678,0.640745877,0.508117227,0.363693414,0.350038621,0.478048314,12.12280344,20.42824016,12.25744895,4.11222383,8.305436711,8.010579614,681009.4686,618558.7264,555678.3744,1.6,2.0,1.0,425.0053843,428.5702236,433.9241023,0.427855264,0.318986554,0.136868486,0.541073486,0.633718185,0.786277787,22.98623904,26.82891849,11.39729769,7.857199047,3.842679446,15.12904,726464.8064,500040.7364,603282.8952
709,1.6,2.0,1.0,425.0053843,428.5702236,433.9241023,0.427855264,0.318986554,0.136868486,0.541073486,0.633718185,0.786277787,22.98623904,26.82891849,11.39729769,7.857199047,3.842679446,15.12904,726464.8064,500040.7364,603282.8952,0.93,2.4,1.4,418.6518876,423.9639548,428.3331021,0.5586919,0.395114741,0.182843161,0.425759872,0.574095542,0.763666582,24.52688071,28.69518643,11.46273162,7.632317169,4.168305718,16.89456354,698769.0634,491015.4132,526568.5899
710,0.93,2.4,1.4,418.6518876,423.9639548,428.3331021,0.5586919,0.395114741,0.182843161,0.425759872,0.574095542,0.763666582,24.52688071,28.69518643,11.46273162,7.632317169,4.168305718,16.89456354,698769.0634,491015.4132,526568.5899,0.82,0.69,2.3,398.126266,398.9768363,403.9897474,0.857618052,0.817178315,0.714412996,0.141478444,0.181428191,0.283175269,19.43440095,23.87578414,12.29374367,8.079459304,4.441383196,11.35494164,718892.6791,542724.6841,502685.5517
711,0.82,0.69,2.3,398.126266,398.9768363,403.9897474,0.857618052,0.817178315,0.714412996,0.141478444,0.181428191,0.283175269,19.43440095,23.87578414,12.29374367,8.079459304,4.441383196,11.35494164,718892.6791,542724.6841,502685.5517,1.0,1.2,0.97,422.0833825,425.6618487,430.1333129,0.591046517,0.492389139,0.252227975,0.397704506,0.489822554,0.714062384,25.40965725,28.95776709,10.69751387,7.507448207,3.548109845,17.90220904,714506.7261,607882.875,543831.2377
713,0.91,0.67,0.91,446.3370769,431.2701179,440.1690289,0.348893154,0.41940097,0.252630217,0.59617189,0.533706745,0.678188011,10.62567624,16.15635718,9.187560821,3.793522941,5.530680945,6.832153298,730701.198,557938.9878,603850.8049,1.3,0.61,0.76,407.0515276,404.1877985,411.4299205,0.701465515,0.70182998,0.585053764,0.293295795,0.292814338,0.406828701,14.88595767,19.84589599,11.90328783,7.099086924,4.959938317,7.786870751,689779.4556,508025.5294,603650.8119
714,1.3,0.61,0.76,407.0515276,404.1877985,411.4299205,0.701465515,0.70182998,0.585053764,0.293295795,0.292814338,0.406828701,14.88595767,19.84589599,11.90328783,7.099086924,4.959938317,7.786870751,689779.4556,508025.5294,603650.8119,1.6,0.96,1.6,403.2202741,399.4112361,403.0370834,0.755962042,0.750456449,0.59080125,0.241097661,0.246377839,0.403210347,25.36899825,33.12606459,14.78224826,7.3848646,7.757066336,17.98413365,698413.1229,554140.3966,504461.318
715,1.6,0.96,1.6,403.2202741,399.4112361,403.0370834,0.755962042,0.750456449,0.59080125,0.241097661,0.246377839,0.403210347,25.36899825,33.12606459,14.78224826,7.3848646,7.757066336,17.98413365,698413.1229,554140.3966,504461.318,1.7,1.8,1.8,401.9816139,400.5596495,405.0093761,0.711730907,0.660391859,0.529630849,0.283720489,0.333325838,0.460819937,18.80333341,26.48887008,15.6931338,8.219278236,7.685536666,10.58405517,689739.4596,611667.2572,495046.1815
716,1.7,1.8,1.8,401.9816139,400.5596495,405.0093761,0.711730907,0.660391859,0.529630849,0.283720489,0.333325838,0.460819937,18.80333341,26.48887008,15.6931338,8.219278236,7.685536666,10.58405517,689739.4596,611667.2572,495046.1815,2.2,1.3,1.0,414.0874419,410.4143173,414.2533591,0.56298472,0.554639351,0.346669482,0.42405716,0.431357771,0.628837901,23.93392887,30.46871455,13.93860114,7.727935334,6.534785679,16.20599354,710753.0747,495766.0917,491278.9332
718,2.4,0.87,2.2,436.715619,433.3583282,438.562016,0.283311898,0.306964983,0.127236159,0.6468267,0.623836062,0.761229357,21.30393076,25.64178488,10.80156066,6.754691326,4.33785412,14.54923944,720881.1706,577750.9648,560459.5756,0.61,0.76,1.9,399.2879697,395.4177571,399.1797962,0.889856282,0.866247445,0.765989564,0.109645609,0.1330385,0.232588383,23.2107624,31.29291936,13.52690552,5.793101771,8.082156958,17.41766063,723515.4801,580721.3345,494445.746
719,0.61,0.76,1.9,399.2879697,395.4177571,399.1797962,0.889856282,0.866247445,0.765989564,0.109645609,0.1330385,0.232588383,23.2107624,31.29291936,13.52690552,5.793101771,8.082156958,17.41766063,723515.4801,580721.3345,494445.746,1.4,0.75,1.5,410.3570143,412.6552503,418.9646187,0.659076428,0.614682747,0.463997635,0.333671244,0.376183707,0.521850188,16.23132643,19.94944318,11.36903445,7.819161004,3.718116755,8.412165422,695392.6342,619953.007,528648.742
720,1.4,0.75,1.5,410.3570143,412.6552503,418.9646187,0.659076428,0.614682747,0.463997635,0.333671244,0.376183707,0.521850188,16.23132643,19.94944318,11.36903445,7.819161004,3.718116755,8.412165422,695392.6342,619953.007,528648.742,1.3,0.91,2.3,395.4116823,394.0509144,398.3433984,0.8474027,0.824719747,0.707905146,0.151600127,0.174004219,0.289687772,26.6191424,33.22436279,15.26903381,9.0158787,6.605220384,17.6032637,697952.3718,519489.2305,598982.3075
721,1.3,0.91,2.3,395.4116823,394.0509144,398.3433984,0.8474027,0.824719747,0.707905146,0.151600127,0.174004219,0.289687772,26.6191424,33.22436279,15.26903381,9.0158787,6.605220384,17.6032637,697952.3718,519489.2305,598982.3075,1.4,2.2,0.68,399.2462252,397.9420498,401.8411159,0.776841809,0.703635757,0.555150222,0.22075212,0.292174868,0.437777866,23.16567519,31.67676408,16.38918327,8.177850866,8.51108889,14.98782433,686671.7716,540412.6212,518741.2136
722,1.4,2.2,0.68,399.2462252,397.9420498,401.8411159,0.776841809,0.703635757,0.555150222,0.22075212,0.292174868,0.437777866,23.16567519,31.67676408,16.38918327,8.177850866,8.51108889,14.98782433,686671.7716,540412.6212,518741.2136,1.5,0.54,1.3,389.6434106,387.6098253,390.9425643,0.873857112,0.876628533,0.795617884,0.125490917,0.122721345,0.203182118,27.42886292,35.03382551,16.80014574,9.55270628,7.604962596,17.87615664,691537.4991,531065.2891,490386.0987
723,1.5,0.54,1.3,389.6434106,387.6098253,390.9425643,0.873857112,0.876628533,0.795617884,0.125490917,0.122721345,0.203182118,27.42886292,35.03382551,16.80014574,9.55270628,7.604962596,17.87615664,691537.4991,531065.2891,490386.0987,0.79,0.61,1.5,421.3212965,415.4598691,420.1774985,0.700574857,0.690120112,0.478913927,0.294360624,0.304241741,0.509614859,21.56117277,27.83481621,10.74425607,4.805721647,6.273643442,16.75545112,737510.6155,581754.0667,551522.1318
724,0.79,0.61,1.5,421.3212965,415.4598691,420.1774985,0.700574857,0.690120112,0.478913927,0.294360624,0.304241741,0.509614859,21.56117277,27.83481621,10.74425607,4.805721647,6.273643442,16.75545112,737510.6155,581754.0667,551522.1318,1.1,0.64,1.3,391.3957196,390.8395555,395.2627156,0.89173664,0.876765044,0.794410194,0.107790503,0.122645741,0.2044921,26.91012932,33.06886484,15.66737754,9.849847657,6.158735515,17.06028166,709410.5395,562322.6874,614329.3062
725,1.1,0.64,1.3,391.3957196,390.8395555,395.2627156,0.89173664,0.876765044,0.794410194,0.107790503,0.122645741,0.2044921,26.91012932,33.06886484,15.66737754,9.849847657,6.158735515,17.06028166,709410.5395,562322.6874,614329.3062,1.9,1.2,2.5,401.0484324,396.3128626,401.7790463,0.707617777,0.719168708,0.622603545,0.287560905,0.276185407,0.370699998,17.43177759,26.01826178,16.71727228,8.313160437,8.586484184,9.118617154,732501.2288,618161.4857,597329.0851
727,2.4,0.96,1.4,455.8546072,424.3843241,430.4904073,0.151179785,0.398653925,0.237348772,0.653053656,0.484236493,0.596295859,11.45195467,20.61104188,12.2679197,3.272423117,9.159087213,8.179531552,706182.8575,516647.4749,528957.1233,1.0,0.94,1.4,400.1608231,396.6569693,401.1501523,0.824397948,0.801098765,0.685091313,0.174191489,0.197116151,0.311750134,20.46099692,27.88789418,13.88896211,6.736553714,7.426897257,13.7244432,691296.2479,539229.5244,526282.6167
728,1.0,0.94,1.4,400.1608231,396.6569693,401.1501523,0.824397948,0.801098765,0.685091313,0.174191489,0.197116151,0.311750134,20.46099692,27.88789418,13.88896211,6.736553714,7.426897257,13.7244432,691296.2479,539229.5244,526282.6167,0.56,2.4,0.77,417.002737,427.010977,433.483548,0.628442214,0.365861172,0.193452628,0.358274292,0.59426972,0.74610782,16.48155811,20.21312355,10.56765797,7.025219313,3.731565435,9.4563388,722851.3701,521916.9269,549489.825
732,2.4,0.6,0.73,454.1460666,438.8516528,445.0129368,0.159451002,0.294354641,0.129585052,0.66619058,0.56864436,0.667354491,14.39752367,19.94013307,9.914885217,4.56884931,5.542609394,9.828674364,715245.1246,558854.3716,516022.673,1.6,1.3,1.8,405.7461519,400.3867098,404.5283338,0.716904911,0.706493842,0.544520695,0.278850175,0.288815171,0.447168084,22.72784645,31.27302999,15.10446739,6.87631449,8.545183535,15.85153196,713698.1832,500900.4886,543972.0653
733,1.6,1.3,1.8,405.7461519,400.3867098,404.5283338,0.716904911,0.706493842,0.544520695,0.278850175,0.288815171,0.447168084,22.72784645,31.27302999,15.10446739,6.87631449,8.545183535,15.85153196,713698.1832,500900.4886,543972.0653,0.96,2.0,1.7,399.5988104,407.7514022,413.5115361,0.796823315,0.622437488,0.471197679,0.200865714,0.369823435,0.516711346,19.9538818,23.66163482,13.35496214,9.849300743,3.707753019,10.10458106,708506.8884,597266.3971,572436.3108
734,0.96,2.0,1.7,399.5988104,407.7514022,413.5115361,0.796823315,0.622437488,0.471197679,0.200865714,0.369823435,0.516711346,19.9538818,23.66163482,13.35496214,9.849300743,3.707753019,10.10458106,708506.8884,597266.3971,572436.3108,1.0,1.6,1.7,389.4096076,387.4825028,391.5649157,0.890916422,0.847204972,0.769668744,0.108599919,0.151905523,0.228870869,23.36760431,32.75918149,18.16370539,9.058314016,9.391577179,14.3092903,730048.6442,515715.4359,561693.3077
736,2.2,1.7,2.5,425.2564144,425.0134609,430.0887031,0.389321227,0.341159335,0.160221376,0.5734704,0.613149363,0.767550789,21.22859498,25.95781315,12.1019948,7.644459345,4.729218168,13.58413564,722472.2602,517458.3854,553373.3396,2.1,1.9,1.7,434.8756632,429.58878,434.9459226,0.281089641,0.275559698,0.119016682,0.64867075,0.647911715,0.765514832,17.85081873,23.71013643,11.3605074,5.74333929,5.859317697,12.10747944,703823.3721,501703.7134,533485.8583
737,2.1,1.9,1.7,434.8756632,429.58878,434.9459226,0.281089641,0.275559698,0.119016682,0.64867075,0.647911715,0.765514832,17.85081873,23.71013643,11.3605074,5.74333929,5.859317697,12.10747944,703823.3721,501703.7134,533485.8583,0.53,2.0,1.8,422.6086706,418.3652833,423.3648108,0.640423335,0.51024083,0.307395536,0.350870894,0.472395164,0.663355369,16.82535716,24.22669979,11.51232683,4.360285629,7.401342634,12.46507153,736862.9709,515411.7644,508711.7081
738,0.53,2.0,1.8,422.6086706,418.3652833,423.3648108,0.640423335,0.51024083,0.307395536,0.350870894,0.472395164,0.663355369,16.82535716,24.22669979,11.51232683,4.360285629,7.401342634,12.46507153,736862.9709,515411.7644,508711.7081,2.1,1.0,1.5,395.8174991,391.6523351,395.0888232,0.786053188,0.793700135,0.674103557,0.211797604,0.2041932,0.322173407,26.61645641,35.82768278,17.83844043,8.979944299,9.211226369,17.63651211,735045.507,506133.7114,517108.6231
739,2.1,1.0,1.5,395.8174991,391.6523351,395.0888232,0.786053188,0.793700135,0.674103557,0.211797604,0.2041932,0.322173407,26.61645641,35.82768278,17.83844043,8.979944299,9.211226369,17.63651211,735045.507,506133.7114,517108.6231,1.2,1.5,1.7,400.6698992,395.3029447,400.0230788,0.780180021,0.755781136,0.653058191,0.2174208,0.241263441,0.342381558,17.60959726,27.28571331,16.13961504,6.682049943,9.676116043,10.92754732,716081.0029,599331.3219,540927.4703
740,1.2,1.5,1.7,400.6698992,395.3029447,400.0230788,0.780180021,0.755781136,0.653058191,0.2174208,0.241263441,0.342381558,17.60959726,27.28571331,16.13961504,6.682049943,9.676116043,10.92754732,716081.0029,599331.3219,540927.4703,1.1,1.5,0.52,394.3772662,393.022622,397.1268035,0.84572082,0.79549564,0.697200214,0.1532275,0.20273982,0.299943592,20.74873784,28.81234563,16.12516437,8.310324839,8.063607787,12.438413,714131.8868,574646.2074,496654.5925
742,0.76,1.4,2.4,438.1532646,434.4341544,441.0289248,0.406068226,0.329345213,0.153988809,0.557166235,0.618778336,0.765255898,14.16260867,19.20972901,9.144668217,4.294902016,5.047120333,9.867706656,691058.5742,534252.4141,532116.2399,0.69,0.65,1.7,402.3719688,400.8397909,407.2252391,0.836897831,0.802252524,0.70896397,0.161835279,0.195967156,0.288180976,15.47831675,20.78187531,11.78585265,6.658686688,5.303558559,8.819630061,716100.8889,561418.5089,557346.6262
743,0.69,0.65,1.7,402.3719688,400.8397909,407.2252391,0.836897831,0.802252524,0.70896397,0.161835279,0.195967156,0.288180976,15.47831675,20.78187531,11.78585265,6.658686688,5.303558559,8.819630061,716100.8889,561418.5089,557346.6262,0.5,1.7,1.3,397.3429187,398.1459312,402.2177848,0.885328916,0.790869602,0.647785456,0.114061211,0.207286231,0.348642385,24.99358038,31.35922521,13.73440746,7.714347287,6.365644833,17.27923309,686623.6665,501835.743,536298.7028
744,0.5,1.7,1.3,397.3429187,398.1459312,402.2177848,0.885328916,0.790869602,0.647785456,0.114061211,0.207286231,0.348642385,24.99358038,31.35922521,13.73440746,7.714347287,6.365644833,17.27923309,686623.6665,501835.743,536298.7028,1.2,1.0,0.69,392.5135862,391.4979312,396.420847,0.862266058,0.835060438,0.749408205,0.136921697,0.163828868,0.248745749,22.61046347,29.63877454,16.14428276,9.380569558,7.028311078,13.22989391,713368.809,560027.5156,612818.6029
746,1.5,1.4,1.3,416.5298111,421.8609047,428.53165,0.547490553,0.433237189,0.269486078,0.436730888,0.540991005,0.692497696,15.95129754,19.60549107,11.26551564,7.774851042,3.654193527,8.176446502,693448.2142,619084.832,549291.0885,0.65,0.55,2.1,424.9183563,416.2713127,420.6311251,0.696423784,0.699336269,0.485502113,0.298306807,0.295156615,0.503025993,20.10095659,27.07717864,10.10906812,3.465554116,6.976222049,16.63540247,704218.5725,595351.7686,495816.3038
747,0.65,0.55,2.1,424.9183563,416.2713127,420.6311251,0.696423784,0.699336269,0.485502113,0.298306807,0.295156615,0.503025993,20.10095659,27.07717864,10.10906812,3.465554116,6.976222049,16.63540247,704218.5725,595351.7686,495816.3038,1.9,1.1,0.5,418.7435455,408.8604643,415.39001,0.488170141,0.554437186,0.423974285,0.488782919,0.426490271,0.549171226,13.47564945,21.06414089,13.561737,6.120351522,7.588491441,7.355297924,686938.2889,592264.4638,577664.4007
748,1.9,1.1,0.5,418.7435455,408.8604643,415.39001,0.488170141,0.554437186,0.423974285,0.488782919,0.426490271,0.549171226,13.47564945,21.06414089,13.561737,6.120351522,7.588491441,7.355297924,686938.2889,592264.4638,577664.4007,1.3,0.51,2.4,397.7022384,391.3014396,397.3187674,0.782142422,0.823367249,0.764598787,0.21541444,0.174742611,0.232739238,14.57671658,22.99150826,15.38811038,7.122404922,8.414791686,7.454311653,700670.0138,596447.4362,581059.0931
749,1.3,0.51,2.4,397.7022384,391.3014396,397.3187674,0.782142422,0.823367249,0.764598787,0.21541444,0.174742611,0.232739238,14.57671658,22.99150826,15.38811038,7.122404922,8.414791686,7.454311653,700670.0138,596447.4362,581059.0931,2.2,2.5,0.53,419.7313807,415.2849487,420.5349982,0.457776132,0.422234681,0.24597917,0.517030793,0.547404082,0.707710502,19.79462597,27.93526567,15.02136684,7.133940849,8.140639695,12.66068513,699018.6883,577971.4641,615979.1807
750,2.2,2.5,0.53,419.7313807,415.2849487,420.5349982,0.457776132,0.422234681,0.24597917,0.517030793,0.547404082,0.707710502,19.79462597,27.93526567,15.02136684,7.133940849,8.140639695,12.66068513,699018.6883,577971.4641,615979.1807,1.1,0.65,2.2,422.8222739,416.4524131,421.2595619,0.607210178,0.616710637,0.403565407,0.382562347,0.372945538,0.577135131,19.54544931,25.6088844,10.90196253,5.126898458,6.063435092,14.41855085,696753.0049,566999.6735,517051.0601
751,1.1,0.65,2.2,422.8222739,416.4524131,421.2595619,0.607210178,0.616710637,0.403565407,0.382562347,0.372945538,0.577135131,19.54544931,25.6088844,10.90196253,5.126898458,6.063435092,14.41855085,696753.0049,566999.6735,517051.0601,1.1,1.7,1.9,400.2190932,403.9379976,408.2391931,0.804037846,0.698773284,0.518085682,0.194105677,0.297050552,0.474126414,26.71478797,30.82790427,13.74816883,9.96994931,4.113116299,16.74483866,712561.3864,498234.9898,556899.8693
752,1.1,1.7,1.9,400.2190932,403.9379976,408.2391931,0.804037846,0.698773284,0.518085682,0.194105677,0.297050552,0.474126414,26.71478797,30.82790427,13.74816883,9.96994931,4.113116299,16.74483866,712561.3864,498234.9898,556899.8693,1.3,2.3,0.73,413.5586782,416.8629746,421.1290499,0.613768232,0.483827866,0.269763781,0.376385767,0.497754622,0.698353188,24.74723678,30.1824915,13.35763848,8.252282842,5.435254718,16.49495394,696323.0206,593135.4377,540795.4031
753,1.3,2.3,0.73,413.5586782,416.8629746,421.1290499,0.613768232,0.483827866,0.269763781,0.376385767,0.497754622,0.698353188,24.74723678,30.1824915,13.35763848,8.252282842,5.435254718,16.49495394,696323.0206,593135.4377,540795.4031,2.2,1.9,2.5,438.4344277,431.0659998,435.8884833,0.258797359,0.278555208,0.112062261,0.663205593,0.641824303,0.762746753,20.99889267,27.95888564,12.03355036,5.385818863,6.959992971,15.61307381,730700.452,567870.6544,566357.8915
754,2.2,1.9,2.5,438.4344277,431.0659998,435.8884833,0.258797359,0.278555208,0.112062261,0.663205593,0.641824303,0.762746753,20.99889267,27.95888564,12.03355036,5.385818863,6.959992971,15.61307381,730700.452,567870.6544,566357.8915,1.3,2.5,0.98,416.8654927,422.9752092,427.8760498,0.547784257,0.390698428,0.185236885,0.436163627,0.578418899,0.762407255,25.69755306,29.7568456,12.52904226,8.807549796,4.059292534,16.89000327,680498.3636,559733.3538,612500.8872
755,1.3,2.5,0.98,416.8654927,422.9752092,427.8760498,0.547784257,0.390698428,0.185236885,0.436163627,0.578418899,0.762407255,25.69755306,29.7568456,12.52904226,8.807549796,4.059292534,16.89000327,680498.3636,559733.3538,612500.8872,1.5,2.4,2.2,389.2448944,388.2483098,392.6010329,0.827856085,0.76225771,0.693560551,0.170795802,0.235286185,0.303101948,17.84788529,27.30118139,18.98972513,9.699398769,9.453296096,8.14848652,705048.049,501984.2716,499103.7947
756,1.5,2.4,2.2,389.2448944,388.2483098,392.6010329,0.827856085,0.76225771,0.693560551,0.170795802,0.235286185,0.303101948,17.84788529,27.30118139,18.98972513,9.699398769,9.453296096,8.14848652,705048.049,501984.2716,499103.7947,1.7,2.2,1.6,438.1886931,424.6612594,428.6971429,0.296871726,0.342325407,0.151977057,0.643199402,0.600172122,0.754306673,19.68531311,29.12121751,12.56447527,3.453212878,9.435904401,16.23210023,736434.5422,494130.701,493650.164
757,1.7,2.2,1.6,438.1886931,424.6612594,428.6971429,0.296871726,0.342325407,0.151977057,0.643199402,0.600172122,0.754306673,19.68531311,29.12121751,12.56447527,3.453212878,9.435904401,16.23210023,736434.5422,494130.701,493650.164,2.1,2.5,1.7,418.145908,412.6915449,417.5566406,0.489110379,0.458306932,0.277404921,0.490097723,0.516949904,0.684146628,20.097251,28.84632296,15.33145363,6.847379104,8.749071966,13.24987189,700620.7544,554103.695,589420.1126
760,1.3,1.7,1.8,450.2540733,425.0709134,432.7481071,0.225726783,0.34906038,0.212924644,0.662211128,0.570711232,0.678806967,9.216653994,17.4798941,11.20637995,3.06614993,8.263240102,6.150504064,685770.0949,532430.2681,563690.5843,2.2,2.4,1.7,405.6166808,403.1803412,407.880122,0.6472646,0.593873145,0.434919834,0.345302538,0.396137952,0.549480919,22.40334107,31.09635917,17.4078438,8.983227955,8.693018103,13.42011311,737826.7867,560768.4345,613788.3125
761,2.2,2.4,1.7,405.6166808,403.1803412,407.880122,0.6472646,0.593873145,0.434919834,0.345302538,0.396137952,0.549480919,22.40334107,31.09635917,17.4078438,8.983227955,8.693018103,13.42011311,737826.7867,560768.4345,613788.3125,1.9,1.2,0.7,394.1789044,391.9682874,395.6864789,0.808246297,0.79410486,0.679383838,0.190089909,0.203982951,0.317302808,26.28963764,34.5012055,17.64276003,9.761749917,8.211567863,16.52788772,720062.0815,539888.5086,538784.7598
764,1.6,0.92,2.2,447.2253312,431.7042205,437.1150796,0.267501576,0.364704037,0.162912282,0.654261984,0.569745706,0.727961839,18.21449954,25.69392057,10.75701183,3.570471364,7.479421031,14.64402818,730413.8416,543714.2903,583936.1589,1.6,1.8,1.1,430.8721161,430.7401795,435.5991359,0.371504707,0.307730836,0.12625784,0.587146023,0.638199064,0.785081692,22.56421377,27.37660191,11.13692964,6.64296645,4.812388136,15.92124732,737905.3653,530035.86,558690.7935
765,1.6,1.8,1.1,430.8721161,430.7401795,435.5991359,0.371504707,0.307730836,0.12625784,0.587146023,0.638199064,0.785081692,22.56421377,27.37660191,11.13692964,6.64296645,4.812388136,15.92124732,737905.3653,530035.86,558690.7935,2.0,1.4,1.7,410.0774877,414.566561,420.7282073,0.578835938,0.484085847,0.322068538,0.408728794,0.49723065,0.650149462,17.71161606,21.02074235,12.19692214,9.060811938,3.309126286,8.650804126,694382.8033,504423.8196,543987.0138
766,2.0,1.4,1.7,410.0774877,414.566561,420.7282073,0.578835938,0.484085847,0.322068538,0.408728794,0.49723065,0.650149462,17.71161606,21.02074235,12.19692214,9.060811938,3.309126286,8.650804126,694382.8033,504423.8196,543987.0138,1.5,0.8,0.67,394.6320759,389.554442,394.1852373,0.809169178,0.825836154,0.754798432,0.189098435,0.172604819,0.242849482,18.61635795,27.86359203,17.13350319,8.096663011,9.247234076,10.51969494,734597.8047,565939.634,541928.4726
767,1.5,0.8,0.67,394.6320759,389.554442,394.1852373,0.809169178,0.825836154,0.754798432,0.189098435,0.172604819,0.242849482,18.61635795,27.86359203,17.13350319,8.096663011,9.247234076,10.51969494,734597.8047,565939.634,541928.4726,1.3,2.2,0.59,417.3047439,422.6136894,428.1733651,0.554617484,0.402438021,0.21184731,0.430017038,0.567890579,0.740685345,21.00503796,25.41146393,12.28572678,8.136668208,4.406425968,12.86836975,708230.1623,583704.0089,593373.9488
768,1.3,2.2,0.59,417.3047439,422.6136894,428.1733651,0.554617484,0.402438021,0.21184731,0.430017038,0.567890579,0.740685345,21.00503796,25.41146393,12.28572678,8.136668208,4.406425968,12.86836975,708230.1623,583704.0089,593373.9488,1.7,0.91,1.1,401.4139155,398.8681579,402.8592303,0.763852648,0.754141112,0.60703058,0.233399057,0.242839151,0.387476653,25.03700555,31.92590753,15.09499472,8.536110648,6.888901975,16.5008949,730943.0031,553309.2005,535157.7908
770,1.4,1.5,1.6,444.428935,430.9954562,436.1614642,0.290719444,0.341887823,0.143902185,0.645736829,0.598008388,0.754941754,20.15729264,28.49131866,11.28819009,3.291480313,8.334026024,16.86581232,722271.8713,549496.7388,618191.0033,1.7,1.0,1.3,413.989693,407.8465888,413.0027731,0.594404002,0.609741648,0.448095424,0.394311644,0.379242999,0.53437293,17.36569176,24.19354808,13.232378,6.619446589,6.827856319,10.74624518,710835.6179,534603.3267,523930.3719
771,1.7,1.0,1.3,413.989693,407.8465888,413.0027731,0.594404002,0.609741648,0.448095424,0.394311644,0.379242999,0.53437293,17.36569176,24.19354808,13.232378,6.619446589,6.827856319,10.74624518,710835.6179,534603.3267,523930.3719,1.5,1.5,0.98,404.2314862,404.5162652,409.5121284,0.729522858,0.664663725,0.500371163,0.266615422,0.329493459,0.489739986,22.26880963,28.31887968,14.41163531,8.634256321,6.050070054,13.63455331,690354.713,583751.6197,594204.1923
772,1.5,1.5,0.98,404.2314862,404.5162652,409.5121284,0.729522858,0.664663725,0.500371163,0.266615422,0.329493459,0.489739986,22.26880963,28.31887968,14.41163531,8.634256321,6.050070054,13.63455331,690354.713,583751.6197,594204.1923,1.4,2.2,2.1,407.2234677,404.0492729,408.6468964,0.707647882,0.639974428,0.46796285,0.287711023,0.35287299,0.519965901,22.69974627,31.82408858,16.11616857,7.299824692,9.124342308,15.39992158,731367.5935,588989.228,614523.8683
773,1.4,2.2,2.1,407.2234677,404.0492729,408.6468964,0.707647882,0.639974428,0.46796285,0.287711023,0.35287299,0.519965901,22.69974627,31.82408858,16.11616857,7.299824692,9.124342308,15.39992158,731367.5935,588989.228,614523.8683,1.9,0.69,1.3,402.0015833,398.2909372,402.3206205,0.740569379,0.751706389,0.606006754,0.255960326,0.244927146,0.38793013,24.2028405,31.05667465,14.87941641,8.342783405,6.853834151,15.86005709,720668.3398,507191.5676,525623.5877
774,1.9,0.69,1.3,402.0015833,398.2909372,402.3206205,0.740569379,0.751706389,0.606006754,0.255960326,0.244927146,0.38793013,24.2028405,31.05667465,14.87941641,8.342783405,6.853834151,15.86005709,720668.3398,507191.5676,525623.5877,0.98,2.1,0.59,414.9602192,408.6367757,414.5251772,0.638677313,0.560772398,0.407722019,0.352926809,0.42631292,0.572865467,14.44319529,22.73198126,13.32947737,5.225054218,8.288785974,9.218141069,695055.6337,509472.4225,562191.3223
776,1.8,1.8,1.8,428.7489971,426.615569,431.3596657,0.396703547,0.355990518,0.157497714,0.568500928,0.601536995,0.771126121,24.1731917,30.13208455,12.35482709,6.74450792,5.958892848,17.42868378,728932.8947,580302.8273,600390.0506,2.5,0.71,1.5,420.8754814,415.7428177,421.3810163,0.463304282,0.509519113,0.318223904,0.51128229,0.467362442,0.644244786,20.30914756,26.06141309,13.20063501,7.700541598,5.75226553,12.60860597,687072.6709,598606.0821,617142.1735
777,2.5,0.71,1.5,420.8754814,415.7428177,421.3810163,0.463304282,0.509519113,0.318223904,0.51128229,0.467362442,0.644244786,20.30914756,26.06141309,13.20063501,7.700541598,5.75226553,12.60860597,687072.6709,598606.0821,617142.1735,1.8,1.1,2.5,428.6930516,430.3265634,434.732271,0.39784014,0.347706488,0.145046971,0.567424645,0.610045865,0.78187641,24.39620364,27.50370781,10.34113468,7.570151553,3.107504165,16.82605209,732361.0411,491495.9135,508940.6095
778,1.8,1.1,2.5,428.6930516,430.3265634,434.732271,0.39784014,0.347706488,0.145046971,0.567424645,0.610045865,0.78187641,24.39620364,27.50370781,10.34113468,7.570151553,3.107504165,16.82605209,732361.0411,491495.9135,508940.6095,1.1,0.61,2.2,427.6675436,403.196756,408.9410616,0.499833632,0.67546921,0.56049683,0.477040445,0.311204872,0.419990981,10.56730169,20.49919524,12.81089433,3.029751785,9.931893547,7.537549905,705056.5822,518876.445,494559.8392
779,1.1,0.61,2.2,427.6675436,403.196756,408.9410616,0.499833632,0.67546921,0.56049683,0.477040445,0.311204872,0.419990981,10.56730169,20.49919524,12.81089433,3.029751785,9.931893547,7.537549905,705056.5822,518876.445,494559.8392,2.3,1.2,1.5,430.0734499,411.8085448,417.6757487,0.340449487,0.491337174,0.344997284,0.604142375,0.470355323,0.600521133,13.38666113,22.61168337,14.08736242,5.029483724,9.225022241,8.357177406,703704.4661,543579.3805,557201.7958
780,2.3,1.2,1.5,430.0734499,411.8085448,417.6757487,0.340449487,0.491337174,0.344997284,0.604142375,0.470355323,0.600521133,13.38666113,22.61168337,14.08736242,5.029483724,9.225022241,8.357177406,703704.4661,543579.3805,557201.7958,2.3,1.1,1.3,429.3096991,418.5725123,424.278522,0.372916899,0.44356694,0.254895013,0.584106975,0.519262195,0.686429859,18.30720865,25.6642597,13.10253229,5.991789619,7.357051047,12.31541904,728552.9942,510670.01,615050.9786
781,2.3,1.1,1.3,429.3096991,418.5725123,424.278522,0.372916899,0.44356694,0.254895013,0.584106975,0.519262195,0.686429859,18.30720865,25.6642597,13.10253229,5.991789619,7.357051047,12.31541904,728552.9942,510670.01,615050.9786,0.78,2.2,1.4,417.6262853,421.0668442,425.728797,0.62897544,0.465294559,0.259209733,0.361175501,0.513077584,0.704441463,20.77954682,26.38199042,12.17979132,6.855822206,5.602443605,13.92372461,739666.8098,616066.011,516564.7791
782,0.78,2.2,1.4,417.6262853,421.0668442,425.728797,0.62897544,0.465294559,0.259209733,0.361175501,0.513077584,0.704441463,20.77954682,26.38199042,12.17979132,6.855822206,5.602443605,13.92372461,739666.8098,616066.011,516564.7791,2.0,1.9,1.4,410.4080142,407.9528906,412.1270027,0.602085988,0.557099966,0.381958369,0.387646159,0.429881005,0.597289647,20.83659906,28.15654722,15.06423817,8.001001955,7.31994816,12.8355971,730747.7255,557630.9164,493614.6876
783,2.0,1.9,1.4,410.4080142,407.9528906,412.1270027,0.602085988,0.557099966,0.381958369,0.387646159,0.429881005,0.597289647,20.83659906,28.15654722,15.06423817,8.001001955,7.31994816,12.8355971,730747.7255,557630.9164,493614.6876,1.2,1.2,0.67,418.7333244,416.3060109,421.7816046,0.60410144,0.552431687,0.342734768,0.385673627,0.43413493,0.633667855,20.04405362,25.59113303,11.60389727,6.331077391,5.547079403,13.71297623,683165.5315,512339.3445,588531.9992
784,1.2,1.2,0.67,418.7333244,416.3060109,421.7816046,0.60410144,0.552431687,0.342734768,0.385673627,0.43413493,0.633667855,20.04405362,25.59113303,11.60389727,6.331077391,5.547079403,13.71297623,683165.5315,512339.3445,588531.9992,0.99,1.5,2.2,391.1602884,390.1097539,394.8354996,0.877885249,0.829044039,0.747634898,0.121487425,0.16979931,0.250511274,21.43886363,29.94824088,17.07174466,8.814847723,8.509377253,12.6240159,684961.8168,590731.3126,594416.5395
785,0.99,1.5,2.2,391.1602884,390.1097539,394.8354996,0.877885249,0.829044039,0.747634898,0.121487425,0.16979931,0.250511274,21.43886363,29.94824088,17.07174466,8.814847723,8.509377253,12.6240159,684961.8168,590731.3126,594416.5395,1.2,1.9,0.92,391.1305906,391.3489224,395.4416317,0.864709937,0.800733212,0.699434446,0.134510306,0.197673649,0.297925,24.63720909,32.85569522,17.84620639,9.922023955,8.218486134,14.71518513,701797.7212,591274.7107,564768.9961
786,1.2,1.9,0.92,391.1305906,391.3489224,395.4416317,0.864709937,0.800733212,0.699434446,0.134510306,0.197673649,0.297925,24.63720909,32.85569522,17.84620639,9.922023955,8.218486134,14.71518513,701797.7212,591274.7107,564768.9961,1.5,2.4,0.77,414.4415494,408.5971884,413.3440759,0.605507572,0.556252318,0.370328957,0.384545694,0.430520291,0.607948229,20.80764,30.65601891,15.62470739,6.071060078,9.848378912,14.73657992,695108.8886,594702.7683,611188.4938
787,1.5,2.4,0.77,414.4415494,408.5971884,413.3440759,0.605507572,0.556252318,0.370328957,0.384545694,0.430520291,0.607948229,20.80764,30.65601891,15.62470739,6.071060078,9.848378912,14.73657992,695108.8886,594702.7683,611188.4938,1.3,2.1,2.5,403.7796869,401.9936337,408.478694,0.703963002,0.62175861,0.520284626,0.290940819,0.369886711,0.468409811,13.96244256,21.88224748,15.06208743,7.276011137,7.919804917,6.686431423,702519.7706,606630.8353,596007.754
790,2.0,0.93,0.81,439.4559112,429.3105631,435.8695115,0.278250664,0.346761061,0.176061937,0.644992157,0.585537309,0.72226032,15.05418344,20.69155615,10.78012527,5.337094345,5.637372708,9.717089099,722011.401,529184.9163,570001.316,1.9,1.5,2.2,400.8301355,401.2007191,407.1042517,0.685431227,0.631173751,0.526555327,0.308775499,0.361034004,0.462739279,15.8494347,21.42635233,14.47569573,9.03506548,5.576917634,6.814369216,725922.2812,507834.4656,531244.0899
791,1.9,1.5,2.2,400.8301355,401.2007191,407.1042517,0.685431227,0.631173751,0.526555327,0.308775499,0.361034004,0.462739279,15.8494347,21.42635233,14.47569573,9.03506548,5.576917634,6.814369216,725922.2812,507834.4656,531244.0899,2.4,1.2,1.8,421.668978,426.0096876,434.0728697,0.400203152,0.340374432,0.205297621,0.561705613,0.612234317,0.730302704,14.8213196,18.04395034,11.42941156,8.336477657,3.222630738,6.484841946,739981.6984,614799.9836,611075.3981
795,1.6,2.0,0.84,441.6778702,434.0869134,440.4437504,0.251940389,0.243573449,0.104008952,0.661477469,0.660479351,0.756762649,14.86018573,20.87256384,10.55106383,4.741068074,6.012378108,10.11911766,726482.1569,497818.5825,557271.5001,1.0,1.7,2.1,402.5342558,401.9992044,406.4660809,0.800305776,0.7222274,0.556262462,0.197800585,0.274186954,0.437138195,24.43971413,31.59937315,14.51848698,7.693747295,7.159659019,16.74596683,687532.9406,569635.7359,592821.4031
796,1.0,1.7,2.1,402.5342558,401.9992044,406.4660809,0.800305776,0.7222274,0.556262462,0.197800585,0.274186954,0.437138195,24.43971413,31.59937315,14.51848698,7.693747295,7.159659019,16.74596683,687532.9406,569635.7359,592821.4031,0.59,0.8,1.2,403.9976713,396.0444996,401.5955519,0.847502285,0.83208618,0.740156496,0.151428925,0.166623194,0.257644936,16.10633303,24.67578837,13.01264584,4.671879575,8.569455335,11.43445346,707515.1004,506391.1875,575301.6822
799,1.5,2.2,1.6,439.1180724,421.201417,427.2266447,0.299548407,0.363682157,0.215117621,0.633259854,0.578455708,0.703768778,11.98046345,21.08148724,12.74946841,3.811817535,9.10102379,8.168645913,721859.0411,550419.4128,533480.2951,2.3,1.8,2.4,416.1129408,419.3209374,423.6857039,0.508620593,0.427856284,0.215100475,0.473375326,0.547040741,0.741700253,27.63849609,31.663085,13.44616125,9.778766919,4.024588911,17.85972917,684913.5506,573136.9518,580440.3286
800,2.3,1.8,2.4,416.1129408,419.3209374,423.6857039,0.508620593,0.427856284,0.215100475,0.473375326,0.547040741,0.741700253,27.63849609,31.663085,13.44616125,9.778766919,4.024588911,17.85972917,684913.5506,573136.9518,580440.3286,2.0,1.4,2.3,401.1770515,395.6097176,399.6530525,0.721691015,0.726953057,0.598534349,0.274199393,0.268918484,0.394747972,21.86917166,31.58174262,17.30421797,7.871598473,9.712570962,13.99757319,722092.3542,545376.9448,536307.8999
801,2.0,1.4,2.3,401.1770515,395.6097176,399.6530525,0.721691015,0.726953057,0.598534349,0.274199393,0.268918484,0.394747972,21.86917166,31.58174262,17.30421797,7.871598473,9.712570962,13.99757319,722092.3542,545376.9448,536307.8999,2.4,1.3,2.5,410.7862009,407.8517487,414.2516262,0.535073497,0.54178852,0.420439348,0.448079352,0.441313987,0.556450613,15.2692444,21.53994386,14.41436754,8.28338526,6.270699461,6.985859144,712545.9109,611115.2459,579007.975
802,2.4,1.3,2.5,410.7862009,407.8517487,414.2516262,0.535073497,0.54178852,0.420439348,0.448079352,0.441313987,0.556450613,15.2692444,21.53994386,14.41436754,8.28338526,6.270699461,6.985859144,712545.9109,611115.2459,579007.975,2.5,1.2,1.7,408.5633804,402.7200242,406.8162985,0.614050777,0.635840251,0.463455647,0.376499407,0.355168168,0.521427182,23.39357229,31.62409226,16.07912157,8.153404945,8.230519974,15.24016734,733133.5715,504971.199,544068.4426
803,2.5,1.2,1.7,408.5633804,402.7200242,406.8162985,0.614050777,0.635840251,0.463455647,0.376499407,0.355168168,0.521427182,23.39357229,31.62409226,16.07912157,8.153404945,8.230519974,15.24016734,733133.5715,504971.199,544068.4426,1.9,0.6,0.66,410.3446187,408.5633482,413.2735919,0.642403721,0.648518815,0.474925628,0.34963514,0.343479587,0.511394553,21.07085504,25.90591356,12.90598488,8.325826928,4.835058519,12.74502811,729153.0196,576188.5594,512497.382
804,1.9,0.6,0.66,410.3446187,408.5633482,413.2735919,0.642403721,0.648518815,0.474925628,0.34963514,0.343479587,0.511394553,21.07085504,25.90591356,12.90598488,8.325826928,4.835058519,12.74502811,729153.0196,576188.5594,512497.382,1.3,0.84,1.6,422.1477769,408.733081,413.7553998,0.569295304,0.635791891,0.464704191,0.417034964,0.353104718,0.516720735,16.31297358,25.24642641,12.93006759,4.238111991,8.93345283,12.07486159,708968.0639,568891.1045,532543.1621
805,1.3,0.84,1.6,422.1477769,408.733081,413.7553998,0.569295304,0.635791891,0.464704191,0.417034964,0.353104718,0.516720735,16.31297358,25.24642641,12.93006759,4.238111991,8.93345283,12.07486159,708968.0639,568891.1045,532543.1621,1.0,0.54,1.2,395.4277043,392.0023774,398.0794734,0.826853714,0.834717882,0.783019614,0.171705077,0.16391028,0.215085779,13.70457903,20.2671016,13.90486581,7.467092964,6.562522571,6.23748607,723634.2478,544611.3492,517293.5106
807,2.2,0.91,1.3,441.8030546,436.4054082,442.0850489,0.242036828,0.282265349,0.117881063,0.665524581,0.629499191,0.746297886,17.74225429,22.43125991,10.22298131,5.773353701,4.68900562,11.96890059,695071.7594,610088.5015,535109.483,2.0,2.0,1.8,423.7481039,416.8391662,421.1445214,0.439165314,0.434582783,0.230604772,0.533779174,0.53595999,0.720412699,21.84287325,29.97663032,13.75390353,5.93823914,8.13375707,15.90463411,705214.244,494982.1399,542043.38
808,2.0,2.0,1.8,423.7481039,416.8391662,421.1445214,0.439165314,0.434582783,0.230604772,0.533779174,0.53595999,0.720412699,21.84287325,29.97663032,13.75390353,5.93823914,8.13375707,15.90463411,705214.244,494982.1399,542043.38,1.8,1.1,1.6,391.4316172,389.6240009,394.3922059,0.79333694,0.789280082,0.726419949,0.204599201,0.208553924,0.270617702,17.19173387,24.99205351,17.28675558,9.637520214,7.800319637,7.554213654,701781.6328,579017.4687,500502.2852
809,1.8,1.1,1.6,391.4316172,389.6240009,394.3922059,0.79333694,0.789280082,0.726419949,0.204599201,0.208553924,0.270617702,17.19173387,24.99205351,17.28675558,9.637520214,7.800319637,7.554213654,701781.6328,579017.4687,500502.2852,1.4,2.2,1.5,396.6046753,398.5253914,403.608659,0.789951368,0.688813002,0.572587952,0.207857889,0.306503988,0.42042039,19.9760177,27.05025354,16.51570481,9.648028751,7.074235842,10.32798895,730119.8536,609631.4852,577515.9188
810,1.4,2.2,1.5,396.6046753,398.5253914,403.608659,0.789951368,0.688813002,0.572587952,0.207857889,0.306503988,0.42042039,19.9760177,27.05025354,16.51570481,9.648028751,7.074235842,10.32798895,730119.8536,609631.4852,577515.9188,0.5,0.83,2.3,401.7586025,404.9423263,409.6923219,0.885517666,0.815908027,0.666079281,0.113904198,0.182727498,0.331004719,26.20572708,29.31359287,11.25093507,8.497239035,3.107865792,17.70848804,697610.7367,542801.2374,584806.419
811,0.5,0.83,2.3,401.7586025,404.9423263,409.6923219,0.885517666,0.815908027,0.666079281,0.113904198,0.182727498,0.331004719,26.20572708,29.31359287,11.25093507,8.497239035,3.107865792,17.70848804,697610.7367,542801.2374,584806.419,1.1,1.1,1.3,398.5627259,397.5474592,402.9814419,0.81530632,0.770712326,0.661423642,0.183086717,0.226914629,0.334730174,19.04861156,25.26934224,14.05154293,8.0507691,6.220730679,10.99784246,706569.5085,536593.502,576715.2801
812,1.1,1.1,1.3,398.5627259,397.5474592,402.9814419,0.81530632,0.770712326,0.661423642,0.183086717,0.226914629,0.334730174,19.04861156,25.26934224,14.05154293,8.0507691,6.220730679,10.99784246,706569.5085,536593.502,576715.2801,2.0,1.1,0.74,427.8755758,415.547424,421.1900585,0.414348437,0.496014353,0.312847009,0.551266054,0.475594782,0.642419945,17.08236805,25.4466377,13.46191415,5.332639077,8.364269656,11.74972897,690496.2348,599982.5932,603063.1622
813,2.0,1.1,0.74,427.8755758,415.547424,421.1900585,0.414348437,0.496014353,0.312847009,0.551266054,0.475594782,0.642419945,17.08236805,25.4466377,13.46191415,5.332639077,8.364269656,11.74972897,690496.2348,599982.5932,603063.1622,2.4,1.7,1.4,428.4594611,430.479877,434.873792,0.339116296,0.286203431,0.111571265,0.612310924,0.654020042,0.790460799,26.03878719,29.92960431,11.76044054,8.225881531,3.89081712,17.81290566,702018.7923,589456.5319,552334.5938
814,2.4,1.7,1.4,428.4594611,430.479877,434.873792,0.339116296,0.286203431,0.111571265,0.612310924,0.654020042,0.790460799,26.03878719,29.92960431,11.76044054,8.225881531,3.89081712,17.81290566,702018.7923,589456.5319,552334.5938,0.9,1.9,2.0,414.6376332,407.9183906,412.0298428,0.695708284,0.637163616,0.440206077,0.299203683,0.355283315,0.546085749,21.31859314,31.03633979,14.00973972,4.625847976,9.717746651,16.69274516,723889.5694,567095.9435,535929.0832
815,0.9,1.9,2.0,414.6376332,407.9183906,412.0298428,0.695708284,0.637163616,0.440206077,0.299203683,0.355283315,0.546085749,21.31859314,31.03633979,14.00973972,4.625847976,9.717746651,16.69274516,723889.5694,567095.9435,535929.0832,1.3,1.8,0.9,434.4577955,419.1771225,424.5536418,0.392839998,0.433586142,0.251413905,0.5693991,0.53108497,0.693856206,14.86868841,24.01189759,12.62102723,3.701168456,9.143209177,11.16751995,726793.765,531252.1185,542222.2129
816,1.3,1.8,0.9,434.4577955,419.1771225,424.5536418,0.392839998,0.433586142,0.251413905,0.5693991,0.53108497,0.693856206,14.86868841,24.01189759,12.62102723,3.701168456,9.143209177,11.16751995,726793.765,531252.1185,542222.2129,0.61,2.2,1.3,417.0229011,418.9144368,426.0942355,0.662954032,0.468983793,0.308643397,0.328743928,0.508750834,0.658571571,13.89969523,20.10525259,11.7768134,5.734558763,6.205557362,8.165136463,704912.3718,601543.2577,606276.9647
817,0.61,2.2,1.3,417.0229011,418.9144368,426.0942355,0.662954032,0.468983793,0.308643397,0.328743928,0.508750834,0.658571571,13.89969523,20.10525259,11.7768134,5.734558763,6.205557362,8.165136463,704912.3718,601543.2577,606276.9647,1.7,2.0,1.5,427.6088429,417.7831876,422.3633083,0.433402013,0.44536337,0.236111797,0.538686008,0.525608486,0.7148084,21.49565426,30.92939201,13.84345336,4.744734014,9.433737753,16.75092024,699935.725,547037.6398,594973.1844
819,1.6,1.7,0.78,433.6165548,429.7195059,434.2441201,0.359653847,0.334812028,0.139360739,0.5976223,0.61534325,0.776352848,23.49138437,29.74296465,11.60387499,5.707963131,6.251580282,17.78342124,730003.3733,582388.0711,565216.9038,2.5,2.2,2.3,417.5948028,407.13002,412.6376966,0.434349835,0.488781452,0.375702914,0.534445395,0.484539675,0.589299975,13.55608956,23.06116588,16.2018494,6.83126948,9.505076319,6.724820078,736139.0722,594140.7716,533396.8188
820,2.5,2.2,2.3,417.5948028,407.13002,412.6376966,0.434349835,0.488781452,0.375702914,0.534445395,0.484539675,0.589299975,13.55608956,23.06116588,16.2018494,6.83126948,9.505076319,6.724820078,736139.0722,594140.7716,533396.8188,1.7,2.4,1.9,417.1633775,415.0356044,421.174469,0.500761351,0.421583801,0.288128301,0.478262316,0.548519683,0.671272558,13.90336604,20.88259843,13.69107488,6.852852762,6.979232389,7.050513276,729424.51,590351.0392,538424.6219
821,1.7,2.4,1.9,417.1633775,415.0356044,421.174469,0.500761351,0.421583801,0.288128301,0.478262316,0.548519683,0.671272558,13.90336604,20.88259843,13.69107488,6.852852762,6.979232389,7.050513276,729424.51,590351.0392,538424.6219,0.77,1.8,0.62,393.6344263,391.9266991,395.8164199,0.882269734,0.818043401,0.713011267,0.117145339,0.180632534,0.284667613,23.25377759,32.53244731,16.47267647,7.508904219,9.278669715,15.74487338,680449.4763,574090.5504,531476.9688
822,0.77,1.8,0.62,393.6344263,391.9266991,395.8164199,0.882269734,0.818043401,0.713011267,0.117145339,0.180632534,0.284667613,23.25377759,32.53244731,16.47267647,7.508904219,9.278669715,15.74487338,680449.4763,574090.5504,531476.9688,1.3,0.88,0.88,419.8308215,417.1578881,421.9145751,0.596660027,0.57086559,0.346339213,0.392737316,0.416777442,0.630667754,21.93087148,27.01170974,11.1826449,6.412180464,5.080838256,15.51869102,690999.5917,513259.1702,539642.7304
823,1.3,0.88,0.88,419.8308215,417.1578881,421.9145751,0.596660027,0.57086559,0.346339213,0.392737316,0.416777442,0.630667754,21.93087148,27.01170974,11.1826449,6.412180464,5.080838256,15.51869102,690999.5917,513259.1702,539642.7304,1.1,1.3,1.6,411.5278941,402.8666893,409.0833939,0.664468841,0.663557409,0.558074342,0.328402585,0.329110354,0.43158764,12.63401056,21.00411302,13.77752117,5.549116584,8.370102462,7.084893976,730154.1346,593180.4322,548420.1527
824,1.1,1.3,1.6,411.5278941,402.8666893,409.0833939,0.664468841,0.663557409,0.558074342,0.328402585,0.329110354,0.43158764,12.63401056,21.00411302,13.77752117,5.549116584,8.370102462,7.084893976,730154.1346,593180.4322,548420.1527,1.7,1.8,2.2,397.5853862,394.8232836,399.2930637,0.778666651,0.741287716,0.611319159,0.218998798,0.255565565,0.38342122,23.72842905,32.77283234,17.37046026,8.628064259,9.044403297,15.10036479,682052.3761,532235.7757,615242.065
826,0.64,1.1,1.2,446.8414377,446.8780675,453.4275221,0.359066781,0.276508063,0.102355332,0.591595535,0.654680201,0.78342354,18.56513574,22.44117782,8.285710157,4.687226262,3.876042084,13.87790947,731076.276,583116.5873,617306.0354,1.2,2.0,1.6,424.3931473,429.7707189,434.6349718,0.4684542,0.331066083,0.147321067,0.50554786,0.624089025,0.780226751,20.97382431,24.92656138,10.91887527,7.24079871,3.952737069,13.7330256,693270.1765,610132.3834,509243.8707
829,0.82,1.1,2.1,436.9070795,424.8360484,432.0330307,0.456439192,0.46208527,0.281213609,0.515898809,0.509109748,0.674077267,12.65708189,19.49266233,10.39527544,3.738075124,6.835580448,8.919006762,697147.8435,600711.841,589207.8294,2.5,1.7,0.54,412.83924,409.3166806,414.5275446,0.535499339,0.520296217,0.343294694,0.448670677,0.462255017,0.629309346,20.95192974,27.93473019,15.06466053,8.334214395,6.982800445,12.61771535,687581.6389,518284.5246,611367.2542
831,1.9,1.8,2.3,448.2364526,435.109123,439.9603137,0.200231304,0.263825069,0.100988518,0.687312282,0.633373996,0.738119117,18.92706184,26.95339149,11.30741088,3.587865164,8.026329653,15.33919667,696983.6358,605716.1271,549349.4466,2.1,1.5,1.8,424.1808821,413.4955789,418.897341,0.435932457,0.487619781,0.315056546,0.53410578,0.485720287,0.644224245,17.17021429,25.77019742,14.31599773,5.940606752,8.599983133,11.22960753,728918.9032,571408.8741,584643.3545
832,2.1,1.5,1.8,424.1808821,413.4955789,418.897341,0.435932457,0.487619781,0.315056546,0.53410578,0.485720287,0.644224245,17.17021429,25.77019742,14.31599773,5.940606752,8.599983133,11.22960753,728918.9032,571408.8741,584643.3545,0.93,2.2,2.3,426.4045597,417.7827195,423.5150025,0.504181183,0.436800598,0.279939481,0.475237654,0.534463516,0.678484266,12.56638431,20.59311321,12.24422191,4.38119676,8.026728901,8.185187552,716603.4603,559717.8498,495795.3268
833,0.93,2.2,2.3,426.4045597,417.7827195,423.5150025,0.504181183,0.436800598,0.279939481,0.475237654,0.534463516,0.678484266,12.56638431,20.59311321,12.24422191,4.38119676,8.026728901,8.185187552,716603.4603,559717.8498,495795.3268,0.97,1.9,2.3,395.6852282,399.6085028,405.1214224,0.831138089,0.708429132,0.591073828,0.167466472,0.287587996,0.402829969,18.88288421,24.33390769,14.42428536,9.167568199,5.451023479,9.715316007,682819.0038,570836.5468,563429.2197
834,0.97,1.9,2.3,395.6852282,399.6085028,405.1214224,0.831138089,0.708429132,0.591073828,0.167466472,0.287587996,0.402829969,18.88288421,24.33390769,14.42428536,9.167568199,5.451023479,9.715316007,682819.0038,570836.5468,563429.2197,1.8,1.5,1.7,408.6402049,400.7604459,407.3061575,0.597667202,0.625690818,0.5276927,0.391015488,0.364042387,0.45852585,13.24853273,21.83911422,15.19996544,6.739563338,8.590581494,6.508969387,683389.942,574031.5664,600402.675
835,1.8,1.5,1.7,408.6402049,400.7604459,407.3061575,0.597667202,0.625690818,0.5276927,0.391015488,0.364042387,0.45852585,13.24853273,21.83911422,15.19996544,6.739563338,8.590581494,6.508969387,683389.942,574031.5664,600402.675,1.2,0.69,1.8,427.8372028,426.3775711,432.9724121,0.489658787,0.463414182,0.270845797,0.488006654,0.511149088,0.688237067,15.27329249,18.97519389,9.499318049,5.983218139,3.701901397,9.290074349,707782.1367,525133.1225,525586.4921
836,1.2,0.69,1.8,427.8372028,426.3775711,432.9724121,0.489658787,0.463414182,0.270845797,0.488006654,0.511149088,0.688237067,15.27329249,18.97519389,9.499318049,5.983218139,3.701901397,9.290074349,707782.1367,525133.1225,525586.4921,1.9,1.6,2.0,410.0143389,403.298,408.9991183,0.576074492,0.58483104,0.469484922,0.410994253,0.402366468,0.512900607,14.01364581,21.81606269,14.59939741,6.938483767,7.802416881,7.07516204,703618.1979,512187.2243,522356.4973
837,1.9,1.6,2.0,410.0143389,403.298,408.9991183,0.576074492,0.58483104,0.469484922,0.410994253,0.402366468,0.512900607,14.01364581,21.81606269,14.59939741,6.938483767,7.802416881,7.07516204,703618.1979,512187.2243,522356.4973,1.8,0.53,1.3,397.4931486,390.3367931,394.3954755,0.769294965,0.816024689,0.726924802,0.228013239,0.181900517,0.269720012,19.92412632,29.7568773,16.73418198,7.156777961,9.832750987,12.76734835,689772.0432,542600.1187,507249.5366
838,1.8,0.53,1.3,397.4931486,390.3367931,394.3954755,0.769294965,0.816024689,0.726924802,0.228013239,0.181900517,0.269720012,19.92412632,29.7568773,16.73418198,7.156777961,9.832750987,12.76734835,689772.0432,542600.1187,507249.5366,2.2,2.0,1.6,426.3909558,422.1424929,427.1664727,0.370670852,0.350784326,0.172053758,0.588234851,0.602553186,0.755332436,19.64451712,26.04602762,12.69646184,6.556707535,6.4015105,13.08780959,689356.6989,503652.1081,549602.0222
839,2.2,2.0,1.6,426.3909558,422.1424929,427.1664727,0.370670852,0.350784326,0.172053758,0.588234851,0.602553186,0.755332436,19.64451712,26.04602762,12.69646184,6.556707535,6.4015105,13.08780959,689356.6989,503652.1081,549602.0222,2.1,2.3,2.0,431.6583524,427.9229001,433.9463511,0.313103122,0.281406988,0.128689647,0.627899831,0.648659055,0.767990148,18.03753879,24.31773421,12.38005709,6.333933772,6.28019542,11.70360502,714135.7093,556872.6536,615209.9457
840,2.1,2.3,2.0,431.6583524,427.9229001,433.9463511,0.313103122,0.281406988,0.128689647,0.627899831,0.648659055,0.767990148,18.03753879,24.31773421,12.38005709,6.333933772,6.28019542,11.70360502,714135.7093,556872.6536,615209.9457,1.5,2.5,2.2,418.6890147,422.9145094,429.0507003,0.501859411,0.353551314,0.193861517,0.476669417,0.606321095,0.747517953,17.42463107,22.52151007,12.56606151,7.664387379,5.096879001,9.76024369,726230.9954,587715.1258,580421.7186
841,1.5,2.5,2.2,418.6890147,422.9145094,429.0507003,0.501859411,0.353551314,0.193861517,0.476669417,0.606321095,0.747517953,17.42463107,22.52151007,12.56606151,7.664387379,5.096879001,9.76024369,726230.9954,587715.1258,580421.7186,2.1,1.6,2.2,447.6508758,429.4881409,433.9966208,0.207263282,0.31867028,0.137613466,0.682044517,0.592078338,0.72155346,17.9051304,27.02066017,12.0722886,3.249864146,9.115529775,14.65526625,734923.324,539317.143,511737.4643
842,2.1,1.6,2.2,447.6508758,429.4881409,433.9966208,0.207263282,0.31867028,0.137613466,0.682044517,0.592078338,0.72155346,17.9051304,27.02066017,12.0722886,3.249864146,9.115529775,14.65526625,734923.324,539317.143,511737.4643,1.8,1.4,1.7,402.2711087,399.5580433,404.6811427,0.697942055,0.671865233,0.547988629,0.296917083,0.32207517,0.44289693,17.80821993,24.6966397,14.87953689,8.183609331,6.888419767,9.624610603,696936.97,500116.6997,531388.0101
843,1.8,1.4,1.7,402.2711087,399.5580433,404.6811427,0.697942055,0.671865233,0.547988629,0.296917083,0.32207517,0.44289693,17.80821993,24.6966397,14.87953689,8.183609331,6.888419767,9.624610603,696936.97,500116.6997,531388.0101,2.0,1.8,1.1,404.2833263,399.7255624,405.1333986,0.647832156,0.631298866,0.517170115,0.344489219,0.360178034,0.470793154,16.43993774,24.68693718,16.07456855,7.996439083,8.246999443,8.443498657,716794.9051,521511.6276,560712.3137
844,2.0,1.8,1.1,404.2833263,399.7255624,405.1333986,0.647832156,0.631298866,0.517170115,0.344489219,0.360178034,0.470793154,16.43993774,24.68693718,16.07456855,7.996439083,8.246999443,8.443498657,716794.9051,521511.6276,560712.3137,1.0,0.81,2.2,400.8228455,394.2208972,400.1167668,0.785184536,0.796400858,0.729734612,0.212431818,0.201361062,0.26712038,13.33335419,21.55388794,14.42898244,6.348152722,8.220533746,6.985201471,728215.2075,584527.3407,533731.408
845,1.0,0.81,2.2,400.8228455,394.2208972,400.1167668,0.785184536,0.796400858,0.729734612,0.212431818,0.201361062,0.26712038,13.33335419,21.55388794,14.42898244,6.348152722,8.220533746,6.985201471,728215.2075,584527.3407,533731.408,2.4,2.1,0.93,413.3194642,409.6757601,414.7845325,0.516401287,0.491418852,0.341955201,0.46528442,0.487666703,0.627912817,17.71305529,25.36717407,15.5129618,8.052062862,7.654118783,9.660992427,730935.7225,588822.2077,544301.8039
846,2.4,2.1,0.93,413.3194642,409.6757601,414.7845325,0.516401287,0.491418852,0.341955201,0.46528442,0.487666703,0.627912817,17.71305529,25.36717407,15.5129618,8.052062862,7.654118783,9.660992427,730935.7225,588822.2077,544301.8039,1.5,1.2,1.7,432.4021191,429.1244853,434.7227485,0.380364371,0.357990375,0.170300742,0.57957416,0.59636128,0.756549558,17.63716327,22.49012745,10.34104079,5.726294,4.85296418,11.91086927,692697.9776,534349.8326,528808.0726
847,1.5,1.2,1.7,432.4021191,429.1244853,434.7227485,0.380364371,0.357990375,0.170300742,0.57957416,0.59636128,0.756549558,17.63716327,22.49012745,10.34104079,5.726294,4.85296418,11.91086927,692697.9776,534349.8326,528808.0726,0.71,1.8,1.9,395.2474223,392.7884468,398.2016365,0.86926135,0.794762906,0.71314559,0.129970364,0.203437559,0.284152936,17.27400017,26.58139193,16.38259535,7.27517998,9.307391769,9.998820186,724573.8481,596569.9068,604338.4059
848,0.71,1.8,1.9,395.2474223,392.7884468,398.2016365,0.86926135,0.794762906,0.71314559,0.129970364,0.203437559,0.284152936,17.27400017,26.58139193,16.38259535,7.27517998,9.307391769,9.998820186,724573.8481,596569.9068,604338.4059,2.0,0.82,1.0,415.6433177,405.7765507,409.5895717,0.584907018,0.647959125,0.462120128,0.403289724,0.342267372,0.520563697,21.90916279,31.33936302,14.77118424,5.66585025,9.430200237,16.24331254,702043.3091,606984.1098,501893.1771
850,1.6,0.64,1.5,443.1097447,425.0066804,430.1786769,0.335868792,0.468469803,0.242848926,0.610043849,0.490186691,0.683991043,19.40438752,28.2691397,11.69086139,3.151173488,8.864752178,16.25321403,705616.6845,597139.7141,614077.8996,0.77,1.3,1.4,394.6437928,395.5095663,401.3345011,0.868560871,0.792006704,0.705256312,0.130660774,0.206181386,0.291973435,17.55221148,23.38381748,14.07599974,8.426899981,5.831605993,9.125311501,730670.9801,522007.9963,572078.6863
851,0.77,1.3,1.4,394.6437928,395.5095663,401.3345011,0.868560871,0.792006704,0.705256312,0.130660774,0.206181386,0.291973435,17.55221148,23.38381748,14.07599974,8.426899981,5.831605993,9.125311501,730670.9801,522007.9963,572078.6863,0.99,1.1,1.5,428.5961681,420.4970819,426.0082911,0.541291054,0.527064699,0.31012079,0.4431833,0.455431346,0.658906977,18.70452279,25.65579371,11.26553597,4.596426963,6.951270926,14.10809582,736973.1079,530390.6316,593858.6312
852,0.99,1.1,1.5,428.5961681,420.4970819,426.0082911,0.541291054,0.527064699,0.31012079,0.4431833,0.455431346,0.658906977,18.70452279,25.65579371,11.26553597,4.596426963,6.951270926,14.10809582,736973.1079,530390.6316,593858.6312,2.2,1.2,1.0,395.3249035,391.9368487,396.7347547,0.756881309,0.761820815,0.668460078,0.240127515,0.235205682,0.327078822,21.04422949,29.77782477,18.28273408,9.774532736,8.733595279,11.26969676,722199.6723,569218.5718,600058.7227
853,2.2,1.2,1.0,395.3249035,391.9368487,396.7347547,0.756881309,0.761820815,0.668460078,0.240127515,0.235205682,0.327078822,21.04422949,29.77782477,18.28273408,9.774532736,8.733595279,11.26969676,722199.6723,569218.5718,600058.7227,1.3,1.6,1.2,443.2485081,433.8511628,438.5405877,0.288239058,0.304050271,0.118320327,0.647901477,0.628974421,0.769700092,20.47239755,27.59152687,10.45801132,3.674833288,7.119129321,16.79756426,704099.6105,546280.3581,543435.4355
855,2.3,1.1,1.6,449.4390243,433.7550722,438.9962933,0.192124292,0.303586632,0.120645475,0.683317421,0.594153263,0.714631204,19.48282883,27.15172257,11.13702597,3.782145891,7.668893741,15.70068294,691258.7271,522383.8157,597700.0726,1.4,2.1,1.5,401.7567801,399.2346059,404.0642061,0.739850817,0.671790889,0.547364055,0.25656919,0.322552099,0.444111892,18.17639981,26.70750371,16.05198725,7.729815047,8.531103899,10.44658476,728247.6188,552897.1129,541739.2081
856,1.4,2.1,1.5,401.7567801,399.2346059,404.0642061,0.739850817,0.671790889,0.547364055,0.25656919,0.322552099,0.444111892,18.17639981,26.70750371,16.05198725,7.729815047,8.531103899,10.44658476,728247.6188,552897.1129,541739.2081,2.4,2.4,2.3,413.6069658,414.6927187,419.0295507,0.532836635,0.455312166,0.251853511,0.45157358,0.522594311,0.711355022,26.80284972,33.05374791,15.41441803,9.50938905,6.250898193,17.29346067,698805.5129,602931.7645,602075.3191
858,1.4,0.69,1.0,410.2051938,411.7928585,416.9278675,0.705714798,0.665734716,0.468817843,0.289523607,0.328257948,0.51990706,23.73616728,27.12278014,11.77713207,8.691414266,3.386612864,15.04475301,716361.513,549660.9301,584958.0493,1.1,1.0,2.4,389.4064223,385.3792238,389.8852929,0.869118051,0.863522046,0.814975543,0.130145357,0.135676567,0.183875776,17.3066577,27.13161234,17.83758371,8.194864923,9.824954639,9.111792781,709394.7746,549244.2697,513479.0546
859,1.1,1.0,2.4,389.4064223,385.3792238,389.8852929,0.869118051,0.863522046,0.814975543,0.130145357,0.135676567,0.183875776,17.3066577,27.13161234,17.83758371,8.194864923,9.824954639,9.111792781,709394.7746,549244.2697,513479.0546,1.5,2.1,0.63,414.5019234,411.6104511,416.5596291,0.575879716,0.503963459,0.337086186,0.411523512,0.478052718,0.635633303,16.84262243,24.00392509,13.59453034,6.637333467,7.161302654,10.20528896,705743.1,534556.2286,498959.7959
860,1.5,2.1,0.63,414.5019234,411.6104511,416.5596291,0.575879716,0.503963459,0.337086186,0.411523512,0.478052718,0.635633303,16.84262243,24.00392509,13.59453034,6.637333467,7.161302654,10.20528896,705743.1,534556.2286,498959.7959,1.4,0.98,1.2,424.8446791,417.2609982,424.7306362,0.475806037,0.491880955,0.344059026,0.499088768,0.4835227,0.620686735,12.53907576,18.14004541,11.18070809,5.716196038,5.60096965,6.82287972,738943.9749,500465.0763,569098.8578
861,1.4,0.98,1.2,424.8446791,417.2609982,424.7306362,0.475806037,0.491880955,0.344059026,0.499088768,0.4835227,0.620686735,12.53907576,18.14004541,11.18070809,5.716196038,5.60096965,6.82287972,738943.9749,500465.0763,569098.8578,2.5,0.93,2.0,421.0851055,418.8406009,426.5488528,0.402690759,0.415721174,0.273271047,0.559791043,0.547042551,0.675113017,14.31534815,18.46738784,11.68164761,7.662661642,4.152039694,6.652686506,699744.0249,502555.3219,597865.1545
862,2.5,0.93,2.0,421.0851055,418.8406009,426.5488528,0.402690759,0.415721174,0.273271047,0.559791043,0.547042551,0.675113017,14.31534815,18.46738784,11.68164761,7.662661642,4.152039694,6.652686506,699744.0249,502555.3219,597865.1545,1.0,1.8,0.5,397.3630649,394.2867094,398.9460333,0.819203049,0.757845052,0.65856991,0.179263997,0.239485776,0.337353707,17.42319435,26.35208744,15.80290197,7.080855664,8.928893084,10.34233869,699535.4694,545001.0184,515688.2215
863,1.0,1.8,0.5,397.3630649,394.2867094,398.9460333,0.819203049,0.757845052,0.65856991,0.179263997,0.239485776,0.337353707,17.42319435,26.35208744,15.80290197,7.080855664,8.928893084,10.34233869,699535.4694,545001.0184,515688.2215,1.6,1.3,2.1,392.335298,389.6962629,394.3075886,0.815264118,0.800360947,0.726494091,0.183153626,0.197810474,0.270832421,19.27844312,28.1542801,17.94991846,9.274167006,8.875836981,10.00427611,726957.3998,578082.4125,545279.8756
865,0.74,1.2,0.85,417.4647389,422.3759626,427.9911692,0.683905732,0.554404593,0.329736219,0.309903009,0.433209176,0.647435605,21.93478319,25.31234579,10.53132372,7.443585087,3.377562597,14.4911981,703430.9419,587906.4151,596963.094,0.5,1.7,0.66,432.015534,436.3514317,442.2439271,0.497698058,0.322860677,0.140219445,0.476666277,0.626323261,0.777597136,16.97111086,20.9428616,9.030355745,5.29218355,3.971750741,11.67892731,721829.5821,527921.8392,518304.0131
866,0.5,1.7,0.66,432.015534,436.3514317,442.2439271,0.497698058,0.322860677,0.140219445,0.476666277,0.626323261,0.777597136,16.97111086,20.9428616,9.030355745,5.29218355,3.971750741,11.67892731,721829.5821,527921.8392,518304.0131,1.9,1.9,0.94,411.1922297,405.8649716,411.0212151,0.604423575,0.584388506,0.42922283,0.385254813,0.403873874,0.552768546,18.99047266,27.85312136,15.95769395,7.328288917,8.862648705,11.66218374,728473.6627,609970.2803,603190.4297
867,1.9,1.9,0.94,411.1922297,405.8649716,411.0212151,0.604423575,0.584388506,0.42922283,0.385254813,0.403873874,0.552768546,18.99047266,27.85312136,15.95769395,7.328288917,8.862648705,11.66218374,728473.6627,609970.2803,603190.4297,2.1,0.63,0.69,431.7638247,432.2013928,441.1103547,0.32605263,0.33654318,0.196013648,0.613509038,0.602727981,0.720408336,12.96092054,16.05112798,9.896726707,6.927193805,3.090207437,6.03372674,732153.7549,614761.0703,600596.0305
868,2.1,0.63,0.69,431.7638247,432.2013928,441.1103547,0.32605263,0.33654318,0.196013648,0.613509038,0.602727981,0.720408336,12.96092054,16.05112798,9.896726707,6.927193805,3.090207437,6.03372674,732153.7549,614761.0703,600596.0305,0.89,1.9,0.92,417.0638758,415.9341697,420.6708504,0.648921561,0.541788883,0.322764706,0.343462873,0.444648206,0.652858668,22.34264164,28.88918262,12.47150732,6.246881533,6.546540989,16.0957601,733766.7998,510536.9737,574722.914
869,0.89,1.9,0.92,417.0638758,415.9341697,420.6708504,0.648921561,0.541788883,0.322764706,0.343462873,0.444648206,0.652858668,22.34264164,28.88918262,12.47150732,6.246881533,6.546540989,16.0957601,733766.7998,510536.9737,574722.914,2.2,1.2,0.65,417.5156746,404.603218,410.2735088,0.497160985,0.592921728,0.456625971,0.481279741,0.390840643,0.519629931,15.63614649,25.42265201,15.6493973,6.054524224,9.786505521,9.581622266,705661.1643,591316.7742,605445.3272
870,2.2,1.2,0.65,417.5156746,404.603218,410.2735088,0.497160985,0.592921728,0.456625971,0.481279741,0.390840643,0.519629931,15.63614649,25.42265201,15.6493973,6.054524224,9.786505521,9.581622266,705661.1643,591316.7742,605445.3272,1.1,2.4,1.7,423.6058683,422.99892,427.0790532,0.502153642,0.396126909,0.191032971,0.477979181,0.571836081,0.754936802,22.10929958,28.72882878,12.30818461,6.010628823,6.619529203,16.09867076,727222.7042,564620.4441,492314.7638
871,1.1,2.4,1.7,423.6058683,422.99892,427.0790532,0.502153642,0.396126909,0.191032971,0.477979181,0.571836081,0.754936802,22.10929958,28.72882878,12.30818461,6.010628823,6.619529203,16.09867076,727222.7042,564620.4441,492314.7638,1.3,1.3,2.2,403.2376254,403.148123,409.7274625,0.719975126,0.661921207,0.556463351,0.275599388,0.33174435,0.43461521,14.44872213,20.39807152,13.39656522,7.584500272,5.949349389,6.864221863,687584.4577,605347.4161,563660.1885
874,1.9,1.9,1.9,448.0899577,434.3811118,440.2988512,0.182955046,0.237806473,0.103456909,0.681060637,0.638523163,0.721819211,13.0703925,19.75032306,10.4893702,3.991026945,6.679930563,9.079365551,697919.5286,497305.1986,490839.1177,2.3,1.0,1.0,404.0900638,398.8418301,403.6995286,0.670003679,0.694063945,0.559277902,0.323579838,0.300008816,0.43127566,21.17873781,29.2407904,16.35409374,8.544721471,8.062052591,12.63401634,727709.1393,543952.5401,596577.1017
876,1.3,1.8,1.6,441.1710966,430.7441866,436.6003322,0.307013968,0.31250857,0.140250058,0.632621676,0.622853488,0.759409438,16.41084894,23.58958373,11.04394252,4.111200702,7.178734785,12.29964824,739085.1664,526045.6373,580213.875,2.1,1.7,1.1,417.0341392,417.8512377,424.4879376,0.467383097,0.404373598,0.270871943,0.507062929,0.562508665,0.684265739,14.21225541,19.17040333,12.54440744,7.716181001,4.958147922,6.496074407,722736.3817,574884.2406,534355.8065
877,2.1,1.7,1.1,417.0341392,417.8512377,424.4879376,0.467383097,0.404373598,0.270871943,0.507062929,0.562508665,0.684265739,14.21225541,19.17040333,12.54440744,7.716181001,4.958147922,6.496074407,722736.3817,574884.2406,534355.8065,2.4,1.7,0.57,413.1342094,408.8625932,413.7818259,0.546676172,0.537253505,0.361272195,0.438507392,0.446724652,0.613431957,21.13571705,28.7582171,15.48684891,8.124571762,7.622500051,13.01114529,717176.2074,561299.7814,594166.8036
878,2.4,1.7,0.57,413.1342094,408.8625932,413.7818259,0.546676172,0.537253505,0.361272195,0.438507392,0.446724652,0.613431957,21.13571705,28.7582171,15.48684891,8.124571762,7.622500051,13.01114529,717176.2074,561299.7814,594166.8036,2.1,0.89,2.2,415.8214332,406.3789341,412.1196658,0.537773249,0.607352833,0.459183491,0.445562029,0.379042001,0.520034365,16.93834892,25.07388625,14.55356881,6.624312216,8.13553733,10.3140367,704140.0808,594790.9895,604561.1604
879,2.1,0.89,2.2,415.8214332,406.3789341,412.1196658,0.537773249,0.607352833,0.459183491,0.445562029,0.379042001,0.520034365,16.93834892,25.07388625,14.55356881,6.624312216,8.13553733,10.3140367,704140.0808,594790.9895,604561.1604,2.1,1.9,1.6,437.7813814,427.4400628,432.8628904,0.26727833,0.303928095,0.135953135,0.657170984,0.622911868,0.75193163,17.83951338,25.19340338,12.00806045,4.912706585,7.353890002,12.9268068,709482.1605,491757.5897,573819.922
880,2.1,1.9,1.6,437.7813814,427.4400628,432.8628904,0.26727833,0.303928095,0.135953135,0.657170984,0.622911868,0.75193163,17.83951338,25.19340338,12.00806045,4.912706585,7.353890002,12.9268068,709482.1605,491757.5897,573819.922,1.8,1.3,1.0,414.1730217,417.8927592,423.7987124,0.574204693,0.489336282,0.302537136,0.41308766,0.492247713,0.668078674,20.20858977,23.83431824,12.31408029,8.914238846,3.625728464,11.29435093,717478.7308,578397.7544,591210.0197
881,1.8,1.3,1.0,414.1730217,417.8927592,423.7987124,0.574204693,0.489336282,0.302537136,0.41308766,0.492247713,0.668078674,20.20858977,23.83431824,12.31408029,8.914238846,3.625728464,11.29435093,717478.7308,578397.7544,591210.0197,1.1,1.9,0.56,410.9261881,408.3675913,413.3102332,0.677058767,0.587876796,0.420674388,0.316745537,0.401792897,0.562885314,17.38685509,24.48704046,13.29392225,6.413209782,7.100185369,10.97364531,723962.0181,504585.3065,508328.7449
882,1.1,1.9,0.56,410.9261881,408.3675913,413.3102332,0.677058767,0.587876796,0.420674388,0.316745537,0.401792897,0.562885314,17.38685509,24.48704046,13.29392225,6.413209782,7.100185369,10.97364531,723962.0181,504585.3065,508328.7449,1.9,2.3,1.1,422.0318466,420.7094931,424.5162744,0.453486205,0.391901281,0.191218269,0.521457967,0.574782216,0.753442983,24.04297272,30.75924329,13.57154592,7.192289022,6.716270571,16.85068369,728690.3832,590325.6304,491793.769
884,0.57,1.5,1.6,402.1644903,395.6642324,402.2440591,0.837200764,0.7723878,0.692202145,0.161520233,0.225205484,0.30432515,13.19759047,22.15431451,14.31300945,5.510036492,8.95672404,7.687553977,736318.6639,523595.5737,612240.4863,1.3,0.79,1.1,415.4086747,411.0053717,415.9430425,0.664702155,0.656767929,0.455772939,0.328669713,0.336046391,0.530725391,22.2785361,28.42271767,12.25670626,6.429505306,6.144181574,15.84903079,719424.763,533766.0105,589437.1146
885,1.3,0.79,1.1,415.4086747,411.0053717,415.9430425,0.664702155,0.656767929,0.455772939,0.328669713,0.336046391,0.530725391,22.2785361,28.42271767,12.25670626,6.429505306,6.144181574,15.84903079,719424.763,533766.0105,589437.1146,2.2,1.0,1.4,397.0046643,393.0451075,396.3211808,0.767514938,0.77742784,0.647262943,0.229881667,0.220041418,0.348223877,26.59941119,35.66868745,17.46325139,8.750944467,9.069276259,17.84846672,689807.7974,552775.3668,490781.8564
886,2.2,1.0,1.4,397.0046643,393.0451075,396.3211808,0.767514938,0.77742784,0.647262943,0.229881667,0.220041418,0.348223877,26.59941119,35.66868745,17.46325139,8.750944467,9.069276259,17.84846672,689807.7974,552775.3668,490781.8564,1.2,0.56,2.3,436.1824685,411.5505589,417.76752,0.419450022,0.599230999,0.444675522,0.54338121,0.377521287,0.519510552,11.83211359,20.90059878,11.94371421,3.050854208,9.068485188,8.781259379,728369.3603,512335.044,545777.8473
887,1.2,0.56,2.3,436.1824685,411.5505589,417.76752,0.419450022,0.599230999,0.444675522,0.54338121,0.377521287,0.519510552,11.83211359,20.90059878,11.94371421,3.050854208,9.068485188,8.781259379,728369.3603,512335.044,545777.8473,2.3,1.1,2.5,426.7845324,415.9095074,419.7516862,0.418831867,0.489707595,0.274279622,0.549550965,0.482986675,0.678452751,22.41290546,31.0519344,13.77195551,5.471749681,8.639028941,16.94115578,734960.1434,538307.9811,501068.8301
888,2.3,1.1,2.5,426.7845324,415.9095074,419.7516862,0.418831867,0.489707595,0.274279622,0.549550965,0.482986675,0.678452751,22.41290546,31.0519344,13.77195551,5.471749681,8.639028941,16.94115578,734960.1434,538307.9811,501068.8301,1.6,1.7,1.1,397.0793589,393.3127629,397.686296,0.777923573,0.750055161,0.643329244,0.219677232,0.246933608,0.35199121,20.14239699,29.53271226,17.28971712,8.139460572,9.390315275,12.00293641,710419.6755,535885.5166,542481.3075
889,1.6,1.7,1.1,397.0793589,393.3127629,397.686296,0.777923573,0.750055161,0.643329244,0.219677232,0.246933608,0.35199121,20.14239699,29.53271226,17.28971712,8.139460572,9.390315275,12.00293641,710419.6755,535885.5166,542481.3075,1.1,1.3,2.3,395.7035165,396.4724106,400.9753653,0.849830016,0.793522354,0.670470593,0.149186827,0.204724548,0.326386028,24.77030582,30.88778251,15.07866252,9.271168582,6.117476686,15.49913724,687176.5876,589468.195,584162.5884
890,1.1,1.3,2.3,395.7035165,396.4724106,400.9753653,0.849830016,0.793522354,0.670470593,0.149186827,0.204724548,0.326386028,24.77030582,30.88778251,15.07866252,9.271168582,6.117476686,15.49913724,687176.5876,589468.195,584162.5884,1.2,1.3,2.1,431.0671736,423.3715282,429.830301,0.421893157,0.414952346,0.256906063,0.544281662,0.548592041,0.690414966,12.17560091,18.25889746,10.76227868,4.825974652,6.083296549,7.349626257,697694.8191,589100.8229,495323.6946
891,1.2,1.3,2.1,431.0671736,423.3715282,429.830301,0.421893157,0.414952346,0.256906063,0.544281662,0.548592041,0.690414966,12.17560091,18.25889746,10.76227868,4.825974652,6.083296549,7.349626257,697694.8191,589100.8229,495323.6946,1.4,2.5,0.53,410.1563795,415.9323223,420.4401409,0.645255671,0.493969205,0.278515286,0.346642157,0.489092355,0.69194897,27.63286097,32.1567607,14.15367555,9.982777496,4.523899728,17.65008347,712564.3584,604498.4528,608818.6936
893,2.3,2.1,1.8,432.2951948,421.3743159,426.8187742,0.316448886,0.361732766,0.188974877,0.626184929,0.584683613,0.730049942,17.82643791,26.60647368,13.90334661,5.372391776,8.780035761,12.45404614,692374.0516,597092.1299,608413.2503,1.9,1.4,1.3,427.9142672,423.4791235,428.5469416,0.400922604,0.392531942,0.203536696,0.563676564,0.568972286,0.73530505,18.97701018,24.84728663,12.05340524,6.433989197,5.870276458,12.54302098,735533.2477,554572.5489,528870.5224
895,1.8,1.3,1.6,450.9600203,424.7418521,431.0396656,0.202069743,0.383121386,0.225713702,0.666669171,0.531164336,0.65247997,11.26784609,20.28392597,12.03328094,3.17897842,9.016079874,8.088867674,685990.5533,604688.5025,536561.8115,0.95,0.68,2.2,427.4452548,424.4776653,430.0905371,0.558664251,0.532020599,0.321442743,0.426914589,0.451218395,0.649397032,16.84312737,21.30257871,9.687526705,5.455821484,4.459451339,11.38730589,719337.1678,567803.347,502186.7175
898,1.0,2.0,1.2,430.5895098,429.1853414,435.1846597,0.426768279,0.322526382,0.164645909,0.539953027,0.625193942,0.758714968,13.96596567,19.61272638,10.59663738,5.126662738,5.646760704,8.839302933,706502.2516,586224.704,494183.5442,2.0,1.1,0.84,415.3670228,404.6569256,409.4856866,0.560244626,0.620217367,0.455741147,0.425694706,0.368031534,0.525248783,18.55398138,27.77428126,14.87664763,5.909242528,9.220299881,12.64473886,702690.7638,516893.6378,563282.2835
899,2.0,1.1,0.84,415.3670228,404.6569256,409.4856866,0.560244626,0.620217367,0.455741147,0.425694706,0.368031534,0.525248783,18.55398138,27.77428126,14.87664763,5.909242528,9.220299881,12.64473886,702690.7638,516893.6378,563282.2835,2.4,2.0,1.5,408.1895408,403.5443142,406.973093,0.615900186,0.600584129,0.408189457,0.375161764,0.389372124,0.574452428,25.57074218,34.69807914,16.63550393,7.862335111,9.127336961,17.70840707,692897.3349,505616.9587,499675.6151
900,2.4,2.0,1.5,408.1895408,403.5443142,406.973093,0.615900186,0.600584129,0.408189457,0.375161764,0.389372124,0.574452428,25.57074218,34.69807914,16.63550393,7.862335111,9.127336961,17.70840707,692897.3349,505616.9587,499675.6151,1.6,2.2,1.2,417.9889264,410.0810006,414.9302819,0.547221177,0.524385777,0.333602299,0.43829128,0.458695673,0.638726956,19.6320792,29.02812405,14.65057248,5.536440398,9.396044856,14.0956388,686813.2233,496332.0072,591217.4639
901,1.6,2.2,1.2,417.9889264,410.0810006,414.9302819,0.547221177,0.524385777,0.333602299,0.43829128,0.458695673,0.638726956,19.6320792,29.02812405,14.65057248,5.536440398,9.396044856,14.0956388,686813.2233,496332.0072,591217.4639,2.2,2.2,1.3,433.1240979,426.2931955,431.8677306,0.280343242,0.281064501,0.139744334,0.646696871,0.641414915,0.750988184,14.6639152,21.08187489,11.90701551,5.668955023,6.417959689,8.994960178,704613.9331,509663.0624,493599.6278
902,2.2,2.2,1.3,433.1240979,426.2931955,431.8677306,0.280343242,0.281064501,0.139744334,0.646696871,0.641414915,0.750988184,14.6639152,21.08187489,11.90701551,5.668955023,6.417959689,8.994960178,704613.9331,509663.0624,493599.6278,1.1,1.2,0.53,404.6141167,400.3704691,404.9580214,0.778500736,0.74579572,0.594191294,0.219118502,0.25108043,0.400119257,21.76725761,29.48128196,13.87408167,6.466080854,7.714024353,15.30117676,705164.0703,493855.0284,568037.0555
903,1.1,1.2,0.53,404.6141167,400.3704691,404.9580214,0.778500736,0.74579572,0.594191294,0.219118502,0.25108043,0.400119257,21.76725761,29.48128196,13.87408167,6.466080854,7.714024353,15.30117676,705164.0703,493855.0284,568037.0555,1.5,0.77,1.5,414.0949579,408.0777998,412.7434289,0.662082071,0.676181072,0.483608664,0.331152288,0.317186755,0.503955134,23.11740811,30.50115591,13.33489681,6.287742323,7.383747802,16.82966579,707455.4886,580009.4,597691.4836
904,1.5,0.77,1.5,414.0949579,408.0777998,412.7434289,0.662082071,0.676181072,0.483608664,0.331152288,0.317186755,0.503955134,23.11740811,30.50115591,13.33489681,6.287742323,7.383747802,16.82966579,707455.4886,580009.4,597691.4836,1.7,0.97,1.2,392.4917495,389.2978268,393.3931697,0.830257204,0.829197234,0.737912636,0.168468267,0.169478428,0.259855079,24.2877588,33.31105925,17.7990293,9.079886298,9.023300453,15.2078725,688668.2712,553748.1819,572964.8566
905,1.7,0.97,1.2,392.4917495,389.2978268,393.3931697,0.830257204,0.829197234,0.737912636,0.168468267,0.169478428,0.259855079,24.2877588,33.31105925,17.7990293,9.079886298,9.023300453,15.2078725,688668.2712,553748.1819,572964.8566,0.52,2.4,0.95,392.4024189,395.238685,399.0652568,0.897819788,0.775483357,0.647962818,0.101647205,0.22231826,0.348171868,24.92770236,31.71554657,15.82485925,9.348597141,6.787844211,15.57910522,698618.8381,550588.2369,509719.6381
906,0.52,2.4,0.95,392.4024189,395.238685,399.0652568,0.897819788,0.775483357,0.647962818,0.101647205,0.22231826,0.348171868,24.92770236,31.71554657,15.82485925,9.348597141,6.787844211,15.57910522,698618.8381,550588.2369,509719.6381,0.94,0.81,1.3,431.3665165,406.8801406,413.2451783,0.480470707,0.629902521,0.514526145,0.49333244,0.353933351,0.462631724,9.555454735,18.64939708,12.12666437,3.160618745,9.093942348,6.39483599,737346.5416,507866.2474,498558.132
907,0.94,0.81,1.3,431.3665165,406.8801406,413.2451783,0.480470707,0.629902521,0.514526145,0.49333244,0.353933351,0.462631724,9.555454735,18.64939708,12.12666437,3.160618745,9.093942348,6.39483599,737346.5416,507866.2474,498558.132,1.6,1.4,2.2,391.1993297,389.3959543,393.6219672,0.825028828,0.80031589,0.721675786,0.173588285,0.197932652,0.275706301,20.19416335,28.66885725,17.77891221,9.517746641,8.474693899,10.67641671,705703.6197,554211.9757,508850.2565
908,1.6,1.4,2.2,391.1993297,389.3959543,393.6219672,0.825028828,0.80031589,0.721675786,0.173588285,0.197932652,0.275706301,20.19416335,28.66885725,17.77891221,9.517746641,8.474693899,10.67641671,705703.6197,554211.9757,508850.2565,1.1,2.2,2.3,392.9935037,392.4965301,397.6683734,0.823439225,0.735506371,0.661144864,0.175081079,0.261282301,0.334513495,15.22484545,23.68070925,16.53465995,8.218914753,8.455863807,7.005930694,687259.8143,545331.6844,514386.4131
909,1.1,2.2,2.3,392.9935037,392.4965301,397.6683734,0.823439225,0.735506371,0.661144864,0.175081079,0.261282301,0.334513495,15.22484545,23.68070925,16.53465995,8.218914753,8.455863807,7.005930694,687259.8143,545331.6844,514386.4131,1.9,2.0,1.9,406.7818557,402.7815699,408.477075,0.607604002,0.581093406,0.480475472,0.381933546,0.406839313,0.503597888,13.97663094,22.1573406,15.67577401,7.622153895,8.180709658,6.35447705,724695.6523,606673.1268,530034.7696
910,1.9,2.0,1.9,406.7818557,402.7815699,408.477075,0.607604002,0.581093406,0.480475472,0.381933546,0.406839313,0.503597888,13.97663094,22.1573406,15.67577401,7.622153895,8.180709658,6.35447705,724695.6523,606673.1268,530034.7696,0.98,2.1,1.9,403.043886,404.3561347,410.6669514,0.757654416,0.627527299,0.509175872,0.239101051,0.364726829,0.479777083,15.24835305,22.1738305,14.23873176,7.468844487,6.925477444,7.779508565,712408.299,612548.3376,587727.2573
911,0.98,2.1,1.9,403.043886,404.3561347,410.6669514,0.757654416,0.627527299,0.509175872,0.239101051,0.364726829,0.479777083,15.24835305,22.1738305,14.23873176,7.468844487,6.925477444,7.779508565,712408.299,612548.3376,587727.2573,1.6,1.7,1.6,408.1495563,403.3716881,407.4715369,0.674371526,0.647366153,0.48758821,0.319523263,0.345307714,0.500408563,20.25600524,29.12753404,15.45628648,6.852821357,8.871528799,13.40318389,712830.8085,610314.646,501557.8999
912,1.6,1.7,1.6,408.1495563,403.3716881,407.4715369,0.674371526,0.647366153,0.48758821,0.319523263,0.345307714,0.500408563,20.25600524,29.12753404,15.45628648,6.852821357,8.871528799,13.40318389,712830.8085,610314.646,501557.8999,1.7,1.5,2.1,432.0216394,433.119429,439.3274987,0.351009831,0.290256172,0.128348959,0.600455943,0.647504439,0.776665406,18.17303193,22.32163827,10.64198444,6.722390921,4.148606338,11.45064101,711059.1654,596725.4454,582029.759
913,1.7,1.5,2.1,432.0216394,433.119429,439.3274987,0.351009831,0.290256172,0.128348959,0.600455943,0.647504439,0.776665406,18.17303193,22.32163827,10.64198444,6.722390921,4.148606338,11.45064101,711059.1654,596725.4454,582029.759,0.97,0.51,0.87,397.7274847,397.3665114,402.8159055,0.857578688,0.842536557,0.75009423,0.141519215,0.156389236,0.248017788,21.41011037,26.6398801,13.51668691,8.544234691,5.229769737,12.86587567,731661.0955,614483.4635,609719.0659
914,0.97,0.51,0.87,397.7274847,397.3665114,402.8159055,0.857578688,0.842536557,0.75009423,0.141519215,0.156389236,0.248017788,21.41011037,26.6398801,13.51668691,8.544234691,5.229769737,12.86587567,731661.0955,614483.4635,609719.0659,1.3,1.8,0.61,407.3739904,406.7808557,411.8834514,0.710672691,0.629762013,0.452114984,0.284742907,0.362691972,0.535061829,21.71222883,28.55353488,14.25055709,7.689701583,6.841306051,14.02252725,682350.5113,575218.3736,611928.14
915,1.3,1.8,0.61,407.3739904,406.7808557,411.8834514,0.710672691,0.629762013,0.452114984,0.284742907,0.362691972,0.535061829,21.71222883,28.55353488,14.25055709,7.689701583,6.841306051,14.02252725,682350.5113,575218.3736,611928.14,0.87,2.4,2.3,395.0790572,399.7596398,405.0993195,0.827928039,0.662667401,0.55174721,0.170512658,0.331507607,0.439903431,16.50044093,22.17789528,14.23229422,8.710635967,5.677454353,7.789804958,690916.8145,496626.6634,497372.122
916,0.87,2.4,2.3,395.0790572,399.7596398,405.0993195,0.827928039,0.662667401,0.55174721,0.170512658,0.331507607,0.439903431,16.50044093,22.17789528,14.23229422,8.710635967,5.677454353,7.789804958,690916.8145,496626.6634,497372.122,2.4,1.4,0.97,429.6581464,417.5983399,422.2056763,0.360303078,0.440625281,0.249892648,0.594339576,0.521066607,0.689302974,18.96371127,27.80729007,14.01766378,5.444469811,8.843578801,13.51924146,705785.1096,599095.5628,538099.5931
917,2.4,1.4,0.97,429.6581464,417.5983399,422.2056763,0.360303078,0.440625281,0.249892648,0.594339576,0.521066607,0.689302974,18.96371127,27.80729007,14.01766378,5.444469811,8.843578801,13.51924146,705785.1096,599095.5628,538099.5931,1.1,2.3,1.9,425.3925901,421.8666725,429.3485368,0.482382169,0.379916894,0.238733542,0.493313073,0.581562468,0.708134251,12.66368862,19.61889605,12.33496557,5.522580305,6.955207433,7.141108314,736251.0435,619333.8079,616501.8188
918,1.1,2.3,1.9,425.3925901,421.8666725,429.3485368,0.482382169,0.379916894,0.238733542,0.493313073,0.581562468,0.708134251,12.66368862,19.61889605,12.33496557,5.522580305,6.955207433,7.141108314,736251.0435,619333.8079,616501.8188,2.2,1.1,2.4,422.5481581,416.6861322,421.2062836,0.457341716,0.485565222,0.294159704,0.516699305,0.489507569,0.665693721,19.63752537,26.29853159,13.3201858,6.913656947,6.661006216,12.72386842,731065.2713,618242.925,499257.782
919,2.2,1.1,2.4,422.5481581,416.6861322,421.2062836,0.457341716,0.485565222,0.294159704,0.516699305,0.489507569,0.665693721,19.63752537,26.29853159,13.3201858,6.913656947,6.661006216,12.72386842,731065.2713,618242.925,499257.782,1.4,2.5,2.1,411.8995081,410.4743806,416.3314103,0.603301131,0.493365165,0.347462559,0.385861022,0.487988259,0.625885737,15.38979408,22.57393029,13.98727949,6.971508985,7.184136203,8.418285098,722973.2993,515873.367,555300.5663
920,1.4,2.5,2.1,411.8995081,410.4743806,416.3314103,0.603301131,0.493365165,0.347462559,0.385861022,0.487988259,0.625885737,15.38979408,22.57393029,13.98727949,6.971508985,7.184136203,8.418285098,722973.2993,515873.367,555300.5663,1.6,2.0,0.52,430.8143898,431.3602712,435.6544147,0.358003448,0.287221109,0.111043307,0.597397015,0.653202568,0.790661271,23.79760715,28.51590298,11.00833201,6.633321882,4.718295829,17.16428527,732058.5783,517065.3178,514295.8646
923,1.4,1.2,1.6,440.8517411,429.9402998,437.3591867,0.306223025,0.342081821,0.174156292,0.629408069,0.596320324,0.733737581,13.51117509,19.48331225,10.22561673,4.435003016,5.972137155,9.076172074,684162.5443,516520.5729,607081.3343,0.93,1.0,0.87,390.0396847,390.5847939,395.9845694,0.888102734,0.845836359,0.778775151,0.11137135,0.153247039,0.219811555,19.59313957,25.46835245,15.27949608,9.604064699,5.87521288,9.98907487,719538.5994,528975.6952,577598.22
925,1.9,2.2,2.4,426.9338938,426.0542192,432.1588064,0.374703584,0.306706445,0.149009088,0.583207756,0.637123725,0.767919298,17.6744259,23.1295969,12.08551779,6.846897363,5.455170998,10.82752853,718069.8512,526000.4169,593076.7507,1.8,1.2,2.1,428.6042947,415.6082771,420.2632894,0.447058975,0.513787248,0.292440588,0.526239543,0.463064573,0.66638099,21.85198515,31.41979183,13.49150017,4.275228622,9.567806678,17.57675653,700534.3445,515280.3506,614288.5531
926,1.8,1.2,2.1,428.6042947,415.6082771,420.2632894,0.447058975,0.513787248,0.292440588,0.526239543,0.463064573,0.66638099,21.85198515,31.41979183,13.49150017,4.275228622,9.567806678,17.57675653,700534.3445,515280.3506,614288.5531,1.4,0.53,1.9,387.0955919,383.9466926,388.0566287,0.886521321,0.896044081,0.842583813,0.112951741,0.103475394,0.156628816,24.08683903,33.46917566,18.74069881,9.647155847,9.382336628,14.43968318,703112.8394,535008.032,577735.9278
927,1.4,0.53,1.9,387.0955919,383.9466926,388.0566287,0.886521321,0.896044081,0.842583813,0.112951741,0.103475394,0.156628816,24.08683903,33.46917566,18.74069881,9.647155847,9.382336628,14.43968318,703112.8394,535008.032,577735.9278,0.71,2.0,0.87,406.5053336,401.9664432,406.1528983,0.787463442,0.701636312,0.545248354,0.210288208,0.293901736,0.447042189,19.21415747,28.59670258,14.30093277,5.198696876,9.38254511,14.0154606,700059.1116,561776.1022,502819.2473
928,0.71,2.0,0.87,406.5053336,401.9664432,406.1528983,0.787463442,0.701636312,0.545248354,0.210288208,0.293901736,0.447042189,19.21415747,28.59670258,14.30093277,5.198696876,9.38254511,14.0154606,700059.1116,561776.1022,502819.2473,1.7,2.2,2.1,401.3058333,398.9422056,403.382232,0.733840341,0.674512553,0.532657242,0.26247407,0.320006654,0.458597635,21.98144045,30.87795783,17.15780323,8.530308491,8.896517379,13.45113196,736739.1116,550223.5837,575811.3233
929,1.7,2.2,2.1,401.3058333,398.9422056,403.382232,0.733840341,0.674512553,0.532657242,0.26247407,0.320006654,0.458597635,21.98144045,30.87795783,17.15780323,8.530308491,8.896517379,13.45113196,736739.1116,550223.5837,575811.3233,0.62,1.7,0.71,412.0317165,404.8851785,409.803753,0.766241323,0.695324783,0.531587468,0.230951054,0.299813529,0.459882142,18.09112943,27.57994409,13.45668272,4.244794757,9.488814659,13.84633467,703676.0985,566675.1706,569746.8774
931,2.3,1.1,1.8,452.0433702,435.0053202,441.0524137,0.169549447,0.290807231,0.132160196,0.673730249,0.586336212,0.688135516,14.41290964,21.33160506,10.98554613,4.269714606,6.918695424,10.14319503,732096.0684,574833.4683,541925.2498,0.6,1.9,1.8,421.6439422,417.2000435,421.9834705,0.647188514,0.538618475,0.324094437,0.344910868,0.446945768,0.650372452,18.98455449,26.6595129,11.82456957,4.440492413,7.674958402,14.54406208,718061.7664,534826.1511,535596.9014
932,0.6,1.9,1.8,421.6439422,417.2000435,421.9834705,0.647188514,0.538618475,0.324094437,0.344910868,0.446945768,0.650372452,18.98455449,26.6595129,11.82456957,4.440492413,7.674958402,14.54406208,718061.7664,534826.1511,535596.9014,2.3,1.3,1.5,412.1170146,403.9674473,407.4826486,0.591947419,0.629603722,0.44249594,0.397164903,0.360543055,0.54030354,23.66321752,33.61302592,16.08094519,6.474903075,9.949808401,17.18831445,692026.7374,582888.9217,496244.1798
933,2.3,1.3,1.5,412.1170146,403.9674473,407.4826486,0.591947419,0.629603722,0.44249594,0.397164903,0.360543055,0.54030354,23.66321752,33.61302592,16.08094519,6.474903075,9.949808401,17.18831445,692026.7374,582888.9217,496244.1798,0.74,1.7,0.8,392.7345201,391.2535063,396.7179474,0.87471012,0.803163651,0.737616931,0.124590877,0.195206129,0.260081376,15.78226025,24.64419164,16.41257963,7.712052392,8.861931391,8.070207858,711080.6898,611869.1759,565600.2802
934,0.74,1.7,0.8,392.7345201,391.2535063,396.7179474,0.87471012,0.803163651,0.737616931,0.124590877,0.195206129,0.260081376,15.78226025,24.64419164,16.41257963,7.712052392,8.861931391,8.070207858,711080.6898,611869.1759,565600.2802,1.5,0.77,1.6,392.5574483,388.2120794,392.6379795,0.834409883,0.84589773,0.774486819,0.164354625,0.152956309,0.223701939,20.85440546,30.29511287,17.62076047,8.428569775,9.440707409,12.42583568,711649.5908,568534.7287,563149.1944
935,1.5,0.77,1.6,392.5574483,388.2120794,392.6379795,0.834409883,0.84589773,0.774486819,0.164354625,0.152956309,0.223701939,20.85440546,30.29511287,17.62076047,8.428569775,9.440707409,12.42583568,711649.5908,568534.7287,563149.1944,2.2,1.6,1.6,396.5673135,394.5077407,399.1585078,0.733733926,0.714171319,0.608602458,0.262563001,0.281567577,0.38509303,20.15402514,28.32550542,17.57863862,9.617881216,8.17148028,10.53614393,687389.563,574881.7342,553289.0359
936,2.2,1.6,1.6,396.5673135,394.5077407,399.1585078,0.733733926,0.714171319,0.608602458,0.262563001,0.281567577,0.38509303,20.15402514,28.32550542,17.57863862,9.617881216,8.17148028,10.53614393,687389.563,574881.7342,553289.0359,1.4,2.1,0.92,394.8583891,392.9662354,396.8470709,0.830028773,0.775189289,0.649990554,0.168703614,0.222662194,0.346268571,26.60052518,36.40711675,18.40880234,8.955118899,9.806591565,17.64540628,721684.0035,561534.1628,593418.1274
937,1.4,2.1,0.92,394.8583891,392.9662354,396.8470709,0.830028773,0.775189289,0.649990554,0.168703614,0.222662194,0.346268571,26.60052518,36.40711675,18.40880234,8.955118899,9.806591565,17.64540628,721684.0035,561534.1628,593418.1274,0.75,2.4,1.7,415.1840179,424.2855605,430.7955212,0.625960899,0.389819502,0.217081285,0.362108231,0.576341036,0.731769884,16.94569818,21.06564078,11.28201478,7.353907983,4.119942599,9.591790198,688695.1853,585303.2842,575977.4039
939,1.6,1.0,0.59,447.3183922,427.7598305,435.3271754,0.247805906,0.376455258,0.217824392,0.654088269,0.550195953,0.677107737,11.72165182,18.85760191,11.00618095,4.024180286,7.135950097,7.697471531,738510.426,556945.4702,599349.4023,1.8,0.89,1.3,404.2235775,405.4921973,409.8785744,0.719672923,0.68286248,0.507310545,0.27616743,0.31193981,0.483370433,24.45832874,28.53847294,13.41791793,9.634255198,4.080144204,14.82407354,711035.898,548898.4162,525754.4484
940,1.8,0.89,1.3,404.2235775,405.4921973,409.8785744,0.719672923,0.68286248,0.507310545,0.27616743,0.31193981,0.483370433,24.45832874,28.53847294,13.41791793,9.634255198,4.080144204,14.82407354,711035.898,548898.4162,525754.4484,1.6,1.6,0.58,429.4652181,423.8446772,428.588774,0.407559872,0.392803394,0.188268809,0.559688325,0.570257183,0.749646986,20.84359209,27.43994012,11.77933669,5.490059325,6.596348022,15.35353277,697792.0463,515082.8537,546746.5313
941,1.6,1.6,0.58,429.4652181,423.8446772,428.588774,0.407559872,0.392803394,0.188268809,0.559688325,0.570257183,0.749646986,20.84359209,27.43994012,11.77933669,5.490059325,6.596348022,15.35353277,697792.0463,515082.8537,546746.5313,0.74,1.2,1.5,397.9141866,396.4018696,401.2674147,0.86301551,0.805385122,0.694321224,0.136159932,0.193041528,0.30292775,20.41099198,27.12733249,13.74205048,7.288166479,6.716340507,13.1228255,709934.4302,501820.8105,554354.8483
943,1.2,2.4,2.4,401.9939773,407.0842818,412.69999,0.751231825,0.593043262,0.441520714,0.24526976,0.397522604,0.544056353,20.02331572,25.62162285,14.79728963,9.411224322,5.598307135,10.61209139,731158.8797,611194.0314,604318.9028,1.6,1.5,1.2,412.4812379,408.8023812,413.1963758,0.641016354,0.607852424,0.403734509,0.351350357,0.382775918,0.579381149,23.88731383,31.33311073,14.08220387,6.974660051,7.445796896,16.91265378,691029.9881,542088.3074,578246.6909
944,1.6,1.5,1.2,412.4812379,408.8023812,413.1963758,0.641016354,0.607852424,0.403734509,0.351350357,0.382775918,0.579381149,23.88731383,31.33311073,14.08220387,6.974660051,7.445796896,16.91265378,691029.9881,542088.3074,578246.6909,0.54,1.1,0.6,399.4918322,404.217516,410.240795,0.876888494,0.774817939,0.645404222,0.122384988,0.222968699,0.350679925,20.79011835,24.40752229,12.07303161,8.697480431,3.617403937,12.09263792,698859.0251,598921.2099,617455.9258
945,0.54,1.1,0.6,399.4918322,404.217516,410.240795,0.876888494,0.774817939,0.645404222,0.122384988,0.222968699,0.350679925,20.79011835,24.40752229,12.07303161,8.697480431,3.617403937,12.09263792,698859.0251,598921.2099,617455.9258,0.73,1.7,2.2,402.7295282,408.3348175,412.642439,0.809639885,0.667029283,0.47867557,0.188419742,0.327391035,0.51111324,23.74081484,27.20583736,12.30542519,9.132567611,3.465022523,14.60824723,738628.5558,494878.1923,492209.8134
946,0.73,1.7,2.2,402.7295282,408.3348175,412.642439,0.809639885,0.667029283,0.47867557,0.188419742,0.327391035,0.51111324,23.74081484,27.20583736,12.30542519,9.132567611,3.465022523,14.60824723,738628.5558,494878.1923,492209.8134,1.6,0.74,1.5,413.892988,405.3110266,411.9187449,0.588891746,0.643553365,0.520054288,0.398860073,0.346217733,0.464969186,14.10538402,21.06040801,13.08663855,6.287962981,6.955023991,7.817421041,712340.8487,547194.6201,584477.8852
947,1.6,0.74,1.5,413.892988,405.3110266,411.9187449,0.588891746,0.643553365,0.520054288,0.398860073,0.346217733,0.464969186,14.10538402,21.06040801,13.08663855,6.287962981,6.955023991,7.817421041,712340.8487,547194.6201,584477.8852,2.4,0.94,0.68,434.7263596,422.3637213,426.5160027,0.321186984,0.418540631,0.21194277,0.622049778,0.534361753,0.709603837,20.46850724,28.31337078,12.67327713,5.135082086,7.844863545,15.33342515,734742.6967,558117.9404,493774.6054
948,1.3,1.0,1.2,385.997962,383.1720111,387.9497294,0.863551065,0.860552712,0.826571898,0.135640523,0.138601446,0.172336189,20.46850724,28.31337078,12.67327713,5.135082086,7.844863545,15.33342515,734742.6967,558117.9404,493774.6054,2.2,2.2,0.95,418.2419659,422.2047853,428.2430851,0.452964088,0.344299859,0.181473468,0.520061762,0.614247651,0.757161218,19.42550233,23.7084574,12.7966787,8.727680081,4.282955066,10.69782225,707453.8061,545396.4139,601268.522
949,2.2,2.2,0.95,418.2419659,422.2047853,428.2430851,0.452964088,0.344299859,0.181473468,0.520061762,0.614247651,0.757161218,19.42550233,23.7084574,12.7966787,8.727680081,4.282955066,10.69782225,707453.8061,545396.4139,601268.522,1.9,1.0,2.3,431.1216852,416.6351398,421.0743122,0.414636268,0.511754454,0.296483545,0.552116426,0.461549616,0.657049405,20.56396886,30.28117462,13.52208154,4.133485443,9.717205762,16.43048342,694745.4481,612716.2332,564587.023
950,1.9,1.0,2.3,431.1216852,416.6351398,421.0743122,0.414636268,0.511754454,0.296483545,0.552116426,0.461549616,0.657049405,20.56396886,30.28117462,13.52208154,4.133485443,9.717205762,16.43048342,694745.4481,612716.2332,564587.023,1.5,2.3,1.5,428.0759708,427.8828004,433.224265,0.398943006,0.313970186,0.136813539,0.564930876,0.634323238,0.780741076,21.18798039,26.82205797,11.85158348,6.511044627,5.634077571,14.67693577,706925.4848,540646.6115,601730.3297
953,1.6,1.2,1.9,435.3987511,430.1329887,436.7999175,0.345249457,0.343165008,0.169602669,0.604291387,0.603000988,0.748072641,16.11918008,21.36204133,10.71848077,5.684316794,5.242861244,10.43486329,727842.3873,559808.0027,598167.9123,1.5,2.0,1.0,406.9774122,400.3840905,406.0608155,0.66070826,0.637013844,0.525576883,0.332226494,0.354784944,0.462884603,14.80180367,24.32336016,15.93363028,6.576578293,9.521556495,8.225225372,704371.0618,585269.3369,579922.1103
955,2.3,2.3,1.4,426.673862,429.2605642,435.6625614,0.331500885,0.248011779,0.115049884,0.613219341,0.675187433,0.776577309,16.93685331,21.28236675,11.66012829,7.503286191,4.345513438,9.433567124,699255.5648,544417.4338,572258.9902,1.4,1.7,2.2,423.5057229,420.4099249,426.5683189,0.493134468,0.435558763,0.259483479,0.485462905,0.536363667,0.697655807,16.45054303,22.7893197,12.33746573,6.203627369,6.338776673,10.24691566,714678.8034,604657.5318,589451.0294
956,1.4,1.7,2.2,423.5057229,420.4099249,426.5683189,0.493134468,0.435558763,0.259483479,0.485462905,0.536363667,0.697655807,16.45054303,22.7893197,12.33746573,6.203627369,6.338776673,10.24691566,714678.8034,604657.5318,589451.0294,1.7,0.68,1.1,429.4141834,407.5001435,414.5936416,0.389124014,0.591420029,0.476564288,0.566705532,0.382312986,0.487327277,10.77814776,19.93789671,13.36607101,4.335181391,9.159748951,6.442966367,682748.8864,599189.1831,594003.5473
957,1.7,0.68,1.1,429.4141834,407.5001435,414.5936416,0.389124014,0.591420029,0.476564288,0.566705532,0.382312986,0.487327277,10.77814776,19.93789671,13.36607101,4.335181391,9.159748951,6.442966367,682748.8864,599189.1831,594003.5473,2.3,1.4,2.3,396.5783801,394.8089705,399.25594,0.725841519,0.711710979,0.606177679,0.27017425,0.283872252,0.387305822,19.96424327,27.33951044,17.02321632,9.850229436,7.375267163,10.11401384,700143.0599,546557.0394,510612.1467
958,2.3,1.4,2.3,396.5783801,394.8089705,399.25594,0.725841519,0.711710979,0.606177679,0.27017425,0.283872252,0.387305822,19.96424327,27.33951044,17.02321632,9.850229436,7.375267163,10.11401384,700143.0599,546557.0394,510612.1467,1.7,1.8,0.57,404.4673549,405.0518471,411.8172898,0.663223821,0.582529215,0.458174964,0.329850683,0.40686179,0.526878821,15.85744375,21.71569986,14.05898314,8.350858718,5.858256118,7.506585029,685584.8108,522404.2036,617048.7702
959,1.7,1.8,0.57,404.4673549,405.0518471,411.8172898,0.663223821,0.582529215,0.458174964,0.329850683,0.40686179,0.526878821,15.85744375,21.71569986,14.05898314,8.350858718,5.858256118,7.506585029,685584.8108,522404.2036,617048.7702,0.82,2.5,1.7,407.8539751,412.2306649,416.0382054,0.725932147,0.563806739,0.346083688,0.269508952,0.424723018,0.633102262,25.62197322,30.96659257,13.35582356,8.356513407,5.34461935,17.26545981,717584.7164,531442.8969,495210.621
960,0.82,2.5,1.7,407.8539751,412.2306649,416.0382054,0.725932147,0.563806739,0.346083688,0.269508952,0.424723018,0.633102262,25.62197322,30.96659257,13.35582356,8.356513407,5.34461935,17.26545981,717584.7164,531442.8969,495210.621,1.7,1.2,2.0,409.745873,405.6336187,409.8354205,0.657377443,0.645545884,0.469738039,0.335681005,0.346804713,0.5171338,21.23956117,28.46224882,14.08084291,7.140143609,7.22268765,14.09941756,703120.9756,560415.4945,502286.48
961,1.7,1.2,2.0,409.745873,405.6336187,409.8354205,0.657377443,0.645545884,0.469738039,0.335681005,0.346804713,0.5171338,21.23956117,28.46224882,14.08084291,7.140143609,7.22268765,14.09941756,703120.9756,560415.4945,502286.48,2.2,1.8,1.5,448.864896,431.5210382,439.2957905,0.173824294,0.27139794,0.142449454,0.671780218,0.606692321,0.694005069,11.50621555,18.96902521,11.6932115,4.373064855,7.46280966,7.133150695,696245.522,604855.9288,619514.3607
962,2.2,1.8,1.5,448.864896,431.5210382,439.2957905,0.173824294,0.27139794,0.142449454,0.671780218,0.606692321,0.694005069,11.50621555,18.96902521,11.6932115,4.373064855,7.46280966,7.133150695,696245.522,604855.9288,619514.3607,2.5,0.86,1.9,408.6846533,404.7150797,409.4877759,0.589428226,0.616881999,0.467568305,0.399006064,0.372345209,0.515786001,19.3310414,25.57565432,14.6434413,8.613185503,6.244612918,10.7178559,719941.1455,552271.0681,512633.8267
963,2.5,0.86,1.9,408.6846533,404.7150797,409.4877759,0.589428226,0.616881999,0.467568305,0.399006064,0.372345209,0.515786001,19.3310414,25.57565432,14.6434413,8.613185503,6.244612918,10.7178559,719941.1455,552271.0681,512633.8267,0.63,2.1,1.8,395.6492892,397.6495596,401.5000327,0.875347247,0.763955828,0.619101978,0.123907606,0.233623723,0.376448079,25.57820994,31.82352958,14.86976261,8.956869778,6.245319639,16.62134016,734396.0338,491001.579,514649.1608
966,1.2,1.3,0.72,452.3361153,438.3533931,446.0036271,0.222780168,0.268631972,0.127382192,0.667212776,0.629100232,0.728224742,11.13474248,17.07356654,9.435467444,3.646410038,5.938824055,7.488332445,710674.9223,579491.5662,548591.0878,2.4,1.3,1.1,414.4918974,408.8347871,412.5352407,0.555308294,0.5728336,0.375106544,0.430864,0.413572862,0.601558674,24.0545793,32.14721423,15.35348505,7.590138921,8.092634934,16.46444038,739680.0334,590402.5036,499621.2215
967,2.4,1.3,1.1,414.4918974,408.8347871,412.5352407,0.555308294,0.5728336,0.375106544,0.430864,0.413572862,0.601558674,24.0545793,32.14721423,15.35348505,7.590138921,8.092634934,16.46444038,739680.0334,590402.5036,499621.2215,0.6,2.3,0.65,422.4090727,413.7568919,419.8850305,0.635867539,0.530232929,0.358170266,0.355310642,0.453893418,0.617119507,14.33720191,23.71820084,13.02794991,3.856563739,9.380998931,10.48063817,704666.8369,592422.1006,610463.4411
968,0.6,2.3,0.65,422.4090727,413.7568919,419.8850305,0.635867539,0.530232929,0.358170266,0.355310642,0.453893418,0.617119507,14.33720191,23.71820084,13.02794991,3.856563739,9.380998931,10.48063817,704666.8369,592422.1006,610463.4411,0.51,1.3,1.6,399.5310394,394.6188904,398.5637439,0.888583686,0.841580347,0.732634371,0.110899294,0.157409879,0.265436965,22.26582384,32.22945024,14.63542621,5.016780673,9.963626399,17.24904316,701028.8973,583467.3672,533989.9242
969,0.51,1.3,1.6,399.5310394,394.6188904,398.5637439,0.888583686,0.841580347,0.732634371,0.110899294,0.157409879,0.265436965,22.26582384,32.22945024,14.63542621,5.016780673,9.963626399,17.24904316,701028.8973,583467.3672,533989.9242,2.2,0.85,0.86,429.6239563,412.1359036,417.505342,0.372330752,0.525136951,0.358360888,0.581929658,0.442946913,0.593065683,15.02548596,24.17097225,13.71093392,4.770546424,9.145486284,10.25493954,682121.4426,574460.8523,545101.7518
970,2.2,0.85,0.86,429.6239563,412.1359036,417.505342,0.372330752,0.525136951,0.358360888,0.581929658,0.442946913,0.593065683,15.02548596,24.17097225,13.71093392,4.770546424,9.145486284,10.25493954,682121.4426,574460.8523,545101.7518,2.2,1.3,0.94,417.861986,408.3719641,412.7636046,0.507986979,0.556143488,0.380351823,0.472742945,0.426761872,0.592412361,18.86768016,27.44423641,14.68074015,6.354448533,8.576556253,12.51323163,730698.3787,517052.1166,506204.1288
971,2.2,1.3,0.94,417.861986,408.3719641,412.7636046,0.507986979,0.556143488,0.380351823,0.472742945,0.426761872,0.592412361,18.86768016,27.44423641,14.68074015,6.354448533,8.576556253,12.51323163,730698.3787,517052.1166,506204.1288,1.6,1.6,1.4,400.139718,399.1684408,405.3257193,0.730672376,0.679569073,0.573750892,0.265399661,0.314979047,0.418447003,16.80247457,23.80880291,15.35213182,8.511620554,7.006328348,8.290854011,696126.5342,578512.2489,615708.5848
973,0.97,2.2,2.1,441.3569215,436.1041092,441.2913563,0.319197356,0.266142636,0.102344524,0.62373695,0.659011296,0.778371899,19.24233796,26.00985419,10.61728835,4.151587132,6.767516231,15.09075083,729685.904,596204.5675,566697.041,1.1,1.9,2.4,410.2391076,404.077839,409.0503934,0.690928714,0.638336989,0.493494727,0.30355007,0.353955613,0.494527955,16.38849795,25.50087917,14.56909383,5.671061345,9.112381216,10.71743661,712745.4492,580612.9701,532551.5332
974,1.1,1.9,2.4,410.2391076,404.077839,409.0503934,0.690928714,0.638336989,0.493494727,0.30355007,0.353955613,0.494527955,16.38849795,25.50087917,14.56909383,5.671061345,9.112381216,10.71743661,712745.4492,580612.9701,532551.5332,1.1,2.1,2.1,431.3592004,429.2570625,434.8571069,0.405171979,0.31782497,0.146942195,0.55878841,0.629285242,0.771366134,16.81290757,22.68944282,10.86881945,5.224061123,5.876535252,11.58884645,701064.5025,550196.0148,533671.6174
975,1.1,2.1,2.1,431.3592004,429.2570625,434.8571069,0.405171979,0.31782497,0.146942195,0.55878841,0.629285242,0.771366134,16.81290757,22.68944282,10.86881945,5.224061123,5.876535252,11.58884645,701064.5025,550196.0148,533671.6174,0.55,2.4,0.55,409.2169708,418.8797815,423.8416946,0.719680946,0.481634673,0.27915207,0.274110866,0.498343953,0.68747001,20.69535873,24.12525557,11.45424349,8.272797868,3.429896837,12.42256086,698685.5305,509501.0041,502771.1362
976,0.55,2.4,0.55,409.2169708,418.8797815,423.8416946,0.719680946,0.481634673,0.27915207,0.274110866,0.498343953,0.68747001,20.69535873,24.12525557,11.45424349,8.272797868,3.429896837,12.42256086,698685.5305,509501.0041,502771.1362,1.2,0.58,2.1,439.370925,419.260087,424.9342266,0.411629276,0.547406016,0.348543142,0.551313849,0.42593033,0.606545358,14.83865604,23.4122596,11.3581802,3.020931147,8.573603555,11.8177249,712645.0551,586127.6732,557956.5536
977,1.2,0.58,2.1,439.370925,419.260087,424.9342266,0.411629276,0.547406016,0.348543142,0.551313849,0.42593033,0.606545358,14.83865604,23.4122596,11.3581802,3.020931147,8.573603555,11.8177249,712645.0551,586127.6732,557956.5536,2.4,2.5,0.94,410.7386194,413.0948818,418.8437375,0.529090624,0.425321156,0.266667169,0.454056537,0.548427052,0.695183588,19.08219669,24.41356685,14.34009987,9.206248664,5.331370162,9.875948028,688078.9796,491158.2715,589466.3966
978,2.4,2.5,0.94,410.7386194,413.0948818,418.8437375,0.529090624,0.425321156,0.266667169,0.454056537,0.548427052,0.695183588,19.08219669,24.41356685,14.34009987,9.206248664,5.331370162,9.875948028,688078.9796,491158.2715,589466.3966,1.8,2.4,2.3,402.8569452,406.8072688,412.417892,0.665375511,0.536389381,0.408258573,0.32774431,0.45003083,0.572868383,16.83558877,22.66952419,14.81474662,9.134826447,5.833935416,7.700762328,695396.5297,594490.2168,534191.8329
979,1.8,2.4,2.3,402.8569452,406.8072688,412.417892,0.665375511,0.536389381,0.408258573,0.32774431,0.45003083,0.572868383,16.83558877,22.66952419,14.81474662,9.134826447,5.833935416,7.700762328,695396.5297,594490.2168,534191.8329,2.3,0.68,0.91,429.6890651,416.9788789,421.100954,0.400535161,0.507350085,0.287332266,0.563175176,0.463714587,0.661696743,21.90335388,30.45674201,13.23538209,5.01966768,8.553388131,16.8836862,697995.5807,579372.3731,527291.701
980,2.3,0.68,0.91,429.6890651,416.9788789,421.100954,0.400535161,0.507350085,0.287332266,0.563175176,0.463714587,0.661696743,21.90335388,30.45674201,13.23538209,5.01966768,8.553388131,16.8836862,697995.5807,579372.3731,527291.701,1.2,1.9,1.4,407.3517977,402.0327917,408.3788877,0.687579991,0.636861957,0.532838324,0.306566986,0.355205046,0.456241604,13.56254164,22.25773549,15.01009297,6.457009753,8.69519385,7.105531888,731208.4681,602207.947,593248.0588
981,1.2,1.9,1.4,407.3517977,402.0327917,408.3788877,0.687579991,0.636861957,0.532838324,0.306566986,0.355205046,0.456241604,13.56254164,22.25773549,15.01009297,6.457009753,8.69519385,7.105531888,731208.4681,602207.947,593248.0588,1.0,1.8,2.5,409.3363855,408.4430437,413.2747438,0.728677989,0.637487167,0.440550083,0.267389404,0.355416307,0.546563299,23.08653816,30.00010533,13.53253308,6.941859479,6.913567171,16.14467868,681043.1106,550335.6504,608807.5163
985,2.3,0.87,2.3,437.0490719,430.6056391,435.0078114,0.295254975,0.345517006,0.149661046,0.640055689,0.594101073,0.750107277,21.65740472,27.25898429,11.25418544,5.966425454,5.601579573,15.69097926,715752.7195,616856.2022,503976.4995,0.99,2.1,0.55,404.8501235,403.6435064,409.7414459,0.738133543,0.627310907,0.505285406,0.258036574,0.364841692,0.483405255,14.81780124,22.33565278,14.13938918,6.782248693,7.517851541,8.035552544,698593.8125,564297.8434,572046.0069
986,0.99,2.1,0.55,404.8501235,403.6435064,409.7414459,0.738133543,0.627310907,0.505285406,0.258036574,0.364841692,0.483405255,14.81780124,22.33565278,14.13938918,6.782248693,7.517851541,8.035552544,698593.8125,564297.8434,572046.0069,0.57,1.4,1.8,415.6521915,416.0362036,420.4277179,0.733818883,0.617911162,0.402112353,0.262157544,0.373713682,0.582091186,21.07369058,26.58517099,11.12208625,5.913803583,5.51148041,15.159887,729738.0385,563621.2261,490350.0303
987,0.57,1.4,1.8,415.6521915,416.0362036,420.4277179,0.733818883,0.617911162,0.402112353,0.262157544,0.373713682,0.582091186,21.07369058,26.58517099,11.12208625,5.913803583,5.51148041,15.159887,729738.0385,563621.2261,490350.0303,1.5,0.9,1.8,434.2507046,426.6467369,433.5660349,0.381137425,0.410039494,0.223716895,0.577170647,0.549577155,0.712991534,15.4627691,20.9320786,10.57682823,5.310562858,5.469309502,10.15220624,690446.0064,553276.3427,608310.99
988,1.5,0.9,1.8,434.2507046,426.6467369,433.5660349,0.381137425,0.410039494,0.223716895,0.577170647,0.549577155,0.712991534,15.4627691,20.9320786,10.57682823,5.310562858,5.469309502,10.15220624,690446.0064,553276.3427,608310.99,0.94,2.4,1.6,434.5906044,415.2755103,421.566783,0.409005283,0.430961693,0.298920728,0.554180233,0.533742054,0.653309653,9.750126086,19.43360733,12.84166064,3.287433247,9.683481247,6.462692839,712334.8115,543284.888,513498.0595
989,0.94,2.4,1.6,434.5906044,415.2755103,421.566783,0.409005283,0.430961693,0.298920728,0.554180233,0.533742054,0.653309653,9.750126086,19.43360733,12.84166064,3.287433247,9.683481247,6.462692839,712334.8115,543284.888,513498.0595,1.3,1.1,2.4,394.0844288,397.2030025,403.0805983,0.820686924,0.754526364,0.656892708,0.1778073,0.242858104,0.339156288,18.51906298,22.48579935,13.66971148,9.875839582,3.966736362,8.643223401,700250.2765,503223.4858,555079.4016
990,1.3,1.1,2.4,394.0844288,397.2030025,403.0805983,0.820686924,0.754526364,0.656892708,0.1778073,0.242858104,0.339156288,18.51906298,22.48579935,13.66971148,9.875839582,3.966736362,8.643223401,700250.2765,503223.4858,555079.4016,1.1,1.2,1.8,434.6092543,410.3644253,417.5997832,0.404891004,0.543806139,0.418712548,0.555114791,0.429950612,0.545091545,9.491782734,18.54122392,12.26068989,3.334396434,9.049441181,6.1573863,704323.6934,490668.5705,563450.2712
991,1.1,1.2,1.8,434.6092543,410.3644253,417.5997832,0.404891004,0.543806139,0.418712548,0.555114791,0.429950612,0.545091545,9.491782734,18.54122392,12.26068989,3.334396434,9.049441181,6.1573863,704323.6934,490668.5705,563450.2712,2.2,0.91,1.0,420.8436724,416.9579215,421.3435311,0.493680501,0.506631201,0.285639177,0.486223691,0.473164967,0.678466459,24.12872645,29.8349496,12.77937654,7.407576385,5.706223152,16.72115006,691148.7049,550854.7146,549546.1541
992,2.2,0.91,1.0,420.8436724,416.9579215,421.3435311,0.493680501,0.506631201,0.285639177,0.486223691,0.473164967,0.678466459,24.12872645,29.8349496,12.77937654,7.407576385,5.706223152,16.72115006,691148.7049,550854.7146,549546.1541,0.56,2.2,1.6,411.7393719,411.1758444,415.8048339,0.749331997,0.6146036,0.404327771,0.247081518,0.376843057,0.579865112,22.74356262,30.34221572,13.11801122,5.857087612,7.598653107,16.886475,683013.1479,570203.4084,589905.0232
993,0.56,2.2,1.6,411.7393719,411.1758444,415.8048339,0.749331997,0.6146036,0.404327771,0.247081518,0.376843057,0.579865112,22.74356262,30.34221572,13.11801122,5.857087612,7.598653107,16.886475,683013.1479,570203.4084,589905.0232,0.78,0.74,1.4,406.6342618,407.7553594,412.2734078,0.821469937,0.771359791,0.598928578,0.177061559,0.226328961,0.396271836,25.00973564,29.31558512,11.49045734,7.534120169,4.305849482,17.47561547,681742.7925,617016.0242,556286.7442
994,0.78,0.74,1.4,406.6342618,407.7553594,412.2734078,0.821469937,0.771359791,0.598928578,0.177061559,0.226328961,0.396271836,25.00973564,29.31558512,11.49045734,7.534120169,4.305849482,17.47561547,681742.7925,617016.0242,556286.7442,1.6,1.8,0.85,416.5696878,410.1493261,415.1056585,0.559276216,0.533908816,0.361328479,0.426827772,0.449936136,0.613446403,17.42731794,25.28880359,13.84343398,6.206367347,7.861485649,11.22095059,728777.6862,495742.7949,526426.8369
995,1.6,1.8,0.85,416.5696878,410.1493261,415.1056585,0.559276216,0.533908816,0.361328479,0.426827772,0.449936136,0.613446403,17.42731794,25.28880359,13.84343398,6.206367347,7.861485649,11.22095059,728777.6862,495742.7949,526426.8369,1.7,2.3,0.7,414.0156431,406.7204651,412.2940328,0.555593374,0.528905979,0.386385661,0.429953044,0.454291598,0.589469667,15.19278092,24.08245902,14.95844611,6.247670218,8.889678102,8.945110701,696412.1334,507420.7563,563745.4984
996,1.7,2.3,0.7,414.0156431,406.7204651,412.2940328,0.555593374,0.528905979,0.386385661,0.429953044,0.454291598,0.589469667,15.19278092,24.08245902,14.95844611,6.247670218,8.889678102,8.945110701,696412.1334,507420.7563,563745.4984,1.4,2.0,1.1,404.0451509,408.040337,412.4485979,0.731067888,0.611560506,0.423287165,0.265016486,0.380354988,0.562767998,24.88975855,29.70425197,14.36597613,9.852233216,4.814493418,15.03752534,731049.9407,568400.2362,549965.0901
997,1.4,2.0,1.1,404.0451509,408.040337,412.4485979,0.731067888,0.611560506,0.423287165,0.265016486,0.380354988,0.562767998,24.88975855,29.70425197,14.36597613,9.852233216,4.814493418,15.03752534,731049.9407,568400.2362,549965.0901,1.2,0.53,0.76,404.7896556,397.696242,401.9484985,0.791392467,0.815075135,0.689355958,0.206481004,0.183052251,0.307062567,22.84201403,32.07373597,14.4197714,5.534205635,9.231721938,17.30780839,701256.6132,618516.1503,572820.1642
998,1.2,0.53,0.76,404.7896556,397.696242,401.9484985,0.791392467,0.815075135,0.689355958,0.206481004,0.183052251,0.307062567,22.84201403,32.07373597,14.4197714,5.534205635,9.231721938,17.30780839,701256.6132,618516.1503,572820.1642,1.8,2.0,0.7,406.9810649,408.0695006,414.7568129,0.617226091,0.524609255,0.39713767,0.37302624,0.460110451,0.581774754,15.30018349,21.07051971,13.87174192,8.24255821,5.770336219,7.057625279,694670.7711,526566.8932,591801.6863
999,1.8,2.0,0.7,406.9810649,408.0695006,414.7568129,0.617226091,0.524609255,0.39713767,0.37302624,0.460110451,0.581774754,15.30018349,21.07051971,13.87174192,8.24255821,5.770336219,7.057625279,694670.7711,526566.8932,591801.6863,1.1,1.1,2.3,422.2971818,407.3874356,413.3034694,0.553818119,0.617187209,0.49234065,0.430431545,0.370200947,0.489490447,11.68386026,20.4784693,12.94191407,4.29508063,8.794609036,7.38877963,723265.6859,597814.8733,508839.9385
1000,2.1,1.5,1.3,405.1021791,409.333419,415.3829616,0.630924906,0.543992433,0.400782667,0.360390859,0.442897575,0.580192834,11.68386026,20.4784693,12.94191407,4.29508063,8.794609036,7.38877963,723265.6859,597814.8733,508839.9385,1.1,1.7,0.75,432.5492139,426.2341287,432.5469799,0.402452885,0.355443401,0.189156228,0.560890234,0.598283118,0.742005535,13.38283413,19.3726242,10.42454345,4.610205949,5.989790063,8.772628185,684088.1148,503072.1688,513645.1895
1001,1.9,1.3,1.3,421.2482239,416.7523509,420.9039756,0.49692759,0.490775746,0.279556575,0.483362087,0.487954571,0.683969461,13.38283413,19.3726242,10.42454345,4.610205949,5.989790063,8.772628185,684088.1148,503072.1688,513645.1895,2.1,1.5,1.3,405.1021791,409.333419,415.3829616,0.630924906,0.543992433,0.400782667,0.360390859,0.442897575,0.580192834,17.86890839,21.88795305,13.45835244,9.604594061,4.019044662,8.264314328,685011.5847,572920.4433,556124.5737
1002,1.7,1.2,1.4,402.0778523,397.4188592,404.3857449,0.683621214,0.688001429,0.605679875,0.310387438,0.30603478,0.386359071,17.86890839,21.88795305,13.45835244,9.604594061,4.019044662,8.264314328,685011.5847,572920.4433,556124.5737,1.9,1.3,1.3,421.2482239,416.7523509,420.9039756,0.49692759,0.490775746,0.279556575,0.483362087,0.487954571,0.683969461,21.934125,28.42248723,12.87204643,6.688594798,6.488362231,15.2455302,715558.0968,547600.5754,495595.9217
1003,0.98,1.4,2.3,405.543515,400.2012015,404.7372168,0.787362234,0.751981103,0.601071445,0.210479679,0.245065384,0.39350168,21.934125,28.42248723,12.87204643,6.688594798,6.488362231,15.2455302,715558.0968,547600.5754,495595.9217,1.7,1.2,1.4,402.0778523,397.4188592,404.3857449,0.683621214,0.688001429,0.605679875,0.310387438,0.30603478,0.386359071,13.89271828,21.15646649,14.93955432,7.797706348,7.263748206,6.095011931,714301.1881,519598.173,619056.4649
1004,1.3,1.1,2.3,438.168432,438.5356873,443.8945744,0.348719693,0.301763739,0.117194954,0.60344867,0.63977931,0.784632707,13.89271828,21.15646649,14.93955432,7.797706348,7.263748206,6.095011931,714301.1881,519598.173,619056.4649,0.98,1.4,2.3,405.543515,400.2012015,404.7372168,0.787362234,0.751981103,0.601071445,0.210479679,0.245065384,0.39350168,22.20289175,31.63244914,14.73166347,5.633494033,9.429557389,16.56939772,680975.685,597701.6408,602628.8583
1005,0.96,1.1,2.5,438.6309228,417.3283558,424.6191168,0.398630562,0.497986714,0.35451748,0.560219888,0.471143616,0.60171321,22.20289175,31.63244914,14.73166347,5.633494033,9.429557389,16.56939772,680975.685,597701.6408,602628.8583,1.3,1.1,2.3,438.168432,438.5356873,443.8945744,0.348719693,0.301763739,0.117194954,0.60344867,0.63977931,0.784632707,21.63105864,25.42400518,9.547019118,6.065386025,3.792946546,15.56567261,714817.1666,597249.0942,572228.7561
1006,1.7,1.2,1.5,444.5848975,427.7666174,433.390501,0.275158734,0.378174322,0.18752537,0.648945992,0.560174092,0.714586953,21.63105864,25.42400518,9.547019118,6.065386025,3.792946546,15.56567261,714817.1666,597249.0942,572228.7561,0.96,1.1,2.5,438.6309228,417.3283558,424.6191168,0.398630562,0.497986714,0.35451748,0.560219888,0.471143616,0.60171321,9.859492353,17.81077812,11.17777554,3.356548642,7.95128577,6.502943711,726999.5599,530062.1088,545379.4497
1007,2.4,2.4,1.5,408.6107953,410.4564316,414.6001068,0.584608698,0.49396282,0.300019752,0.404088027,0.488852191,0.671930467,9.859492353,17.81077812,11.17777554,3.356548642,7.95128577,6.502943711,726999.5599,530062.1088,545379.4497,1.7,1.2,1.5,444.5848975,427.7666174,433.390501,0.275158734,0.378174322,0.18752537,0.648945992,0.560174092,0.714586953,16.53445129,24.97756187,11.88250609,3.6961613,8.443110586,12.83828999,716056.1297,617646.0871,589977.2929
1008,1.7,0.77,2.0,433.5996346,418.1216561,423.9183219,0.392309997,0.501272501,0.303218295,0.5680085,0.467749828,0.645841955,16.53445129,24.97756187,11.88250609,3.6961613,8.443110586,12.83828999,716056.1297,617646.0871,589977.2929,2.4,2.4,1.5,408.6107953,410.4564316,414.6001068,0.584608698,0.49396282,0.300019752,0.404088027,0.488852191,0.671930467,25.07664303,30.70514915,15.28540806,9.9592498,5.628506123,15.11739323,704622.5319,503426.5751,534361.733
1010,2.4,0.91,0.85,438.2118864,424.9082461,430.8014468,0.284233305,0.393950358,0.207641037,0.641962714,0.546555654,0.699643201,16.52893659,24.51368032,12.06118247,4.320605363,7.984743731,12.20833123,693740.8948,519500.3805,596801.7639,1.1,1.1,1.4,390.3254797,390.6084917,395.3602601,0.875494305,0.835339335,0.756104615,0.123853828,0.163600791,0.242190974,21.36411491,27.60408792,15.68411104,9.677863068,6.239973012,11.68625184,692760.5561,532563.2518,550906.5701
1012,0.93,1.4,1.3,402.5672045,401.5448177,405.4699021,0.81575779,0.752620034,0.590749546,0.182684445,0.244645001,0.404010875,17.50864009,24.88434455,12.49625759,5.363456789,7.375704466,12.1451833,721574.2597,596826.4781,615922.1498,1.3,2.1,1.2,427.095703,424.407153,428.4161046,0.443834298,0.378155117,0.170671443,0.52962244,0.585683837,0.76718401,23.00487629,29.50495699,11.81239068,5.659223046,6.500080698,17.34565324,726047.5597,504452.3994,496792.1905
1013,0.58,1.9,2.1,407.7332934,408.3547375,413.8085091,0.778195913,0.625195921,0.472388522,0.218982617,0.366764758,0.514966899,23.00487629,29.50495699,11.81239068,5.659223046,6.500080698,17.34565324,726047.5597,504452.3994,496792.1905,0.93,1.4,1.3,402.5672045,401.5448177,405.4699021,0.81575779,0.752620034,0.590749546,0.182684445,0.244645001,0.404010875,24.84597088,31.79660483,13.94039066,7.33987856,6.950633947,17.50609232,709980.1019,572523.8122,524177.7281
1014,1.6,0.87,2.3,412.6158148,404.2970424,409.1967216,0.636970742,0.672043342,0.513500805,0.354660223,0.320477693,0.473972658,24.84597088,31.79660483,13.94039066,7.33987856,6.950633947,17.50609232,709980.1019,572523.8122,524177.7281,0.58,1.9,2.1,407.7332934,408.3547375,413.8085091,0.778195913,0.625195921,0.472388522,0.218982617,0.366764758,0.514966899,15.71666372,21.99754346,12.30538797,6.214550492,6.280879744,9.502113226,726366.7791,517851.5663,503862.7156
1015,0.79,0.9,2.5,394.7050884,392.8946227,398.5044998,0.868664249,0.833965283,0.765308191,0.130573307,0.164885141,0.232950225,15.71666372,21.99754346,12.30538797,6.214550492,6.280879744,9.502113226,726366.7791,517851.5663,503862.7156,1.6,0.87,2.3,412.6158148,404.2970424,409.1967216,0.636970742,0.672043342,0.513500805,0.354660223,0.320477693,0.473972658,18.57480592,26.72201331,13.84245284,5.947785855,8.14720739,12.62702006,697143.0065,550681.1372,549872.703
1016,1.6,1.8,1.1,416.713634,412.2118694,416.8107138,0.582449296,0.546021843,0.33531774,0.406154621,0.439860117,0.639903364,18.57480592,26.72201331,13.84245284,5.947785855,8.14720739,12.62702006,697143.0065,550681.1372,549872.703,0.79,0.9,2.5,394.7050884,392.8946227,398.5044998,0.868664249,0.833965283,0.765308191,0.130573307,0.164885141,0.232950225,16.4356375,23.14543552,14.17283448,7.63896982,6.709798017,8.796667682,723341.9124,542684.7054,545340.601
1017,2.2,2.4,0.86,416.6644644,422.1288902,426.2356884,0.475118195,0.355572441,0.163489941,0.501989448,0.60794738,0.77659193,16.4356375,23.14543552,14.17283448,7.63896982,6.709798017,8.796667682,723341.9124,542684.7054,545340.601,1.6,1.8,1.1,416.713634,412.2118694,416.8107138,0.582449296,0.546021843,0.33531774,0.406154621,0.439860117,0.639903364,23.33254991,31.41479235,14.20385769,6.459084561,8.082242432,16.87346535,681916.4245,570558.839,606779.5873
1018,1.3,1.9,2.4,391.2270305,391.4527767,394.8519743,0.858844744,0.797691925,0.683129938,0.140315264,0.200678358,0.314025711,23.33254991,31.41479235,14.20385769,6.459084561,8.082242432,16.87346535,681916.4245,570558.839,606779.5873,2.2,2.4,0.86,416.6644644,422.1288902,426.2356884,0.475118195,0.355572441,0.163489941,0.501989448,0.60794738,0.77659193,26.52595031,30.1832513,13.12452551,9.801709336,3.657300991,16.72424098,698843.3257,555127.5207,520617.1162
1019,0.79,0.72,1.2,390.1728808,394.0199281,401.0848863,0.890562711,0.838605421,0.784750666,0.108919326,0.160383523,0.213825805,26.52595031,30.1832513,13.12452551,9.801709336,3.657300991,16.72424098,698843.3257,555127.5207,520617.1162,1.3,1.9,2.4,391.2270305,391.4527767,394.8519743,0.858844744,0.797691925,0.683129938,0.140315264,0.200678358,0.314025711,26.60557332,34.45377151,17.46427958,9.949208681,7.848198193,16.65636464,692829.4645,546897.8689,491879.1
1022,0.73,1.9,2.0,403.8713991,409.2826133,413.1369896,0.798763421,0.6565514,0.448160883,0.199038781,0.337421986,0.54023873,12.10481298,20.75397248,11.55955282,3.090676061,8.6491595,9.014136923,700961.8999,610100.5177,521868.7256,2.4,2.2,1.9,422.2729206,421.1095554,427.31186,0.374524369,0.324836763,0.193905182,0.582122318,0.621623468,0.734058792,14.32859314,19.89829623,12.72962733,7.30048637,5.569703091,7.028106767,715900.6557,545129.2975,518312.6184
1023,2.5,0.61,1.3,424.0808132,406.0358826,411.9854003,0.390843735,0.577987319,0.452615047,0.566803229,0.39483729,0.509249542,14.32859314,19.89829623,12.72962733,7.30048637,5.569703091,7.028106767,715900.6557,545129.2975,518312.6184,0.73,1.9,2.0,403.8713991,409.2826133,413.1369896,0.798763421,0.6565514,0.448160883,0.199038781,0.337421986,0.54023873,27.16063686,30.95895389,12.83191603,9.389031118,3.798317029,17.77160574,737423.7653,528085.2985,501162.0102
1024,1.8,1.4,0.81,416.1183242,410.3284859,416.0996065,0.521001987,0.526196734,0.394117184,0.460422763,0.454991667,0.579617578,27.16063686,30.95895389,12.83191603,9.389031118,3.798317029,17.77160574,737423.7653,528085.2985,501162.0102,2.5,0.61,1.3,424.0808132,406.0358826,411.9854003,0.390843735,0.577987319,0.452615047,0.566803229,0.39483729,0.509249542,13.5012022,22.56534211,14.66567651,5.756432001,9.064139914,7.744770196,731744.2095,538120.3495,563845.192
1025,1.1,1.6,1.3,419.6662503,413.4619376,418.3812495,0.610422063,0.568561513,0.361250654,0.37991364,0.418977076,0.616789481,13.5012022,22.56534211,14.66567651,5.756432001,9.064139914,7.744770196,731744.2095,538120.3495,563845.192,1.8,1.4,0.81,416.1183242,410.3284859,416.0996065,0.521001987,0.526196734,0.394117184,0.460422763,0.454991667,0.579617578,13.76045466,20.59731557,13.33575537,6.641277995,6.836860906,7.119176666,720405.6667,580347.9909,499250.8754
1026,1.3,1.8,2.3,433.6204343,425.039585,430.1749888,0.385118612,0.374394637,0.189302598,0.576337232,0.582332818,0.742554581,13.76045466,20.59731557,13.33575537,6.641277995,6.836860906,7.119176666,720405.6667,580347.9909,499250.8754,1.1,1.6,1.3,419.6662503,413.4619376,418.3812495,0.610422063,0.568561513,0.361250654,0.37991364,0.418977076,0.616789481,20.33780053,28.4967442,12.98430595,5.129527739,8.158943669,15.20827279,692209.5791,570141.3024,588772.9973
1027,0.84,2.1,0.56,412.5967337,413.8110654,418.2748362,0.700655576,0.571254478,0.353961099,0.294063152,0.417655305,0.625839423,20.33780053,28.4967442,12.98430595,5.129527739,8.158943669,15.20827279,692209.5791,570141.3024,588772.9973,1.3,1.8,2.3,433.6204343,425.039585,430.1749888,0.385118612,0.374394637,0.189302598,0.576337232,0.582332818,0.742554581,16.54423254,23.95365543,11.63783434,4.469898144,7.409422881,12.0743344,703892.9465,572205.811,516640.4425
1028,2.2,2.0,2.4,406.7323543,409.6119613,414.3536019,0.616729515,0.522731952,0.346424128,0.373954647,0.462705435,0.630702624,16.54423254,23.95365543,11.63783434,4.469898144,7.409422881,12.0743344,703892.9465,572205.811,516640.4425,0.84,2.1,0.56,412.5967337,413.8110654,418.2748362,0.700655576,0.571254478,0.353961099,0.294063152,0.417655305,0.625839423,24.20012066,30.50766873,13.14019035,7.173181075,6.30754807,17.02693959,735438.1096,554775.8991,571952.7146
1029,1.9,0.86,2.3,435.0479875,420.5470269,425.3348397,0.353388724,0.461355621,0.258464611,0.598047498,0.500014728,0.677863147,24.20012066,30.50766873,13.14019035,7.173181075,6.30754807,17.02693959,735438.1096,554775.8991,571952.7146,2.2,2.0,2.4,406.7323543,409.6119613,414.3536019,0.616729515,0.522731952,0.346424128,0.373954647,0.462705435,0.630702624,21.89333111,26.76297429,14.44748394,9.819320957,4.869643186,12.07401015,691427.3789,528030.3057,532919.6761
1031,0.8,0.56,2.5,408.5044985,410.5890012,418.0567541,0.778189487,0.722822636,0.579031703,0.219240788,0.273371485,0.414473111,17.44261182,25.46140703,12.11449813,4.357407024,8.018795207,13.08520479,687407.5563,572691.9675,511979.9427,0.58,0.57,0.56,400.153052,390.128898,395.4886476,0.861135568,0.875947606,0.822115975,0.137976204,0.123284051,0.176705058,13.30082927,22.99232688,13.92722172,4.413471275,9.691497608,8.887358,685347.4766,533604.8802,517579.0851
1033,2.1,0.68,1.5,427.4691723,414.3400033,419.0397636,0.453502695,0.554525247,0.342703223,0.519344143,0.424056193,0.619569854,16.64767243,19.66079059,10.07379832,7.248660395,3.013118167,9.39901203,700691.8776,496982.9489,616641.4809,1.3,0.62,0.84,389.3423626,385.8852636,390.0222908,0.88493562,0.888421307,0.823500946,0.114523043,0.1110458,0.175574973,25.27980081,34.45878632,17.94882776,9.093566925,9.178985509,16.18623389,730650.3429,507950.1027,598739.138
1034,0.66,2.3,1.7,415.5066104,410.9864303,418.190683,0.681368371,0.541218529,0.411020119,0.312006741,0.444159925,0.56851094,25.27980081,34.45878632,17.94882776,9.093566925,9.178985509,16.18623389,730650.3429,507950.1027,598739.138,2.1,0.68,1.5,427.4691723,414.3400033,419.0397636,0.453502695,0.554525247,0.342703223,0.519344143,0.424056193,0.619569854,21.73812924,30.86268962,13.91980013,5.127453273,9.12456038,16.61067596,737279.3634,591629.3107,609194.2269
1035,2.1,0.73,1.1,415.6517974,408.0367562,412.1938312,0.566615401,0.61654848,0.427574393,0.420055186,0.371794694,0.552229077,21.73812924,30.86268962,13.91980013,5.127453273,9.12456038,16.61067596,737279.3634,591629.3107,609194.2269,0.66,2.3,1.7,415.5066104,410.9864303,418.190683,0.681368371,0.541218529,0.411020119,0.312006741,0.444159925,0.56851094,12.14343071,20.37843532,13.19289901,5.098787266,8.235004609,7.04464344,729570.0997,604228.6028,616605.3158
1036,2.3,1.2,1.2,464.9981396,440.7014625,448.0022755,0.103817405,0.251164523,0.109271202,0.62502627,0.554495738,0.620247691,12.14343071,20.37843532,13.19289901,5.098787266,8.235004609,7.04464344,729570.0997,604228.6028,616605.3158,2.1,0.73,1.1,415.6517974,408.0367562,412.1938312,0.566615401,0.61654848,0.427574393,0.420055186,0.371794694,0.552229077,21.25290367,28.66901821,13.79228501,6.667871119,7.416114543,14.58503255,717475.1462,536198.9973,500548.3197
1038,2.3,1.1,1.7,438.0054761,434.9448879,439.3807699,0.26187909,0.272705108,0.100607033,0.661322897,0.648286159,0.769617104,11.9470928,19.05033554,10.34181681,3.409329342,7.103242741,8.537763458,703519.6031,529228.3634,584234.7797,1.6,0.61,2.1,397.3811762,394.5142257,398.795931,0.799673226,0.80508191,0.690418522,0.19843639,0.193046053,0.306258533,23.02919027,29.68900203,14.73771906,8.371069715,6.659811761,14.65812055,680242.1511,514473.0667,533899.1713
1040,1.3,0.68,0.88,440.9352458,428.8262017,435.736958,0.330485996,0.406508522,0.237404879,0.610158611,0.542928036,0.687603681,23.10163021,27.51099663,10.32451499,6.252138405,4.409366421,16.84949181,693128.8105,534653.5742,512539.3667,0.94,1.1,2.5,399.29891,402.4628762,407.394305,0.842415662,0.76892553,0.621959511,0.156459884,0.228819891,0.373819098,24.93430221,28.82416619,13.14592063,9.563473232,3.889863979,15.37082898,708119.9148,575348.4444,596998.192
1041,1.9,1.1,1.9,398.2213105,394.4852403,399.9531911,0.736920293,0.738535765,0.637283459,0.259423455,0.25775306,0.357152843,24.93430221,28.82416619,13.14592063,9.563473232,3.889863979,15.37082898,708119.9148,575348.4444,596998.192,1.3,0.68,0.88,440.9352458,428.8262017,435.736958,0.330485996,0.406508522,0.237404879,0.610158611,0.542928036,0.687603681,11.82179019,17.10502093,9.560302002,4.425006926,5.283230742,7.396783264,718292.4968,539643.2903,496476.2701
1042,2.0,1.7,1.7,416.1065482,416.7185307,421.6844951,0.525914367,0.459902125,0.262958342,0.457418812,0.517744902,0.700564508,11.82179019,17.10502093,9.560302002,4.425006926,5.283230742,7.396783264,718292.4968,539643.2903,496476.2701,1.9,1.1,1.9,398.2213105,394.4852403,399.9531911,0.736920293,0.738535765,0.637283459,0.259423455,0.25775306,0.357152843,18.46889804,25.99956033,15.92195735,8.588895124,7.530662288,9.880002916,682194.6859,499114.0048,597084.693
1043,1.5,2.1,2.1,443.3212049,427.9401949,433.5270984,0.272393729,0.323823766,0.151757372,0.654381708,0.607849003,0.743590098,18.46889804,25.99956033,15.92195735,8.588895124,7.530662288,9.880002916,682194.6859,499114.0048,597084.693,2.0,1.7,1.7,416.1065482,416.7185307,421.6844951,0.525914367,0.459902125,0.262958342,0.457418812,0.517744902,0.700564508,21.80069699,26.92971805,13.10299202,8.24508323,5.129021062,13.55561376,681246.4509,546010.3835,561668.389
1044,1.5,1.6,1.4,428.6592062,425.5020171,431.6399992,0.40174875,0.355842367,0.193469612,0.561438727,0.598660378,0.739682252,21.80069699,26.92971805,13.10299202,8.24508323,5.129021062,13.55561376,681246.4509,546010.3835,561668.389,1.5,2.1,2.1,443.3212049,427.9401949,433.5270984,0.272393729,0.323823766,0.151757372,0.654381708,0.607849003,0.743590098,16.08718343,25.21599423,12.31444619,3.438606921,9.128810799,12.64857651,714247.3715,598926.2894,591684.2957
1045,1.3,2.0,1.6,436.7801438,433.3393788,438.6590145,0.334556004,0.287062488,0.11636728,0.613942857,0.647578774,0.779305803,16.08718343,25.21599423,12.31444619,3.438606921,9.128810799,12.64857651,714247.3715,598926.2894,591684.2957,1.5,1.6,1.4,428.6592062,425.5020171,431.6399992,0.40174875,0.355842367,0.193469612,0.561438727,0.598660378,0.739682252,14.63009072,19.9974641,11.03596877,5.844310982,5.367373385,8.785779733,713320.2508,539190.6543,515523.7708
1046,0.91,1.6,2.0,436.5010497,433.1069177,440.8004699,0.394286202,0.313505818,0.153987851,0.565690504,0.629484937,0.761598744,14.63009072,19.9974641,11.03596877,5.844310982,5.367373385,8.785779733,713320.2508,539190.6543,515523.7708,1.3,2.0,1.6,436.7801438,433.3393788,438.6590145,0.334556004,0.287062488,0.11636728,0.613942857,0.647578774,0.779305803,19.92119928,26.1353595,11.02897753,5.111020876,6.214160219,14.8101784,696455.0852,616471.8606,583927.0434
1047,1.5,2.1,1.8,415.226169,420.5144362,424.5377978,0.556037269,0.422897637,0.207845953,0.429691866,0.551971968,0.748472579,19.92119928,26.1353595,11.02897753,5.111020876,6.214160219,14.8101784,696455.0852,616471.8606,583927.0434,0.91,1.6,2.0,436.5010497,433.1069177,440.8004699,0.394286202,0.313505818,0.153987851,0.565690504,0.629484937,0.761598744,13.48595086,18.69079419,9.79744438,4.766980462,5.204843326,8.718970399,710536.4827,542379.8719,603953.7855
1048,0.69,2.3,0.79,428.677435,434.658468,438.9499215,0.461136263,0.299938953,0.113762942,0.50824817,0.644936331,0.792214022,13.48595086,18.69079419,9.79744438,4.766980462,5.204843326,8.718970399,710536.4827,542379.8719,603953.7855,1.5,2.1,1.8,415.226169,420.5144362,424.5377978,0.556037269,0.422897637,0.207845953,0.429691866,0.551971968,0.748472579,25.7284194,29.23059029,12.07703203,8.911205417,3.502170888,16.81721399,697167.215,491285.4098,493938.8873
1050,1.3,1.7,2.0,393.690892,392.2882463,395.7550617,0.844307901,0.795439596,0.676004944,0.154654136,0.202843477,0.320950447,24.64971936,28.59889705,10.25228842,6.662848159,3.949177689,17.9868712,712000.5991,583994.1515,515469.4796,0.7,1.3,1.6,431.4951044,421.1570883,428.1465275,0.522735573,0.479250433,0.312035757,0.458414316,0.497091281,0.652398624,11.59424747,18.12541362,10.30356436,3.925767799,6.531166153,7.668479667,730191.1533,504054.9699,532082.7256
1051,1.5,1.1,0.57,389.5564866,386.1905388,391.7353862,0.829762745,0.833465809,0.786727238,0.168908503,0.165225986,0.211519964,11.59424747,18.12541362,10.30356436,3.925767799,6.531166153,7.668479667,730191.1533,504054.9699,532082.7256,1.3,1.7,2.0,393.690892,392.2882463,395.7550617,0.844307901,0.795439596,0.676004944,0.154654136,0.202843477,0.320950447,25.74106517,34.07951612,16.89807776,8.896517764,8.338450948,16.84454741,717306.9175,508335.0063,496216.7674
1053,2.4,1.2,1.4,431.8833448,426.240324,432.1580789,0.323373102,0.348846771,0.169042635,0.620837025,0.596285357,0.745478777,16.64412158,26.48577377,18.84644319,9.154581795,9.841652193,7.489539781,688387.8363,617994.2014,616810.2059,1.5,1.5,2.1,446.760431,435.0313105,439.9612867,0.254361692,0.300830488,0.115595119,0.667047915,0.623561021,0.758338539,21.20652995,28.99507477,10.93776452,3.503284606,7.788544818,17.70324534,718102.3573,589899.9747,600370.4333
1054,1.8,2.5,2.0,399.6774912,397.4370094,401.3265328,0.747256741,0.68611736,0.53201872,0.249571064,0.309001361,0.459775419,21.20652995,28.99507477,10.93776452,3.503284606,7.788544818,17.70324534,718102.3573,589899.9747,600370.4333,2.4,1.2,1.4,431.8833448,426.240324,432.1580789,0.323373102,0.348846771,0.169042635,0.620837025,0.596285357,0.745478777,19.15749338,24.68486346,11.94552981,6.667950593,5.527370071,12.48954279,717979.954,528025.8167,613527.2966
1055,1.2,0.62,1.4,399.0466201,395.0319261,399.5837384,0.835092783,0.834782575,0.721272025,0.163692767,0.163958774,0.276320743,19.15749338,24.68486346,11.94552981,6.667950593,5.527370071,12.48954279,717979.954,528025.8167,613527.2966,1.8,2.5,2.0,399.6774912,397.4370094,401.3265328,0.747256741,0.68611736,0.53201872,0.249571064,0.309001361,0.459775419,25.17578688,34.8803598,18.05712583,8.682420247,9.70457292,16.49336664,698903.0518,540425.6794,569772.5644
1056,1.4,0.58,2.0,415.0484247,401.6248785,407.2141009,0.63762553,0.717861471,0.578335065,0.35370956,0.275720082,0.410960658,25.17578688,34.8803598,18.05712583,8.682420247,9.70457292,16.49336664,698903.0518,540425.6794,569772.5644,1.2,0.62,1.4,399.0466201,395.0319261,399.5837384,0.835092783,0.834782575,0.721272025,0.163692767,0.163958774,0.276320743,24.8025209,32.3929072,14.65329139,7.410740698,7.590386299,17.39178021,722627.5844,513984.9597,619274.9929
1059,2.2,1.9,0.51,425.8882768,430.6614251,438.5775949,0.347291442,0.249441151,0.126672768,0.600543811,0.675040062,0.771096491,15.02665454,23.54473017,14.3517668,6.01394535,8.518075634,9.012709186,726500.3838,606747.8253,604303.4877,1.2,1.3,0.56,410.9114302,403.7456817,409.6113732,0.68640809,0.676041482,0.539735456,0.307794342,0.31760459,0.450288749,16.4149629,25.07583932,14.25645961,5.807727892,8.660876422,10.60723501,701025.1329,619287.8091,617765.9094
1060,0.55,0.75,1.6,421.4914207,417.3532762,422.321615,0.73734589,0.69006906,0.473008219,0.258977265,0.304721073,0.516177806,16.4149629,25.07583932,14.25645961,5.807727892,8.660876422,10.60723501,701025.1329,619287.8091,617765.9094,2.2,1.9,0.51,425.8882768,430.6614251,438.5775949,0.347291442,0.249441151,0.126672768,0.600543811,0.675040062,0.771096491,14.76719046,18.26633027,10.99617891,7.63959109,3.499139806,7.127599371,722026.695,547240.0908,607316.6683
1061,0.88,1.7,1.6,429.4002699,429.274146,434.8317665,0.473036283,0.365688695,0.173712083,0.502279455,0.595075251,0.762475421,14.76719046,18.26633027,10.99617891,7.63959109,3.499139806,7.127599371,722026.695,547240.0908,607316.6683,0.55,0.75,1.6,421.4914207,417.3532762,422.321615,0.73734589,0.69006906,0.473008219,0.258977265,0.304721073,0.516177806,21.30680568,27.24662338,10.16852852,4.563575417,5.939817704,16.74323026,697918.9241,593721.1139,568555.3509
1062,1.9,2.1,1.4,400.9081597,397.2718219,400.6195011,0.735673628,0.699875266,0.542914197,0.260822774,0.295573623,0.449226342,21.30680568,27.24662338,10.16852852,4.563575417,5.939817704,16.74323026,697918.9241,593721.1139,568555.3509,0.88,1.7,1.6,429.4002699,429.274146,434.8317665,0.473036283,0.365688695,0.173712083,0.502279455,0.595075251,0.762475421,17.61421521,22.6809073,10.19005716,5.3682837,5.066692092,12.24593151,692107.3643,540571.2108,529417.4314
1063,2.4,1.6,2.3,435.8795758,419.4994307,424.3657473,0.287367634,0.397762541,0.215590884,0.642695461,0.547075731,0.69944631,17.61421521,22.6809073,10.19005716,5.3682837,5.066692092,12.24593151,692107.3643,540571.2108,529417.4314,1.9,2.1,1.4,400.9081597,397.2718219,400.6195011,0.735673628,0.699875266,0.542914197,0.260822774,0.295573623,0.449226342,25.52687692,35.49072377,17.75170471,8.13568177,9.963846847,17.39119515,723354.2973,539906.5163,498997.4583
1065,0.63,1.9,0.8,420.5296234,408.4068136,414.2379541,0.658317335,0.602595795,0.460183068,0.334260394,0.386949601,0.524139459,16.97074034,26.34236182,13.60456948,4.482708637,9.37162148,12.4880317,702296.5602,526663.867,538339.9132,0.7,2.4,0.65,398.8876708,404.3752092,410.183288,0.814128554,0.616555176,0.499808418,0.183855167,0.375005085,0.488300922,14.91130769,20.60200844,13.42382952,7.873877371,5.690700754,7.037430314,709337.2712,539252.7521,502563.7992
1066,2.1,1.2,0.86,441.2110964,430.3380257,436.2225686,0.249439356,0.312411643,0.143899666,0.662093859,0.608045816,0.735368286,14.91130769,20.60200844,13.42382952,7.873877371,5.690700754,7.037430314,709337.2712,539252.7521,502563.7992,0.63,1.9,0.8,420.5296234,408.4068136,414.2379541,0.658317335,0.602595795,0.460183068,0.334260394,0.386949601,0.524139459,12.26777731,22.11102323,13.16609357,3.498238426,9.843245919,8.769538889,695237.7773,617179.7036,541516.2774
1068,1.3,2.1,1.3,395.1611197,396.5964717,401.990161,0.812363857,0.716894679,0.609611702,0.185946268,0.279407902,0.38486757,16.14714376,22.26077758,10.92590465,5.034523245,6.113633815,11.11262052,724682.0931,491499.6108,550175.7558,1.3,1.9,1.2,405.858665,412.4372408,418.8124873,0.673244747,0.506391506,0.368885699,0.319940367,0.477381241,0.608300121,14.98085985,18.95111811,12.0867357,8.251073171,3.970258263,6.72978668,704287.8827,516706.2261,507433.9195
1069,1.4,1.8,1.6,459.0674569,438.7815758,445.8122346,0.155904024,0.233399801,0.102913573,0.675411791,0.624625422,0.700005085,14.98085985,18.95111811,12.0867357,8.251073171,3.970258263,6.72978668,704287.8827,516706.2261,507433.9195,1.3,2.1,1.3,395.1611197,396.5964717,401.990161,0.812363857,0.716894679,0.609611702,0.185946268,0.279407902,0.38486757,19.9370429,26.98024835,16.55196391,9.713234628,7.043205451,10.22380827,739785.7175,564072.3635,611196.3981
1071,2.2,2.1,1.9,416.7412508,415.3639114,419.6228921,0.503659955,0.450555679,0.259685268,0.477347492,0.525074857,0.701346206,11.12088214,18.34108721,10.05855633,3.000753827,7.220205072,8.120128316,719857.6927,544350.6055,541610.206,1.3,1.2,1.6,392.5499027,392.5745558,398.0843695,0.842189166,0.800684291,0.716255254,0.156697983,0.197642466,0.281174666,20.22037619,26.69353936,15.9941666,9.730795056,6.473163171,10.48958113,713731.5236,551378.1403,617720.9364
1072,1.2,1.0,1.4,432.355033,413.7338329,420.0136262,0.427665379,0.535895814,0.390622501,0.538115501,0.438970839,0.572973657,20.22037619,26.69353936,15.9941666,9.730795056,6.473163171,10.48958113,713731.5236,551378.1403,617720.9364,2.2,2.1,1.9,416.7412508,415.3639114,419.6228921,0.503659955,0.450555679,0.259685268,0.477347492,0.525074857,0.701346206,22.16329624,28.8662282,14.49330454,8.072194616,6.702931953,14.09110163,728591.9285,587030.577,516338.7413
1073,1.8,2.1,0.57,405.8042058,409.8691136,414.7058488,0.651426553,0.527459113,0.360171255,0.341074039,0.458563366,0.618364878,22.16329624,28.8662282,14.49330454,8.072194616,6.702931953,14.09110163,728591.9285,587030.577,516338.7413,1.2,1.0,1.4,432.355033,413.7338329,420.0136262,0.427665379,0.535895814,0.390622501,0.538115501,0.438970839,0.572973657,11.09290537,19.2817963,11.85221736,3.809004455,8.188890925,7.283900918,706033.2499,555737.8806,508558.4611
1074,1.7,2.4,1.8,410.068891,414.8638563,419.6447866,0.612793605,0.475854292,0.285426864,0.377241407,0.505083488,0.683945789,11.09290537,19.2817963,11.85221736,3.809004455,8.188890925,7.283900918,706033.2499,555737.8806,508558.4611,1.8,2.1,0.57,405.8042058,409.8691136,414.7058488,0.651426553,0.527459113,0.360171255,0.341074039,0.458563366,0.618364878,20.22650758,24.83591785,13.92924995,9.533695918,4.609410262,10.69281167,733105.057,505648.0752,504523.1679
1075,1.6,1.4,1.4,410.7686776,404.2418433,408.386239,0.663700833,0.661524623,0.487808915,0.329704676,0.33148076,0.500052604,20.22650758,24.83591785,13.92924995,9.533695918,4.609410262,10.69281167,733105.057,505648.0752,504523.1679,1.7,2.4,1.8,410.068891,414.8638563,419.6447866,0.612793605,0.475854292,0.285426864,0.377241407,0.505083488,0.683945789,22.95331405,27.95434499,14.15374021,9.423309377,5.001030932,13.53000468,704457.5459,609160.7752,561313.04
1076,1.3,2.3,2.5,393.3597093,393.4839462,398.3260688,0.829661406,0.747619589,0.64838925,0.169002556,0.249562235,0.347367211,22.95331405,27.95434499,14.15374021,9.423309377,5.001030932,13.53000468,704457.5459,609160.7752,561313.04,1.6,1.4,1.4,410.7686776,404.2418433,408.386239,0.663700833,0.661524623,0.487808915,0.329704676,0.33148076,0.500052604,21.72623225,31.02270603,15.18835288,6.202356612,9.296473784,15.52387563,703033.8555,617937.3706,539989.8933
1077,1.9,2.5,1.2,407.7385854,409.9130462,415.7740179,0.579415958,0.464053903,0.344021699,0.407874789,0.514211985,0.627145286,21.72623225,31.02270603,15.18835288,6.202356612,9.296473784,15.52387563,703033.8555,617937.3706,539989.8933,1.3,2.3,2.5,393.3597093,393.4839462,398.3260688,0.829661406,0.747619589,0.64838925,0.169002556,0.249562235,0.347367211,20.98305301,29.80628571,18.17561389,9.580433582,8.823232693,11.40261943,723954.9607,613257.4162,606162.8133
1078,2.1,0.96,0.56,404.2511422,394.6016897,399.225334,0.650330228,0.719792461,0.619656762,0.342015007,0.274422331,0.371896887,20.98305301,29.80628571,18.17561389,9.580433582,8.823232693,11.40261943,723954.9607,613257.4162,606162.8133,1.9,2.5,1.2,407.7385854,409.9130462,415.7740179,0.579415958,0.464053903,0.344021699,0.407874789,0.514211985,0.627145286,14.28642675,20.38250667,14.0166809,8.045421094,6.096079919,6.241005654,682849.3135,557588.9777,501729.7147
1079,1.4,0.99,0.73,415.3366587,412.6616406,417.727877,0.644179027,0.617321449,0.406129161,0.348218209,0.373690397,0.577175882,14.28642675,20.38250667,14.0166809,8.045421094,6.096079919,6.241005654,682849.3135,557588.9777,501729.7147,2.1,0.96,0.56,404.2511422,394.6016897,399.225334,0.650330228,0.719792461,0.619656762,0.342015007,0.274422331,0.371896887,16.42367719,26.40795216,16.68914912,6.895438916,9.984274966,9.528238275,697762.0463,540472.216,512823.4803
1080,2.5,2.3,1.1,422.3865404,423.9979426,429.0517907,0.380667039,0.309344934,0.155581678,0.578991606,0.636740843,0.765909444,16.42367719,26.40795216,16.68914912,6.895438916,9.984274966,9.528238275,697762.0463,540472.216,512823.4803,1.4,0.99,0.73,415.3366587,412.6616406,417.727877,0.644179027,0.617321449,0.406129161,0.348218209,0.373690397,0.577175882,23.23458701,29.06475034,12.47763717,6.972711344,5.830163334,16.26187566,684534.2672,556039.6557,618445.1468
1081,1.9,1.2,1.8,448.195679,438.2155161,446.8592955,0.193634166,0.242400441,0.112162343,0.672037731,0.634157157,0.717411437,23.23458701,29.06475034,12.47763717,6.972711344,5.830163334,16.26187566,684534.2672,556039.6557,618445.1468,2.5,2.3,1.1,422.3865404,423.9979426,429.0517907,0.380667039,0.309344934,0.155581678,0.578991606,0.636740843,0.765909444,18.91220728,24.06493025,13.04591756,8.10925367,5.152722964,10.80295361,715386.8209,606557.0172,510802.0051
1085,2.5,0.88,2.4,407.7527174,403.1053508,407.1054516,0.626269155,0.65158658,0.482443014,0.364980378,0.340228396,0.503707333,16.21300069,19.59779365,12.30022781,9.058524381,3.38479296,7.154476307,714488.5261,540110.5353,565641.1293,2.4,0.8,0.85,405.302004,404.9122627,408.7251417,0.670485148,0.663533633,0.478523946,0.323354831,0.329918651,0.509676112,26.42891265,31.45932316,14.54939214,9.850548898,5.030410516,16.57836375,682064.1755,602121.8797,503789.4127
1086,1.9,1.0,1.2,426.4214238,411.5071734,415.8362152,0.45270732,0.553074514,0.355985874,0.52015054,0.425834871,0.608456254,26.42891265,31.45932316,14.54939214,9.850548898,5.030410516,16.57836375,682064.1755,602121.8797,503789.4127,2.5,0.88,2.4,407.7527174,403.1053508,407.1054516,0.626269155,0.65158658,0.482443014,0.364980378,0.340228396,0.503707333,23.30443862,30.44048254,15.42393873,8.582336842,7.136043919,14.72210178,733264.7245,537740.5835,511331.5954
1087,0.73,2.2,1.3,411.2487966,407.0677709,411.3688029,0.740505846,0.644797929,0.443894089,0.255945305,0.348345969,0.543400095,23.30443862,30.44048254,15.42393873,8.582336842,7.136043919,14.72210178,733264.7245,537740.5835,511331.5954,1.9,1.0,1.2,426.4214238,411.5071734,415.8362152,0.45270732,0.553074514,0.355985874,0.52015054,0.425834871,0.608456254,18.50554713,28.21107724,13.72234754,4.300910168,9.705530112,14.20463696,693438.4784,543791.4738,512928.9678
1088,1.2,2.4,0.93,434.8904094,433.1330488,437.4848975,0.342458211,0.269130409,0.103786699,0.607371918,0.661437127,0.784921102,18.50554713,28.21107724,13.72234754,4.300910168,9.705530112,14.20463696,693438.4784,543791.4738,512928.9678,0.73,2.2,1.3,411.2487966,407.0677709,411.3688029,0.740505846,0.644797929,0.443894089,0.255945305,0.348345969,0.543400095,22.6713724,31.83381079,13.94841722,5.13667282,9.16243839,17.53469958,706259.2703,512841.2033,575053.3119
1089,0.57,0.89,2.2,409.6195348,400.5794893,405.4780427,0.815851234,0.796421687,0.670594695,0.182532954,0.201579873,0.325756518,22.6713724,31.83381079,13.94841722,5.13667282,9.16243839,17.53469958,706259.2703,512841.2033,575053.3119,1.2,2.4,0.93,434.8904094,433.1330488,437.4848975,0.342458211,0.269130409,0.103786699,0.607371918,0.661437127,0.784921102,21.04049858,27.1510119,10.99811504,5.204325188,6.110513319,15.83617339,727603.0852,576803.5862,496259.2957
1090,1.0,1.7,1.3,425.1632784,425.0893476,432.3033023,0.505069468,0.389361602,0.234700765,0.473579227,0.575106107,0.714412322,21.04049858,27.1510119,10.99811504,5.204325188,6.110513319,15.83617339,727603.0852,576803.5862,496259.2957,0.57,0.89,2.2,409.6195348,400.5794893,405.4780427,0.815851234,0.796421687,0.670594695,0.182532954,0.201579873,0.325756518,17.00050694,25.85835605,12.32406981,3.731598859,8.857849111,13.26890808,692129.5735,535792.6616,532006.081
1091,1.8,1.1,1.0,424.8404841,417.4072456,423.2409697,0.467856466,0.490000937,0.296621619,0.507546324,0.4859583,0.664375812,17.00050694,25.85835605,12.32406981,3.731598859,8.857849111,13.26890808,692129.5735,535792.6616,532006.081,1.0,1.7,1.3,425.1632784,425.0893476,432.3033023,0.505069468,0.389361602,0.234700765,0.473579227,0.575106107,0.714412322,13.05467446,18.33508257,10.84547314,5.711920114,5.280408113,7.342754343,722998.9159,594010.145,555527.2507
1093,0.74,2.1,2.2,394.559252,392.579097,396.7953861,0.873491346,0.792089993,0.684748605,0.125802729,0.206105321,0.312233605,18.51931702,25.1505587,12.60870385,6.223380894,6.631241681,12.29593612,733461.8506,519155.7882,616229.325,1.7,2.2,2.1,430.1507038,427.5053744,433.6311342,0.360315037,0.302726193,0.13983289,0.594469614,0.638635062,0.771418059,18.13786556,24.04114203,11.86699173,6.202424095,5.903276467,11.93544146,718162.6116,515442.0903,618521.8078
1094,1.2,0.63,1.8,414.1239694,405.9795045,411.8361033,0.672985255,0.700512465,0.546115733,0.320485824,0.293536124,0.443692255,18.13786556,24.04114203,11.86699173,6.202424095,5.903276467,11.93544146,718162.6116,515442.0903,618521.8078,0.74,2.1,2.2,394.559252,392.579097,396.7953861,0.873491346,0.792089993,0.684748605,0.125802729,0.206105321,0.312233605,21.54204186,30.84240278,16.52953701,7.509820518,9.300360923,14.03222134,725756.045,503449.7708,546168.4436
1095,2.1,1.7,2.4,403.0162454,400.1240624,403.9908264,0.69806746,0.670653078,0.508454534,0.297011983,0.323435454,0.481538032,21.54204186,30.84240278,16.52953701,7.509820518,9.300360923,14.03222134,725756.045,503449.7708,546168.4436,1.2,0.63,1.8,414.1239694,405.9795045,411.8361033,0.672985255,0.700512465,0.546115733,0.320485824,0.293536124,0.443692255,17.20234764,24.19949778,12.2520274,5.489141392,6.997150137,11.71320625,697910.1917,511539.3828,595248.1976
1096,1.1,0.54,1.3,428.2152222,428.4341109,433.1918238,0.54750978,0.517437832,0.27107075,0.437768422,0.465465257,0.695674063,17.20234764,24.19949778,12.2520274,5.489141392,6.997150137,11.71320625,697910.1917,511539.3828,595248.1976,2.1,1.7,2.4,403.0162454,400.1240624,403.9908264,0.69806746,0.670653078,0.508454534,0.297011983,0.323435454,0.481538032,24.3233134,32.54254839,16.59230492,8.685819803,8.21923499,15.6374936,710837.3256,541736.2296,528435.0981
1098,1.6,0.8,1.6,437.8323986,424.5979757,430.3096991,0.35983802,0.442613921,0.227694436,0.594295379,0.51836366,0.705447792,23.15584849,26.33855733,9.459229181,6.607487556,3.182708843,16.54836093,731913.3157,553065.2516,526307.4174,2.4,2.1,1.1,416.7425039,407.8765064,412.7179471,0.486431634,0.509166779,0.340285774,0.492066453,0.47001458,0.627931479,18.72001997,28.16489319,15.81658872,6.613839111,9.444873221,12.10618086,690185.8553,497100.9494,572694.2581
1099,2.1,2.4,1.4,411.3599161,416.7151557,421.1621429,0.549766351,0.416633046,0.226527348,0.435470129,0.557443256,0.732106923,18.72001997,28.16489319,15.81658872,6.613839111,9.444873221,12.10618086,690185.8553,497100.9494,572694.2581,1.6,0.8,1.6,437.8323986,424.5979757,430.3096991,0.35983802,0.442613921,0.227694436,0.594295379,0.51836366,0.705447792,18.51306379,25.73294794,11.13021157,4.196655578,7.219884155,14.31640821,683326.3216,509678.4244,617312.8287
1100,2.3,0.75,2.1,394.6778839,390.1302044,395.8259375,0.72987685,0.775214382,0.714456706,0.266156607,0.221616054,0.281320638,18.51306379,25.73294794,11.13021157,4.196655578,7.219884155,14.31640821,683326.3216,509678.4244,617312.8287,2.1,2.4,1.4,411.3599161,416.7151557,421.1621429,0.549766351,0.416633046,0.226527348,0.435470129,0.557443256,0.732106923,23.53906943,27.39421121,13.47728375,9.895022899,3.855141781,13.64404653,709332.1423,490417.7173,511647.7512
1101,1.7,2.1,1.5,396.1098325,395.744825,399.9268586,0.789104215,0.725141452,0.591864543,0.208799517,0.271401766,0.402427085,23.53906943,27.39421121,13.47728375,9.895022899,3.855141781,13.64404653,709332.1423,490417.7173,511647.7512,2.3,0.75,2.1,394.6778839,390.1302044,395.8259375,0.72987685,0.775214382,0.714456706,0.266156607,0.221616054,0.281320638,16.89530387,25.51076246,18.20075683,9.728631679,8.615458592,7.166672187,731049.3701,601452.3611,610268.7276
1102,2.1,0.89,1.0,425.9568351,408.4646549,413.4609934,0.4125464,0.556409928,0.402473747,0.551119667,0.418352505,0.559745832,16.89530387,25.51076246,18.20075683,9.728631679,8.615458592,7.166672187,731049.3701,601452.3611,610268.7276,1.7,2.1,1.5,396.1098325,395.744825,399.9268586,0.789104215,0.725141452,0.591864543,0.208799517,0.271401766,0.402427085,24.67578794,32.81556636,17.61282596,9.771140492,8.139778421,14.90464744,701644.7474,564161.3754,576386.2791
1103,1.9,1.7,1.9,430.5274338,420.4228139,424.7289605,0.385210562,0.416468046,0.206871017,0.577894691,0.547395432,0.731859039,24.67578794,32.81556636,17.61282596,9.771140492,8.139778421,14.90464744,701644.7474,564161.3754,576386.2791,2.1,0.89,1.0,425.9568351,408.4646549,413.4609934,0.4125464,0.556409928,0.402473747,0.551119667,0.418352505,0.559745832,14.48804307,23.67676977,13.93684193,4.939094204,9.1887267,9.548948863,731060.3443,493407.7808,496842.4683
1104,2.3,2.1,0.88,398.0734405,394.829014,398.5272352,0.725198541,0.698751753,0.572089822,0.27087755,0.296521355,0.420531017,14.48804307,23.67676977,13.93684193,4.939094204,9.1887267,9.548948863,731060.3443,493407.7808,496842.4683,1.9,1.7,1.9,430.5274338,420.4228139,424.7289605,0.385210562,0.416468046,0.206871017,0.577894691,0.547395432,0.731859039,21.91582633,30.50770003,13.16854469,4.916654436,8.591873696,16.9991719,739722.9841,500791.8711,551749.3636
1105,1.4,0.94,1.2,440.3926943,423.0100031,429.7168493,0.316882395,0.428734511,0.275261203,0.61800597,0.521557962,0.653981352,21.91582633,30.50770003,13.16854469,4.916654436,8.591873696,16.9991719,739722.9841,500791.8711,551749.3636,2.3,2.1,0.88,398.0734405,394.829014,398.5272352,0.725198541,0.698751753,0.572089822,0.27087755,0.296521355,0.420531017,23.02758321,32.78837235,18.88742996,9.399208324,9.760789137,13.62837489,733240.9849,544135.1908,509282.9198
1107,1.3,1.2,1.9,397.1595324,398.2055553,402.7941332,0.808642942,0.751497794,0.631553061,0.189633068,0.245749165,0.363940475,10.93947395,17.78887955,10.80676683,4.094265409,6.849405596,6.845208543,720055.8303,556110.5989,501090.1172,0.68,0.54,1.0,412.4721854,401.5359997,406.271548,0.783657954,0.804255628,0.683906271,0.213916602,0.193568536,0.312142324,16.38080414,25.02609854,12.0417578,3.651058318,8.645294401,12.72974582,729545.1358,558779.452,497751.6499
1108,0.71,0.85,2.4,417.6982829,415.2902295,421.8290083,0.690840587,0.628306782,0.466589977,0.303332275,0.363249303,0.519745059,16.38080414,25.02609854,12.0417578,3.651058318,8.645294401,12.72974582,729545.1358,558779.452,497751.6499,1.3,1.2,1.9,397.1595324,398.2055553,402.7941332,0.808642942,0.751497794,0.631553061,0.189633068,0.245749165,0.363940475,20.81020362,26.01285407,14.21805325,9.24667341,5.202650448,11.56353021,733398.9168,523446.9472,501318.3491
1109,1.8,1.2,2.1,423.144542,405.4749154,410.730184,0.451909729,0.581399155,0.455710479,0.518946722,0.398718059,0.516260003,20.81020362,26.01285407,14.21805325,9.24667341,5.202650448,11.56353021,733398.9168,523446.9472,501318.3491,0.71,0.85,2.4,417.6982829,415.2902295,421.8290083,0.690840587,0.628306782,0.466589977,0.303332275,0.363249303,0.519745059,13.96740107,18.97863118,10.19116954,5.352242596,5.011230117,8.61515847,698630.0875,567959.1372,521198.1349
1110,0.58,0.66,1.5,413.2083234,407.4676859,414.264805,0.778661397,0.752663046,0.631801425,0.218720955,0.244082721,0.362845034,13.96740107,18.97863118,10.19116954,5.352242596,5.011230117,8.61515847,698630.0875,567959.1372,521198.1349,1.8,1.2,2.1,423.144542,405.4749154,410.730184,0.451909729,0.581399155,0.455710479,0.518946722,0.398718059,0.516260003,12.64268,22.56745403,14.58891078,4.820578774,9.924774027,7.822101226,727405.4302,557755.2387,498084.8558
1111,0.97,2.3,1.6,412.9256876,421.2517087,428.2458816,0.624896589,0.402914094,0.255068791,0.364105052,0.566099561,0.701326862,12.64268,22.56745403,14.58891078,4.820578774,9.924774027,7.822101226,727405.4302,557755.2387,498084.8558,0.58,0.66,1.5,413.2083234,407.4676859,414.264805,0.778661397,0.752663046,0.631801425,0.218720955,0.244082721,0.362845034,13.97941126,20.30205834,11.02483042,4.884089779,6.322647075,9.095321486,703713.0597,618975.8321,579581.0817
1112,2.3,1.3,1.3,404.8629122,403.318506,407.4075127,0.671828138,0.652872956,0.481906941,0.322053208,0.34019113,0.506269122,13.97941126,20.30205834,11.02483042,4.884089779,6.322647075,9.095321486,703713.0597,618975.8321,579581.0817,0.97,2.3,1.6,412.9256876,421.2517087,428.2458816,0.624896589,0.402914094,0.255068791,0.364105052,0.566099561,0.701326862,14.50885366,18.87465299,11.59041253,7.367441451,4.365799324,7.141412213,711605.9269,588423.63,554450.9387
1113,1.2,0.88,1.4,396.5251144,397.2783094,403.4373091,0.821224071,0.779736248,0.676071688,0.1772865,0.218130885,0.320496571,14.50885366,18.87465299,11.59041253,7.367441451,4.365799324,7.141412213,711605.9269,588423.63,554450.9387,2.3,1.3,1.3,404.8629122,403.318506,407.4075127,0.671828138,0.652872956,0.481906941,0.322053208,0.34019113,0.506269122,24.88688401,31.67762621,15.87864024,9.397682068,6.790742207,15.48920194,704463.4123,612985.6153,544016.924
1114,0.53,2.4,1.9,422.5219584,432.5584141,437.5162918,0.552132227,0.324082981,0.13871478,0.426486027,0.626176933,0.779905108,24.88688401,31.67762621,15.87864024,9.397682068,6.790742207,15.48920194,704463.4123,612985.6153,544016.924,1.2,0.88,1.4,396.5251144,397.2783094,403.4373091,0.821224071,0.779736248,0.676071688,0.1772865,0.218130885,0.320496571,19.21686763,23.87447572,13.42748819,8.974722991,4.657608092,10.24214463,682791.9682,498079.9633,617580.0349
1115,0.94,1.4,1.7,399.249481,400.4572035,406.6164191,0.796111883,0.70643689,0.612516885,0.201777931,0.289335741,0.381520713,19.21686763,23.87447572,13.42748819,8.974722991,4.657608092,10.24214463,682791.9682,498079.9633,617580.0349,0.53,2.4,1.9,422.5219584,432.5584141,437.5162918,0.552132227,0.324082981,0.13871478,0.426486027,0.626176933,0.779905108,21.19887641,24.55599336,10.30195964,7.22433354,3.357116959,13.97454287,707563.0678,590205.2668,511329.9664
1116,1.9,1.0,1.7,429.2432409,419.1258418,426.5855217,0.364226915,0.433027165,0.286676312,0.587761593,0.525999462,0.655888323,21.19887641,24.55599336,10.30195964,7.22433354,3.357116959,13.97454287,707563.0678,590205.2668,511329.9664,0.94,1.4,1.7,399.249481,400.4572035,406.6164191,0.796111883,0.70643689,0.612516885,0.201777931,0.289335741,0.381520713,14.1454235,19.91889471,13.13920818,7.498671999,5.773471213,6.646751501,695435.2338,567921.4844,515275.4682
1117,0.66,1.7,2.0,399.8070221,402.8135188,407.2070313,0.85224748,0.74189173,0.57923147,0.146693743,0.255103983,0.415113425,14.1454235,19.91889471,13.13920818,7.498671999,5.773471213,6.646751501,695435.2338,567921.4844,515275.4682,1.9,1.0,1.7,429.2432409,419.1258418,426.5855217,0.364226915,0.433027165,0.286676312,0.587761593,0.525999462,0.655888323,12.35502902,18.32158172,11.44790052,5.616125887,5.966552696,6.738903136,681446.1401,524453.4349,574016.6672
1118,1.3,2.4,1.6,406.2111265,405.3116165,409.1940386,0.710630082,0.614758227,0.433880646,0.284801389,0.376968294,0.552120032,12.35502902,18.32158172,11.44790052,5.616125887,5.966552696,6.738903136,681446.1401,524453.4349,574016.6672,0.66,1.7,2.0,399.8070221,402.8135188,407.2070313,0.85224748,0.74189173,0.57923147,0.146693743,0.255103983,0.415113425,25.17175463,30.39485902,13.61605511,8.721946867,5.223104393,16.44980776,702137.9133,573477.5339,560864.4631
1119,0.89,2.1,0.59,435.1104273,430.5298692,435.8072591,0.398768532,0.318662181,0.147290546,0.563712939,0.626966405,0.768692002,25.17175463,30.39485902,13.61605511,8.721946867,5.223104393,16.44980776,702137.9133,573477.5339,560864.4631,1.3,2.4,1.6,406.2111265,405.3116165,409.1940386,0.710630082,0.614758227,0.433880646,0.284801389,0.376968294,0.552120032,22.47926563,30.62186603,15.28766417,7.445734387,8.142600408,15.03353124,699179.1165,580152.3705,499312.5983
1120,2.1,2.3,1.3,398.0604619,396.2143075,400.1926621,0.728636877,0.676962796,0.543312517,0.267557379,0.317695371,0.448358942,22.47926563,30.62186603,15.28766417,7.445734387,8.142600408,15.03353124,699179.1165,580152.3705,499312.5983,0.89,2.1,0.59,435.1104273,430.5298692,435.8072591,0.398768532,0.318662181,0.147290546,0.563712939,0.626966405,0.768692002,15.80364798,22.34681727,10.69655081,4.381818123,6.543169285,11.42182986,721518.7163,579243.3889,495318.033
1121,1.4,0.76,2.1,388.0198228,385.8551357,389.8315396,0.887635115,0.882421502,0.810292079,0.111860686,0.117025088,0.188722287,15.80364798,22.34681727,10.69655081,4.381818123,6.543169285,11.42182986,721518.7163,579243.3889,495318.033,2.1,2.3,1.3,398.0604619,396.2143075,400.1926621,0.728636877,0.676962796,0.543312517,0.267557379,0.317695371,0.448358942,22.23922398,30.9784394,17.7885547,9.307964467,8.739215424,12.93125951,692936.7208,509073.0672,517610.5833
1122,1.5,1.5,1.4,407.925158,399.2648274,405.1828554,0.647150255,0.666764467,0.574242766,0.344828231,0.325791761,0.415652241,22.23922398,30.9784394,17.7885547,9.307964467,8.739215424,12.93125951,692936.7208,509073.0672,517610.5833,1.4,0.76,2.1,388.0198228,385.8551357,389.8315396,0.887635115,0.882421502,0.810292079,0.111860686,0.117025088,0.188722287,27.42232898,35.88753429,18.04641472,9.931035281,8.465205309,17.4912937,685693.48,510204.0554,599353.9764
1123,1.1,2.0,2.0,408.9973516,401.8789265,406.8361226,0.690961701,0.640019144,0.509151807,0.303485471,0.352343214,0.479442308,27.42232898,35.88753429,18.04641472,9.931035281,8.465205309,17.4912937,685693.48,510204.0554,599353.9764,1.5,1.5,1.4,407.925158,399.2648274,405.1828554,0.647150255,0.666764467,0.574242766,0.344828231,0.325791761,0.415652241,13.35938735,22.74415401,15.68167481,6.435388131,9.384766661,6.923999217,739601.009,605423.1392,565320.8217
1124,2.4,1.6,1.7,416.9143103,408.8239014,414.7389951,0.464766562,0.507551755,0.375424385,0.509366822,0.469270219,0.592474642,13.35938735,22.74415401,15.68167481,6.435388131,9.384766661,6.923999217,739601.009,605423.1392,565320.8217,1.1,2.0,2.0,408.9973516,401.8789265,406.8361226,0.690961701,0.640019144,0.509151807,0.303485471,0.352343214,0.479442308,14.91252035,24.03800305,14.52801845,5.589006031,9.125482704,9.32351432,721517.9871,496975.6246,500462.693
1125,0.56,0.85,2.0,418.0503105,405.1271259,412.1247956,0.727414441,0.728047216,0.609322723,0.268247622,0.267501583,0.383667704,14.91252035,24.03800305,14.52801845,5.589006031,9.125482704,9.32351432,721517.9871,496975.6246,500462.693,2.4,1.6,1.7,416.9143103,408.8239014,414.7389951,0.464766562,0.507551755,0.375424385,0.509366822,0.469270219,0.592474642,14.86560241,22.87624024,14.91730462,7.062724358,8.010637822,7.802878056,708838.4656,585459.9361,568296.9018
1127,2.0,2.0,0.9,447.1022604,431.3712106,436.6233967,0.194278101,0.273512016,0.123182814,0.682348937,0.620993228,0.723495997,11.89380417,20.02828953,11.47253897,3.505813425,8.134485356,8.387990749,683956.8225,550548.3769,588634.5747,2.1,2.0,0.93,438.2583581,424.716163,429.1462618,0.26557225,0.330497788,0.152073597,0.659301841,0.601972472,0.742483212,17.95310988,26.66942345,12.53798747,4.09876089,8.716313564,13.85434899,699568.3144,510909.5132,496218.4199
1129,2.3,0.68,1.4,410.9982481,400.2127026,405.0255716,0.570293016,0.667547176,0.540400804,0.416153641,0.322486095,0.444536896,14.41881691,22.61000826,11.70768634,3.730266006,8.191191347,10.68855091,680997.47,610351.9951,498755.3489,1.3,2.2,0.96,425.9432586,414.7490169,419.607065,0.489986162,0.480803156,0.292925338,0.489079275,0.495899003,0.669949871,17.31781736,27.25358473,14.03308768,4.356545744,9.935767368,12.96127162,734289.7555,564658.3106,556076.0184
1130,0.7,1.5,2.3,418.4114448,418.9696561,424.2645043,0.681389291,0.563344025,0.34744542,0.312382305,0.424604667,0.630823041,17.31781736,27.25358473,14.03308768,4.356545744,9.935767368,12.96127162,734289.7555,564658.3106,556076.0184,2.3,0.68,1.4,410.9982481,400.2127026,405.0255716,0.570293016,0.667547176,0.540400804,0.416153641,0.322486095,0.444536896,16.83762904,25.8170583,15.4383005,6.662376295,8.979429257,10.17525274,700586.0961,556482.7737,521855.2988
1131,0.74,2.3,1.4,386.6585566,389.5177123,395.6498769,0.898854601,0.779786247,0.723566048,0.100678261,0.218153574,0.273729862,16.83762904,25.8170583,15.4383005,6.662376295,8.979429257,10.17525274,700586.0961,556482.7737,521855.2988,0.7,1.5,2.3,418.4114448,418.9696561,424.2645043,0.681389291,0.563344025,0.34744542,0.312382305,0.424604667,0.630823041,20.98108219,26.56793373,11.58429251,6.291237848,5.586851543,14.68984434,737938.8624,594027.4989,590821.4416
1132,0.83,1.0,2.3,398.7178974,395.4924186,400.3915218,0.854017516,0.823004783,0.722882032,0.145042178,0.175654649,0.274793871,20.98108219,26.56793373,11.58429251,6.291237848,5.586851543,14.68984434,737938.8624,594027.4989,590821.4416,0.74,2.3,1.4,386.6585566,389.5177123,395.6498769,0.898854601,0.779786247,0.723566048,0.100678261,0.218153574,0.273729862,15.89029967,23.3040881,16.93702987,9.648085718,7.413788433,6.242213949,684760.1509,540008.7851,600198.9099
1133,0.84,1.4,0.98,444.998429,437.5065599,442.3898972,0.331682636,0.312313915,0.118281453,0.617863658,0.628664045,0.779477182,15.89029967,23.3040881,16.93702987,9.648085718,7.413788433,6.242213949,684760.1509,540008.7851,600198.9099,0.83,1.0,2.3,398.7178974,395.4924186,400.3915218,0.854017516,0.823004783,0.722882032,0.145042178,0.175654649,0.274793871,20.13754901,28.14761321,14.47922386,6.737167293,8.010064204,13.40038172,690929.5738,605973.6251,579171.3232
1134,0.64,1.8,0.78,425.5886892,423.8349459,430.1851852,0.574858734,0.441185246,0.244968925,0.411363903,0.532920375,0.712978713,20.13754901,28.14761321,14.47922386,6.737167293,8.010064204,13.40038172,690929.5738,605973.6251,579171.3232,0.84,1.4,0.98,444.998429,437.5065599,442.3898972,0.331682636,0.312313915,0.118281453,0.617863658,0.628664045,0.779477182,20.59090388,26.80651652,9.329810629,3.456878497,6.21561264,17.13402538,723981.5803,510538.4473,549802.1286
1135,1.1,1.9,0.69,387.840766,385.9725261,390.5387677,0.869409825,0.818656122,0.766532944,0.129855714,0.180009518,0.231665454,20.59090388,26.80651652,9.329810629,3.456878497,6.21561264,17.13402538,723981.5803,510538.4473,549802.1286,0.64,1.8,0.78,425.5886892,423.8349459,430.1851852,0.574858734,0.441185246,0.244968925,0.411363903,0.532920375,0.712978713,16.1012732,21.99857183,10.64893992,4.974183087,5.897298638,11.12709011,706304.7949,504909.8875,586724.0057
1136,1.3,1.6,0.68,389.4958169,388.6617161,393.0211978,0.858666724,0.81505768,0.744175454,0.140470752,0.183547359,0.253763456,16.1012732,21.99857183,10.64893992,4.974183087,5.897298638,11.12709011,706304.7949,504909.8875,586724.0057,1.1,1.9,0.69,387.840766,385.9725261,390.5387677,0.869409825,0.818656122,0.766532944,0.129855714,0.180009518,0.231665454,16.86266741,26.77092859,18.85422451,9.101192813,9.908261184,7.761474592,714281.3551,537366.7423,513418.614
1137,0.71,0.74,1.2,410.3492482,407.5979112,413.8280045,0.783262247,0.740855782,0.598047667,0.214324287,0.255768815,0.396047966,16.86266741,26.77092859,18.85422451,9.101192813,9.908261184,7.761474592,714281.3551,537366.7423,513418.614,1.3,1.6,0.68,389.4958169,388.6617161,393.0211978,0.858666724,0.81505768,0.744175454,0.140470752,0.183547359,0.253763456,20.2531595,28.87170302,18.19823575,9.78897591,8.618543516,10.46418359,724953.9477,579990.5304,528635.7803
1138,1.2,1.5,1.7,424.9406166,418.3400579,422.6037538,0.527767856,0.501561797,0.284097855,0.45591599,0.479045798,0.681861921,20.2531595,28.87170302,18.19823575,9.78897591,8.618543516,10.46418359,724953.9477,579990.5304,528635.7803,0.71,0.74,1.2,410.3492482,407.5979112,413.8280045,0.783262247,0.740855782,0.598047667,0.214324287,0.255768815,0.396047966,17.06759258,22.52113054,11.20551625,5.973853084,5.453537958,11.0937395,716989.8546,549071.1368,589296.6751
1139,0.95,2.1,1.9,433.24772,432.2857249,436.7963325,0.401512643,0.307598471,0.125856066,0.561818286,0.637740519,0.784409058,17.06759258,22.52113054,11.20551625,5.973853084,5.453537958,11.0937395,716989.8546,549071.1368,589296.6751,1.2,1.5,1.7,424.9406166,418.3400579,422.6037538,0.527767856,0.501561797,0.284097855,0.45591599,0.479045798,0.681861921,20.26022191,27.78892647,12.13907237,4.917227701,7.528704554,15.34299421,715210.9323,553792.7997,497628.6514
1140,1.3,1.4,1.9,400.3990673,396.7069468,401.3564249,0.791673113,0.761017486,0.630274115,0.20627175,0.236298824,0.365076654,20.26022191,27.78892647,12.13907237,4.917227701,7.528704554,15.34299421,715210.9323,553792.7997,497628.6514,0.95,2.1,1.9,433.24772,432.2857249,436.7963325,0.401512643,0.307598471,0.125856066,0.561818286,0.637740519,0.784409058,20.39317403,26.07297777,10.56641689,5.19066336,5.679803744,15.20251067,738985.9144,552229.3675,493938.5306
1141,1.6,0.69,0.79,409.7374168,401.1455884,406.3826557,0.677544925,0.719627159,0.576197534,0.316248315,0.2750887,0.414844563,20.39317403,26.07297777,10.56641689,5.19066336,5.679803744,15.20251067,738985.9144,552229.3675,493938.5306,1.3,1.4,1.9,400.3990673,396.7069468,401.3564249,0.791673113,0.761017486,0.630274115,0.20627175,0.236298824,0.365076654,22.27901868,31.011205,15.72933129,7.29678955,8.732186318,14.98222913,683330.8129,562782.8725,605577.653
1142,1.5,1.6,1.8,400.061398,399.2625146,404.7579508,0.73878196,0.67715264,0.564556659,0.257579111,0.317431029,0.427540102,22.27901868,31.011205,15.72933129,7.29678955,8.732186318,14.98222913,683330.8129,562782.8725,605577.653,1.6,0.69,0.79,409.7374168,401.1455884,406.3826557,0.677544925,0.719627159,0.576197534,0.316248315,0.2750887,0.414844563,19.31985676,27.664641,14.2932114,6.210612049,8.344784248,13.10924471,721575.6433,515759.3387,608502.3549
1143,0.51,2.3,0.69,413.726034,427.0582493,434.817601,0.676629173,0.374276525,0.218652864,0.312945811,0.586391096,0.724846653,19.31985676,27.664641,14.2932114,6.210612049,8.344784248,13.10924471,721575.6433,515759.3387,608502.3549,1.5,1.6,1.8,400.061398,399.2625146,404.7579508,0.73878196,0.67715264,0.564556659,0.257579111,0.317431029,0.427540102,16.82040811,23.22296627,14.58905616,8.355790357,6.402558161,8.464617755,712953.7909,491392.8868,535999.5542
1145,2.2,1.8,1.7,432.9223415,424.6821159,429.3220592,0.309871641,0.333839591,0.155945765,0.631717468,0.607799147,0.752940453,14.43211235,17.96301202,10.47779623,7.093665491,3.530899676,7.338446857,689788.1429,607022.7023,585401.5409,1.1,1.0,2.4,394.9707551,395.6721794,400.3614486,0.850096305,0.805360545,0.698191032,0.148918123,0.193080829,0.299130768,21.97634037,27.26410121,14.13558003,9.105241175,5.287760842,12.8710992,696295.5769,536024.1838,536962.4501
1146,1.6,2.0,1.8,398.988594,399.7496125,405.0088553,0.727397946,0.643884798,0.536325679,0.268555066,0.34930194,0.454147968,21.97634037,27.26410121,14.13558003,9.105241175,5.287760842,12.8710992,696295.5769,536024.1838,536962.4501,2.2,1.8,1.7,432.9223415,424.6821159,429.3220592,0.309871641,0.333839591,0.155945765,0.631717468,0.607799147,0.752940453,18.96474074,26.01292427,12.32643179,5.546610852,7.048183531,13.41812988,727447.2456,494992.7982,506920.0512
1147,0.88,0.7,2.3,398.870731,393.8577073,398.8034073,0.84672161,0.842789212,0.761573639,0.152209187,0.156066941,0.236532444,18.96474074,26.01292427,12.32643179,5.546610852,7.048183531,13.41812988,727447.2456,494992.7982,506920.0512,1.6,2.0,1.8,398.988594,399.7496125,405.0088553,0.727397946,0.643884798,0.536325679,0.268555066,0.34930194,0.454147968,16.18825192,22.94283599,15.17184159,8.569629951,6.754584075,7.618621968,680142.7175,558225.1677,506771.1393
1148,1.9,0.77,1.6,396.9584621,390.4879273,396.0808241,0.722515222,0.774128811,0.715686627,0.273185872,0.222557521,0.279948464,16.18825192,22.94283599,15.17184159,8.569629951,6.754584075,7.618621968,680142.7175,558225.1677,506771.1393,0.88,0.7,2.3,398.870731,393.8577073,398.8034073,0.84672161,0.842789212,0.761573639,0.152209187,0.156066941,0.236532444,18.21833672,26.50510045,14.52756904,6.475658861,8.286763738,11.74267785,729663.7825,593946.6914,550562.2033
1149,0.86,2.3,1.8,394.0565034,391.7765223,396.9446127,0.853958228,0.767952338,0.686646509,0.145064254,0.229678696,0.30993937,18.21833672,26.50510045,14.52756904,6.475658861,8.286763738,11.74267785,729663.7825,593946.6914,550562.2033,1.9,0.77,1.6,396.9584621,390.4879273,396.0808241,0.722515222,0.774128811,0.715686627,0.273185872,0.222557521,0.279948464,14.65684648,23.39516365,16.9223968,8.310996635,8.738317165,6.345849847,730088.9639,547046.9362,549555.8877
1150,2.2,0.92,1.9,425.1801366,410.7660018,415.798222,0.444028947,0.553068345,0.361688594,0.527143585,0.424900741,0.601785779,14.65684648,23.39516365,16.9223968,8.310996635,8.738317165,6.345849847,730088.9639,547046.9362,549555.8877,0.86,2.3,1.8,394.0565034,391.7765223,396.9446127,0.853958228,0.767952338,0.686646509,0.145064254,0.229678696,0.30993937,17.16563936,27.15487297,17.56112655,7.760005624,9.989233602,9.405633739,734146.5087,562103.1259,589422.8563
1151,0.76,0.82,1.2,405.5791133,407.9051624,412.4905103,0.819329568,0.752173548,0.576339119,0.179143432,0.245104499,0.418175919,17.16563936,27.15487297,17.56112655,7.760005624,9.989233602,9.405633739,734146.5087,562103.1259,589422.8563,2.2,0.92,1.9,425.1801366,410.7660018,415.798222,0.444028947,0.553068345,0.361688594,0.527143585,0.424900741,0.601785779,19.06006203,28.68297012,14.35027742,5.008402521,9.622908086,14.05165951,683694.0655,546108.2259,606200.7131
1152,0.83,1.0,1.8,427.7652897,418.3316018,424.2285506,0.581204683,0.572123026,0.37307504,0.406387032,0.414193395,0.60335691,19.06006203,28.68297012,14.35027742,5.008402521,9.622908086,14.05165951,683694.0655,546108.2259,606200.7131,0.76,0.82,1.2,405.5791133,407.9051624,412.4905103,0.819329568,0.752173548,0.576339119,0.179143432,0.245104499,0.418175919,23.56292932,26.98755171,10.96740676,7.856904859,3.424622385,15.70602446,695819.5791,517894.2177,519738.5501
1153,2.0,1.5,1.3,434.9377048,428.5165439,432.9427011,0.318926191,0.336052722,0.141909495,0.627191105,0.608724208,0.765783652,23.56292932,26.98755171,10.96740676,7.856904859,3.424622385,15.70602446,695819.5791,517894.2177,519738.5501,0.83,1.0,1.8,427.7652897,418.3316018,424.2285506,0.581204683,0.572123026,0.37307504,0.406387032,0.414193395,0.60335691,16.14079158,23.40900843,11.11270351,4.085590682,7.268216845,12.0552009,698282.6208,600031.957,579773.9641
1154,0.85,0.54,0.98,418.4674272,412.284177,416.8362367,0.716838568,0.717282438,0.517379679,0.278750999,0.278099317,0.473155292,16.14079158,23.40900843,11.11270351,4.085590682,7.268216845,12.0552009,698282.6208,600031.957,579773.9641,2.0,1.5,1.3,434.9377048,428.5165439,432.9427011,0.318926191,0.336052722,0.141909495,0.627191105,0.608724208,0.765783652,22.75362093,29.42216314,11.81624037,5.492912328,6.668542212,17.2607086,704800.2473,576753.6167,546952.2629
1155,1.4,1.2,0.89,403.4606673,404.9502682,409.6425892,0.761665585,0.698786183,0.515511514,0.235536974,0.296904201,0.476383314,22.75362093,29.42216314,11.81624037,5.492912328,6.668542212,17.2607086,704800.2473,576753.6167,546952.2629,0.85,0.54,0.98,418.4674272,412.284177,416.8362367,0.716838568,0.717282438,0.517379679,0.278750999,0.278099317,0.473155292,21.50789234,27.85721659,10.81137882,4.796286676,6.349324256,16.71160566,713639.8088,554223.0957,532592.3215
1156,1.2,2.5,1.7,440.9307003,425.2528473,431.1052941,0.312018436,0.332297614,0.160293217,0.63070859,0.608615817,0.749427083,21.50789234,27.85721659,10.81137882,4.796286676,6.349324256,16.71160566,713639.8088,554223.0957,532592.3215,1.4,1.2,0.89,403.4606673,404.9502682,409.6425892,0.761665585,0.698786183,0.515511514,0.235536974,0.296904201,0.476383314,25.99916577,30.42547237,13.39263128,9.300301958,4.426306597,16.69886381,691215.9005,506777.92,599616.9962
1158,1.5,1.4,2.2,426.5864551,413.0794284,417.1511403,0.48339349,0.535581454,0.322623206,0.495121549,0.445199007,0.643691298,15.28919834,24.70227512,12.27382581,3.104444113,9.413076783,12.18475423,720701.3393,494331.032,607183.5699,2.1,0.94,2.4,410.8458478,412.9449972,417.2982548,0.626018689,0.582799909,0.360806019,0.365560951,0.406828972,0.61986002,27.65850163,30.98955424,12.91027618,9.933719213,3.331052613,17.72478241,682840.7179,547131.2912,566559.4534
1159,0.71,2.1,2.2,430.8606202,422.2755631,427.9081545,0.4949639,0.414956452,0.233995315,0.483628096,0.55307221,0.716562711,27.65850163,30.98955424,12.91027618,9.933719213,3.331052613,17.72478241,682840.7179,547131.2912,566559.4534,1.5,1.4,2.2,426.5864551,413.0794284,417.1511403,0.48339349,0.535581454,0.322623206,0.495121549,0.445199007,0.643691298,19.43615039,29.27489069,13.15986904,3.63710955,9.838740302,15.79904084,685810.7744,504537.3187,500613.7629
1162,1.1,2.0,1.5,427.250753,427.1895747,432.0589284,0.465341687,0.365211697,0.170002852,0.509592046,0.59612286,0.766263424,16.8675709,21.409444,13.40693896,9.021977725,4.541873095,7.845593176,732869.0975,526958.3286,514003.0898,2.3,1.2,1.6,429.4548915,425.2699126,431.1241971,0.346979386,0.361663265,0.186808083,0.603780404,0.588649784,0.737448822,17.71442582,23.014737,11.8244597,6.74356573,5.300311172,10.97086009,689390.5528,585848.7709,565879.7688
1163,1.5,1.9,2.1,410.6264465,416.6445881,421.4012119,0.630698443,0.492213356,0.280043176,0.360552426,0.490993625,0.690987069,17.71442582,23.014737,11.8244597,6.74356573,5.300311172,10.97086009,689390.5528,585848.7709,565879.7688,1.1,2.0,1.5,427.250753,427.1895747,432.0589284,0.465341687,0.365211697,0.170002852,0.509592046,0.59612286,0.766263424,20.39192808,25.99936818,11.31970855,6.000104917,5.607440099,14.39182316,722873.7667,564180.4028,531719.9616
1164,1.3,1.6,1.4,414.149583,408.9933771,413.9819299,0.638676499,0.599006882,0.426476577,0.353183528,0.390683949,0.556730357,20.39192808,25.99936818,11.31970855,6.000104917,5.607440099,14.39182316,722873.7667,564180.4028,531719.9616,1.5,1.9,2.1,410.6264465,416.6445881,421.4012119,0.630698443,0.492213356,0.280043176,0.360552426,0.490993625,0.690987069,24.83813613,27.95447936,12.54612054,9.731901999,3.116343228,15.10623413,712027.6614,491043.8251,558458.7572
1165,1.9,2.5,1.2,433.6021176,424.5164937,429.4544854,0.321826814,0.32642133,0.150528411,0.62468406,0.616137993,0.759878248,24.83813613,27.95447936,12.54612054,9.731901999,3.116343228,15.10623413,712027.6614,491043.8251,558458.7572,1.3,1.6,1.4,414.149583,408.9933771,413.9819299,0.638676499,0.599006882,0.426476577,0.353183528,0.390683949,0.556730357,18.42451618,26.39951227,13.88741444,6.157753602,7.974996091,12.26676258,726307.6213,590628.8344,553117.3719
1166,1.2,1.4,1.2,433.000484,431.525764,436.0308189,0.396025546,0.34354593,0.141124345,0.568684916,0.61163426,0.781141942,18.42451618,26.39951227,13.88741444,6.157753602,7.974996091,12.26676258,726307.6213,590628.8344,553117.3719,1.9,2.5,1.2,433.6021176,424.5164937,429.4544854,0.321826814,0.32642133,0.150528411,0.62468406,0.616137993,0.759878248,19.70528001,28.34232287,13.36118475,5.017889698,8.637042862,14.68739031,736001.5682,550242.7199,587804.2873
1167,0.72,1.4,1.3,405.5015067,404.6883939,410.9405698,0.798449821,0.702467413,0.567284505,0.199471341,0.293121794,0.425601615,19.70528001,28.34232287,13.36118475,5.017889698,8.637042862,14.68739031,736001.5682,550242.7199,587804.2873,1.2,1.4,1.2,433.000484,431.525764,436.0308189,0.396025546,0.34354593,0.141124345,0.568684916,0.61163426,0.781141942,21.93591029,26.65466104,9.866567015,5.476994585,4.718750744,16.45891571,684251.5364,506133.6174,504338.8337
1168,1.0,2.1,1.5,444.6169059,427.3721148,433.9320379,0.305414451,0.327362173,0.17785066,0.629934488,0.60801076,0.730624857,21.93591029,26.65466104,9.866567015,5.476994585,4.718750744,16.45891571,684251.5364,506133.6174,504338.8337,0.72,1.4,1.3,405.5015067,404.6883939,410.9405698,0.798449821,0.702467413,0.567284505,0.199471341,0.293121794,0.425601615,16.91095225,23.0432207,12.70441487,6.774868099,6.132268457,10.13608415,736491.82,526271.0227,605094.8989
1169,1.1,1.3,1.4,404.7664028,399.0857385,404.9411916,0.749580763,0.720981988,0.609689682,0.247078201,0.274895208,0.384039478,16.91095225,23.0432207,12.70441487,6.774868099,6.132268457,10.13608415,736491.82,526271.0227,605094.8989,1.0,2.1,1.5,444.6169059,427.3721148,433.9320379,0.305414451,0.327362173,0.17785066,0.629934488,0.60801076,0.730624857,11.24044105,19.49215027,11.3066092,3.215400772,8.251709229,8.025040273,735362.1446,560055.7894,537040.258
1172,1.9,1.6,1.4,446.1432262,434.9253136,440.4619288,0.2154938,0.265440078,0.10295818,0.680930248,0.636872269,0.744445026,20.2956438,25.31102624,9.168415256,4.469554602,5.015382438,15.8260892,714634.7977,574496.6727,589704.2864,1.4,0.57,1.2,408.8198641,399.7927966,404.6190878,0.716935335,0.761379844,0.625838818,0.278568929,0.234924286,0.367640691,19.78425217,28.78433104,14.2371006,5.522261551,9.000078866,14.26199062,705547.6281,572388.2837,583470.1604
1173,2.5,2.3,1.4,421.9233597,420.7293405,425.0370395,0.404106155,0.358611775,0.174022108,0.562485024,0.60013616,0.760515194,19.78425217,28.78433104,14.2371006,5.522261551,9.000078866,14.26199062,705547.6281,572388.2837,583470.1604,1.9,1.6,1.4,446.1432262,434.9253136,440.4619288,0.2154938,0.265440078,0.10295818,0.680930248,0.636872269,0.744445026,18.54141476,25.49754823,10.83238993,4.163808578,6.956133478,14.37760618,694748.1913,529982.6792,592912.7219
1174,2.4,1.0,0.71,406.9980836,404.4340724,409.8616861,0.619820538,0.62589726,0.480017219,0.370829237,0.364711585,0.505505319,18.54141476,25.49754823,10.83238993,4.163808578,6.956133478,14.37760618,694748.1913,529982.6792,592912.7219,2.5,2.3,1.4,421.9233597,420.7293405,425.0370395,0.404106155,0.358611775,0.174022108,0.562485024,0.60013616,0.760515194,23.11069331,29.41607442,13.86134618,7.860959738,6.305381109,15.24973357,694630.7626,577002.0787,532200.1545
1175,0.71,1.3,2.2,445.2784182,440.533654,448.0368147,0.343927526,0.276540136,0.126840062,0.601347444,0.649123198,0.764311651,23.11069331,29.41607442,13.86134618,7.860959738,6.305381109,15.24973357,694630.7626,577002.0787,532200.1545,2.4,1.0,0.71,406.9980836,404.4340724,409.8616861,0.619820538,0.62589726,0.480017219,0.370829237,0.364711585,0.505505319,19.94533186,26.08004731,15.01880496,9.10097662,6.134715448,10.84435524,719465.4813,577972.4457,594518.2191
1177,2.5,0.81,0.5,434.1960741,430.4046473,435.370962,0.31000802,0.337182692,0.140140457,0.63167345,0.605607241,0.76321002,11.78280541,16.52246596,8.534799066,3.951759437,4.739660549,7.83104597,715611.7583,565393.5889,520685.4978,1.3,1.0,1.3,395.1388564,392.8324014,397.7706297,0.81351944,0.798170505,0.719588039,0.184836707,0.199923894,0.277574699,17.4443126,24.97093073,15.55725311,8.215216891,7.526618131,9.229095709,703149.1866,594546.0397,517911.0386
1178,1.9,1.5,0.63,396.4168173,393.0394887,397.7115895,0.753035366,0.741937846,0.652752356,0.243829289,0.254619258,0.342292194,17.4443126,24.97093073,15.55725311,8.215216891,7.526618131,9.229095709,703149.1866,594546.0397,517911.0386,2.5,0.81,0.5,434.1960741,430.4046473,435.370962,0.31000802,0.337182692,0.140140457,0.63167345,0.605607241,0.76321002,24.10873002,28.60748401,11.16740842,7.010616685,4.498753997,17.09811333,710249.873,528840.9054,596709.6827
1179,0.91,2.2,2.4,410.3398493,412.3399118,417.7421911,0.68489659,0.530177741,0.353910704,0.308856145,0.455332988,0.62325717,24.10873002,28.60748401,11.16740842,7.010616685,4.498753997,17.09811333,710249.873,528840.9054,596709.6827,1.9,1.5,0.63,396.4168173,393.0394887,397.7115895,0.753035366,0.741937846,0.652752356,0.243829289,0.254619258,0.342292194,18.59451681,27.52749276,17.77378919,9.032062327,8.93297595,9.562454488,737704.5501,582031.5195,540167.027
1180,1.8,0.69,1.8,398.5630214,394.50161,399.5940909,0.739308143,0.763513018,0.675555195,0.257042781,0.233224643,0.319644185,18.59451681,27.52749276,17.77378919,9.032062327,8.93297595,9.562454488,737704.5501,582031.5195,540167.027,0.91,2.2,2.4,410.3398493,412.3399118,417.7421911,0.68489659,0.530177741,0.353910704,0.308856145,0.455332988,0.62325717,17.23251454,23.0247214,12.40367833,6.819727219,5.792206856,10.41278732,683713.0013,493934.8209,522389.5905
1181,2.4,1.5,0.74,400.1006904,396.6395564,402.3717016,0.651760203,0.655242743,0.571093005,0.340725729,0.337228818,0.419026752,17.23251454,23.0247214,12.40367833,6.819727219,5.792206856,10.41278732,683713.0013,493934.8209,522389.5905,1.8,0.69,1.8,398.5630214,394.50161,399.5940909,0.739308143,0.763513018,0.675555195,0.257042781,0.233224643,0.319644185,17.18440315,24.26411889,15.27423217,8.370788718,7.079715738,8.813614437,716615.0205,545674.8436,518969.5955
1182,2.4,0.7,1.3,436.8223758,431.1673735,437.2986676,0.265301828,0.322174001,0.15913888,0.65148365,0.602034218,0.728787494,17.18440315,24.26411889,15.27423217,8.370788718,7.079715738,8.813614437,716615.0205,545674.8436,518969.5955,2.4,1.5,0.74,400.1006904,396.6395564,402.3717016,0.651760203,0.655242743,0.571093005,0.340725729,0.337228818,0.419026752,15.65156936,23.20216077,16.68588024,9.263059041,7.550591409,6.388510317,738942.9145,525164.7501,558590.7446
1183,0.96,0.54,2.1,407.05687,397.5884184,402.0796467,0.792636035,0.820383812,0.704008028,0.205224865,0.17779645,0.292609017,15.65156936,23.20216077,16.68588024,9.263059041,7.550591409,6.388510317,738942.9145,525164.7501,558590.7446,2.4,0.7,1.3,436.8223758,431.1673735,437.2986676,0.265301828,0.322174001,0.15913888,0.65148365,0.602034218,0.728787494,15.11887383,19.29274731,10.15714941,6.162405307,4.173873478,8.956468521,695059.7414,534742.3379,496809.5243
1184,1.7,0.69,1.4,441.297897,423.9549445,429.0541284,0.320594268,0.448110478,0.239183559,0.619573925,0.505730369,0.683633772,15.11887383,19.29274731,10.15714941,6.162405307,4.173873478,8.956468521,695059.7414,534742.3379,496809.5243,0.96,0.54,2.1,407.05687,397.5884184,402.0796467,0.792636035,0.820383812,0.704008028,0.205224865,0.17779645,0.292609017,19.731687,29.41107328,13.77041705,4.397710305,9.679386276,15.3339767,712525.3936,578412.6039,554784.8804
1187,2.4,0.58,2.2,427.9349175,420.9601543,425.5058542,0.404900816,0.464761729,0.236982526,0.560864484,0.504517245,0.707832907,19.39989372,25.39798884,11.84328684,6.110970198,5.998095118,13.28892352,708395.2079,558991.2161,598688.1981,0.67,2.2,0.74,403.8276154,405.2851222,410.1175669,0.802572784,0.657034103,0.500148697,0.195302354,0.336703201,0.489576206,19.33504119,26.23227616,13.93618459,7.280049462,6.897234963,12.05499173,739421.8317,565156.7434,532417.0786
1188,1.5,2.2,1.5,403.5841186,404.4020461,408.5793886,0.71513531,0.617885562,0.450291323,0.280452196,0.374137582,0.536690096,19.33504119,26.23227616,13.93618459,7.280049462,6.897234963,12.05499173,739421.8317,565156.7434,532417.0786,2.4,0.58,2.2,427.9349175,420.9601543,425.5058542,0.404900816,0.464761729,0.236982526,0.560864484,0.504517245,0.707832907,24.18853957,30.02965874,12.03184778,6.543626867,5.841119164,17.6449127,681141.3395,509597.9095,573306.5834
1189,0.63,1.1,2.5,413.8108913,404.7825942,411.1053196,0.741646653,0.704635106,0.57649503,0.254638709,0.290500718,0.415822431,24.18853957,30.02965874,12.03184778,6.543626867,5.841119164,17.6449127,681141.3395,509597.9095,573306.5834,1.5,2.2,1.5,403.5841186,404.4020461,408.5793886,0.71513531,0.617885562,0.450291323,0.280452196,0.374137582,0.536690096,21.66468046,28.4918432,15.05386459,8.490191627,6.827162744,13.17448883,692724.43,558297.8909,499873.8379
1190,0.54,2.2,2.1,396.0312286,395.2266825,399.8051998,0.884261547,0.781635557,0.659266672,0.115107164,0.21630432,0.337141621,21.66468046,28.4918432,15.05386459,8.490191627,6.827162744,13.17448883,692724.43,558297.8909,499873.8379,0.63,1.1,2.5,413.8108913,404.7825942,411.1053196,0.741646653,0.704635106,0.57649503,0.254638709,0.290500718,0.415822431,13.11389477,20.70222653,11.752863,4.340008956,7.58833176,8.773885815,708958.272,492083.0726,549746.2557
1191,0.87,1.1,2.3,403.5576757,401.0519351,405.1749318,0.816691113,0.771799757,0.625738387,0.181759539,0.225850527,0.369851485,13.11389477,20.70222653,11.752863,4.340008956,7.58833176,8.773885815,708958.272,492083.0726,549746.2557,0.54,2.2,2.1,396.0312286,395.2266825,399.8051998,0.884261547,0.781635557,0.659266672,0.115107164,0.21630432,0.337141621,22.70369837,31.37609634,15.86300808,7.494788309,8.672397968,15.20891006,717621.993,522284.3729,603353.3322
1192,1.5,1.2,1.3,390.3574543,388.443968,394.0711229,0.825267315,0.80731556,0.749186076,0.173326002,0.191015918,0.248528162,22.70369837,31.37609634,15.86300808,7.494788309,8.672397968,15.20891006,717621.993,522284.3729,603353.3322,0.87,1.1,2.3,403.5576757,401.0519351,405.1749318,0.816691113,0.771799757,0.625738387,0.181759539,0.225850527,0.369851485,22.05390143,29.11372959,13.2456616,6.496972025,7.059828162,15.5569294,702729.6174,569720.893,504143.9888
1193,0.59,1.8,1.7,404.2408381,410.5314232,415.9942421,0.806238201,0.636723041,0.450940874,0.191556644,0.356054316,0.536393707,22.05390143,29.11372959,13.2456616,6.496972025,7.059828162,15.5569294,702729.6174,569720.893,504143.9888,1.5,1.2,1.3,390.3574543,388.443968,394.0711229,0.825267315,0.80731556,0.749186076,0.173326002,0.191015918,0.248528162,17.09513077,24.97037861,17.26297759,9.538855259,7.875247841,7.556275508,709144.2736,524362.3289,590151.1767
1194,2.0,1.5,0.52,406.1124737,404.0553466,408.2754579,0.683460083,0.652188797,0.472182738,0.310988194,0.341046492,0.515969136,17.09513077,24.97037861,17.26297759,9.538855259,7.875247841,7.556275508,709144.2736,524362.3289,590151.1767,0.59,1.8,1.7,404.2408381,410.5314232,415.9942421,0.806238201,0.636723041,0.450940874,0.191556644,0.356054316,0.536393707,21.3284153,25.04129278,11.93833541,8.482378654,3.712877487,12.84603664,695944.1543,508370.9782,574539.2298
1195,2.4,2.3,1.7,404.2760054,407.413155,412.7685989,0.600149943,0.495326599,0.362732314,0.389113066,0.487292623,0.613235487,21.3284153,25.04129278,11.93833541,8.482378654,3.712877487,12.84603664,695944.1543,508370.9782,574539.2298,2.0,1.5,0.52,406.1124737,404.0553466,408.2754579,0.683460083,0.652188797,0.472182738,0.310988194,0.341046492,0.515969136,25.50947775,32.84949208,15.79807299,8.792400205,7.340014335,16.71707754,718165.9806,588845.3043,582239.0065
1196,1.2,0.76,1.8,412.3014705,400.6700991,405.3848661,0.689420554,0.739070739,0.603499979,0.304866945,0.256310311,0.388655743,25.50947775,32.84949208,15.79807299,8.792400205,7.340014335,16.71707754,718165.9806,588845.3043,582239.0065,2.4,2.3,1.7,404.2760054,407.413155,412.7685989,0.600149943,0.495326599,0.362732314,0.389113066,0.487292623,0.613235487,17.36094491,22.4959702,14.66531152,9.683828564,5.135025287,7.677116347,701952.3418,492296.5278,505968.3502
1197,0.63,2.3,0.84,415.211808,418.5746486,423.6476536,0.675221076,0.494354942,0.287735122,0.317399258,0.487244916,0.68108149,17.36094491,22.4959702,14.66531152,9.683828564,5.135025287,7.677116347,701952.3418,492296.5278,505968.3502,1.2,0.76,1.8,412.3014705,400.6700991,405.3848661,0.689420554,0.739070739,0.603499979,0.304866945,0.256310311,0.388655743,16.9597648,26.68861214,13.8297819,4.353068496,9.728847333,12.60669631,684002.5971,580941.6815,528485.069
1198,0.8,2.3,1.3,414.6679549,413.2214087,419.4905368,0.658202707,0.512022921,0.363324708,0.333993008,0.470903373,0.611916062,16.9597648,26.68861214,13.8297819,4.353068496,9.728847333,12.60669631,684002.5971,580941.6815,528485.069,0.63,2.3,0.84,415.211808,418.5746486,423.6476536,0.675221076,0.494354942,0.287735122,0.317399258,0.487244916,0.68108149,20.40484363,26.01258424,12.08872454,6.754000782,5.607740616,13.65084285,734290.586,532440.4215,554240.1535
1199,2.1,1.9,1.1,425.4369027,415.1772364,420.1140821,0.419609961,0.450767121,0.25671556,0.54920638,0.51917218,0.69488068,20.40484363,26.01258424,12.08872454,6.754000782,5.607740616,13.65084285,734290.586,532440.4215,554240.1535,0.8,2.3,1.3,414.6679549,413.2214087,419.4905368,0.658202707,0.512022921,0.363324708,0.333993008,0.470903373,0.611916062,13.78029978,21.15142621,12.89448557,5.685259932,7.371126433,8.095039844,708027.9398,602942.9515,556922.8177
1200,0.87,1.9,0.6,434.2216208,425.8341844,430.8770594,0.447280859,0.407566206,0.191829979,0.526841772,0.55940635,0.750524954,13.78029978,21.15142621,12.89448557,5.685259932,7.371126433,8.095039844,708027.9398,602942.9515,556922.8177,2.1,1.9,1.1,425.4369027,415.1772364,420.1140821,0.419609961,0.450767121,0.25671556,0.54920638,0.51917218,0.69488068,19.85022685,28.93377454,14.32073041,5.523712994,9.083547691,14.32651386,704723.6584,503439.9795,599931.6159
1201,2.2,2.3,0.66,405.7744045,406.576008,411.2320509,0.639322405,0.558028922,0.379242776,0.352856056,0.430089757,0.601604221,19.85022685,28.93377454,14.32073041,5.523712994,9.083547691,14.32651386,704723.6584,503439.9795,599931.6159,0.87,1.9,0.6,434.2216208,425.8341844,430.8770594,0.447280859,0.407566206,0.191829979,0.526841772,0.55940635,0.750524954,20.44023094,28.65454696,11.47718545,3.599680431,8.214316027,16.84055051,696061.9036,550224.457,606905.4509
1202,1.7,1.3,1.1,415.1053466,418.567838,423.3374143,0.586723858,0.501137673,0.279058195,0.402024378,0.482417163,0.691589308,20.44023094,28.65454696,11.47718545,3.599680431,8.214316027,16.84055051,696061.9036,550224.457,606905.4509,2.2,2.3,0.66,405.7744045,406.576008,411.2320509,0.639322405,0.558028922,0.379242776,0.352856056,0.430089757,0.601604221,23.74026193,30.28131597,15.92114707,9.66166497,6.541054043,14.07859696,686609.5612,543187.9026,592159.8451
1203,0.88,2.1,1.5,397.211307,399.2761018,402.8159308,0.845715106,0.74201454,0.583243283,0.153173731,0.255055646,0.411316813,23.74026193,30.28131597,15.92114707,9.66166497,6.541054043,14.07859696,686609.5612,543187.9026,592159.8451,1.7,1.3,1.1,415.1053466,418.567838,423.3374143,0.586723858,0.501137673,0.279058195,0.402024378,0.482417163,0.691589308,25.41977757,28.55251351,12.07718332,9.267493064,3.132735949,16.1522845,737722.2009,490463.7754,571969.8348
1204,1.7,2.2,0.77,435.2076615,433.5043229,440.813743,0.286285737,0.227889722,0.116915925,0.637720113,0.673322358,0.75340249,25.41977757,28.55251351,12.07718332,9.267493064,3.132735949,16.1522845,737722.2009,490463.7754,571969.8348,0.88,2.1,1.5,397.211307,399.2761018,402.8159308,0.845715106,0.74201454,0.583243283,0.153173731,0.255055646,0.411316813,27.18206921,33.56712864,15.3423492,9.314638377,6.385059437,17.86743083,737153.0358,552213.2582,499049.9128
1205,2.3,2.5,2.1,407.1408585,403.6137059,408.0231884,0.62279846,0.581039845,0.413424092,0.368437442,0.407869673,0.568991847,27.18206921,33.56712864,15.3423492,9.314638377,6.385059437,17.86743083,737153.0358,552213.2582,499049.9128,1.7,2.2,0.77,435.2076615,433.5043229,440.813743,0.286285737,0.227889722,0.116915925,0.637720113,0.673322358,0.75340249,11.8354146,17.05321797,10.74083061,5.64679954,5.217803369,6.188615059,729725.8617,602421.988,523524.6659
1206,1.5,1.3,1.5,446.3841951,432.6476999,438.8783778,0.248660369,0.311673778,0.153665894,0.659678147,0.606815443,0.72734722,11.8354146,17.05321797,10.74083061,5.64679954,5.217803369,6.188615059,729725.8617,602421.988,523524.6659,2.3,2.5,2.1,407.1408585,403.6137059,408.0231884,0.62279846,0.581039845,0.413424092,0.368437442,0.407869673,0.568991847,22.91379065,32.31369155,17.60114094,8.489721425,9.399900895,14.42406923,710264.9593,567715.4685,598385.606
1208,1.8,0.51,2.0,391.3496791,386.0397546,391.426956,0.784082092,0.830547743,0.787617233,0.213584945,0.167704429,0.210101511,12.96260906,19.54067745,10.46976219,4.069554885,6.578068389,8.893054172,729459.8939,583865.2064,511357.4517,2.5,0.51,1.4,403.9374074,403.1956411,408.6159231,0.64991468,0.665011842,0.525855335,0.34253952,0.327723321,0.462768732,20.31468831,24.5895722,13.99322545,9.926113063,4.274883887,10.38857525,711365.2324,535092.9745,559777.0748
1209,0.72,2.2,2.2,408.4185016,410.9199239,417.7045928,0.732948858,0.552038881,0.403131123,0.262589935,0.434978987,0.577662678,20.31468831,24.5895722,13.99322545,9.926113063,4.274883887,10.38857525,711365.2324,535092.9745,559777.0748,1.8,0.51,2.0,391.3496791,386.0397546,391.426956,0.784082092,0.830547743,0.787617233,0.213584945,0.167704429,0.210101511,15.26675598,23.72761217,17.41919279,9.082031098,8.460856185,6.184724883,722414.1589,494449.3151,536866.6988
1210,1.9,1.4,1.4,413.2622545,411.5119827,416.2666164,0.6088714,0.572938437,0.368805668,0.381455364,0.415285844,0.610570978,15.26675598,23.72761217,17.41919279,9.082031098,8.460856185,6.184724883,722414.1589,494449.3151,536866.6988,0.72,2.2,2.2,408.4185016,410.9199239,417.7045928,0.732948858,0.552038881,0.403131123,0.262589935,0.434978987,0.577662678,14.82693595,20.7460745,12.42503252,6.669051659,5.919138543,8.157884296,701481.8241,511456.6947,591157.7667
1211,2.2,2.3,1.5,431.6455316,427.0906047,434.2435706,0.294827219,0.268838308,0.136549947,0.636844602,0.652420073,0.754995629,14.82693595,20.7460745,12.42503252,6.669051659,5.919138543,8.157884296,701481.8241,511456.6947,591157.7667,1.9,1.4,1.4,413.2622545,411.5119827,416.2666164,0.6088714,0.572938437,0.368805668,0.381455364,0.415285844,0.610570978,24.64581199,30.99653404,14.31503309,8.291399283,6.350722056,16.3544127,722493.2987,589822.2685,618979.7915
1212,0.54,2.0,1.2,403.2072081,411.3249885,415.9022777,0.814045142,0.627842281,0.435484675,0.183777367,0.36434035,0.550658098,24.64581199,30.99653404,14.31503309,8.291399283,6.350722056,16.3544127,722493.2987,589822.2685,618979.7915,2.2,2.3,1.5,431.6455316,427.0906047,434.2435706,0.294827219,0.268838308,0.136549947,0.636844602,0.652420073,0.754995629,14.51489346,20.463149,12.03181841,6.248883072,5.948255545,8.266010386,715847.8295,508714.6134,614745.7302
1213,1.9,1.6,1.4,418.2176287,413.4724967,420.0165424,0.491256014,0.475909522,0.326430738,0.486870097,0.500074029,0.639159085,14.51489346,20.463149,12.03181841,6.248883072,5.948255545,8.266010386,715847.8295,508714.6134,614745.7302,0.54,2.0,1.2,403.2072081,411.3249885,415.9022777,0.814045142,0.627842281,0.435484675,0.183777367,0.36434035,0.550658098,23.07568072,26.56369538,12.39540887,9.185203754,3.488014657,13.89047696,713722.9646,584515.5829,510675.9239
1215,1.3,1.1,2.4,406.5293456,408.4547747,413.6694912,0.726559082,0.654663861,0.479349237,0.26941939,0.339113884,0.50987598,15.00558131,21.55056218,13.2215803,6.839912794,6.544980876,8.165668512,698612.9071,545848.6502,592311.0719,0.62,0.91,0.58,428.0324631,416.4316886,423.6816862,0.612777494,0.597115392,0.433546565,0.376608685,0.390997589,0.54761765,12.14730528,18.864501,10.34107721,3.791007453,6.717195715,8.356297828,729286.7483,522108.1129,574423.8605
1216,1.3,2.1,2.1,418.5854104,421.0874839,425.7001352,0.561786303,0.445019887,0.229747996,0.424443421,0.531619404,0.729792287,12.14730528,18.864501,10.34107721,3.791007453,6.717195715,8.356297828,729286.7483,522108.1129,574423.8605,1.3,1.1,2.4,406.5293456,408.4547747,413.6694912,0.726559082,0.654663861,0.479349237,0.26941939,0.339113884,0.50987598,21.06216502,25.06145575,12.2787155,8.530066742,3.999290723,12.53209828,718483.1879,500736.6733,548861.366
1217,1.4,0.65,2.0,394.5959834,394.8274288,399.7229089,0.830985636,0.812366749,0.711907396,0.167724357,0.186095408,0.285489131,21.06216502,25.06145575,12.2787155,8.530066742,3.999290723,12.53209828,718483.1879,500736.6733,548861.366,1.3,2.1,2.1,418.5854104,421.0874839,425.7001352,0.561786303,0.445019887,0.229747996,0.424443421,0.531619404,0.729792287,24.85921052,30.15925429,12.85746928,7.896676194,5.300043774,16.96253432,732497.6075,592039.1847,584275.8094
1218,2.0,2.4,1.4,420.0279976,420.8621069,426.1684144,0.447961479,0.35849981,0.192626601,0.524519921,0.601416505,0.747743158,24.85921052,30.15925429,12.85746928,7.896676194,5.300043774,16.96253432,732497.6075,592039.1847,584275.8094,1.4,0.65,2.0,394.5959834,394.8274288,399.7229089,0.830985636,0.812366749,0.711907396,0.167724357,0.186095408,0.285489131,21.89987633,26.53353709,14.05034909,9.661456726,4.633660758,12.23841961,705263.7538,500341.3875,545555.8523
1219,2.0,2.0,0.71,453.6962955,424.6209572,430.8524471,0.153590487,0.327507707,0.197930302,0.661767703,0.557142293,0.649832724,21.89987633,26.53353709,14.05034909,9.661456726,4.633660758,12.23841961,705263.7538,500341.3875,545555.8523,2.0,2.4,1.4,420.0279976,420.8621069,426.1684144,0.447961479,0.35849981,0.192626601,0.524519921,0.601416505,0.747743158,18.69646985,24.41258454,13.18544834,7.689473582,5.716114687,11.00699627,715490.7497,563801.025,544067.2163
1221,1.7,0.85,2.4,400.3129054,398.6066399,402.8007649,0.780226618,0.766558375,0.616046314,0.21747462,0.230844011,0.379048663,9.485544549,18.79827337,12.3699752,3.183291445,9.312728821,6.302253105,684377.76,550757.1405,491993.3083,1.3,2.3,1.2,417.6262226,410.094112,416.0414719,0.563336335,0.513525754,0.364753276,0.422713338,0.468374302,0.608986592,14.53688628,23.4017829,14.26136823,5.575695422,8.86489662,8.961190858,718941.0307,552517.2491,584548.156
1222,2.2,1.4,1.2,417.5288293,413.7067546,419.1128368,0.478638091,0.473103022,0.320013678,0.497885187,0.502099244,0.644156477,14.53688628,23.4017829,14.26136823,5.575695422,8.86489662,8.961190858,718941.0307,552517.2491,584548.156,1.7,0.85,2.4,400.3129054,398.6066399,402.8007649,0.780226618,0.766558375,0.616046314,0.21747462,0.230844011,0.379048663,26.9528547,33.17472447,14.93490334,9.070677125,6.221869771,17.88217757,711897.3091,529687.7294,584366.0568
1223,1.7,2.4,1.9,425.1052269,431.0717702,436.6100052,0.393350252,0.261557662,0.113051202,0.566283804,0.671577519,0.787226849,26.9528547,33.17472447,14.93490334,9.070677125,6.221869771,17.88217757,711897.3091,529687.7294,584366.0568,2.2,1.4,1.2,417.5288293,413.7067546,419.1128368,0.478638091,0.473103022,0.320013678,0.497885187,0.502099244,0.644156477,15.93903218,21.86449962,13.22235009,7.466336569,5.925467433,8.472695615,739914.9736,532910.6523,496440.0146
1224,2.2,1.2,1.6,439.5312161,426.8393835,433.0204614,0.264566721,0.353514375,0.190869102,0.651330725,0.576473605,0.707033239,15.93903218,21.86449962,13.22235009,7.466336569,5.925467433,8.472695615,739914.9736,532910.6523,496440.0146,1.7,2.4,1.9,425.1052269,431.0717702,436.6100052,0.393350252,0.261557662,0.113051202,0.566283804,0.671577519,0.787226849,19.42849456,23.36127296,11.39939349,7.701161748,3.932778397,11.72733281,695356.8072,608982.8617,543385.4349
1225,0.99,1.3,1.1,411.7456131,411.8679987,417.1954039,0.709460727,0.62395719,0.434216179,0.285796592,0.368104132,0.551874865,19.42849456,23.36127296,11.39939349,7.701161748,3.932778397,11.72733281,695356.8072,608982.8617,543385.4349,2.2,1.2,1.6,439.5312161,426.8393835,433.0204614,0.264566721,0.353514375,0.190869102,0.651330725,0.576473605,0.707033239,14.69296901,21.68885581,12.06214612,5.255018327,6.995886806,9.43795068,737440.0049,613592.5943,563047.4341
1226,2.2,0.62,1.4,426.4502792,411.3053984,415.9294906,0.44525763,0.570646623,0.372956512,0.525675937,0.4078119,0.59028158,14.69296901,21.68885581,12.06214612,5.255018327,6.995886806,9.43795068,737440.0049,613592.5943,563047.4341,0.99,1.3,1.1,411.7456131,411.8679987,417.1954039,0.709460727,0.62395719,0.434216179,0.285796592,0.368104132,0.551874865,20.13738219,25.35666444,12.03211697,7.074100354,5.219282252,13.06328183,721248.1888,529632.1066,567357.4016
1227,0.82,0.65,1.9,411.0787843,404.8580363,409.9788076,0.773803555,0.768012412,0.624871721,0.223567564,0.229142855,0.369892121,20.13738219,25.35666444,12.03211697,7.074100354,5.219282252,13.06328183,721248.1888,529632.1066,567357.4016,2.2,0.62,1.4,426.4502792,411.3053984,415.9294906,0.44525763,0.570646623,0.372956512,0.525675937,0.4078119,0.59028158,19.8229437,29.28109616,14.08661562,4.926394149,9.458152459,14.89654955,733666.3856,538545.2921,568666.6001
1228,1.6,2.0,1.3,397.4286011,394.1348789,399.8508699,0.744208601,0.702518225,0.623960932,0.252314485,0.292866826,0.369885883,19.8229437,29.28109616,14.08661562,4.926394149,9.458152459,14.89654955,733666.3856,538545.2921,568666.6001,0.82,0.65,1.9,411.0787843,404.8580363,409.9788076,0.773803555,0.768012412,0.624871721,0.223567564,0.229142855,0.369892121,18.75770696,25.88042001,12.08847644,5.236193668,7.122713041,13.5215133,728790.0452,579243.3343,556615.3063
1229,2.1,2.1,2.3,408.5554023,413.7552092,419.4293994,0.57697235,0.455449034,0.307098171,0.410291996,0.522614285,0.661702079,18.75770696,25.88042001,12.08847644,5.236193668,7.122713041,13.5215133,728790.0452,579243.3343,556615.3063,1.6,2.0,1.3,397.4286011,394.1348789,399.8508699,0.744208601,0.702518225,0.623960932,0.252314485,0.292866826,0.369885883,15.3431153,24.31505907,17.22102772,8.388182602,8.971943769,6.954932696,737688.5287,542574.073,583734.8782
1230,1.5,0.79,2.0,412.9008831,408.7129218,413.3202072,0.673349357,0.673906845,0.477836208,0.320499523,0.319687258,0.51005026,15.3431153,24.31505907,17.22102772,8.388182602,8.971943769,6.954932696,737688.5287,542574.073,583734.8782,2.1,2.1,2.3,408.5554023,413.7552092,419.4293994,0.57697235,0.455449034,0.307098171,0.410291996,0.522614285,0.661702079,17.59648164,22.19731457,13.68459297,9.250676152,4.600832932,8.345805486,689575.1835,611717.4134,528963.3506
1231,1.9,0.63,2.4,398.5819715,398.0564122,404.6618041,0.729093101,0.731176868,0.639365,0.266886934,0.264771551,0.35481823,17.59648164,22.19731457,13.68459297,9.250676152,4.600832932,8.345805486,689575.1835,611717.4134,528963.3506,1.5,0.79,2.0,412.9008831,408.7129218,413.3202072,0.673349357,0.673906845,0.477836208,0.320499523,0.319687258,0.51005026,23.81748003,30.48363312,13.13517002,6.80918288,6.666153086,17.00829715,690396.7379,598922.5646,589863.3216
1232,1.9,1.7,0.72,423.4972943,428.3855063,434.1140904,0.419389241,0.316313495,0.147410936,0.547798985,0.635268665,0.778126896,23.81748003,30.48363312,13.13517002,6.80918288,6.666153086,17.00829715,690396.7379,598922.5646,589863.3216,1.9,0.63,2.4,398.5819715,398.0564122,404.6618041,0.729093101,0.731176868,0.639365,0.266886934,0.264771551,0.35481823,17.09512315,21.91733875,14.17783984,9.507379118,4.822215602,7.587744029,723157.1655,536297.8581,608036.7959
1233,1.7,1.2,1.9,429.0158971,418.2352915,424.4515606,0.419444592,0.468927743,0.294197702,0.546893301,0.500785066,0.659557801,17.09512315,21.91733875,14.17783984,9.507379118,4.822215602,7.587744029,723157.1655,536297.8581,608036.7959,1.9,1.7,0.72,423.4972943,428.3855063,434.1140904,0.419389241,0.316313495,0.147410936,0.547798985,0.635268665,0.778126896,19.91996248,23.19007177,11.22540822,8.189900188,3.270109281,11.7300623,714575.547,550952.3001,557954.2437
1235,0.66,0.63,1.3,403.7243499,405.2836033,410.3122045,0.854487574,0.805202839,0.671297672,0.144555859,0.193191203,0.325599468,15.53077662,22.98901204,12.65806838,5.40240048,7.458235425,10.12837613,727779.326,580897.7887,600198.5342,1.0,2.2,0.54,403.5194682,404.5157674,409.4252155,0.770562088,0.65028852,0.478876521,0.226684495,0.343372281,0.510327999,22.13880151,28.77561924,14.43302738,8.077436943,6.63681773,14.06136457,718194.6567,500597.0247,593343.8421
1236,2.3,1.4,2.0,416.728479,416.6070107,422.7531558,0.485275702,0.445286922,0.27541282,0.492671846,0.528482981,0.685178854,22.13880151,28.77561924,14.43302738,8.077436943,6.63681773,14.06136457,718194.6567,500597.0247,593343.8421,0.66,0.63,1.3,403.7243499,405.2836033,410.3122045,0.854487574,0.805202839,0.671297672,0.144555859,0.193191203,0.325599468,21.62548382,25.48488427,11.25940113,7.67893173,3.859400444,13.94655209,730997.4344,582014.1547,538243.9278
1237,0.95,2.2,1.7,410.6684087,418.5596735,422.6612249,0.668631634,0.48901985,0.266468448,0.323932125,0.493269705,0.701969418,21.62548382,25.48488427,11.25940113,7.67893173,3.859400444,13.94655209,730997.4344,582014.1547,538243.9278,2.3,1.4,2.0,416.728479,416.6070107,422.7531558,0.485275702,0.445286922,0.27541282,0.492671846,0.528482981,0.685178854,18.17483384,22.89186894,12.81805444,8.298545115,4.717035098,9.876288722,692365.5672,531351.2887,590907.6835
1238,1.5,1.5,0.98,438.9168286,422.5834724,428.1828286,0.337610951,0.412949379,0.224399345,0.610277189,0.542480329,0.705423357,18.17483384,22.89186894,12.81805444,8.298545115,4.717035098,9.876288722,692365.5672,531351.2887,590907.6835,0.95,2.2,1.7,410.6684087,418.5596735,422.6612249,0.668631634,0.48901985,0.266468448,0.323932125,0.493269705,0.701969418,25.57821483,28.66571294,12.02730483,9.266050016,3.08749811,16.31216481,709813.0427,523626.5958,493807.7286
1239,1.5,1.3,2.1,400.8087404,398.0408277,403.0030935,0.753690451,0.725222676,0.609138075,0.24317644,0.270918645,0.384861828,25.57821483,28.66571294,12.02730483,9.266050016,3.08749811,16.31216481,709813.0427,523626.5958,493807.7286,1.5,1.5,0.98,438.9168286,422.5834724,428.1828286,0.337610951,0.412949379,0.224399345,0.610277189,0.542480329,0.705423357,15.815393,24.78555322,12.42268149,3.694930518,8.970160219,12.12046249,721733.6939,569934.1669,582888.8427
1240,0.57,1.4,0.59,396.3318753,399.4896329,403.4968495,0.890126,0.801046279,0.662522994,0.109325537,0.197331029,0.334313275,15.815393,24.78555322,12.42268149,3.694930518,8.970160219,12.12046249,721733.6939,569934.1669,582888.8427,1.5,1.3,2.1,400.8087404,398.0408277,403.0030935,0.753690451,0.725222676,0.609138075,0.24317644,0.270918645,0.384861828,18.87554968,26.30480203,15.31681238,8.103010808,7.429252348,10.77253887,735888.9882,555677.3982,548226.1031
1241,2.1,1.5,0.75,422.5388338,426.900601,431.2281357,0.432068191,0.349157053,0.156105136,0.53891316,0.61130133,0.77841698,18.87554968,26.30480203,15.31681238,8.103010808,7.429252348,10.77253887,735888.9882,555677.3982,548226.1031,0.57,1.4,0.59,396.3318753,399.4896329,403.4968495,0.890126,0.801046279,0.662522994,0.109325537,0.197331029,0.334313275,26.05828135,30.67717207,13.3614781,9.082110789,4.618890724,16.97617056,690328.9529,579790.4786,516306.3148
1242,0.86,1.4,0.61,400.18845,401.973047,407.3011412,0.819894737,0.727190979,0.599203011,0.178531813,0.269347781,0.395169874,26.05828135,30.67717207,13.3614781,9.082110789,4.618890724,16.97617056,690328.9529,579790.4786,516306.3148,2.1,1.5,0.75,422.5388338,426.900601,431.2281357,0.432068191,0.349157053,0.156105136,0.53891316,0.61130133,0.77841698,24.42929411,27.42971866,11.58829144,8.898483116,3.000424546,15.530811,730488.8645,562601.0905,498552.7835
1243,1.8,0.78,1.3,400.3460007,397.6261128,401.8696375,0.75340984,0.75523893,0.627737934,0.243487237,0.241601913,0.366911144,24.42929411,27.42971866,11.58829144,8.898483116,3.000424546,15.530811,730488.8645,562601.0905,498552.7835,0.86,1.4,0.61,400.18845,401.973047,407.3011412,0.819894737,0.727190979,0.599203011,0.178531813,0.269347781,0.395169874,18.55093111,24.08015893,13.21039294,7.894297777,5.529227827,10.65663333,689887.2215,583703.4634,538865.6812
1244,2.1,2.1,2.4,433.1819717,425.4841111,431.0048725,0.312962682,0.32303141,0.153877656,0.629092568,0.616526445,0.754159415,18.55093111,24.08015893,13.21039294,7.894297777,5.529227827,10.65663333,689887.2215,583703.4634,538865.6812,1.8,0.78,1.3,400.3460007,397.6261128,401.8696375,0.75340984,0.75523893,0.627737934,0.243487237,0.241601913,0.366911144,22.17620354,28.82205788,15.05424043,8.678343291,6.64585434,13.49786025,728191.7644,552178.3208,513688.8669
1246,0.87,1.8,1.9,437.5765887,427.1344254,433.933553,0.398199069,0.36363205,0.193914564,0.564251645,0.590361307,0.73707537,18.4044137,25.94112229,12.89429971,5.613411173,7.536708591,12.79100253,703331.5093,585278.1613,601468.1846,1.3,1.9,0.84,389.664447,389.1518727,393.7675016,0.843539458,0.785431013,0.722368855,0.155361274,0.212610334,0.274962591,17.41122883,26.16713073,18.17875872,9.579491564,8.755901899,7.831737265,728687.5004,577529.4366,507266.6052
1247,2.4,1.2,1.9,397.5559468,393.9407313,397.8916178,0.756177014,0.760485851,0.629162056,0.240896599,0.236567401,0.365727374,17.41122883,26.16713073,18.17875872,9.579491564,8.755901899,7.831737265,728687.5004,577529.4366,507266.6052,0.87,1.8,1.9,437.5765887,427.1344254,433.933553,0.398199069,0.36363205,0.193914564,0.564251645,0.590361307,0.73707537,12.96223283,20.13144688,10.71767221,3.733041979,7.169214047,9.229190849,691100.4397,555523.754,574878.934
1248,0.9,1.5,0.9,439.1393808,436.5083854,443.7383813,0.361851824,0.284877608,0.130756718,0.589841029,0.647601759,0.76918818,12.96223283,20.13144688,10.71767221,3.733041979,7.169214047,9.229190849,691100.4397,555523.754,574878.934,2.4,1.2,1.9,397.5559468,393.9407313,397.8916178,0.756177014,0.760485851,0.629162056,0.240896599,0.236567401,0.365727374,27.7065513,37.11013785,18.79156713,9.747168232,9.403586555,17.95938307,719908.6588,592769.5118,615785.7691
1250,1.4,1.8,1.9,415.0816448,422.057472,428.1806393,0.579061305,0.42598962,0.244040995,0.407829891,0.548311062,0.716010455,13.35655927,18.10779348,9.194052007,4.617597042,4.75123421,8.738962227,702203.0991,543450.5615,549860.9491,0.84,1.1,1.2,399.6039633,395.4145071,400.4277168,0.843054805,0.809553125,0.703343142,0.155841999,0.188867604,0.293929301,19.59113702,27.7132158,14.28477264,6.42599667,8.122078779,13.16514035,700327.351,520931.2123,583515.0694
1251,1.8,1.8,0.6,409.9508812,401.2063366,406.7306045,0.60172058,0.620839618,0.505358429,0.387435379,0.368901702,0.480206477,19.59113702,27.7132158,14.28477264,6.42599667,8.122078779,13.16514035,700327.351,520931.2123,583515.0694,1.4,1.8,1.9,415.0816448,422.057472,428.1806393,0.579061305,0.42598962,0.244040995,0.407829891,0.548311062,0.716010455,19.38982455,22.85146731,11.90201139,8.655063838,3.461642764,10.73476071,725973.4727,588896.0642,587675.3967
1252,1.1,1.2,0.96,411.343531,416.3031705,421.7043274,0.705491786,0.598087094,0.388356827,0.289573993,0.392868523,0.595200704,19.38982455,22.85146731,11.90201139,8.655063838,3.461642764,10.73476071,725973.4727,588896.0642,587675.3967,1.8,1.8,0.6,409.9508812,401.2063366,406.7306045,0.60172058,0.620839618,0.505358429,0.387435379,0.368901702,0.480206477,14.96111794,24.79775567,16.19641938,6.528435302,9.836637729,8.432682634,711397.4992,595636.9493,575354.6528
1253,0.88,2.2,2.0,398.5851455,398.2098793,402.5988294,0.832746033,0.733960076,0.59663961,0.165931612,0.262805679,0.397872301,14.96111794,24.79775567,16.19641938,6.528435302,9.836637729,8.432682634,711397.4992,595636.9493,575354.6528,1.1,1.2,0.96,411.343531,416.3031705,421.7043274,0.705491786,0.598087094,0.388356827,0.289573993,0.392868523,0.595200704,23.56816152,26.74655265,11.77020766,8.885470361,3.178391125,14.68269116,718096.2924,592434.7811,606741.6009
1254,0.65,2.3,2.1,407.93439,416.1833927,422.3610562,0.7374176,0.500962649,0.338235776,0.257613118,0.481021905,0.634769379,23.56816152,26.74655265,11.77020766,8.885470361,3.178391125,14.68269116,718096.2924,592434.7811,606741.6009,0.88,2.2,2.0,398.5851455,398.2098793,402.5988294,0.832746033,0.733960076,0.59663961,0.165931612,0.262805679,0.397872301,22.56559502,30.894583,16.00718175,7.970103605,8.328987974,14.59549142,729649.3575,574782.7057,569493.4528
1255,1.4,1.2,1.1,395.809985,393.3363654,397.5299285,0.813670963,0.78867748,0.68329352,0.184733749,0.209311776,0.313394396,22.56559502,30.894583,16.00718175,7.970103605,8.328987974,14.59549142,729649.3575,574782.7057,569493.4528,0.65,2.3,2.1,407.93439,416.1833927,422.3610562,0.7374176,0.500962649,0.338235776,0.257613118,0.481021905,0.634769379,16.29613716,20.77677447,11.98746105,7.679163213,4.480637314,8.616973947,730202.0091,562188.6111,539070.2442
1256,1.1,1.7,0.93,422.1929599,415.4473287,420.4465855,0.57033255,0.526785796,0.331948164,0.416758921,0.456658566,0.640622358,16.29613716,20.77677447,11.98746105,7.679163213,4.480637314,8.616973947,730202.0091,562188.6111,539070.2442,1.4,1.2,1.1,395.809985,393.3363654,397.5299285,0.813670963,0.78867748,0.68329352,0.184733749,0.209311776,0.313394396,21.18197407,28.90131071,15.78879702,8.326568492,7.71933664,12.85540558,706451.6262,523472.6296,509037.6765
1257,0.65,2.4,1.8,399.4822218,406.4590044,411.7418912,0.826745971,0.638660152,0.473777864,0.171439038,0.354175938,0.514402001,21.18197407,28.90131071,15.78879702,8.326568492,7.71933664,12.85540558,706451.6262,523472.6296,509037.6765,1.1,1.7,0.93,422.1929599,415.4473287,420.4465855,0.57033255,0.526785796,0.331948164,0.416758921,0.456658566,0.640622358,17.98839008,26.08157925,12.89230393,5.057727992,8.093189175,12.93066208,722939.6724,594461.7332,547631.4667
1258,0.58,1.2,0.93,417.566737,412.5529135,418.5164433,0.707905335,0.62569208,0.470145166,0.287004071,0.365793601,0.516353189,17.98839008,26.08157925,12.89230393,5.057727992,8.093189175,12.93066208,722939.6724,594461.7332,547631.4667,0.65,2.4,1.8,399.4822218,406.4590044,411.7418912,0.826745971,0.638660152,0.473777864,0.171439038,0.354175938,0.514402001,21.71522391,26.27756924,13.76021553,9.443308513,4.562345325,12.2719154,707110.0168,555040.2866,583042.908
1259,0.6,1.5,1.6,406.6515266,402.8589677,407.4406818,0.821823612,0.74880608,0.58588031,0.176687741,0.248270058,0.408538774,21.71522391,26.27756924,13.76021553,9.443308513,4.562345325,12.2719154,707110.0168,555040.2866,583042.908,0.58,1.2,0.93,417.566737,412.5529135,418.5164433,0.707905335,0.62569208,0.470145166,0.287004071,0.365793601,0.516353189,13.14620559,19.59388527,10.8316889,4.55581699,6.447679684,8.590388599,694283.6681,566242.4099,490764.5532
1260,1.1,1.9,1.6,398.2250376,397.2919504,401.4734204,0.816358794,0.740816359,0.60573826,0.182076275,0.256160787,0.389118412,13.14620559,19.59388527,10.8316889,4.55581699,6.447679684,8.590388599,694283.6681,566242.4099,490764.5532,0.6,1.5,1.6,406.6515266,402.8589677,407.4406818,0.821823612,0.74880608,0.58588031,0.176687741,0.248270058,0.408538774,21.86423515,30.16145857,13.27426787,5.308165839,8.297223418,16.55606931,690699.5371,549643.864,580401.7791
1261,1.0,0.57,1.2,407.2667044,405.2358658,410.3075145,0.784526364,0.766896287,0.614944699,0.21317264,0.230421956,0.379960334,21.86423515,30.16145857,13.27426787,5.308165839,8.297223418,16.55606931,690699.5371,549643.864,580401.7791,1.1,1.9,1.6,398.2250376,397.2919504,401.4734204,0.816358794,0.740816359,0.60573826,0.182076275,0.256160787,0.389118412,22.42010643,30.32255339,15.68100168,8.065643975,7.902446954,14.35446246,710749.45,542301.1776,532527.8778
1262,0.68,1.4,0.81,402.5287704,396.2302951,400.5847565,0.839063226,0.795418802,0.671167622,0.159782622,0.202738611,0.325497822,22.42010643,30.32255339,15.68100168,8.065643975,7.902446954,14.35446246,710749.45,542301.1776,532527.8778,1.0,0.57,1.2,407.2667044,405.2358658,410.3075145,0.784526364,0.766896287,0.614944699,0.21317264,0.230421956,0.379960334,21.40940826,26.49761984,11.82513645,7.024620634,5.088211573,14.38478763,723995.8806,537341.944,564423.7044
1263,0.66,0.57,1.8,432.2400453,412.1475634,420.8349952,0.548215291,0.640944585,0.516703561,0.43429845,0.346419597,0.464806887,21.40940826,26.49761984,11.82513645,7.024620634,5.088211573,14.38478763,723995.8806,537341.944,564423.7044,0.68,1.4,0.81,402.5287704,396.2302951,400.5847565,0.839063226,0.795418802,0.671167622,0.159782622,0.202738611,0.325497822,19.71361331,29.40323,14.18087158,4.789732513,9.689616687,14.9238808,683200.513,507567.1738,537747.9623
1266,0.8,2.3,1.4,392.3679309,399.0098502,405.386606,0.855037672,0.680720701,0.587734947,0.143857607,0.314154887,0.405220233,14.64775463,18.7595928,10.76396925,6.80890802,4.11183816,7.838846615,719116.5625,507655.9829,579103.1388,0.97,1.9,0.83,392.5184455,393.6856146,398.2539372,0.865493186,0.780350225,0.680282371,0.133702374,0.217634694,0.316519837,21.46493109,28.76561857,16.47431319,9.414631707,7.300687475,12.05029939,717984.8965,583390.0871,551924.6183
1267,1.9,1.9,1.2,394.7355939,393.7835811,397.6490029,0.784084811,0.739458109,0.622764013,0.213705356,0.257406345,0.372254895,21.46493109,28.76561857,16.47431319,9.414631707,7.300687475,12.05029939,717984.8965,583390.0871,551924.6183,0.8,2.3,1.4,392.3679309,399.0098502,405.386606,0.855037672,0.680720701,0.587734947,0.143857607,0.314154887,0.405220233,15.97577156,21.16748789,14.38404039,9.325332839,5.191716329,6.650438721,685529.6629,554498.7439,566915.0702
1268,1.4,1.8,2.2,425.1224665,416.1636703,419.9684517,0.497572299,0.494382755,0.274653019,0.483368495,0.484714744,0.688483311,15.97577156,21.16748789,14.38404039,9.325332839,5.191716329,6.650438721,685529.6629,554498.7439,566915.0702,1.9,1.9,1.2,394.7355939,393.7835811,397.6490029,0.784084811,0.739458109,0.622764013,0.213705356,0.257406345,0.372254895,23.35515962,31.88162981,18.09294765,9.836843774,8.526470196,13.51831584,697601.599,592875.88,517589.491
1269,0.74,1.3,2.1,419.1445899,414.5069604,419.0720277,0.684443894,0.618595012,0.404051355,0.309853268,0.372791391,0.579757934,23.35515962,31.88162981,18.09294765,9.836843774,8.526470196,13.51831584,697601.599,592875.88,517589.491,1.4,1.8,2.2,425.1224665,416.1636703,419.9684517,0.497572299,0.494382755,0.274653019,0.483368495,0.484714744,0.688483311,21.52698737,30.68625581,13.19622438,4.379897729,9.159268445,17.14708964,700151.8455,553303.5096,490356.4401
1270,0.83,1.8,2.3,394.160165,392.2322286,397.905493,0.850969736,0.777911778,0.705819406,0.148011541,0.219924615,0.291141997,21.52698737,30.68625581,13.19622438,4.379897729,9.159268445,17.14708964,700151.8455,553303.5096,490356.4401,0.74,1.3,2.1,419.1445899,414.5069604,419.0720277,0.684443894,0.618595012,0.404051355,0.309853268,0.372791391,0.579757934,20.54842163,27.51111355,11.58281223,4.932439946,6.962691914,15.61598169,738991.9786,525588.2295,527470.1988
1271,0.63,2.4,2.4,395.8888832,393.2023915,398.6511646,0.859821569,0.749656058,0.671038155,0.139236409,0.247453284,0.324930834,20.54842163,27.51111355,11.58281223,4.932439946,6.962691914,15.61598169,738991.9786,525588.2295,527470.1988,0.83,1.8,2.3,394.160165,392.2322286,397.905493,0.850969736,0.777911778,0.705819406,0.148011541,0.219924615,0.291141997,15.17167127,23.96861694,16.02776519,7.386522499,8.796945671,7.785148774,684108.6553,581585.3343,571116.7929
1272,0.94,1.3,1.9,434.6795734,430.8107841,435.756589,0.447033671,0.401483507,0.179997535,0.526531724,0.565017692,0.759929998,15.17167127,23.96861694,16.02776519,7.386522499,8.796945671,7.785148774,684108.6553,581585.3343,571116.7929,0.63,2.4,2.4,395.8888832,393.2023915,398.6511646,0.859821569,0.749656058,0.671038155,0.139236409,0.247453284,0.324930834,14.73104892,24.57095075,16.52782781,6.845634276,9.839901827,7.885414647,735921.8813,547961.3544,562301.0504
1274,0.68,0.53,2.2,431.828384,425.9105602,430.9947832,0.599288342,0.586549929,0.351488802,0.389767779,0.401244406,0.624761154,21.86414302,27.72759932,10.30821824,4.78631843,5.863456303,17.07782459,700958.2008,588007.3485,575968.0247,0.71,1.2,1.5,400.8450756,399.0296415,403.7866982,0.853735083,0.794883638,0.660880316,0.145319198,0.203338987,0.335772075,22.46834013,29.22668919,13.33589911,6.889134171,6.758349061,15.57920595,704153.7995,502683.0039,583938.4999
1275,0.67,1.8,1.2,403.7225028,402.4855921,406.3160925,0.819028302,0.725038798,0.551173463,0.179407345,0.271430511,0.442117303,22.46834013,29.22668919,13.33589911,6.889134171,6.758349061,15.57920595,704153.7995,502683.0039,583938.4999,0.68,0.53,2.2,431.828384,425.9105602,430.9947832,0.599288342,0.586549929,0.351488802,0.389767779,0.401244406,0.624761154,18.41641457,23.37636314,9.014061504,4.335726699,4.959948562,14.08068787,739411.2072,535127.0904,499173.1261
1276,1.9,2.1,1.7,403.427911,401.2191498,405.6181673,0.674815261,0.620166167,0.485353327,0.31903806,0.371433298,0.502153411,18.41641457,23.37636314,9.014061504,4.335726699,4.959948562,14.08068787,739411.2072,535127.0904,499173.1261,0.67,1.8,1.2,403.7225028,402.4855921,406.3160925,0.819028302,0.725038798,0.551173463,0.179407345,0.271430511,0.442117303,23.21918044,30.62188175,13.4293965,6.363802751,7.402701308,16.85537769,694629.2968,508208.0239,492646.8963
1277,2.4,0.76,0.71,407.522298,399.0492673,402.8501904,0.634270348,0.695150112,0.53983019,0.357375878,0.298069672,0.448609658,23.21918044,30.62188175,13.4293965,6.363802751,7.402701308,16.85537769,694629.2968,508208.0239,492646.8963,1.9,2.1,1.7,403.427911,401.2191498,405.6181673,0.674815261,0.620166167,0.485353327,0.31903806,0.371433298,0.502153411,18.67074922,26.55534568,16.07045824,8.391447808,7.884596463,10.27930141,731279.4242,528281.2118,490614.7164
1278,0.94,2.2,0.76,399.1460349,399.6175548,404.647465,0.816956103,0.706498728,0.571492255,0.181399351,0.289394515,0.421854188,18.67074922,26.55534568,16.07045824,8.391447808,7.884596463,10.27930141,731279.4242,528281.2118,490614.7164,2.4,0.76,0.71,407.522298,399.0492673,402.8501904,0.634270348,0.695150112,0.53983019,0.357375878,0.298069672,0.448609658,22.16111974,31.5115078,16.02702589,6.980255111,9.350388068,15.18086462,696159.7109,523340.6404,503042.5172
1279,1.0,2.4,1.8,408.6326199,410.2227088,415.7988701,0.703788641,0.556144233,0.394336999,0.290886665,0.431419676,0.586564146,22.16111974,31.5115078,16.02702589,6.980255111,9.350388068,15.18086462,696159.7109,523340.6404,503042.5172,0.94,2.2,0.76,399.1460349,399.6175548,404.647465,0.816956103,0.706498728,0.571492255,0.181399351,0.289394515,0.421854188,20.85631759,28.38179843,15.56596488,8.291774899,7.525480834,12.5645427,733451.6346,550489.5933,599583.0087
1280,0.87,2.4,0.79,437.1379475,430.5137139,438.4416456,0.367214473,0.27738298,0.138822751,0.58522407,0.651342266,0.761195743,20.85631759,28.38179843,15.56596488,8.291774899,7.525480834,12.5645427,733451.6346,550489.5933,599583.0087,1.0,2.4,1.8,408.6326199,410.2227088,415.7988701,0.703788641,0.556144233,0.394336999,0.290886665,0.431419676,0.586564146,17.87226707,24.80985314,14.06221915,7.335371007,6.937586068,10.53689606,721225.5189,610091.5032,581036.4405
1282,2.0,1.4,2.2,418.9552822,419.7916083,424.4752935,0.513394794,0.458417331,0.244048174,0.468876007,0.519008397,0.716999541,11.90217249,18.29866592,10.43164037,4.189402345,6.396493432,7.712770143,705341.559,490507.5134,609296.1401,1.4,1.0,2.5,401.6516332,395.3572941,400.3926583,0.749190887,0.762775515,0.670369609,0.247462899,0.234068508,0.324907514,16.48969385,25.37159497,15.6304744,6.939575643,8.881901121,9.550118203,731018.0164,596539.87,536567.2653
1283,0.96,2.4,1.8,401.3397506,408.2087685,414.7524254,0.755366296,0.552921716,0.426403171,0.241010019,0.434535256,0.556102358,16.48969385,25.37159497,15.6304744,6.939575643,8.881901121,9.550118203,731018.0164,596539.87,536567.2653,2.0,1.4,2.2,418.9552822,419.7916083,424.4752935,0.513394794,0.458417331,0.244048174,0.468876007,0.519008397,0.716999541,24.8818743,29.44693251,12.81623865,8.577272486,4.565058202,16.30460182,724268.7883,564516.8096,579256.1186
1284,1.3,1.5,2.3,409.3405384,404.0298752,410.395987,0.666417738,0.637192144,0.51410677,0.326741499,0.35462843,0.473983204,24.8818743,29.44693251,12.81623865,8.577272486,4.565058202,16.30460182,724268.7883,564516.8096,579256.1186,0.96,2.4,1.8,401.3397506,408.2087685,414.7524254,0.755366296,0.552921716,0.426403171,0.241010019,0.434535256,0.556102358,15.02738629,20.05117442,13.08477569,8.19758361,5.02378813,6.829802677,687319.2091,545991.049,551065.8794
1285,0.83,0.95,1.2,409.2061282,409.3971869,415.1918002,0.764974603,0.696292598,0.545972594,0.232101232,0.298947348,0.446022175,15.02738629,20.05117442,13.08477569,8.19758361,5.02378813,6.829802677,687319.2091,545991.049,551065.8794,1.3,1.5,2.3,409.3405384,404.0298752,410.395987,0.666417738,0.637192144,0.51410677,0.326741499,0.35462843,0.473983204,14.67928284,22.51137455,14.07835784,6.411619404,7.832091709,8.267663435,697838.2674,586697.0981,601886.5989
1288,0.6,1.4,2.4,411.4852913,417.1656412,421.8702815,0.747982391,0.598215531,0.379264814,0.248255746,0.392462198,0.60329931,23.98602413,27.91733128,11.57910285,7.968153117,3.931307152,16.01787101,730209.5148,534957.7343,555850.603,0.91,2.5,1.6,440.0902493,425.138609,432.8537368,0.350498902,0.32425851,0.187481728,0.598411194,0.615583143,0.730338727,10.51784357,18.7050206,11.61965919,3.571410815,8.187177028,6.946432759,735023.115,523178.5196,606106.1614
1290,0.66,1.9,1.1,413.6518737,407.3073265,411.7913057,0.739874676,0.660413975,0.476626023,0.256535746,0.333249412,0.512037996,21.81494291,25.08071159,10.50480046,7.524833954,3.265768685,14.29010895,689328.3027,520678.9417,495563.9261,1.0,0.7,0.7,394.709835,394.932716,399.8966982,0.867888993,0.840576367,0.749393156,0.131360309,0.158390802,0.248813572,21.91274505,27.12202676,13.97628689,9.02476478,5.209281716,12.88798027,716532.7087,563026.9469,565459.6833
1291,2.4,0.71,0.61,439.8466368,430.5181035,434.9880194,0.270521329,0.352257147,0.151262262,0.653495959,0.581283322,0.737218027,21.91274505,27.12202676,13.97628689,9.02476478,5.209281716,12.88798027,716532.7087,563026.9469,565459.6833,0.66,1.9,1.1,413.6518737,407.3073265,411.7913057,0.739874676,0.660413975,0.476626023,0.256535746,0.333249412,0.512037996,19.55991528,29.23562724,13.65703206,4.286782753,9.675711961,15.27313252,698200.9504,605152.6009,550585.4143
1293,1.4,1.1,2.1,449.1427532,438.5811383,443.7932176,0.249913461,0.296152721,0.111146791,0.667179537,0.624430938,0.755716991,21.54807271,27.56858764,11.12135551,5.423335324,6.02051493,16.12473739,712115.8406,565588.5928,517562.6168,0.67,1.1,2.0,400.6677279,399.1040554,403.6967997,0.866561678,0.813497127,0.67867679,0.132672865,0.185077274,0.318494116,24.44465687,31.15220025,13.29307413,6.935709693,6.707543384,17.50894718,692242.4677,534868.4048,600910.4319
1294,2.5,0.65,1.5,414.0104867,405.5618889,410.7843336,0.527906912,0.608825832,0.46104724,0.454400298,0.377008963,0.517319458,24.44465687,31.15220025,13.29307413,6.935709693,6.707543384,17.50894718,692242.4677,534868.4048,600910.4319,1.4,1.1,2.1,449.1427532,438.5811383,443.7932176,0.249913461,0.296152721,0.111146791,0.667179537,0.624430938,0.755716991,20.36402061,26.81808411,9.834613816,3.713559545,6.454063492,16.65046107,712074.9114,562141.7534,587076.8982
1295,1.1,0.76,0.96,419.679463,419.4691199,427.4316015,0.579204128,0.533445124,0.386680765,0.407515953,0.450122634,0.589390918,20.36402061,26.81808411,9.834613816,3.713559545,6.454063492,16.65046107,712074.9114,562141.7534,587076.8982,2.5,0.65,1.5,414.0104867,405.5618889,410.7843336,0.527906912,0.608825832,0.46104724,0.454400298,0.377008963,0.517319458,17.76893726,25.10664946,14.58299805,7.451631958,7.337712201,10.3173053,722284.3985,553508.0036,550678.451
1296,1.4,0.61,1.1,445.338957,428.2912824,434.4398816,0.31583729,0.440080103,0.235441103,0.621257177,0.511149815,0.684189916,17.76893726,25.10664946,14.58299805,7.451631958,7.337712201,10.3173053,722284.3985,553508.0036,550678.451,1.1,0.76,0.96,419.679463,419.4691199,427.4316015,0.579204128,0.533445124,0.386680765,0.407515953,0.450122634,0.589390918,12.58267187,16.49128451,10.05552627,6.273104966,3.908612644,6.3095669,728081.5902,557972.1034,551508.4242
1299,2.2,1.9,2.5,440.2431405,424.3167319,430.3533927,0.228410466,0.31854616,0.181241859,0.666040259,0.596282506,0.702823467,10.46701723,19.1812621,12.1380538,3.561911047,8.714244873,6.905106185,694868.559,602648.1515,560395.6942,2.2,1.9,2.4,417.0850431,415.9740517,421.9371672,0.473184958,0.423725902,0.269217241,0.502876262,0.546483289,0.688027244,16.55482235,22.46380798,13.46426822,7.731744152,5.908985633,8.823078199,693472.6408,573836.6672,562568.022
1300,2.0,0.96,0.94,442.6295584,433.7777323,440.9828301,0.241259647,0.302965998,0.149136649,0.661133068,0.609584833,0.724585646,16.55482235,22.46380798,13.46426822,7.731744152,5.908985633,8.823078199,693472.6408,573836.6672,562568.022,2.2,1.9,2.5,440.2431405,424.3167319,430.3533927,0.228410466,0.31854616,0.181241859,0.666040259,0.596282506,0.702823467,11.90328972,19.66968411,12.21726492,4.596996401,7.766394384,7.306293323,695072.0323,542892.4991,498606.2974
1304,2.4,2.0,2.2,410.9943631,410.2099991,415.320865,0.532390506,0.477420563,0.324332357,0.451131878,0.50152485,0.645173853,14.06205368,22.55631042,11.87741934,3.592552622,8.494256735,10.46950106,680076.1176,557253.8674,537542.0252,2.2,1.7,0.86,430.4992154,424.7374498,428.9866862,0.349858402,0.357563368,0.163604725,0.604740893,0.594860057,0.758313323,22.54113936,29.50099783,12.80878682,6.176226607,6.959858466,16.36491276,732424.1253,579528.0294,526497.5771
1305,0.91,2.3,1.4,411.9825019,414.8052971,420.6126624,0.662808894,0.489730761,0.341705855,0.329467389,0.49120214,0.63092669,22.54113936,29.50099783,12.80878682,6.176226607,6.959858466,16.36491276,732424.1253,579528.0294,526497.5771,2.4,2.0,2.2,410.9943631,410.2099991,415.320865,0.532390506,0.477420563,0.324332357,0.451131878,0.50152485,0.645173853,17.72880227,23.68816396,14.30058915,8.525297552,5.95936169,9.203504716,703929.3976,496015.5919,508425.1666
1306,1.5,1.1,2.0,441.1711894,431.788987,436.8675907,0.303992033,0.340890742,0.147613015,0.634989075,0.599909943,0.754643017,17.72880227,23.68816396,14.30058915,8.525297552,5.95936169,9.203504716,703929.3976,496015.5919,508425.1666,0.91,2.3,1.4,411.9825019,414.8052971,420.6126624,0.662808894,0.489730761,0.341705855,0.329467389,0.49120214,0.63092669,14.51006172,20.70750829,12.73259438,6.691518671,6.197446575,7.818543047,729327.7357,616987.9678,505073.7534
1308,0.97,2.1,2.0,387.3348218,387.2482243,391.4678538,0.894778672,0.827001611,0.760276879,0.104758352,0.171833464,0.238000536,18.30337766,24.39675526,10.1578268,4.343643869,6.093377606,13.95973379,703362.3422,515820.5756,520384.1359,0.98,1.3,1.2,400.4794035,407.4174173,414.5909858,0.792937046,0.660743472,0.535261197,0.2048089,0.333420193,0.456005291,16.7460047,20.02596359,12.12296408,8.997965965,3.279958892,7.748038731,709215.8022,581281.0408,603361.8228
1309,1.9,1.7,2.4,392.9141513,390.7380559,394.4061563,0.802434402,0.773046717,0.665943243,0.195781613,0.224651025,0.33034313,16.7460047,20.02596359,12.12296408,8.997965965,3.279958892,7.748038731,709215.8022,581281.0408,603361.8228,0.97,2.1,2.0,387.3348218,387.2482243,391.4678538,0.894778672,0.827001611,0.760276879,0.104758352,0.171833464,0.238000536,21.14468691,30.88250853,19.47277224,9.958670939,9.737821617,11.18601598,723602.2762,616513.5859,547313.491
1310,1.5,1.4,2.0,431.0635097,421.1195297,426.9620543,0.422718575,0.444957867,0.251485827,0.545528309,0.523572897,0.697979345,21.14468691,30.88250853,19.47277224,9.958670939,9.737821617,11.18601598,723602.2762,616513.5859,547313.491,1.9,1.7,2.4,392.9141513,390.7380559,394.4061563,0.802434402,0.773046717,0.665943243,0.195781613,0.224651025,0.33034313,23.80288171,32.66264726,18.28666428,9.708780752,8.859765547,14.09410096,710428.138,499640.7391,503190.7899
1311,1.4,1.2,2.2,441.3278131,429.7602909,437.8258762,0.287663836,0.327378552,0.184774364,0.6369085,0.602353935,0.717953961,23.80288171,32.66264726,18.28666428,9.708780752,8.859765547,14.09410096,710428.138,499640.7391,503190.7899,1.5,1.4,2.0,431.0635097,421.1195297,426.9620543,0.422718575,0.444957867,0.251485827,0.545528309,0.523572897,0.697979345,17.43240896,25.15699375,12.46101617,4.985372127,7.724584782,12.44703684,720359.4593,584722.7342,617313.6392
1314,2.3,0.92,0.62,395.1322489,390.0917596,395.4550546,0.733905599,0.772088624,0.702969033,0.262295852,0.224775165,0.292714656,12.58893059,20.19186658,12.03782209,4.594769323,7.602935989,7.994161266,685778.7638,590680.1534,574486.3325,1.5,2.3,1.3,411.5905275,415.8458146,420.2923416,0.628539459,0.497987527,0.284902952,0.362623966,0.485342321,0.686215582,26.62887234,31.62095409,14.13812893,9.488847671,4.992081757,17.14002467,732398.3183,607222.1868,590533.1294
1315,1.5,2.3,2.5,395.0940449,399.5217378,405.2262844,0.770467835,0.64213821,0.546424365,0.226783998,0.351231395,0.444636857,26.62887234,31.62095409,14.13812893,9.488847671,4.992081757,17.14002467,732398.3183,607222.1868,590533.1294,2.3,0.92,0.62,395.1322489,390.0917596,395.4550546,0.733905599,0.772088624,0.702969033,0.262295852,0.224775165,0.292714656,17.96988568,27.2461527,18.67156919,9.563431256,9.27626702,8.406454428,731954.0062,584617.2444,613742.3687
1316,2.4,0.59,0.88,424.026258,423.9266801,428.1317221,0.440217729,0.445362524,0.226392682,0.5320079,0.526281837,0.724021208,17.96988568,27.2461527,18.67156919,9.563431256,9.27626702,8.406454428,731954.0062,584617.2444,613742.3687,1.5,2.3,2.5,395.0940449,399.5217378,405.2262844,0.770467835,0.64213821,0.546424365,0.226783998,0.351231395,0.444636857,16.46019219,22.49627204,15.60407774,9.703138954,6.036079847,6.757053241,699563.6228,595348.6073,538972.8581
1317,1.9,0.51,1.1,411.6055702,410.3063586,415.1433389,0.624175549,0.636280967,0.467210619,0.366617814,0.354675293,0.517727983,16.46019219,22.49627204,15.60407774,9.703138954,6.036079847,6.757053241,699563.6228,595348.6073,538972.8581,2.4,0.59,0.88,424.026258,423.9266801,428.1317221,0.440217729,0.445362524,0.226392682,0.5320079,0.526281837,0.724021208,24.35073855,27.83662269,11.60247333,8.434905834,3.485884146,15.91583271,713492.2087,614176.3099,491627.23
1318,0.98,1.8,1.6,433.3438128,427.8016448,432.747501,0.425565628,0.369088369,0.171510901,0.543930471,0.590429147,0.761397163,24.35073855,27.83662269,11.60247333,8.434905834,3.485884146,15.91583271,713492.2087,614176.3099,491627.23,1.9,0.51,1.1,411.6055702,410.3063586,415.1433389,0.624175549,0.636280967,0.467210619,0.366617814,0.354675293,0.517727983,19.84317275,24.33711548,12.55452348,8.291611977,4.493942722,11.55156078,733697.7437,617503.444,494414.5503
1319,2.3,1.9,2.0,422.0898373,419.6341938,425.7783508,0.402627039,0.374290498,0.224546715,0.561061812,0.583908374,0.716452667,19.84317275,24.33711548,12.55452348,8.291611977,4.493942722,11.55156078,733697.7437,617503.444,494414.5503,0.98,1.8,1.6,433.3438128,427.8016448,432.747501,0.425565628,0.369088369,0.171510901,0.543930471,0.590429147,0.761397163,18.51957875,25.10128937,10.82676812,4.524950063,6.581710627,13.99462868,737313.0282,509707.8265,521418.3181
1320,2.3,2.0,1.0,423.97972,416.0136862,420.2767353,0.422608986,0.441068818,0.241906175,0.547306077,0.52862067,0.708521184,18.51957875,25.10128937,10.82676812,4.524950063,6.581710627,13.99462868,737313.0282,509707.8265,521418.3181,2.3,1.9,2.0,422.0898373,419.6341938,425.7783508,0.402627039,0.374290498,0.224546715,0.561061812,0.583908374,0.716452667,15.7002254,21.75369883,13.09650274,7.212778253,6.053473427,8.487447147,688666.3175,602333.7827,561341.5831
1321,1.2,1.2,1.0,422.9383129,417.632256,422.3499822,0.553110457,0.526306116,0.316129429,0.432627312,0.456892209,0.654748245,15.7002254,21.75369883,13.09650274,7.212778253,6.053473427,8.487447147,688666.3175,602333.7827,561341.5831,2.3,2.0,1.0,423.97972,416.0136862,420.2767353,0.422608986,0.441068818,0.241906175,0.547306077,0.52862067,0.708521184,22.00869498,31.0274435,14.79347368,6.093038294,9.01874852,15.91565668,696543.6957,589278.8215,555538.109
1322,1.5,1.1,1.8,399.6991282,393.9563713,399.5403457,0.755194569,0.764447872,0.67966797,0.241658325,0.232515742,0.315914926,22.00869498,31.0274435,14.79347368,6.093038294,9.01874852,15.91565668,696543.6957,589278.8215,555538.109,1.2,1.2,1.0,422.9383129,417.632256,422.3499822,0.553110457,0.526306116,0.316129429,0.432627312,0.456892209,0.654748245,18.81913947,25.16268482,11.4755959,5.400424846,6.343545351,13.41871463,706038.2135,522464.3059,498584.4909
1323,2.1,0.5,1.7,400.4413072,393.343968,397.0738945,0.735656111,0.786017386,0.666247458,0.26065873,0.211070122,0.328686954,18.81913947,25.16268482,11.4755959,5.400424846,6.343545351,13.41871463,706038.2135,522464.3059,498584.4909,1.5,1.1,1.8,399.6991282,393.9563713,399.5403457,0.755194569,0.764447872,0.67966797,0.241658325,0.232515742,0.315914926,16.65178874,25.65453369,16.38876816,7.56770489,9.002744951,9.084083845,735064.7181,582162.379,601667.2547
1324,1.7,1.4,1.7,400.6838417,402.4588507,408.474003,0.706268776,0.642539716,0.539105671,0.288816033,0.350364839,0.45110454,16.65178874,25.65453369,16.38876816,7.56770489,9.002744951,9.084083845,735064.7181,582162.379,601667.2547,2.1,0.5,1.7,400.4413072,393.343968,397.0738945,0.735656111,0.786017386,0.666247458,0.26065873,0.211070122,0.328686954,22.85436314,32.42752646,16.46547923,7.205297225,9.573163319,15.64906592,683648.8191,543353.9546,507994.6721
1325,1.9,0.61,1.1,443.7955738,433.5365096,438.4878683,0.274854956,0.358034193,0.150017735,0.650844168,0.577084588,0.738311504,22.85436314,32.42752646,16.46547923,7.205297225,9.573163319,15.64906592,683648.8191,543353.9546,507994.6721,1.7,1.4,1.7,400.6838417,402.4588507,408.474003,0.706268776,0.642539716,0.539105671,0.288816033,0.350364839,0.45110454,15.66982039,21.00116508,14.13146244,8.934817799,5.331344695,6.735002587,719760.4064,587442.9322,530561.8246
1327,1.1,1.9,1.1,431.9126088,424.8995764,431.6752107,0.416806115,0.36286779,0.206873155,0.54866918,0.592451061,0.728855855,20.90828564,26.8234165,10.20312562,4.613882811,5.915130867,16.29440283,680872.8701,567342.4417,557812.0509,1.3,2.1,2.1,400.0054451,398.0993884,402.420968,0.78504106,0.715904542,0.577774416,0.212724214,0.28024976,0.415850805,22.50044833,31.53151107,16.79478328,8.052675985,9.031062742,14.44777234,726510.991,595369.2437,572306.8452
1328,2.2,2.1,1.7,423.6039786,418.2477798,424.233155,0.382874115,0.368368888,0.225371052,0.576230726,0.58667302,0.712373215,22.50044833,31.53151107,16.79478328,8.052675985,9.031062742,14.44777234,726510.991,595369.2437,572306.8452,1.1,1.9,1.1,431.9126088,424.8995764,431.6752107,0.416806115,0.36286779,0.206873155,0.54866918,0.592451061,0.728855855,12.90281528,19.50252934,11.2636608,4.825493187,6.599714056,8.077322092,738457.9062,540250.3383,554996.1347
1329,1.0,2.2,1.9,398.6844281,400.1064921,405.1832407,0.79989857,0.680186804,0.564736068,0.19806389,0.314676542,0.427678712,12.90281528,19.50252934,11.2636608,4.825493187,6.599714056,8.077322092,738457.9062,540250.3383,554996.1347,2.2,2.1,1.7,423.6039786,418.2477798,424.233155,0.382874115,0.368368888,0.225371052,0.576230726,0.58667302,0.712373215,14.30201205,20.92466485,12.99030683,6.523229674,6.6226528,7.778782375,697884.6344,518987.7046,525995.8576
1330,0.5,1.8,0.83,428.6593028,426.3150291,434.1891218,0.575751572,0.412687528,0.250249507,0.409283937,0.555259138,0.702798891,14.30201205,20.92466485,12.99030683,6.523229674,6.6226528,7.778782375,697884.6344,518987.7046,525995.8576,1.0,2.2,1.9,398.6844281,400.1064921,405.1832407,0.79989857,0.680186804,0.564736068,0.19806389,0.314676542,0.427678712,17.31404666,24.66948194,15.26093875,8.0899847,7.355435289,9.224061956,713138.2158,611602.4678,526007.345
1331,2.3,1.7,1.2,418.4900326,416.9892932,421.3084366,0.490007188,0.451983201,0.236501469,0.49007916,0.524079296,0.722058878,17.31404666,24.66948194,15.26093875,8.0899847,7.355435289,9.224061956,713138.2158,611602.4678,526007.345,0.5,1.8,0.83,428.6593028,426.3150291,434.1891218,0.575751572,0.412687528,0.250249507,0.409283937,0.555259138,0.702798891,11.97546217,18.07383384,10.39804537,4.450179353,6.098371678,7.525282813,719955.3479,599074.7242,597723.1716
1332,0.65,1.2,1.6,401.9307831,393.0764982,398.5519989,0.839542423,0.815107691,0.73319289,0.15926082,0.183330824,0.264371762,11.97546217,18.07383384,10.39804537,4.450179353,6.098371678,7.525282813,719955.3479,599074.7242,597723.1716,2.3,1.7,1.2,418.4900326,416.9892932,421.3084366,0.490007188,0.451983201,0.236501469,0.49007916,0.524079296,0.722058878,26.17989086,31.9831433,13.73628954,8.290818551,5.803252436,17.88907231,712352.963,499235.5991,580185.5711
1334,1.9,1.8,0.84,430.190696,431.2456847,436.7171931,0.344232115,0.279158312,0.111785836,0.607130238,0.657864188,0.78781513,15.00541378,24.97866662,14.70974168,4.937840307,9.973252838,10.06757347,739028.2235,491004.8755,574436.953,2.5,1.1,2.2,406.4276045,397.9478143,402.6894225,0.591473236,0.659925795,0.548066181,0.396965621,0.330930578,0.438830575,16.62314672,25.78734423,16.54642997,7.563426859,9.164197513,9.059719863,686959.1008,563457.3201,513494.6138
1335,0.65,1.1,2.4,412.407574,400.972043,407.6794785,0.741695678,0.730646545,0.63077879,0.254536154,0.265214729,0.363107058,16.62314672,25.78734423,16.54642997,7.563426859,9.164197513,9.059719863,686959.1008,563457.3201,513494.6138,1.9,1.8,0.84,430.190696,431.2456847,436.7171931,0.344232115,0.279158312,0.111785836,0.607130238,0.657864188,0.78781513,22.06600275,26.17651853,10.98094914,7.168385711,4.110515774,14.89761704,700668.8686,494569.3027,601544.6419
1337,1.7,2.4,0.97,408.8175502,402.1806465,406.6388104,0.635634928,0.601314062,0.451934626,0.356173829,0.388606917,0.532664071,11.65881954,20.29513821,12.65251292,4.166049652,8.636318668,7.49276989,700571.1761,540042.1735,571735.86,1.3,1.8,1.9,430.0543004,415.1278511,421.9080844,0.41920719,0.459311975,0.31660626,0.546281135,0.509430245,0.639653095,11.60255369,20.25268984,12.81669183,4.312359566,8.650136147,7.290194128,701832.9081,557672.6176,576727.4407
1338,1.1,1.6,0.83,427.0035448,414.0378916,418.5770797,0.527065392,0.539640026,0.337046293,0.456226631,0.443278997,0.633837163,11.60255369,20.25268984,12.81669183,4.312359566,8.650136147,7.290194128,701832.9081,557672.6176,576727.4407,1.7,2.4,0.97,408.8175502,402.1806465,406.6388104,0.635634928,0.601314062,0.451934626,0.356173829,0.388606917,0.532664071,18.25093861,28.24675506,16.36364558,6.600831275,9.99581645,11.65010734,725160.3736,501497.038,528894.7145
1339,1.9,1.2,1.8,406.3549495,399.6224538,403.8617461,0.689201645,0.705111421,0.546766019,0.30541126,0.289705536,0.444181253,18.25093861,28.24675506,16.36364558,6.600831275,9.99581645,11.65010734,725160.3736,501497.038,528894.7145,1.1,1.6,0.83,427.0035448,414.0378916,418.5770797,0.527065392,0.539640026,0.337046293,0.456226631,0.443278997,0.633837163,17.61292984,27.29089254,12.93386218,3.537409871,9.677962703,14.07551997,726953.5326,531641.6619,520289.4125
1340,1.1,2.3,1.5,410.7011477,418.082525,423.9913029,0.635239204,0.43571559,0.27177134,0.35511128,0.539375183,0.691444359,17.61292984,27.29089254,12.93386218,3.537409871,9.677962703,14.07551997,726953.5326,531641.6619,520289.4125,1.9,1.2,1.8,406.3549495,399.6224538,403.8617461,0.689201645,0.705111421,0.546766019,0.30541126,0.289705536,0.444181253,23.05944925,32.63549905,16.08555744,6.834016306,9.576049797,16.22543294,689713.6154,557668.6964,581059.3229
1341,1.6,1.8,1.9,408.0516164,408.4304666,412.2486824,0.677673472,0.60047414,0.390834635,0.31655701,0.390609711,0.592926593,23.05944925,32.63549905,16.08555744,6.834016306,9.576049797,16.22543294,689713.6154,557668.6964,581059.3229,1.1,2.3,1.5,410.7011477,418.082525,423.9913029,0.635239204,0.43571559,0.27177134,0.35511128,0.539375183,0.691444359,16.46089521,20.66298962,11.86629909,7.836688801,4.202094414,8.624206407,691226.433,535054.5052,512787.9428
1342,1.2,2.5,1.8,405.0191319,413.8521384,421.0092958,0.688018148,0.471821181,0.326534754,0.305430329,0.508100689,0.645009151,16.46089521,20.66298962,11.86629909,7.836688801,4.202094414,8.624206407,691226.433,535054.5052,512787.9428,1.6,1.8,1.9,408.0516164,408.4304666,412.2486824,0.677673472,0.60047414,0.390834635,0.31655701,0.390609711,0.592926593,26.15079319,31.96539322,14.04522332,8.581999162,5.814600039,17.56879402,716928.0263,493287.5973,512590.3069
1343,0.66,1.6,2.4,393.8870628,394.3267294,398.5573566,0.893650894,0.817672931,0.704459222,0.105860877,0.181006965,0.293138728,26.15079319,31.96539322,14.04522332,8.581999162,5.814600039,17.56879402,716928.0263,493287.5973,512590.3069,1.2,2.5,1.8,405.0191319,413.8521384,421.0092958,0.688018148,0.471821181,0.326534754,0.305430329,0.508100689,0.645009151,16.38861515,20.5601384,12.81815926,8.798439518,4.171523252,7.590175634,684917.3274,545658.7513,618030.6417
1344,1.3,0.71,1.4,388.0023232,385.6572702,390.6546583,0.877084682,0.876220621,0.825373122,0.122278168,0.123122449,0.17363902,16.38861515,20.5601384,12.81815926,8.798439518,4.171523252,7.590175634,684917.3274,545658.7513,618030.6417,0.66,1.6,2.4,393.8870628,394.3267294,398.5573566,0.893650894,0.817672931,0.704459222,0.105860877,0.181006965,0.293138728,24.46717787,31.29438199,15.07362348,8.564473451,6.827204119,15.90270442,707744.3854,529977.8417,556056.9304
1345,1.6,1.5,2.2,402.392583,399.1121867,404.9013726,0.71437948,0.681133294,0.565962441,0.281096989,0.313274723,0.425781088,24.46717787,31.29438199,15.07362348,8.564473451,6.827204119,15.90270442,707744.3854,529977.8417,556056.9304,1.3,0.71,1.4,388.0023232,385.6572702,390.6546583,0.877084682,0.876220621,0.825373122,0.122278168,0.123122449,0.17363902,20.71766918,29.03588384,18.02947729,9.927074528,8.31821466,10.79059465,729349.614,547262.2836,609435.035
1346,1.4,0.59,0.6,408.1899397,401.5072803,407.8822735,0.684925844,0.722146589,0.612134294,0.309036598,0.272657276,0.379989976,20.71766918,29.03588384,18.02947729,9.927074528,8.31821466,10.79059465,729349.614,547262.2836,609435.035,1.6,1.5,2.2,402.392583,399.1121867,404.9013726,0.71437948,0.681133294,0.565962441,0.281096989,0.313274723,0.425781088,17.10793148,24.45107439,15.13129128,7.970889214,7.343142908,9.137042265,723947.342,499546.5604,594503.7055
1347,1.3,0.66,0.61,420.2098478,411.0489427,416.1028855,0.592021208,0.63166325,0.446241016,0.396387345,0.357946853,0.53568306,17.10793148,24.45107439,15.13129128,7.970889214,7.343142908,9.137042265,723947.342,499546.5604,594503.7055,1.4,0.59,0.6,408.1899397,401.5072803,407.8822735,0.684925844,0.722146589,0.612134294,0.309036598,0.272657276,0.379989976,15.15100115,21.95923158,13.21929948,6.582440269,6.808230429,8.568560881,713030.0936,560686.0967,587957.7635
1348,2.3,0.54,0.51,398.7264256,389.893841,395.544907,0.676461494,0.769318488,0.70753173,0.317211546,0.226417864,0.286800247,15.15100115,21.95923158,13.21929948,6.582440269,6.808230429,8.568560881,713030.0936,560686.0967,587957.7635,1.3,0.66,0.61,420.2098478,411.0489427,416.1028855,0.592021208,0.63166325,0.446241016,0.396387345,0.357946853,0.53568306,17.378914,24.24307172,11.67008049,5.052452015,6.864157717,12.32646199,695893.9142,511228.9876,514596.8972
1349,2.1,0.84,2.4,391.100237,386.8380984,392.0835582,0.77625343,0.808393339,0.754288117,0.221254556,0.189549201,0.242945629,17.378914,24.24307172,11.67008049,5.052452015,6.864157717,12.32646199,695893.9142,511228.9876,514596.8972,2.3,0.54,0.51,398.7264256,389.893841,395.544907,0.676461494,0.769318488,0.70753173,0.317211546,0.226417864,0.286800247,15.12027619,24.79895719,17.73114661,8.191050126,9.678681007,6.929226062,707014.9183,550183.3901,588590.1474
1350,1.7,0.69,1.3,389.2604836,385.4313149,390.5620486,0.820444127,0.844874592,0.801893719,0.178048068,0.153865593,0.196425505,15.12027619,24.79895719,17.73114661,8.191050126,9.678681007,6.929226062,707014.9183,550183.3901,588590.1474,2.1,0.84,2.4,391.100237,386.8380984,392.0835582,0.77625343,0.808393339,0.754288117,0.221254556,0.189549201,0.242945629,17.30596274,26.46715656,18.72111344,9.711802813,9.161193821,7.594159931,695148.8655,554537.9154,583095.0957
1351,0.86,0.81,1.3,403.555946,399.6879449,404.6950434,0.815122502,0.793187983,0.674901548,0.183257373,0.204801176,0.32156809,17.30596274,26.46715656,18.72111344,9.711802813,9.161193821,7.594159931,695148.8655,554537.9154,583095.0957,1.7,0.69,1.3,389.2604836,385.4313149,390.5620486,0.820444127,0.844874592,0.801893719,0.178048068,0.153865593,0.196425505,16.99881054,25.94611634,18.5711965,9.768496967,8.947305803,7.230313572,738978.8911,551910.3026,559114.975
1352,0.57,1.1,0.96,411.3839716,404.3943785,410.3394156,0.790056126,0.74105015,0.609149509,0.207696375,0.255551033,0.385132585,16.99881054,25.94611634,18.5711965,9.768496967,8.947305803,7.230313572,738978.8911,551910.3026,559114.975,0.86,0.81,1.3,403.555946,399.6879449,404.6950434,0.815122502,0.793187983,0.674901548,0.183257373,0.204801176,0.32156809,18.69317127,25.7536588,12.93573592,6.126580221,7.060487522,12.56659105,684473.9346,582641.0496,541594.6098
1354,2.2,1.3,0.77,413.9539931,407.6157416,411.9559554,0.557116395,0.578855432,0.409643387,0.428745181,0.407560679,0.568777387,15.4493969,23.44273138,12.31428873,4.539159014,7.993334471,10.91023789,703029.7061,585068.9885,585345.2088,0.99,1.6,1.9,423.4740198,419.1376572,424.6410435,0.555700126,0.482650154,0.288498124,0.429818575,0.496556745,0.677701304,16.70921823,23.08432048,11.48771555,5.339997709,6.37510225,11.36922052,734177.9228,500285.6605,533572.9395
1355,2.0,0.62,2.3,433.9826808,412.5820627,418.3661337,0.334907417,0.532553104,0.381837831,0.605614103,0.429285571,0.562398063,16.70921823,23.08432048,11.48771555,5.339997709,6.37510225,11.36922052,734177.9228,500285.6605,533572.9395,2.2,1.3,0.77,413.9539931,407.6157416,411.9559554,0.557116395,0.578855432,0.409643387,0.428745181,0.407560679,0.568777387,19.72056473,27.7081453,15.02966158,7.290678728,7.987580571,12.42988601,736358.0633,592211.8189,505086.4939
1356,1.6,2.0,2.0,426.5191458,410.9870556,416.5876891,0.417862384,0.481795398,0.346280449,0.547598235,0.489448145,0.613941901,19.72056473,27.7081453,15.02966158,7.290678728,7.987580571,12.42988601,736358.0633,592211.8189,505086.4939,2.0,0.62,2.3,433.9826808,412.5820627,418.3661337,0.334907417,0.532553104,0.381837831,0.605614103,0.429285571,0.562398063,12.52716317,21.11455255,12.78427326,4.360222696,8.587389375,8.166940475,707379.7732,533618.0148,512894.6108
1357,1.3,0.99,1.9,425.155389,407.244073,413.7697346,0.479515212,0.593647863,0.476777892,0.495081683,0.388622635,0.498636786,12.52716317,21.11455255,12.78427326,4.360222696,8.587389375,8.166940475,707379.7732,533618.0148,512894.6108,1.6,2.0,2.0,426.5191458,410.9870556,416.5876891,0.417862384,0.481795398,0.346280449,0.547598235,0.489448145,0.613941901,12.06071085,21.73491083,14.09940069,4.574916589,9.674199984,7.48579426,699108.4972,570627.9986,511240.2765
1358,2.4,2.3,1.2,406.5376343,414.1708961,420.2463655,0.563147013,0.414079303,0.280820403,0.422763146,0.559164148,0.682868799,12.06071085,21.73491083,14.09940069,4.574916589,9.674199984,7.48579426,699108.4972,570627.9986,511240.2765,1.3,0.99,1.9,425.155389,407.244073,413.7697346,0.479515212,0.593647863,0.476777892,0.495081683,0.388622635,0.498636786,10.75350541,19.33982221,12.82103506,4.36253762,8.586316799,6.390967795,719754.2995,535005.8462,530055.1713
1359,0.97,2.3,1.7,435.3811629,417.9515263,424.9010414,0.400870306,0.40736884,0.267164044,0.560822076,0.553374733,0.678802495,10.75350541,19.33982221,12.82103506,4.36253762,8.586316799,6.390967795,719754.2995,535005.8462,530055.1713,2.4,2.3,1.2,406.5376343,414.1708961,420.2463655,0.563147013,0.414079303,0.280820403,0.422763146,0.559164148,0.682868799,16.92391752,20.62603809,13.50852779,9.945966249,3.702120571,6.977951269,696385.5342,552219.0408,526307.1108
1360,0.81,1.9,1.1,421.2880205,414.9745966,419.0680044,0.630257788,0.563939089,0.33934439,0.361440288,0.423670743,0.637697717,16.92391752,20.62603809,13.50852779,9.945966249,3.702120571,6.977951269,696385.5342,552219.0408,526307.1108,0.97,2.3,1.7,435.3811629,417.9515263,424.9010414,0.400870306,0.40736884,0.267164044,0.560822076,0.553374733,0.678802495,10.4761718,19.47312174,12.42056476,3.561900249,8.996949941,6.914271547,734441.4993,504851.9197,568376.7314
1361,1.2,1.1,1.2,420.9463691,417.2232962,422.7799028,0.597873499,0.562215367,0.354325426,0.391339244,0.424587518,0.622481432,10.4761718,19.47312174,12.42056476,3.561900249,8.996949941,6.914271547,734441.4993,504851.9197,568376.7314,0.81,1.9,1.1,421.2880205,414.9745966,419.0680044,0.630257788,0.563939089,0.33934439,0.361440288,0.423670743,0.637697717,22.07029158,31.1643421,12.9334296,4.196847964,9.094050512,17.87344362,706061.0056,600425.3501,535786.6511
1362,1.7,1.3,0.82,396.2456642,392.051668,396.7085929,0.771298778,0.767138085,0.679255078,0.226089475,0.230109668,0.316675355,22.07029158,31.1643421,12.9334296,4.196847964,9.094050512,17.87344362,706061.0056,600425.3501,535786.6511,1.2,1.1,1.2,420.9463691,417.2232962,422.7799028,0.597873499,0.562215367,0.354325426,0.391339244,0.424587518,0.622481432,20.34230278,26.42484052,12.04789987,6.247262931,6.082537733,14.09503985,737165.9599,574327.7378,616695.8955
1364,0.78,2.1,1.5,395.6580801,398.2948686,402.4666459,0.856988576,0.741766022,0.607603756,0.142031967,0.255240445,0.387311937,18.41082464,27.38157795,17.13970124,8.369769042,8.970753312,10.04105559,717294.927,549382.7161,535558.5194,1.5,1.4,2.4,431.3370312,417.289517,421.5519482,0.43486319,0.493211333,0.267151705,0.537211538,0.481750755,0.687902495,21.07058219,30.97829372,12.82052093,3.268844165,9.907711529,17.80173802,687861.8422,506952.6677,554562.7184
1365,2.1,2.4,2.4,441.856931,427.6741327,432.107175,0.227695346,0.292418273,0.124027621,0.679732099,0.62359417,0.745909556,21.07058219,30.97829372,12.82052093,3.268844165,9.907711529,17.80173802,687861.8422,506952.6677,554562.7184,0.78,2.1,1.5,395.6580801,398.2948686,402.4666459,0.856988576,0.741766022,0.607603756,0.142031967,0.255240445,0.387311937,22.63031907,29.1917975,15.13755713,8.851652042,6.561478434,13.77866703,683322.4023,597880.403,511482.0416
1366,1.7,0.79,0.87,420.3759311,406.5121068,411.3966205,0.53917872,0.632174312,0.46811798,0.444196863,0.355250712,0.511359787,22.63031907,29.1917975,15.13755713,8.851652042,6.561478434,13.77866703,683322.4023,597880.403,511482.0416,2.1,2.4,2.4,441.856931,427.6741327,432.107175,0.227695346,0.292418273,0.124027621,0.679732099,0.62359417,0.745909556,18.51838095,27.94079752,12.72984547,3.605682857,9.422416572,14.91269809,681928.3271,571701.5371,520147.9383
1367,1.0,1.3,0.73,398.7755042,403.2484381,408.5569058,0.809403265,0.708817203,0.586432459,0.188802788,0.287184586,0.407340426,18.51838095,27.94079752,12.72984547,3.605682857,9.422416572,14.91269809,681928.3271,571701.5371,520147.9383,1.7,0.79,0.87,420.3759311,406.5121068,411.3966205,0.53917872,0.632174312,0.46811798,0.444196863,0.355250712,0.511359787,16.92462441,26.29165385,13.95515711,4.830019755,9.367029448,12.09460465,716077.8795,556864.3091,539370.9376
1368,2.0,1.4,2.3,423.5319115,409.1864557,414.5752037,0.447020839,0.534041295,0.36937219,0.524490222,0.443394864,0.596224026,16.92462441,26.29165385,13.95515711,4.830019755,9.367029448,12.09460465,716077.8795,556864.3091,539370.9376,1.0,1.3,0.73,398.7755042,403.2484381,408.5569058,0.809403265,0.708817203,0.586432459,0.188802788,0.287184586,0.407340426,17.84573319,22.20172971,12.8571551,8.684385532,4.355996522,9.161347656,685124.0703,619058.6433,495000.0656
1369,1.6,2.2,1.3,396.7789155,394.8014218,398.675936,0.784523068,0.725355053,0.596768956,0.213270352,0.27113563,0.397528312,17.84573319,22.20172971,12.8571551,8.684385532,4.355996522,9.161347656,685124.0703,619058.6433,495000.0656,2.0,1.4,2.3,423.5319115,409.1864557,414.5752037,0.447020839,0.534041295,0.36937219,0.524490222,0.443394864,0.596224026,15.83006623,25.40992741,14.43669496,5.0719952,9.579861181,10.75807103,687497.6111,520923.0505,575046.039
1370,0.83,0.65,1.6,390.7670846,388.5925073,393.897498,0.884797194,0.874912336,0.830561259,0.114631971,0.124428013,0.168495168,15.83006623,25.40992741,14.43669496,5.0719952,9.579861181,10.75807103,687497.6111,520923.0505,575046.039,1.6,2.2,1.3,396.7789155,394.8014218,398.675936,0.784523068,0.725355053,0.596768956,0.213270352,0.27113563,0.397528312,22.97575585,32.06555641,17.59439124,8.788339008,9.089800564,14.18741684,722383.4993,514599.5285,521798.6459
1371,0.96,0.76,0.52,402.4314411,400.0452229,404.4969561,0.829195336,0.806113016,0.670416184,0.169489313,0.192217966,0.326326335,22.97575585,32.06555641,17.59439124,8.788339008,9.089800564,14.18741684,722383.4993,514599.5285,521798.6459,0.83,0.65,1.6,390.7670846,388.5925073,393.897498,0.884797194,0.874912336,0.830561259,0.114631971,0.124428013,0.168495168,15.78219003,23.14717136,15.27095776,8.060411993,7.364981328,7.721778036,715108.8307,586589.0364,515741.2185
1372,0.78,2.0,2.0,437.4115912,431.7014412,436.0457723,0.393439793,0.335886032,0.136122732,0.57071166,0.615823322,0.780501611,15.78219003,23.14717136,15.27095776,8.060411993,7.364981328,7.721778036,715108.8307,586589.0364,515741.2185,0.96,0.76,0.52,402.4314411,400.0452229,404.4969561,0.829195336,0.806113016,0.670416184,0.169489313,0.192217966,0.326326335,23.76615299,30.25919634,13.18372951,7.025499234,6.493043355,16.74065375,698901.5839,572088.4863,565764.6511
1375,1.4,1.0,0.62,429.3349344,415.4810632,421.7476113,0.442367807,0.514872584,0.352616983,0.527205665,0.459942474,0.609585539,20.58000807,27.66239662,12.88712982,6.094452379,7.082388554,14.48555569,690587.7357,566027.3626,561986.672,0.68,2.3,1.3,429.6069566,418.4149843,424.1300422,0.522884594,0.450276558,0.27191721,0.459158191,0.523355533,0.687481221,13.49403499,22.4656587,12.07750688,3.309572427,8.971623705,10.18446256,692465.8327,542749.8233,539247.8476
1376,1.5,0.82,0.78,411.2489261,414.9140113,421.6968076,0.621905762,0.561071811,0.413476484,0.368529086,0.426239961,0.567726462,13.49403499,22.4656587,12.07750688,3.309572427,8.971623705,10.18446256,692465.8327,542749.8233,539247.8476,1.4,1.0,0.62,429.3349344,415.4810632,421.7476113,0.442367807,0.514872584,0.352616983,0.527205665,0.459942474,0.609585539,13.15117944,20.5902365,11.90340549,4.634678455,7.439057057,8.516500988,720577.6708,528718.4172,541924.6272
1377,2.1,2.0,0.79,397.3882068,397.8634367,403.5026385,0.713613022,0.650116016,0.54472388,0.281897585,0.34333073,0.446130993,13.15117944,20.5902365,11.90340549,4.634678455,7.439057057,8.516500988,720577.6708,528718.4172,541924.6272,1.5,0.82,0.78,411.2489261,414.9140113,421.6968076,0.621905762,0.561071811,0.413476484,0.368529086,0.426239961,0.567726462,15.11893458,18.32345935,10.98014417,7.919605983,3.204524761,7.199328601,701522.4752,577346.9062,521993.807
1378,0.96,0.83,0.98,388.0196931,386.1675158,391.8361701,0.88923053,0.874093651,0.830332857,0.110255042,0.125266848,0.168758095,15.11893458,18.32345935,10.98014417,7.919605983,3.204524761,7.199328601,701522.4752,577346.9062,521993.807,2.1,2.0,0.79,397.3882068,397.8634367,403.5026385,0.713613022,0.650116016,0.54472388,0.281897585,0.34333073,0.446130993,18.02516634,24.85027973,16.49060927,9.829410989,6.82511339,8.195755351,687350.1349,539800.3309,588568.5125
1379,1.2,1.3,1.3,419.4647043,403.2706603,409.3732455,0.544380998,0.619442081,0.514805531,0.438878726,0.367877218,0.467919789,18.02516634,24.85027973,16.49060927,9.829410989,6.82511339,8.195755351,687350.1349,539800.3309,588568.5125,0.96,0.83,0.98,388.0196931,386.1675158,391.8361701,0.88923053,0.874093651,0.830332857,0.110255042,0.125266848,0.168758095,17.17636513,25.01579186,16.62755639,8.952604862,7.839426731,8.223760264,689444.7125,547445.0422,595584.6744
1380,1.6,1.5,1.6,409.6118961,404.2137327,408.2411771,0.674403229,0.656538783,0.473688901,0.319616878,0.336590801,0.514113912,17.17636513,25.01579186,16.62755639,8.952604862,7.839426731,8.223760264,689444.7125,547445.0422,595584.6744,1.2,1.3,1.3,419.4647043,403.2706603,409.3732455,0.544380998,0.619442081,0.514805531,0.438878726,0.367877218,0.467919789,10.5928509,19.72279009,13.44963485,4.442698702,9.129939188,6.150152199,708711.0497,510546.6274,505510.4418
1381,1.7,1.9,2.1,411.5440962,417.1426162,422.7070238,0.590902003,0.456785064,0.270353954,0.397520358,0.52212643,0.696298268,10.5928509,19.72279009,13.44963485,4.442698702,9.129939188,6.150152199,708711.0497,510546.6274,505510.4418,1.6,1.5,1.6,409.6118961,404.2137327,408.2411771,0.674403229,0.656538783,0.473688901,0.319616878,0.336590801,0.514113912,22.94970254,31.63415153,14.92743221,6.57056595,8.684448995,16.37913659,711092.1191,541591.466,535088.4414
1383,1.4,2.4,1.1,397.3304376,400.8720707,406.849451,0.767232159,0.635138289,0.527224137,0.229897383,0.357830563,0.462995183,20.82562511,24.41281457,12.57098239,9.215985725,3.587189454,11.60963939,701759.4194,516953.5435,570527.9984,0.86,1.8,0.63,409.9124983,403.8189512,407.826804,0.748396934,0.689999762,0.512351223,0.248392227,0.305009781,0.478553489,21.09472578,30.72410077,14.13352559,4.829456002,9.629374987,16.26526978,708193.8557,546070.497,517178.0171
1384,1.1,0.73,1.6,436.2371582,420.0714591,426.0029777,0.445571691,0.533729879,0.339821914,0.52461247,0.442365046,0.620695067,21.09472578,30.72410077,14.13352559,4.829456002,9.629374987,16.26526978,708193.8557,546070.497,517178.0171,1.4,2.4,1.1,397.3304376,400.8720707,406.849451,0.767232159,0.635138289,0.527224137,0.229897383,0.357830563,0.462995183,17.34437787,23.77915739,15.81087847,9.53233971,6.43477952,7.812038164,732236.2197,587449.2249,596974.606
1387,2.3,1.6,0.92,432.331687,424.9525377,429.7455831,0.314501936,0.340655975,0.165760541,0.627400258,0.602011022,0.746142501,14.43184165,23.50844709,11.96496568,3.114703026,9.076605431,11.31713863,704194.3726,580867.1333,500330.7886,0.75,2.4,1.4,415.3284792,413.5384146,418.9416843,0.658947487,0.51106234,0.342702037,0.333335451,0.471934095,0.631321044,15.26258049,22.73345486,12.76711788,5.491661872,7.470874379,9.770918614,711731.4193,551593.7141,515904.5432
1389,0.65,2.0,2.2,400.1138667,396.8091554,402.1909987,0.830011486,0.732271366,0.645511626,0.168562646,0.264266724,0.349602756,18.38406252,24.9998359,12.36896578,6.000856514,6.615773384,12.383206,739547.2016,538973.7946,503264.4399,1.0,1.8,0.97,411.2142078,420.8664281,427.4681335,0.664940673,0.462901268,0.295553679,0.327157817,0.51569128,0.672355459,16.93464774,20.19312581,11.45325378,8.366145753,3.258478071,8.568501985,738490.7977,607813.993,559897.9583
1390,1.2,0.74,1.5,421.9043744,417.918383,423.9650408,0.590834273,0.580816005,0.383145284,0.397530602,0.406537783,0.595018867,16.93464774,20.19312581,11.45325378,8.366145753,3.258478071,8.568501985,738490.7977,607813.993,559897.9583,0.65,2.0,2.2,400.1138667,396.8091554,402.1909987,0.830011486,0.732271366,0.645511626,0.168562646,0.264266724,0.349602756,13.81612602,23.04905092,15.24191576,6.162071945,9.232924893,7.654054079,724725.5673,618940.397,520993.705
1391,2.4,0.79,1.6,442.774052,434.3362582,440.3054619,0.239639532,0.310935742,0.13296353,0.665913432,0.604837743,0.734267002,13.81612602,23.04905092,15.24191576,6.162071945,9.232924893,7.654054079,724725.5673,618940.397,520993.705,1.2,0.74,1.5,421.9043744,417.918383,423.9650408,0.590834273,0.580816005,0.383145284,0.397530602,0.406537783,0.595018867,18.26815787,23.58532708,11.20457009,6.13016082,5.317169215,12.13799705,717688.9122,587218.6039,598971.2008
1393,2.3,1.8,2.4,419.8754857,424.4913364,429.965275,0.420496518,0.323959962,0.166235844,0.547010744,0.629278879,0.765156363,19.11326833,24.53723405,10.91996382,5.763003397,5.423965724,13.35026493,717439.6829,587976.8625,615162.8322,0.65,2.3,1.2,397.9569059,403.6486731,408.6815803,0.844986742,0.682969075,0.516973563,0.153666445,0.31198943,0.474257727,23.92334707,28.41520644,13.98135262,9.772509984,4.491859378,14.15083708,704437.5118,503427.6493,600645.1866
1395,1.6,0.61,0.55,430.8669635,407.1787294,414.4219698,0.38892076,0.60666472,0.493909611,0.566327889,0.367703356,0.470746201,18.28982243,21.7266937,11.75042504,8.509166887,3.436871267,9.780655544,710105.1647,531618.4846,499474.76,0.66,1.6,1.8,399.475216,392.4454934,397.5576416,0.839575606,0.789780379,0.714369088,0.159219722,0.208219606,0.282733652,13.7844703,23.77460599,15.31497097,5.490710473,9.990135696,8.293759826,727392.1995,519637.6369,510465.0222
1398,1.7,0.79,1.7,416.5341799,400.1790974,406.8169285,0.524572182,0.657998544,0.55872793,0.45643413,0.329622697,0.42424185,12.09929503,17.78436319,9.283281018,3.76490074,5.685068163,8.334394291,734262.8513,588862.9002,502986.4118,1.8,1.2,1.7,424.1253821,428.5010446,434.9556652,0.438910647,0.357812707,0.186160134,0.531463646,0.601876423,0.752699418,17.77323281,20.8818959,10.83797051,7.926247128,3.108663093,9.84698568,732141.7632,595722.4276,566094.2879
1399,2.3,0.98,2.0,435.1030767,433.4764586,438.6354308,0.310498654,0.311413081,0.124844524,0.631305187,0.627546249,0.773563234,17.77323281,20.8818959,10.83797051,7.926247128,3.108663093,9.84698568,732141.7632,595722.4276,566094.2879,1.7,0.79,1.7,416.5341799,400.1790974,406.8169285,0.524572182,0.657998544,0.55872793,0.45643413,0.329622697,0.42424185,11.91839379,21.07506447,14.26353401,5.240422752,9.15667068,6.677971042,697283.246,496364.5434,587542.0191
1400,1.1,0.74,1.8,425.178072,411.8938118,416.2031079,0.598274537,0.649630287,0.433159001,0.39094965,0.341063761,0.548660369,11.91839379,21.07506447,14.26353401,5.240422752,9.15667068,6.677971042,697283.246,496364.5434,587542.0191,2.3,0.98,2.0,435.1030767,433.4764586,438.6354308,0.310498654,0.311413081,0.124844524,0.631305187,0.627546249,0.773563234,24.33568778,28.53668685,11.14213962,7.282210102,4.200999072,17.05347768,727463.6568,601933.6259,618318.2634
1401,1.7,1.1,2.4,436.9710457,423.8209374,429.0399691,0.343675861,0.418309838,0.21802446,0.606207724,0.538318697,0.711086644,24.33568778,28.53668685,11.14213962,7.282210102,4.200999072,17.05347768,727463.6568,601933.6259,618318.2634,1.1,0.74,1.8,425.178072,411.8938118,416.2031079,0.598274537,0.649630287,0.433159001,0.39094965,0.341063761,0.548660369,20.71438894,29.98867214,12.05849695,3.135785813,9.274283196,17.57860313,710357.8238,523903.9934,542761.2574
1402,1.0,1.8,0.89,427.1164398,419.4155464,425.4551203,0.510782547,0.460281818,0.27067246,0.470236144,0.514914365,0.689782812,20.71438894,29.98867214,12.05849695,3.135785813,9.274283196,17.57860313,710357.8238,523903.9934,542761.2574,1.7,1.1,2.4,436.9710457,423.8209374,429.0399691,0.343675861,0.418309838,0.21802446,0.606207724,0.538318697,0.711086644,17.5096407,25.18029573,11.75008374,4.342766203,7.670655028,13.1668745,709314.1092,547953.8974,551937.9377
1403,2.4,1.2,0.6,422.6613088,422.4998178,427.3963422,0.440845267,0.415512125,0.206634255,0.531978659,0.553733519,0.741164079,17.5096407,25.18029573,11.75008374,4.342766203,7.670655028,13.1668745,709314.1092,547953.8974,551937.9377,1.0,1.8,0.89,427.1164398,419.4155464,425.4551203,0.510782547,0.460281818,0.27067246,0.470236144,0.514914365,0.689782812,15.97321882,23.54690187,11.96139236,4.614876164,7.573683047,11.35834265,705497.2236,527811.4463,597295.547
1404,1.5,2.3,0.62,425.6941026,420.987001,425.5366081,0.44730741,0.400588691,0.191588517,0.527154453,0.56668321,0.752541809,15.97321882,23.54690187,11.96139236,4.614876164,7.573683047,11.35834265,705497.2236,527811.4463,597295.547,2.4,1.2,0.6,422.6613088,422.4998178,427.3963422,0.440845267,0.415512125,0.206634255,0.531978659,0.553733519,0.741164079,25.03768549,29.54806333,12.74044907,8.559632288,4.510377844,16.4780532,703050.0585,591960.5835,607667.7358
1405,1.6,1.6,2.1,409.7768082,403.1716831,407.2452722,0.673667986,0.661443515,0.478653425,0.32034868,0.331856092,0.509384998,25.03768549,29.54806333,12.74044907,8.559632288,4.510377844,16.4780532,703050.0585,591960.5835,607667.7358,1.5,2.3,0.62,425.6941026,420.987001,425.5366081,0.44730741,0.400588691,0.191588517,0.527154453,0.56668321,0.752541809,23.20278045,30.97381926,12.96445844,5.546544357,7.771038805,17.65623609,682930.6039,517703.5467,591858.4993
1406,0.63,0.91,2.4,407.0444356,401.3279005,406.1467644,0.820069498,0.786936898,0.658936028,0.178400677,0.210937569,0.337230051,23.20278045,30.97381926,12.96445844,5.546544357,7.771038805,17.65623609,682930.6039,517703.5467,591858.4993,1.6,1.6,2.1,409.7768082,403.1716831,407.2452722,0.673667986,0.661443515,0.478653425,0.32034868,0.331856092,0.509384998,23.16981722,32.696247,15.33114774,6.145210107,9.526429777,17.02460711,707966.9646,517546.8658,559367.7466
1407,1.3,1.8,0.78,419.0868567,413.9938699,418.5093578,0.566573669,0.518276011,0.321329461,0.420420779,0.464799374,0.650563533,23.16981722,32.696247,15.33114774,6.145210107,9.526429777,17.02460711,707966.9646,517546.8658,559367.7466,0.63,0.91,2.4,407.0444356,401.3279005,406.1467644,0.820069498,0.786936898,0.658936028,0.178400677,0.210937569,0.337230051,17.61197136,25.27738201,12.21693666,4.807613168,7.665410658,12.80435819,681994.8931,560346.8162,511590.5175
1408,1.1,2.3,1.9,393.1772901,394.249888,398.5234341,0.844100371,0.745654154,0.637565464,0.154781601,0.251506799,0.358026743,17.61197136,25.27738201,12.21693666,4.807613168,7.665410658,12.80435819,681994.8931,560346.8162,511590.5175,1.3,1.8,0.78,419.0868567,413.9938699,418.5093578,0.566573669,0.518276011,0.321329461,0.420420779,0.464799374,0.650563533,18.85723242,26.44812964,12.955429,5.629094538,7.590897219,13.22813789,698171.1164,542627.2059,501589.6572
1409,0.97,0.95,0.93,416.1296189,405.4787791,410.7035842,0.701029707,0.715155102,0.554863732,0.293844691,0.279870196,0.436262336,18.85723242,26.44812964,12.955429,5.629094538,7.590897219,13.22813789,698171.1164,542627.2059,501589.6572,1.1,2.3,1.9,393.1772901,394.249888,398.5234341,0.844100371,0.745654154,0.637565464,0.154781601,0.251506799,0.358026743,21.16330258,28.9210472,16.93958659,9.416772573,7.75774462,11.74653001,728153.1248,550120.7917,519098.6989
1410,0.87,2.5,0.98,405.6986718,416.9022681,423.3706456,0.714318653,0.46112176,0.296653148,0.279600387,0.51688244,0.670651679,21.16330258,28.9210472,16.93958659,9.416772573,7.75774462,11.74653001,728153.1248,550120.7917,519098.6989,0.97,0.95,0.93,416.1296189,405.4787791,410.7035842,0.701029707,0.715155102,0.554863732,0.293844691,0.279870196,0.436262336,18.56948102,28.09772707,13.47782348,4.23624221,9.528246043,14.33323881,726140.7181,606200.4611,616581.5313
1411,2.3,1.4,1.0,418.0296854,421.4576789,426.6580791,0.482075383,0.412134934,0.222206492,0.495945289,0.558913371,0.73165856,18.56948102,28.09772707,13.47782348,4.23624221,9.528246043,14.33323881,726140.7181,606200.4611,616581.5313,0.87,2.5,0.98,405.6986718,416.9022681,423.3706456,0.714318653,0.46112176,0.296653148,0.279600387,0.51688244,0.670651679,17.57031597,20.9057103,12.01644855,8.855353471,3.335394328,8.714962497,699774.6699,521964.4888,567948.6285
1412,0.84,1.1,0.82,420.1503091,410.9328234,415.205086,0.669217775,0.656584942,0.447618056,0.324494034,0.336246644,0.538570447,17.57031597,20.9057103,12.01644855,8.855353471,3.335394328,8.714962497,699774.6699,521964.4888,567948.6285,2.3,1.4,1.0,418.0296854,421.4576789,426.6580791,0.482075383,0.412134934,0.222206492,0.495945289,0.558913371,0.73165856,22.04941724,25.64137731,12.59477442,9.258630089,3.591960074,12.79078715,718701.5339,596230.6634,560050.2809
1413,1.4,1.9,1.7,411.6739655,405.5134856,410.8328795,0.638723876,0.603151224,0.459232968,0.353020941,0.386648535,0.525398813,22.04941724,25.64137731,12.59477442,9.258630089,3.591960074,12.79078715,718701.5339,596230.6634,560050.2809,0.84,1.1,0.82,420.1503091,410.9328234,415.205086,0.669217775,0.656584942,0.447618056,0.324494034,0.336246644,0.538570447,20.0012653,28.50635434,11.7932013,3.615821146,8.505089036,16.38544416,680820.4844,530641.1295,511503.6827
1414,1.3,2.0,2.1,441.0457984,426.4994616,432.4485261,0.306037334,0.339884401,0.169695593,0.632780705,0.600385554,0.740110406,20.0012653,28.50635434,11.7932013,3.615821146,8.505089036,16.38544416,680820.4844,530641.1295,511503.6827,1.4,1.9,1.7,411.6739655,405.5134856,410.8328795,0.638723876,0.603151224,0.459232968,0.353020941,0.386648535,0.525398813,16.47793103,25.43521803,15.0461825,6.29260208,8.957286998,10.18532895,728999.4604,602468.2394,568251.8872
1415,1.9,2.3,1.8,427.9500293,424.1545499,428.6980704,0.381475551,0.345501604,0.159798538,0.580431649,0.608195825,0.765890886,16.47793103,25.43521803,15.0461825,6.29260208,8.957286998,10.18532895,728999.4604,602468.2394,568251.8872,1.3,2.0,2.1,441.0457984,426.4994616,432.4485261,0.306037334,0.339884401,0.169695593,0.632780705,0.600385554,0.740110406,14.3940084,22.85120992,11.72923919,3.490115523,8.457201522,10.90389287,686883.4685,567080.4918,570953.9906
1417,1.4,1.2,1.2,417.3976475,411.1188559,417.8522897,0.569671629,0.567927296,0.426635141,0.416584776,0.417746392,0.552429884,21.88028351,29.09631027,13.15449418,6.251052044,7.216026764,15.62923146,712496.4829,600123.4488,555232.3426,1.1,0.82,1.6,393.7605087,390.1545505,396.6987056,0.827453293,0.822590077,0.770193443,0.171137286,0.175918028,0.22777776,14.31777598,21.58790471,15.07691206,7.934449857,7.27012873,6.383326126,719012.5131,501476.9895,593353.3067
1418,0.91,0.97,0.98,419.4531321,416.8741823,421.5860248,0.666530397,0.618708381,0.387408946,0.327052667,0.372699309,0.595556176,14.31777598,21.58790471,15.07691206,7.934449857,7.27012873,6.383326126,719012.5131,501476.9895,593353.3067,1.4,1.2,1.2,417.3976475,411.1188559,417.8522897,0.569671629,0.567927296,0.426635141,0.416584776,0.417746392,0.552429884,14.08759958,21.00728683,12.86598752,6.105933585,6.919687258,7.98166599,712171.2934,614732.8293,594093.8156
1419,1.8,0.66,2.2,445.1903903,423.727723,428.6169242,0.277538504,0.449081643,0.242798407,0.643423465,0.494873507,0.664762021,14.08759958,21.00728683,12.86598752,6.105933585,6.919687258,7.98166599,712171.2934,614732.8293,594093.8156,0.91,0.97,0.98,419.4531321,416.8741823,421.5860248,0.666530397,0.618708381,0.387408946,0.327052667,0.372699309,0.595556176,23.17144079,28.78512049,11.02441522,5.758984643,5.613679699,17.41245615,685602.373,548112.0651,569649.8628
1420,1.2,0.94,2.3,391.572351,390.6583012,394.8511796,0.87968935,0.856660055,0.7678032,0.119718134,0.142537125,0.230751466,23.17144079,28.78512049,11.02441522,5.758984643,5.613679699,17.41245615,685602.373,548112.0651,569649.8628,1.8,0.66,2.2,445.1903903,423.727723,428.6169242,0.277538504,0.449081643,0.242798407,0.643423465,0.494873507,0.664762021,15.91229128,24.54449961,11.49038226,3.114137013,8.632208334,12.79815427,698115.6255,546529.3957,504007.9595
1421,1.4,0.63,1.3,432.7688999,421.6945419,428.4060663,0.42005013,0.495017384,0.318785479,0.544896642,0.475509994,0.635691296,15.91229128,24.54449961,11.49038226,3.114137013,8.632208334,12.79815427,698115.6255,546529.3957,504007.9595,1.2,0.94,2.3,391.572351,390.6583012,394.8511796,0.87968935,0.856660055,0.7678032,0.119718134,0.142537125,0.230751466,26.66719884,33.93217658,16.73546653,9.80767918,7.26497774,16.85951966,726349.7873,581196.7451,597548.5136
1422,2.4,0.72,1.7,416.3265724,403.8556074,409.6103033,0.460066005,0.591860092,0.483865422,0.512265661,0.388708082,0.489866311,26.66719884,33.93217658,16.73546653,9.80767918,7.26497774,16.85951966,726349.7873,581196.7451,597548.5136,1.4,0.63,1.3,432.7688999,421.6945419,428.4060663,0.42005013,0.495017384,0.318785479,0.544896642,0.475509994,0.635691296,13.74054531,19.72256411,10.78468806,4.97792173,5.982018798,8.762623578,718844.5827,580846.6826,555947.1707
1423,0.63,2.2,1.4,417.8554928,423.2778298,427.7407755,0.625202643,0.44429479,0.222179628,0.364077565,0.531590587,0.735037643,13.74054531,19.72256411,10.78468806,4.97792173,5.982018798,8.762623578,718844.5827,580846.6826,555947.1707,2.4,0.72,1.7,416.3265724,403.8556074,409.6103033,0.460066005,0.591860092,0.483865422,0.512265661,0.388708082,0.489866311,12.88175546,20.59137543,14.12747094,6.544594199,7.709619963,6.337161263,705977.1103,523402.6097,497658.5773
1424,0.71,1.3,1.4,419.5130447,421.4294354,426.6718319,0.669270182,0.555353875,0.327675908,0.323964257,0.432109514,0.648986951,12.88175546,20.59137543,14.12747094,6.544594199,7.709619963,6.337161263,705977.1103,523402.6097,497658.5773,0.63,2.2,1.4,417.8554928,423.2778298,427.7407755,0.625202643,0.44429479,0.222179628,0.364077565,0.531590587,0.735037643,23.27495041,27.54102263,11.12910542,7.184835503,4.266072219,16.09011491,723060.7325,497277.2607,516238.8101
1425,1.3,1.3,1.4,409.6379993,412.8560268,417.1852608,0.693418173,0.60418318,0.390810186,0.301348694,0.387188448,0.593240896,23.27495041,27.54102263,11.12910542,7.184835503,4.266072219,16.09011491,723060.7325,497277.2607,516238.8101,0.71,1.3,1.4,419.5130447,421.4294354,426.6718319,0.669270182,0.555353875,0.327675908,0.323964257,0.432109514,0.648986951,21.89594454,26.558246,10.85091265,6.49659812,4.662301454,15.39934642,700260.7814,596077.9899,584760.949
1426,1.1,0.57,2.3,429.2479733,421.9353452,428.3862173,0.518693393,0.540360498,0.339098422,0.462397134,0.441266273,0.629714869,21.89594454,26.558246,10.85091265,6.49659812,4.662301454,15.39934642,700260.7814,596077.9899,584760.949,1.3,1.3,1.4,409.6379993,412.8560268,417.1852608,0.693418173,0.60418318,0.390810186,0.301348694,0.387188448,0.593240896,24.48636868,28.30016501,12.15039802,8.653263786,3.813796328,15.8331049,686404.9579,550870.5753,514572.7959
1428,2.5,1.4,1.8,400.0556938,400.7926943,406.1406762,0.650542737,0.620163842,0.516129395,0.341964905,0.371055962,0.471914095,15.86465197,20.92497557,9.992638102,5.146674055,5.060323605,10.71797791,726860.9592,499896.2589,566930.1019,2.5,2.4,1.7,415.2763018,406.3191242,412.1421629,0.455649577,0.484881596,0.369409924,0.517185469,0.489908854,0.597354953,13.85329346,23.04633324,16.06401231,7.007880788,9.193039776,6.845412674,702569.1556,537081.6953,563592.9179
1429,1.0,1.3,0.87,422.0796842,417.467201,422.5241365,0.605090004,0.555655832,0.329413454,0.384927201,0.431134575,0.64611658,13.85329346,23.04633324,16.06401231,7.007880788,9.193039776,6.845412674,702569.1556,537081.6953,563592.9179,2.5,1.4,1.8,400.0556938,400.7926943,406.1406762,0.650542737,0.620163842,0.516129395,0.341964905,0.371055962,0.471914095,16.86076849,22.44794618,15.31999609,9.872582127,5.587177691,6.988186359,694052.2977,575728.3631,504193.8754
1430,0.64,1.0,1.7,437.7141973,423.8991668,431.364183,0.491012537,0.490647666,0.32565558,0.485500385,0.484664633,0.637340979,16.86076849,22.44794618,15.31999609,9.872582127,5.587177691,6.988186359,694052.2977,575728.3631,504193.8754,1.0,1.3,0.87,422.0796842,417.467201,422.5241365,0.605090004,0.555655832,0.329413454,0.384927201,0.431134575,0.64611658,21.67561485,28.24593114,11.64826355,5.403391722,6.570316292,16.27222312,718452.9036,492049.5409,599918.8864
1432,0.75,0.65,0.63,411.4739848,402.5924066,407.3116861,0.786501201,0.790744513,0.64497208,0.211239303,0.206961704,0.350538757,10.72917472,17.34386088,9.953614761,3.483835389,6.614686158,7.245339328,739850.9296,578620.6074,543783.2138,1.1,0.58,2.4,393.6659553,386.8269387,392.226741,0.823178188,0.857958672,0.819475234,0.17531573,0.140904856,0.179018732,13.31568241,22.7599086,16.43559568,7.115375619,9.444226196,6.200306789,716245.7291,569162.0332,516175.8035
1433,1.7,1.2,1.1,412.8842663,414.3207307,419.4793607,0.626935694,0.567787026,0.360859494,0.364442506,0.420617291,0.618729334,13.31568241,22.7599086,16.43559568,7.115375619,9.444226196,6.200306789,716245.7291,569162.0332,516175.8035,0.75,0.65,0.63,411.4739848,402.5924066,407.3116861,0.786501201,0.790744513,0.64497208,0.211239303,0.206961704,0.350538757,19.56614088,27.93271194,12.05323132,3.99802263,8.366571058,15.56811825,702571.7768,515380.9144,553653.5548
1434,2.1,1.3,2.3,412.0435694,409.5390649,413.4957659,0.609667562,0.592135579,0.389660799,0.380768087,0.397107362,0.591317873,19.56614088,27.93271194,12.05323132,3.99802263,8.366571058,15.56811825,702571.7768,515380.9144,553653.5548,1.7,1.2,1.1,412.8842663,414.3207307,419.4793607,0.626935694,0.567787026,0.360859494,0.364442506,0.420617291,0.618729334,23.97584367,28.5018177,13.00832136,8.786141373,4.525974036,15.18970229,695990.5532,605308.7505,617526.3647
1435,2.3,1.8,0.91,424.0705017,416.746843,420.6771324,0.419869614,0.436851305,0.224898325,0.550287615,0.532854158,0.723393301,23.97584367,28.5018177,13.00832136,8.786141373,4.525974036,15.18970229,695990.5532,605308.7505,617526.3647,2.1,1.3,2.3,412.0435694,409.5390649,413.4957659,0.609667562,0.592135579,0.389660799,0.380768087,0.397107362,0.591317873,25.24688616,32.05161934,14.72971311,8.264625144,6.804733188,16.98226101,719749.2169,617089.2567,532597.9132
1436,1.6,0.76,0.57,469.0414728,438.4140877,446.9244976,0.127246622,0.332132297,0.181538624,0.630544672,0.513835158,0.606045457,25.24688616,32.05161934,14.72971311,8.264625144,6.804733188,16.98226101,719749.2169,617089.2567,532597.9132,2.3,1.8,0.91,424.0705017,416.746843,420.6771324,0.419869614,0.436851305,0.224898325,0.550287615,0.532854158,0.723393301,23.70217563,31.9418327,13.89933023,6.013447722,8.239657066,17.68872791,684787.7652,505670.4922,527269.2318
1438,2.0,0.68,2.2,426.8821803,417.9153565,424.9334832,0.404697433,0.484392454,0.329317778,0.557106608,0.483785287,0.624411847,9.54888736,16.63435177,10.02098797,3.065197357,7.085464408,6.483690002,731112.7636,618620.7805,594581.7966,1.1,0.99,2.2,403.7053212,395.3234117,399.673361,0.773237643,0.786006727,0.680934895,0.224158095,0.211528126,0.315031105,17.17748002,27.16741824,14.96217279,5.211553104,9.98993822,11.96592692,690090.8667,589646.1494,496340.6027
1439,0.67,1.5,0.63,414.7391555,400.3896947,407.0090027,0.694987956,0.685802883,0.593448026,0.299287635,0.308089773,0.398140765,17.17748002,27.16741824,14.96217279,5.211553104,9.98993822,11.96592692,690090.8667,589646.1494,496340.6027,2.0,0.68,2.2,426.8821803,417.9153565,424.9334832,0.404697433,0.484392454,0.329317778,0.557106608,0.483785287,0.624411847,13.98288238,19.72867384,11.85226212,6.260910112,5.745791456,7.721972272,727905.7355,565051.2512,581505.4716
1442,0.53,1.2,1.3,417.1501263,416.2977843,421.7911028,0.743679851,0.640479693,0.429631928,0.252667306,0.352288771,0.556611679,16.56931382,23.3407047,12.33861968,5.782955953,6.771390882,10.78635787,719651.9161,497961.364,609687.4919,1.2,0.83,0.73,404.3909017,404.4323328,408.7205664,0.779358918,0.739752159,0.565616852,0.218300514,0.257088209,0.428211276,24.52250849,28.98390904,12.27481062,8.141039451,4.461400551,16.38146904,699654.4541,490071.8023,522016.9648
1443,0.69,1.5,0.63,392.9709512,398.2325333,404.6385036,0.874035635,0.746211119,0.661220286,0.1251991,0.250897846,0.334663469,24.52250849,28.98390904,12.27481062,8.141039451,4.461400551,16.38146904,699654.4541,490071.8023,522016.9648,0.53,1.2,1.3,417.1501263,416.2977843,421.7911028,0.743679851,0.640479693,0.429631928,0.252667306,0.352288771,0.556611679,20.35380167,25.85406514,10.81876139,5.613307792,5.500263474,14.74049388,713468.327,543822.4475,596503.0747
1444,0.7,0.85,1.5,398.8362489,396.6927513,402.0954472,0.86393964,0.825416812,0.728975903,0.135242555,0.173303783,0.268832206,20.35380167,25.85406514,10.81876139,5.613307792,5.500263474,14.74049388,713468.327,543822.4475,596503.0747,0.69,1.5,0.63,392.9709512,398.2325333,404.6385036,0.874035635,0.746211119,0.661220286,0.1251991,0.250897846,0.334663469,15.73013103,19.95891285,13.07295457,8.979191544,4.22878182,6.750939483,717702.7999,517477.5026,536996.05
1445,1.6,0.56,1.9,407.5856908,403.6656194,409.0663892,0.684719548,0.702898513,0.56148362,0.309416645,0.291551892,0.429379611,15.73013103,19.95891285,13.07295457,8.979191544,4.22878182,6.750939483,717702.7999,517477.5026,536996.05,0.7,0.85,1.5,398.8362489,396.6927513,402.0954472,0.86393964,0.825416812,0.728975903,0.135242555,0.173303783,0.268832206,18.40667137,24.7870839,12.95728759,6.808831855,6.380412529,11.59783952,689903.2766,533268.8251,562451.7099
1446,0.51,0.78,1.3,403.4372554,402.6319162,409.4482029,0.859980313,0.798748851,0.695693271,0.139103366,0.199472427,0.301347908,18.40667137,24.7870839,12.95728759,6.808831855,6.380412529,11.59783952,689903.2766,533268.8251,562451.7099,1.6,0.56,1.9,407.5856908,403.6656194,409.0663892,0.684719548,0.702898513,0.56148362,0.309416645,0.291551892,0.429379611,18.11934063,23.70104532,12.69900413,7.333025739,5.581704693,10.78631489,693864.8353,519032.997,537607.2278
1448,2.3,1.5,1.9,420.0294206,417.2396318,421.2059889,0.478252954,0.462685556,0.251346901,0.50006515,0.513198662,0.707495258,15.93678051,21.14749241,11.42776859,6.407639504,5.210711902,9.529141004,704715.592,555395.9776,605418.9569,1.4,1.8,2.3,414.5909123,407.3179693,411.4059105,0.628447661,0.607388334,0.417137584,0.363116862,0.382731217,0.565796623,20.83734946,30.46512687,14.67047186,5.352393557,9.627777417,15.4849559,693588.2438,582573.4881,523028.6442
1449,1.6,1.2,1.9,406.488863,399.6926203,404.3070145,0.696393144,0.705073178,0.565397177,0.298410468,0.289775562,0.426145672,20.83734946,30.46512687,14.67047186,5.352393557,9.627777417,15.4849559,693588.2438,582573.4881,523028.6442,2.3,1.5,1.9,420.0294206,417.2396318,421.2059889,0.478252954,0.462685556,0.251346901,0.50006515,0.513198662,0.707495258,24.49306201,30.86405147,13.78120787,7.745176131,6.370989457,16.74788588,718641.4284,590194.8274,514145.8414
1450,0.61,2.3,0.92,414.3736682,422.0939585,427.1654873,0.67029683,0.469711513,0.248341688,0.321463438,0.509224157,0.714407146,24.49306201,30.86405147,13.78120787,7.745176131,6.370989457,16.74788588,718641.4284,590194.8274,514145.8414,1.6,1.2,1.9,406.488863,399.6926203,404.3070145,0.696393144,0.705073178,0.565397177,0.298410468,0.289775562,0.426145672,19.30129012,28.22176654,15.18993977,6.524989372,8.920476413,12.77630075,701029.8556,548730.6504,546939.4157
1451,0.91,0.86,0.51,396.9788933,393.9221616,398.5663426,0.866014384,0.844740521,0.748589204,0.133217114,0.154254829,0.249598032,19.30129012,28.22176654,15.18993977,6.524989372,8.920476413,12.77630075,701029.8556,548730.6504,546939.4157,0.61,2.3,0.92,414.3736682,422.0939585,427.1654873,0.67029683,0.469711513,0.248341688,0.321463438,0.509224157,0.714407146,24.33709811,28.31270846,11.8387548,8.186163152,3.975610346,16.15093496,683673.1125,593563.7112,603072.5519
1452,1.7,1.5,2.1,427.5438911,419.795635,423.9088799,0.446733711,0.457396283,0.236761713,0.527371672,0.515724528,0.715986073,24.33709811,28.31270846,11.8387548,8.186163152,3.975610346,16.15093496,683673.1125,593563.7112,603072.5519,0.91,0.86,0.51,396.9788933,393.9221616,398.5663426,0.866014384,0.844740521,0.748589204,0.133217114,0.154254829,0.249598032,22.56066959,30.3975627,14.9071292,7.373970087,7.836893107,15.1866995,722622.8156,569923.2185,592921.486
1453,1.3,1.3,2.4,409.752003,401.8331906,406.9263685,0.695728201,0.69546578,0.54999156,0.299009113,0.299044553,0.440933149,22.56066959,30.3975627,14.9071292,7.373970087,7.836893107,15.1866995,722622.8156,569923.2185,592921.486,1.7,1.5,2.1,427.5438911,419.795635,423.9088799,0.446733711,0.457396283,0.236761713,0.527371672,0.515724528,0.715986073,22.9393096,30.95730284,12.92172149,5.257367102,8.017993234,17.6819425,721290.1924,563606.599,534800.1403
1454,0.59,0.62,1.7,402.9351527,403.7380384,409.2487357,0.856400205,0.804932802,0.69227267,0.142650174,0.193431191,0.304849495,22.9393096,30.95730284,12.92172149,5.257367102,8.017993234,17.6819425,721290.1924,563606.599,534800.1403,1.3,1.3,2.4,409.752003,401.8331906,406.9263685,0.695728201,0.69546578,0.54999156,0.299009113,0.299044553,0.440933149,18.34852072,27.69765198,14.72532054,5.630548726,9.349131258,12.717972,695644.8587,579465.732,592468.2999
1455,0.78,1.3,1.6,420.8711622,411.8721071,418.6138413,0.621947194,0.583732791,0.44723722,0.368149784,0.403992017,0.534883256,18.34852072,27.69765198,14.72532054,5.630548726,9.349131258,12.717972,695644.8587,579465.732,592468.2999,0.59,0.62,1.7,402.9351527,403.7380384,409.2487357,0.856400205,0.804932802,0.69227267,0.142650174,0.193431191,0.304849495,17.51509617,21.55449274,10.83021326,7.001096689,4.039396565,10.51399949,729733.9164,529922.2591,498877.1113
1456,2.4,1.9,0.56,420.0826503,414.5574296,420.7042263,0.431199891,0.43321264,0.283496398,0.537950272,0.534818682,0.671184718,17.51509617,21.55449274,10.83021326,7.001096689,4.039396565,10.51399949,729733.9164,529922.2591,498877.1113,0.78,1.3,1.6,420.8711622,411.8721071,418.6138413,0.621947194,0.583732791,0.44723722,0.368149784,0.403992017,0.534883256,11.61702344,18.83241132,11.63492517,4.560664472,7.215387876,7.056358973,727953.2993,560375.7343,533243.9601
1457,1.3,0.92,0.69,398.7991443,393.4508919,397.5797024,0.805488565,0.808442868,0.709059551,0.19271926,0.189748893,0.287921128,11.61702344,18.83241132,11.63492517,4.560664472,7.215387876,7.056358973,727953.2993,560375.7343,533243.9601,2.4,1.9,0.56,420.0826503,414.5574296,420.7042263,0.431199891,0.43321264,0.283496398,0.537950272,0.534818682,0.671184718,16.11747952,23.42667216,14.38417961,7.252290746,7.30919264,8.865188777,708873.3851,591219.5288,604794.0978
1458,2.2,0.62,1.2,405.8694176,403.902849,407.884195,0.683284281,0.68959099,0.510923941,0.311068953,0.304757654,0.478752471,16.11747952,23.42667216,14.38417961,7.252290746,7.30919264,8.865188777,708873.3851,591219.5288,604794.0978,1.3,0.92,0.69,398.7991443,393.4508919,397.5797024,0.805488565,0.808442868,0.709059551,0.19271926,0.189748893,0.287921128,20.34049544,29.55812511,15.92437984,6.97407851,9.217629672,13.36641693,731768.9258,584122.0766,512567.568
1459,1.5,0.86,2.3,406.4576904,403.5129004,408.4948863,0.696014399,0.68758915,0.548922489,0.298683012,0.306707806,0.441940266,20.34049544,29.55812511,15.92437984,6.97407851,9.217629672,13.36641693,731768.9258,584122.0766,512567.568,2.2,0.62,1.2,405.8694176,403.902849,407.884195,0.683284281,0.68959099,0.510923941,0.311068953,0.304757654,0.478752471,25.60392916,30.81523323,14.12219681,9.238207186,5.211304066,16.36572197,732211.714,519606.5588,515276.6639
1460,2.0,1.4,1.1,433.4641127,435.2647761,440.8896141,0.312969834,0.263728337,0.105636885,0.627750464,0.664011051,0.78201286,25.60392916,30.81523323,14.12219681,9.238207186,5.211304066,16.36572197,732211.714,519606.5588,515276.6639,1.5,0.86,2.3,406.4576904,403.5129004,408.4948863,0.696014399,0.68758915,0.548922489,0.298683012,0.306707806,0.441940266,17.55861595,23.43956702,12.99399666,7.3178607,5.880951068,10.24075525,698950.7828,539580.9352,490435.6426
1461,1.1,1.0,1.6,407.1858943,408.1170185,412.7719887,0.771252353,0.713902252,0.522607859,0.2261815,0.282198673,0.469674075,17.55861595,23.43956702,12.99399666,7.3178607,5.880951068,10.24075525,698950.7828,539580.9352,490435.6426,2.0,1.4,1.1,433.4641127,435.2647761,440.8896141,0.312969834,0.263728337,0.105636885,0.627750464,0.664011051,0.78201286,20.40623205,24.03487081,10.50906595,7.145639056,3.628638756,13.260593,703287.8086,596712.3082,567806.4845
1462,0.85,0.97,0.81,397.9696297,395.0227239,399.0145121,0.86038831,0.831461497,0.72753058,0.138771065,0.16734935,0.270321395,20.40623205,24.03487081,10.50906595,7.145639056,3.628638756,13.260593,703287.8086,596712.3082,567806.4845,1.1,1.0,1.6,407.1858943,408.1170185,412.7719887,0.771252353,0.713902252,0.522607859,0.2261815,0.282198673,0.469674075,26.23435471,30.88657847,12.64930663,8.354676433,4.652223759,17.87967828,713659.4147,575314.5623,603857.4957
1463,0.86,1.9,0.73,410.9351849,409.4017764,413.9371457,0.728447645,0.632187656,0.420367546,0.26761573,0.36045353,0.565716939,26.23435471,30.88657847,12.64930663,8.354676433,4.652223759,17.87967828,713659.4147,575314.5623,603857.4957,0.85,0.97,0.81,397.9696297,395.0227239,399.0145121,0.86038831,0.831461497,0.72753058,0.138771065,0.16734935,0.270321395,21.68164925,29.62232174,14.45956677,6.816203203,7.94067249,14.86544605,710809.6962,597355.5801,496633.337
1464,2.3,1.1,2.5,449.9202442,421.9212996,428.9387051,0.183501138,0.404352913,0.250478701,0.663378248,0.501102478,0.616773489,21.68164925,29.62232174,14.45956677,6.816203203,7.94067249,14.86544605,710809.6962,597355.5801,496633.337,0.86,1.9,0.73,410.9351849,409.4017764,413.9371457,0.728447645,0.632187656,0.420367546,0.26761573,0.36045353,0.565716939,24.24132362,31.48190691,13.23750898,6.354658986,7.240583287,17.88666463,687563.9744,510531.2769,599684.3348
1466,1.2,1.3,2.3,399.7296583,400.4071184,405.8761789,0.798554952,0.736407431,0.610249546,0.199484091,0.26036862,0.384474045,11.4415477,20.48715181,12.53797581,3.648237896,9.045604115,7.793309802,685007.2597,526119.2896,603807.1323,1.4,0.6,1.1,394.33696,389.5358176,394.2282223,0.83243822,0.84709719,0.769064556,0.16628445,0.151745679,0.229031299,20.84491033,29.38055861,16.24236102,7.964324453,8.53564828,12.88058588,716938.0654,502016.3055,579034.9832
1467,1.9,2.5,1.3,405.9454557,399.1049616,405.0140039,0.615306115,0.596073387,0.502457776,0.374818395,0.39292325,0.48318766,20.84491033,29.38055861,16.24236102,7.964324453,8.53564828,12.88058588,716938.0654,502016.3055,579034.9832,1.2,1.3,2.3,399.7296583,400.4071184,405.8761789,0.798554952,0.736407431,0.610249546,0.199484091,0.26036862,0.384474045,20.48175774,26.51444843,14.44584573,8.649794307,6.032690687,11.83196343,696833.9272,616759.7824,609032.8005
1468,2.5,1.0,1.3,404.4529244,403.3285111,408.1179097,0.64563336,0.639591169,0.489794833,0.346715096,0.352341617,0.497472011,20.48175774,26.51444843,14.44584573,8.649794307,6.032690687,11.83196343,696833.9272,616759.7824,609032.8005,1.9,2.5,1.3,405.9454557,399.1049616,405.0140039,0.615306115,0.596073387,0.502457776,0.374818395,0.39292325,0.48318766,13.92643057,23.76909597,17.11165147,7.399524194,9.842665405,6.526906374,739182.6141,519070.2781,589893.4747
1469,1.7,0.68,1.7,414.8347943,403.7781619,408.6338521,0.623623604,0.689032317,0.51996865,0.367130053,0.303559649,0.466936524,13.92643057,23.76909597,17.11165147,7.399524194,9.842665405,6.526906374,739182.6141,519070.2781,589893.4747,2.5,1.0,1.3,404.4529244,403.3285111,408.1179097,0.64563336,0.639591169,0.489794833,0.346715096,0.352341617,0.497472011,21.45581482,27.01345509,15.09716345,9.773175954,5.557640271,11.68263886,715552.2695,563551.3863,543378.5473
1470,0.68,0.65,2.1,438.465983,426.3306648,433.702573,0.505655765,0.526478845,0.332303232,0.473143052,0.452764605,0.633448781,21.45581482,27.01345509,15.09716345,9.773175954,5.557640271,11.68263886,715552.2695,563551.3863,543378.5473,1.7,0.68,1.7,414.8347943,403.7781619,408.6338521,0.623623604,0.689032317,0.51996865,0.367130053,0.303559649,0.466936524,20.40710107,29.80765258,14.34804699,5.250625001,9.400551506,15.15647607,698410.8873,544150.6318,607884.9438
1471,0.57,1.9,2.3,426.1366999,430.6588161,438.4069021,0.555938876,0.349202106,0.187418259,0.425611792,0.606411501,0.747306664,20.40710107,29.80765258,14.34804699,5.250625001,9.400551506,15.15647607,698410.8873,544150.6318,607884.9438,0.68,0.65,2.1,438.465983,426.3306648,433.702573,0.505655765,0.526478845,0.332303232,0.473143052,0.452764605,0.633448781,12.97004964,18.92753772,9.413951053,3.643003889,5.95748808,9.327045754,726752.4824,571098.9779,586035.664
1473,1.5,0.68,2.4,431.6841194,422.1308115,427.474074,0.443530997,0.496958199,0.279313796,0.527970855,0.477367912,0.675820356,13.38561082,17.89048061,9.813336902,5.466842477,4.504869791,7.918768339,719395.0657,547278.0133,582189.7397,0.64,1.2,2.0,395.4808672,395.9673795,399.8958363,0.890663808,0.827320388,0.70633306,0.10883314,0.171519036,0.291416581,24.38352714,29.96831188,13.27267858,8.015259204,5.584784734,16.36826794,683076.6546,490199.3878,494462.1003
1474,1.6,0.73,2.2,400.1317476,394.3709233,398.9525878,0.777666515,0.798727075,0.688326639,0.219886205,0.199073028,0.307895605,24.38352714,29.96831188,13.27267858,8.015259204,5.584784734,16.36826794,683076.6546,490199.3878,494462.1003,1.5,0.68,2.4,431.6841194,422.1308115,427.474074,0.443530997,0.496958199,0.279313796,0.527970855,0.477367912,0.675820356,18.97897121,25.34657592,11.10536352,5.016998268,6.367604708,13.96197294,711002.779,536253.4978,568812.2651
1475,1.5,0.6,1.5,463.7496196,439.9596523,447.8502363,0.152840748,0.321712263,0.161407883,0.653881009,0.541437993,0.642711088,18.97897121,25.34657592,11.10536352,5.016998268,6.367604708,13.96197294,711002.779,536253.4978,568812.2651,1.6,0.73,2.2,400.1317476,394.3709233,398.9525878,0.777666515,0.798727075,0.688326639,0.219886205,0.199073028,0.307895605,22.04624169,31.23748426,16.18427637,7.288194738,9.191242567,14.75804695,703478.4606,593311.4586,601099.78
1477,2.3,1.6,1.3,412.2795127,405.5206939,409.5422127,0.582217133,0.596243773,0.405994876,0.406270534,0.392313229,0.574435707,10.26843676,16.10878719,8.936350772,3.236636356,5.840350424,7.031800407,698581.2076,541653.7151,533896.9346,1.6,1.3,0.5,426.5258247,416.6894418,422.5409978,0.432193309,0.470615077,0.321848532,0.535817282,0.50002507,0.636286655,13.00658314,20.16631019,12.43766575,5.429480755,7.159727046,7.577102386,728307.2394,609218.5593,495617.8393
1478,2.0,1.2,2.3,408.181812,407.3154298,411.2243131,0.659377467,0.626551883,0.41940519,0.334043987,0.365496341,0.565865555,13.00658314,20.16631019,12.43766575,5.429480755,7.159727046,7.577102386,728307.2394,609218.5593,495617.8393,2.3,1.6,1.3,412.2795127,405.5206939,409.5422127,0.582217133,0.596243773,0.405994876,0.406270534,0.392313229,0.574435707,23.66706058,33.02916849,16.07024255,7.040662595,9.362107911,16.62639798,689441.9147,555653.5242,557861.1739
1479,2.4,0.96,1.8,421.5032988,417.784773,422.4359619,0.451991079,0.472156682,0.282809694,0.521162547,0.50149849,0.67516778,23.66706058,33.02916849,16.07024255,7.040662595,9.362107911,16.62639798,689441.9147,555653.5242,557861.1739,2.0,1.2,2.3,408.181812,407.3154298,411.2243131,0.659377467,0.626551883,0.41940519,0.334043987,0.365496341,0.565865555,26.62492519,32.0528778,13.9086281,8.836445086,5.427952611,17.7884801,690711.1554,501089.0214,526161.1371
1480,0.73,1.0,1.9,400.6230086,398.6429373,404.4590299,0.848364117,0.799467518,0.693375066,0.15058713,0.198783557,0.303672154,26.62492519,32.0528778,13.9086281,8.836445086,5.427952611,17.7884801,690711.1554,501089.0214,526161.1371,2.4,0.96,1.8,421.5032988,417.784773,422.4359619,0.451991079,0.472156682,0.282809694,0.521162547,0.50149849,0.67516778,19.90024656,25.45721559,13.01099419,7.698068721,5.556969023,12.20217784,737503.0895,608376.3714,497295.6155
1481,1.2,1.5,1.3,404.126697,409.5166742,415.494201,0.749692279,0.626762282,0.462598001,0.246902275,0.365853776,0.525377004,19.90024656,25.45721559,13.01099419,7.698068721,5.556969023,12.20217784,737503.0895,608376.3714,497295.6155,0.73,1.0,1.9,400.6230086,398.6429373,404.4590299,0.848364117,0.799467518,0.693375066,0.15058713,0.198783557,0.303672154,18.49400949,25.14077521,13.3245348,6.909460069,6.64676572,11.58454942,702874.4005,570791.0365,614128.3256
1482,1.5,2.0,1.3,419.3450472,417.8019439,422.3649098,0.541041325,0.466868194,0.25669508,0.44384645,0.511573128,0.70658798,18.49400949,25.14077521,13.3245348,6.909460069,6.64676572,11.58454942,702874.4005,570791.0365,614128.3256,1.2,1.5,1.3,404.126697,409.5166742,415.494201,0.749692279,0.626762282,0.462598001,0.246902275,0.365853776,0.525377004,20.70523135,24.40723065,12.97823261,9.500331308,3.7019993,11.20490004,735360.6166,573811.3618,612757.3516
1483,0.98,1.5,2.4,412.5575193,401.9888903,407.8489603,0.677533725,0.672973174,0.560077394,0.316090102,0.320307255,0.430148909,20.70523135,24.40723065,12.97823261,9.500331308,3.7019993,11.20490004,735360.6166,573811.3618,612757.3516,1.5,2.0,1.3,419.3450472,417.8019439,422.3649098,0.541041325,0.466868194,0.25669508,0.44384645,0.511573128,0.70658798,22.93921284,29.53666699,13.30080064,7.021696804,6.597454152,15.91751604,734898.9018,547637.0739,566053.2874
1484,1.9,1.5,0.9,429.3840536,419.678172,423.8498777,0.409235782,0.447252359,0.231968674,0.558336164,0.521755208,0.714629246,22.93921284,29.53666699,13.30080064,7.021696804,6.597454152,15.91751604,734898.9018,547637.0739,566053.2874,0.98,1.5,2.4,412.5575193,401.9888903,407.8489603,0.677533725,0.672973174,0.560077394,0.316090102,0.320307255,0.430148909,13.00059354,22.61290224,14.25553426,4.807095522,9.612308699,8.193498022,710198.0524,604791.1643,556545.7836
1485,2.0,0.74,1.4,400.3530266,400.5973125,406.7166416,0.696205731,0.693453009,0.593338885,0.298466146,0.301032078,0.398817074,13.00059354,22.61290224,14.25553426,4.807095522,9.612308699,8.193498022,710198.0524,604791.1643,556545.7836,1.9,1.5,0.9,429.3840536,419.678172,423.8498777,0.409235782,0.447252359,0.231968674,0.558336164,0.521755208,0.714629246,22.28920951,31.0567215,13.37348069,4.952698906,8.767511997,17.3365106,698723.2988,605861.8404,544149.503
1486,1.6,2.0,2.2,414.4404806,416.1327087,421.8694632,0.546915007,0.437343453,0.282832815,0.437444631,0.537198911,0.680524314,22.28920951,31.0567215,13.37348069,4.952698906,8.767511997,17.3365106,698723.2988,605861.8404,544149.503,2.0,0.74,1.4,400.3530266,400.5973125,406.7166416,0.696205731,0.693453009,0.593338885,0.298466146,0.301032078,0.398817074,16.56576493,21.45918091,13.97709882,9.230390327,4.893415983,7.335374599,691974.6652,605244.4643,551524.3524
1487,1.0,1.9,1.9,414.150104,416.8633783,420.8160871,0.662820231,0.540419264,0.313470338,0.330241065,0.446329682,0.66211957,16.56576493,21.45918091,13.97709882,9.230390327,4.893415983,7.335374599,691974.6652,605244.4643,551524.3524,1.6,2.0,2.2,414.4404806,416.1327087,421.8694632,0.546915007,0.437343453,0.282832815,0.437444631,0.537198911,0.680524314,15.53030227,20.707235,12.42785782,7.413265823,5.176932725,8.117036448,707585.5523,522459.2219,498907.7675
1488,2.0,1.8,1.1,410.9682416,409.6578787,415.1325964,0.579387332,0.522578687,0.359326117,0.408417579,0.461436966,0.616465787,15.53030227,20.707235,12.42785782,7.413265823,5.176932725,8.117036448,707585.5523,522459.2219,498907.7675,1.0,1.9,1.9,414.150104,416.8633783,420.8160871,0.662820231,0.540419264,0.313470338,0.330241065,0.446329682,0.66211957,25.54285495,30.82907113,12.68984609,7.75930099,5.286216183,17.78355396,734209.4647,598318.211,511800.6725
1489,1.1,1.7,1.2,436.5629408,424.1718931,429.4859442,0.39462694,0.406763037,0.198492189,0.570319563,0.55627272,0.738935536,25.54285495,30.82907113,12.68984609,7.75930099,5.286216183,17.78355396,734209.4647,598318.211,511800.6725,2.0,1.8,1.1,410.9682416,409.6578787,415.1325964,0.579387332,0.522578687,0.359326117,0.408417579,0.461436966,0.616465787,18.46411581,24.53870706,14.03783991,8.169148021,6.074591249,10.29496779,712216.101,494577.2011,564233.7462
1490,2.4,1.9,2.1,423.8547544,415.017907,419.9187464,0.419157336,0.447568268,0.255800352,0.549520155,0.522045515,0.695624185,18.46411581,24.53870706,14.03783991,8.169148021,6.074591249,10.29496779,712216.101,494577.2011,564233.7462,1.1,1.7,1.2,436.5629408,424.1718931,429.4859442,0.39462694,0.406763037,0.198492189,0.570319563,0.55627272,0.738935536,18.23005196,26.68996456,11.44164949,3.280723463,8.459912601,14.94932849,684804.437,492398.8678,595693.4535
1491,1.8,1.6,1.8,400.7059488,405.1245024,411.3175295,0.702302328,0.597956577,0.471901742,0.292637565,0.393065409,0.515268658,18.23005196,26.68996456,11.44164949,3.280723463,8.459912601,14.94932849,684804.437,492398.8678,595693.4535,2.4,1.9,2.1,423.8547544,415.017907,419.9187464,0.419157336,0.447568268,0.255800352,0.549520155,0.522045515,0.695624185,20.94483725,29.83378309,14.93697962,6.340127975,8.888945834,14.60470928,716258.4907,538915.739,614059.2606
1492,1.1,1.7,2.3,410.4854373,403.3734934,407.5835687,0.718132582,0.684495115,0.504561895,0.277698476,0.310113275,0.485614211,20.94483725,29.83378309,14.93697962,6.340127975,8.888945834,14.60470928,716258.4907,538915.739,614059.2606,1.8,1.6,1.8,400.7059488,405.1245024,411.3175295,0.702302328,0.597956577,0.471901742,0.292637565,0.393065409,0.515268658,17.4825727,21.42219134,13.64101435,9.853967811,3.939618635,7.62860489,727959.9412,495171.0899,557195.5272
1493,1.2,2.0,1.6,426.1079232,415.4255389,420.5013532,0.483304036,0.470846045,0.301213062,0.494169272,0.50402228,0.660858764,17.4825727,21.42219134,13.64101435,9.853967811,3.939618635,7.62860489,727959.9412,495171.0899,557195.5272,1.1,1.7,2.3,410.4854373,403.3734934,407.5835687,0.718132582,0.684495115,0.504561895,0.277698476,0.310113275,0.485614211,21.87763265,31.86364193,14.62888592,4.980813023,9.986009289,16.89681962,696602.7155,537041.2411,563391.8888
1494,2.3,1.6,0.71,414.0880824,418.5162341,425.4333919,0.481390295,0.392248645,0.257006812,0.495280021,0.574693886,0.698043049,21.87763265,31.86364193,14.62888592,4.980813023,9.986009289,16.89681962,696602.7155,537041.2411,563391.8888,1.2,2.0,1.6,426.1079232,415.4255389,420.5013532,0.483304036,0.470846045,0.301213062,0.494169272,0.50402228,0.660858764,14.26613972,23.09063003,12.98979165,4.363357002,8.824490306,9.902782719,696808.2738,585520.7571,492251.819
1495,1.8,1.0,1.7,398.4541331,400.0900216,405.5915233,0.748016302,0.705948318,0.588784296,0.248677747,0.289735374,0.404632692,14.26613972,23.09063003,12.98979165,4.363357002,8.824490306,9.902782719,696808.2738,585520.7571,492251.819,2.3,1.6,0.71,414.0880824,418.5162341,425.4333919,0.481390295,0.392248645,0.257006812,0.495280021,0.574693886,0.698043049,14.95847262,18.67966247,12.09623655,8.50413348,3.721189849,6.454339138,691990.8658,552573.7824,542681.4298
1496,1.8,0.72,2.2,396.0241166,392.3156387,396.0272016,0.806064778,0.817467139,0.710370331,0.192191666,0.180879678,0.286708322,14.95847262,18.67966247,12.09623655,8.50413348,3.721189849,6.454339138,691990.8658,552573.7824,542681.4298,1.8,1.0,1.7,398.4541331,400.0900216,405.5915233,0.748016302,0.705948318,0.588784296,0.248677747,0.289735374,0.404632692,19.38941814,23.71044532,14.11507326,9.982190626,4.32102718,9.407227516,730978.743,520406.9084,547857.5337
1497,1.0,1.3,2.3,396.6742408,398.9809635,404.308794,0.841790073,0.765287094,0.647323744,0.157063729,0.232347395,0.348745115,19.38941814,23.71044532,14.11507326,9.982190626,4.32102718,9.407227516,730978.743,520406.9084,547857.5337,1.8,0.72,2.2,396.0241166,392.3156387,396.0272016,0.806064778,0.817467139,0.710370331,0.192191666,0.180879678,0.286708322,25.39613195,34.05706186,17.05971056,8.732062045,8.660929911,16.6640699,731412.446,594171.9763,530898.6621
1498,1.4,1.5,1.0,411.0464289,401.0441043,406.217057,0.626897417,0.648136279,0.538039266,0.363858181,0.343270966,0.449822973,25.39613195,34.05706186,17.05971056,8.732062045,8.660929911,16.6640699,731412.446,594171.9763,530898.6621,1.0,1.3,2.3,396.6742408,398.9809635,404.308794,0.841790073,0.765287094,0.647323744,0.157063729,0.232347395,0.348745115,21.18692385,26.29508216,14.12680893,9.257244213,5.108158305,11.92967964,709024.3181,581438.0563,588399.4641
1499,1.1,1.7,0.75,432.5492139,426.2341287,432.5469799,0.402452885,0.355443401,0.189156228,0.560890234,0.598283118,0.742005535,21.18692385,26.29508216,14.12680893,9.257244213,5.108158305,11.92967964,709024.3181,581438.0563,588399.4641,1.4,1.5,1.0,411.0464289,401.0441043,406.217057,0.626897417,0.648136279,0.538039266,0.363858181,0.343270966,0.449822973,13.37138388,22.64126474,14.7790775,5.663357179,9.269880859,7.7080267,722545.8378,558972.9181,491912.2071
