instance,V1,V2,V3,T1,T2,T3,xA1,xA2,xA3,xB1,xB2,xB3,F1,F2,F3,Ff1,Ff2,FR,Q1,Q2,Q3,label
1,1.014467934,2.213724404,-0.133178619,-1.255275978,-1.298434854,-1.300122013,0.588500875,0.363265341,0.613636328,-0.635216284,-0.373966003,-0.647841998,0.069709353,0.635836797,2.134831018,1.275963724,1.237434007,-0.596932624,-1.004243923,-0.299196572,-0.386425753,8
3,0.760787531,0.614745781,0.727393714,0.305011182,-0.041619605,-0.148390718,-0.392164821,-0.237485351,-0.330725065,0.435324268,0.259442752,0.373111655,0.608460932,1.397337312,1.246168956,-0.325819569,1.782854671,0.872231984,1.344713653,1.856501501,0.461180599,6
4,-0.380774286,0.36874907,-0.121057882,0.061087812,0.519984935,0.446389369,0.086587088,-0.323755408,-0.562413442,-0.093221592,0.364851513,0.64874899,1.063076723,0.362617363,-0.872513893,0.447445857,-1.399474182,0.984440882,-1.623275681,-1.058321223,-1.795810217,5
5,1.39498854,0.614745781,-0.848302107,0.10562964,0.083963804,0.158992553,-0.557310426,-0.569590496,-0.384256727,0.597802729,0.597215942,0.386326511,-0.514914686,-0.431671595,0.493293578,0.441683572,0.121828141,-0.826192979,-0.200196212,-0.930445848,2.391545231,7
7,1.141308136,0.614745781,0.242564231,-1.812552107,-1.523252247,-1.555341928,1.280122813,1.145146114,1.085166613,-1.217642574,-1.014767042,-0.907248515,0.806461245,0.86220903,1.69716695,1.841490925,0.213394695,-0.05021532,-0.330108507,-0.421156665,0.309723772,1
8,0.380266925,-2.029718864,0.12135686,-0.524832346,-0.784856553,-0.844759652,0.488256793,0.979977173,0.99673832,-0.542590697,-1.086549908,-1.134878864,0.757535875,0.906582264,0.780150983,0.540526225,0.410409115,0.583871795,0.187984841,-0.75380382,-1.186170329,7
9,-2.156537112,1.660231804,-1.211924219,0.206716797,0.725540764,0.775434308,0.328070826,-0.397732058,-0.561280516,-0.373974008,0.449732376,0.65421754,-0.002657908,-0.646005173,-1.464990216,-0.307704369,-1.397455132,0.160219756,0.020032219,0.124966183,1.476386108,5
13,0.507107127,0.737744137,-0.714973999,-0.270432535,-0.575607889,-0.623828788,0.290085443,0.498568733,0.365016279,-0.298900344,-0.503543618,-0.352031138,1.018100418,1.532251086,1.290317246,0.311784809,1.233133194,1.004731314,0.70174028,0.120853471,1.723443966,2
14,-0.380774286,-1.59922462,0.836480348,-0.402406948,-0.617547676,-0.57604228,0.391715854,0.772212401,0.939876109,-0.4279188,-0.842725356,-1.05070839,-0.939293949,-0.859986721,-0.109756223,-0.237797765,0.06469557,-0.953412894,-1.611684551,0.655446189,-1.19306945,7
15,-0.761294892,1.352735915,-0.969509478,-0.333322954,-0.129545528,-0.211524587,0.525907434,0.198261672,0.060454896,-0.590799338,-0.216383671,-0.059093218,1.624353867,1.570456337,0.517227139,0.61575537,0.06891556,1.540245672,0.20718239,-0.51255971,-0.370455749,5
16,-0.532982528,-1.230229553,2.060674793,0.367356424,0.479016846,0.476114728,-0.023705695,0.007071267,-0.107485329,0.026978838,-0.008220316,0.12579722,-0.037679963,-0.528281721,-1.326219293,-0.481692588,-1.06974874,0.212288512,1.951649127,0.494622903,-0.473082305,1
17,1.42035658,-0.602937939,-0.121057882,1.289857861,0.791654104,0.802052006,-1.608060539,-1.116295905,-1.140948551,1.697052549,1.14746884,1.151386915,-1.200679767,-0.776704016,-0.376229247,-1.309023136,0.783283987,-0.685425546,-1.808134431,-1.368904125,-0.186711736,7
18,-0.380774286,1.832429502,-0.848302107,-0.93014548,-0.020993554,0.069725991,0.768671518,-0.240222493,-0.053402313,-0.767426142,0.316875136,0.143777335,0.141705096,-0.482389749,0.329008505,1.781407617,-1.339117432,-0.782382668,1.024965319,1.563739992,2.185035811,7
19,0.760787531,-0.861234486,-0.981630215,0.356411082,-0.246795057,-0.318242111,-0.453586881,0.221730391,0.212034737,0.471762873,-0.255354016,-0.251282328,-0.362147962,0.210682524,0.35903224,-0.827826566,1.202549713,0.023021921,0.627452167,0.693183972,-2.355963361,6
20,0.126586521,1.352735915,2.07279553,-0.34940604,-0.07502613,-0.025064122,0.232529891,-0.177214602,-0.11899569,-0.235161256,0.203870485,0.146137064,0.233665583,0.077075699,0.276569088,0.663753637,-0.313313466,-0.083634659,-1.188049301,-1.547327429,2.06844034,4
21,-0.63445469,-0.000245997,-0.727094736,-0.175326645,-0.485831061,-0.502199205,0.370270211,0.590473976,0.570956188,-0.394956903,-0.61830649,-0.601910908,-0.087218145,0.471454317,0.658314235,-0.459364427,1.20327824,0.143503144,1.056558179,0.575001271,0.037541084,6
22,0.633947329,-1.107231197,0.363771602,0.110088001,0.350275925,0.325469548,-0.174258836,-0.178135888,-0.277701447,0.189019443,0.190511367,0.305698096,0.586993509,-0.030161788,-0.623091614,0.594711948,-1.273068005,0.359103875,-0.705868716,0.834431403,-0.731202586,6
24,-0.761294892,0.03665351,1.187981723,-1.028106012,-1.107010324,-1.103920506,1.228706666,1.206374611,1.268053396,-1.276835012,-1.243092389,-1.299176911,0.068589127,0.295931091,0.601943306,0.204267493,0.501568709,-0.029554712,0.432677567,0.544537471,-0.155708875,5
25,1.521828742,1.180538217,0.363771602,-0.456041625,-0.494765816,-0.56403826,-0.000423594,-0.055200933,-0.058404736,0.001770764,0.063789829,0.069934933,1.3150512,1.692208671,1.754609734,1.151079535,0.969622864,0.900688643,0.212755692,-2.02436802,0.199958529,6
26,-0.127093882,-0.750535966,-0.605887365,0.290990052,0.439733378,0.462089347,-0.202736297,-0.2298974,-0.342063798,0.225606094,0.254372232,0.389012158,-0.00750019,-0.556327307,-1.085184299,-0.065496238,-1.192741035,0.026133263,-1.749196698,0.151650654,0.600658956,8
27,-1.852120628,0.750043972,-1.151320534,0.234627616,0.17898614,0.141560969,0.310615275,0.100831161,0.016851249,-0.346984992,-0.109247451,-0.01257201,-0.281738539,0.131005817,-0.494916249,-1.495205588,0.864097943,0.469567776,0.732551066,0.924387368,-1.329665296,5
28,1.217412257,-0.615237775,1.878863737,0.438782834,0.293540721,0.330436845,-0.88582654,-0.581864203,-0.429162909,0.960945745,0.613445063,0.437260558,-1.080999316,-1.154242577,-0.008923275,0.235375822,-0.282819956,-1.367360639,0.868008467,0.609690125,-0.554124284,6
29,-0.00025368,0.36874907,-1.090716848,-0.391724906,-0.081803993,-0.097850456,0.424697278,0.150573708,0.061849503,-0.448741783,-0.142379896,-0.035714204,1.028633556,0.734226034,0.230291513,0.857239913,-0.521598682,0.727407348,0.079296573,0.234752889,0.951251425,3
30,0.507107127,-1.07033169,-0.121057882,0.205682179,0.303481357,0.351568161,-0.322700439,-0.172500725,-0.145770646,0.344025983,0.174699239,0.140243268,-0.429181016,-0.847071314,-0.666030953,0.173638091,-0.956663016,-0.585422722,-0.638627002,-0.661838043,0.227977976,8
31,-1.141815497,1.930828186,-0.630128839,0.516457831,0.159630594,0.10691844,-0.288988521,-0.45419731,-0.400850389,0.298628707,0.460495627,0.389480888,-0.409086918,0.486978756,0.355088042,-1.553608256,1.899142539,0.354187468,0.815901094,0.190390771,-0.687791981,8
32,-0.596402629,-0.861234486,0.630427817,-1.107569024,-0.941314648,-0.917895894,1.294999473,1.282488419,1.297905533,-1.406214386,-1.356360172,-1.371479332,0.366796977,0.028844997,0.142859809,0.900513277,-0.691934161,-0.056247654,0.289990308,-0.865228532,-0.062349691,7
33,1.230096278,0.122752359,-0.557404417,0.769178469,0.572075675,0.596352813,-1.087172511,-0.885961782,-0.900728249,1.192439749,0.952349764,0.977011316,-0.317183646,-0.052822654,0.223563088,-0.301547082,0.537797332,-0.204552979,-0.140222728,1.049503297,1.595085371,7
37,1.014467934,0.245750715,1.818260051,-0.165534523,-0.175392368,-0.067866103,-0.194123582,-0.211715686,0.019751085,0.199282443,0.204854457,-0.046896143,-1.236795573,-1.135648985,0.327064854,0.257614867,0.078064389,-1.558228259,-0.680082632,-0.179900932,1.489744931,4
39,-0.127093882,-0.430740241,1.163740249,0.768451076,0.238017721,0.237366131,-0.610798259,-0.148609671,-0.185632918,0.653419825,0.136083324,0.174037989,-0.486615712,-0.110589716,-0.256287519,-1.112302191,0.760901665,0.03091177,-1.272013865,0.065835879,-0.252607777,6
45,-0.012937701,0.577846275,0.836480348,-1.038742904,-1.252122375,-1.277802306,0.594448129,0.657755138,0.978595046,-0.669835796,-0.737110633,-1.13014979,-0.26188592,0.423538405,1.78373308,0.614191098,1.458547138,-0.626906298,-0.016919972,-0.126984275,-1.183483563,1
46,1.433040601,0.737744137,-0.95738874,2.139007245,2.345227922,2.286877457,-2.17945065,-2.300396092,-2.404379449,2.204386538,2.296569205,2.350154566,1.096840327,0.704340714,-1.443794913,-0.927970572,-0.726815642,1.753073701,0.645889198,1.618639626,2.038602466,5
47,-1.395495901,-1.168730375,0.957687719,-0.715259787,-0.378019995,-0.387262855,1.252549574,1.093291272,0.675020992,-1.168463544,-0.957947896,-0.388579801,0.364050363,-0.279516162,-0.643730081,0.64614307,-1.355948668,0.075569872,-0.486333963,-0.705970404,-1.570323748,7
50,0.760787531,0.245750715,2.15764069,0.744315337,1.044313086,1.128463911,-0.989857032,-1.243747157,-1.220441651,1.097164893,1.367238087,1.371353187,-1.431525688,-2.05921825,-1.353753703,-0.101733152,-1.527042019,-1.591366734,-0.141607858,-0.226730394,-0.752688371,6
52,-0.380774286,-0.393840735,0.606186343,-1.737754631,-1.84816242,-1.89802564,1.673639958,1.772760322,1.455734746,-1.339313027,-1.459912578,-0.982255291,0.912535923,1.317458411,1.208613088,0.467034966,0.983837882,0.801019824,-1.785258176,0.670810869,-0.124413236,5
53,0.760787531,0.528646932,-0.848302107,-0.968295861,-0.83837732,-0.792152474,0.452823644,0.383893746,0.71249356,-0.501421601,-0.422092607,-0.812102044,-0.366486606,-0.250095565,1.655846308,1.744979846,0.210808016,-1.347152135,1.712416071,0.394757146,0.36566838,8
54,-0.00025368,-0.000245997,1.57584531,0.812059707,0.756724582,0.754598218,-0.637458743,-0.623656401,-0.816037235,0.70040942,0.68281515,0.921256585,0.048275924,-0.059389115,-1.088487662,-1.062655309,-0.228288218,0.619354911,-1.537833737,0.236738227,0.638203219,6
55,-0.507614488,-0.221643037,-0.121057882,0.425095972,0.138895586,0.113332624,-0.256446959,-0.03994117,-0.061349544,0.265399923,0.028340376,0.048228017,-0.415763482,-0.162057503,-0.278332933,-0.869787813,0.503372031,-0.016336441,0.253481933,0.606839292,-1.303981799,8
56,-1.382811881,1.451134599,-1.090716848,-0.934350343,-0.07357892,-0.125189101,1.186060786,0.306448281,0.174039257,-1.297622714,-0.308504676,-0.151392482,1.702544404,0.775147754,-0.145581848,1.776206907,-1.819102119,1.014354336,1.405790219,-0.796628425,-0.576054606,5
58,-1.014975295,-0.123244352,-0.121057882,-0.345486209,-0.792991652,-0.876994558,0.791048397,0.95295434,0.540736412,-0.657469125,-0.735294235,-0.240942474,0.75351296,1.36034696,0.66940113,-0.617737417,1.404121343,1.193848012,0.231947851,-0.609926415,0.32613008,7
59,1.775509146,-1.537725442,-0.848302107,-0.549116514,-0.334157889,-0.315791924,0.073802681,0.301736863,0.338167955,-0.077879086,-0.314238466,-0.349469939,0.268547499,-0.344028982,0.115856935,1.491341337,-1.299581555,-0.482678666,-1.227741238,-0.217291942,-0.525903323,8
60,-1.395495901,0.430248248,-0.121057882,0.156136259,0.412817758,0.366723756,0.252453495,-0.070811934,-0.20914731,-0.262083394,0.091377408,0.249261776,0.580753188,0.448733222,-0.42928993,-0.26085889,-0.220218868,0.805916058,0.845167877,1.832364421,-0.3303205,5
61,0.760787531,-0.123244352,1.454637939,0.486774211,-0.406166587,-0.370350343,-0.740914395,0.005451011,0.21336624,0.717441336,-0.078409399,-0.328722553,-1.482854303,-0.634855221,0.585043543,-1.089843988,1.671826453,-1.126048934,0.03557718,-1.247600172,-0.545398092,6
62,-0.63445469,-0.529138926,-0.605887365,-1.419719188,-0.979988454,-0.935637,1.436402158,1.129708284,1.25610206,-1.483466753,-1.165180496,-1.31651496,0.410624464,0.090178513,0.507233111,1.293249143,-0.648898901,-0.214268023,0.459794739,-0.584818112,0.881958465,6
63,-0.748610871,1.512633777,-0.484679994,1.813366323,2.231707938,2.156382841,-1.504042643,-2.061896379,-2.114027698,1.553317658,2.081589691,2.093234676,0.49591777,0.200258641,-1.63633685,-1.329591566,-0.585304793,1.275501952,-1.124187814,2.035473722,0.030179037,5
67,-0.380774286,1.770930324,1.49100015,-0.763200884,0.315329539,0.329178713,0.469347368,-0.56138199,-0.324057864,-0.386618044,0.639437626,0.402613543,0.500315299,-0.454895766,-0.251955913,1.80249954,-2.017143708,-0.381399724,-0.090217343,1.048758346,-0.190803394,6
69,0.253426723,-0.553738597,-0.484679994,-1.460220515,-0.321150166,-0.346364923,1.173665297,0.483370274,0.315237534,-0.931083586,-0.282073438,-0.038565619,1.397703679,0.413604799,-0.150865828,1.920087469,-1.977141503,0.587634253,-0.730832801,-0.477657779,0.020008303,7
70,-0.127093882,0.03665351,0.848601085,-0.650753769,-0.988927361,-1.005579967,0.604648308,0.843415703,0.993756878,-0.655438395,-0.913628465,-1.09672971,-0.200056938,0.396678076,1.026006709,-0.096885675,1.273019942,-0.178529211,-0.549748157,0.393103606,-0.737260354,5
72,0.874943712,0.122752359,0.606186343,-0.076378728,-0.511803822,-0.595412074,-0.31143362,0.140325626,0.215813548,0.350397187,-0.157753494,-0.250085577,0.004143309,0.555274009,1.041486564,0.008382723,1.197359397,0.000314127,0.117419502,-0.208286824,-1.409003238,8
73,-0.00025368,-0.492239419,-0.739215473,0.428648618,0.300672129,0.275621026,-0.249564279,-0.101496593,-0.26843927,0.275069353,0.107486092,0.302065932,0.359771982,0.397097957,-0.418865041,-0.611311705,0.122248973,0.737885453,-2.139173393,0.355249554,0.457316195,8
74,0.760787531,-0.725936295,1.466758676,-0.685181958,-0.600088681,-0.555562919,0.304009537,0.450883267,0.641203071,-0.335443806,-0.500807811,-0.734494759,0.012541775,-0.160594478,0.736629999,1.267199828,-0.37456243,-0.657988843,1.973924269,-0.691581762,0.627415874,5
76,0.380266925,-0.332341557,1.684931944,-0.855644509,-0.70929871,-0.733604827,0.861698618,0.824758242,0.612993115,-0.811915766,-0.771649284,-0.494895083,1.463047128,1.490752807,0.801539359,0.784684542,0.227665223,1.265207493,0.95179045,0.265279535,1.613636785,1
78,1.902349347,0.356449235,0.727393714,0.734878935,0.271613677,0.316771734,-1.448630138,-0.988875318,-0.809427687,1.491269106,1.003745193,0.800701597,-1.211227708,-0.834646973,0.578116282,-0.061865966,0.679149119,-1.359317878,0.358284238,-0.82815848,-0.041356607,6
79,-1.776016506,0.454847919,-0.727094736,-1.269756832,-0.55966535,-0.630738694,1.731677582,1.058199921,0.869465011,-1.811872607,-1.079205454,-0.865311367,2.539038103,1.776171562,0.014274307,1.535008798,-1.366027672,2.103777689,-1.796452928,0.133969868,0.396654416,7
81,-0.926187154,-0.73823613,-0.484679994,0.186527415,-0.641101838,-0.583059067,0.151604303,0.639994777,0.845752444,-0.165238462,-0.687451768,-0.92123132,-2.300411315,-1.454711377,-0.07582244,-1.812297854,1.573235338,-1.682372265,0.852152193,-0.874212962,-2.029018608,6
82,1.052519995,0.36874907,-1.272527905,0.328148451,0.628202366,0.592139888,-0.663260244,-0.719325815,-0.826347786,0.690590538,0.736817761,0.851905376,1.027883645,0.81946723,0.087195604,0.493573639,-0.334938506,0.919514705,-0.83291482,1.117689271,1.457525718,7
84,0.380266925,1.56183312,2.254606586,-0.456941809,-0.42245851,-0.498174958,0.168230001,-0.125672196,-0.085113034,-0.121029412,0.175212668,0.145113283,0.614312205,0.928266171,0.8626212,0.280205362,0.752140282,0.557387162,0.802764462,-0.392592075,-0.373383013,6
88,-0.67250675,-0.393840735,1.806139314,-2.377224596,-2.023667159,-2.060440957,2.16855992,1.968953049,1.807212983,-1.815430536,-1.636559455,-1.354608428,0.56106664,0.455856622,0.826344885,1.18057401,-0.164249786,0.018433159,-0.446939321,-0.489122339,-1.311134365,5
89,-0.177829963,1.500333942,-1.99977213,1.060214974,1.515967534,1.365313192,-1.085630573,-1.614214568,-1.709543662,1.158683536,1.677043214,1.748137341,1.55555525,1.360156457,-0.465964021,-0.236390443,-0.246257736,1.913338011,0.695182107,1.404728539,-0.868531978,5
90,0.342214865,-0.123244352,-0.060454196,-0.804310254,-0.794001569,-0.667231621,0.725211284,0.666842348,0.662925006,-0.759530618,-0.644024544,-0.584400957,-0.972513655,-0.996013742,0.546586279,0.779288816,-0.162373213,-1.531282918,-0.898035197,-0.168858219,1.854932611,8
91,-0.00025368,-1.648423962,2.181882164,-0.76078542,-1.453228179,-1.487655723,0.714657988,1.504710385,1.682442081,-0.80028553,-1.663063222,-1.903726051,0.334152959,1.151910974,1.261192962,-0.351850166,1.814172456,0.570763821,-0.003744,-1.208803456,-0.130169701,5
92,-0.418826347,2.016927035,-1.575546332,1.116151864,1.735298962,1.659762918,-0.930980936,-1.704628972,-2.01983167,1.034710771,1.866854322,2.247882601,0.6019906,-0.099671744,-1.4307151,-0.18180461,-1.454874171,0.788377709,0.617490912,0.546025892,-1.496302053,5
94,0.380266925,1.475734271,0.242564231,-0.109435666,0.210997589,0.250977138,-0.127574482,-0.550016666,-0.384919089,0.081300655,0.514232151,0.340361897,-0.090651515,-0.25785873,-0.016435012,0.362071391,-0.373500486,-0.296314872,0.192001048,-1.810102546,0.765214818,6
95,0.126586521,-0.73823613,-0.242265253,-1.061104962,-0.378625803,-0.498023345,1.084747002,0.67622299,0.343521933,-0.894491677,-0.49340294,-0.096552769,2.119792501,1.613630552,0.460335311,1.524159838,-0.856542234,1.627667272,0.761576487,1.761755323,-0.950869778,7
99,0.253426723,-0.197043366,-0.242265253,-0.214308869,-0.010640711,0.005034896,0.142147601,0.035107941,0.034291526,-0.118975996,-0.006820956,0.011319471,0.178300022,-0.109552328,-0.000437325,0.631281521,-0.604713382,-0.130039601,0.610121043,0.221941284,0.444955059,8
100,-2.156537112,1.266637066,-0.484679994,-0.219592536,0.161041632,0.225125645,0.694844442,-0.006921339,0.045743367,-0.689984393,0.051705646,0.021513143,-0.874809432,-0.838926437,-0.346082544,-0.427659349,-0.022225888,-0.778551801,-1.679519951,1.743810273,0.555029076,5
101,1.268148338,0.614745781,0.606186343,-0.118581309,-0.079558228,-0.111552006,-0.463667578,-0.389427556,-0.224448584,0.471017263,0.356525001,0.156776196,0.293112809,0.173414662,0.332701608,0.643608435,-0.226390228,-0.004618486,-0.378758634,-1.162571815,-0.773222389,7
102,-0.380774286,-0.123244352,-0.484679994,-1.233199035,-1.693616712,-1.62477773,1.328484263,1.689418443,1.724380726,-1.413603997,-1.723843253,-1.750027895,-0.353305785,0.320794108,1.71916107,0.569358281,1.423487773,-0.708192013,0.405083069,0.289595391,1.69660678,8
104,-0.063673781,1.943128022,-0.290748201,-2.156896721,-2.278278871,-2.282690611,1.630469496,1.472684503,1.744342874,-1.763421516,-1.561634412,-1.841556388,0.462747265,1.268930254,2.741257449,1.432522467,1.803757217,-0.22826126,2.28978907,0.075842396,-0.555733455,8
105,0.71005145,-1.230229553,1.333430568,-0.04066605,0.120536534,0.179852339,-0.146305066,-0.036703559,0.031273635,0.167233663,0.04146343,-0.037498992,-0.457558977,-1.104073394,-0.504621848,0.881139831,-1.456412591,-0.993455317,-1.181753276,1.435837018,0.714656658,3
106,1.39498854,1.229737559,-0.363472623,1.614169496,1.284653901,1.261978469,-1.804542741,-1.67090053,-1.731279052,1.879439311,1.714246847,1.776935671,-0.36315463,0.206784675,-0.257004891,-1.557217927,1.196155717,0.408895899,0.584971713,0.00414126,1.089844926,5
107,-1.141815497,-0.246242708,0.848601085,-1.371715762,-1.054949144,-0.993019465,1.497975713,1.181450795,1.221000708,-1.532595296,-1.165845745,-1.189590337,-0.074494081,-0.463700554,0.232594645,1.156025856,-0.85376428,-0.699033654,-1.519026338,-1.767793831,0.126131695,7
108,-0.976923235,-0.984232842,-0.484679994,-0.067170419,-0.31348583,-0.390428357,0.441139401,0.700030077,0.674861166,-0.500217169,-0.787464192,-0.778952,0.599472636,1.030638698,-0.040018695,-1.059774408,1.00498971,1.251353626,0.222994258,1.399745775,-1.379022407,7
109,1.991137489,-0.553738597,-0.484679994,1.439764608,1.390206619,1.397986765,-1.753970749,-1.505461844,-1.701862521,1.868519887,1.587207082,1.802545708,-0.063608616,-0.471555542,-0.772275936,-0.00325521,-0.893216511,-0.071382366,1.60061006,-0.695038166,1.191324498,5
110,-1.014975295,0.03665351,0.848601085,0.578402465,1.106682361,1.10178029,-0.33023734,-0.722524704,-0.53151757,0.274216786,0.667657268,0.387393222,0.025877872,-0.556811135,-1.148547529,-0.06780909,-1.262457279,0.065724162,-0.152752448,0.433980668,-0.314745857,5
111,0.633947329,-0.000245997,0.242564231,-1.649956954,-2.194285445,-2.201754055,1.423885851,1.783483742,1.684582322,-1.397748338,-1.75817605,-1.560752477,0.209933373,1.132826706,2.117529054,0.444885829,2.028272491,0.005224365,-1.871030919,0.848908191,-0.469372829,5
113,-1.192551578,-0.012545832,1.454637939,-2.343250994,-1.762349469,-1.851683263,2.380802112,1.974398868,1.786379532,-2.144610539,-1.736947975,-1.426796833,1.717648776,1.194666957,0.722603814,1.905631068,-0.939109236,0.963039512,1.585676959,0.3686077,-1.397287228,5
114,1.572564823,-0.18474353,-1.757357388,0.514235845,-0.013844304,0.019275568,-0.950695399,-0.526464368,-0.446074692,1.052254311,0.569652954,0.482808079,-0.976877873,-0.173826713,0.818281648,-0.748749015,1.632140249,-0.725488711,0.43903427,-0.018017164,0.911077482,1
116,0.760787531,-2.300315247,1.212223197,-0.143367755,-0.043813608,0.121491776,-0.006071128,0.299724978,0.34167188,-0.048800024,-0.345743759,-0.370764958,-0.800450413,-1.503075983,-0.700095387,0.799366051,-1.617524579,-1.344172504,-0.320224588,-1.449509188,1.518373399,8
118,-2.359481435,0.282650221,1.478879413,0.815146312,1.121011034,1.197373469,0.037249429,-0.432084183,-0.569576785,-0.042895012,0.480312242,0.648340124,-1.314557666,-1.647627911,-1.988879321,-1.529821174,-0.873822573,-0.699152793,-1.796583849,0.619490081,0.42063967,2
119,1.090572056,0.430248248,-0.484679994,0.070167509,-0.399293446,-0.389765169,-0.705722783,-0.327289126,-0.131766125,0.757382785,0.332612256,0.108094904,-0.425963387,0.042025406,0.911016046,0.071464842,0.96756014,-0.527509123,2.125901681,-1.277727934,0.068507112,7
120,0.380266925,0.491747426,0.606186343,0.381568436,0.73163072,0.693170922,-0.476963394,-0.730564357,-0.744278164,0.469528924,0.719636592,0.707635719,0.888475468,0.658357399,-0.165110666,0.251360613,-0.398027928,0.887807058,-0.546960652,1.382775409,1.248067194,7
122,-0.888135093,-0.529138926,1.091015827,1.217742034,1.522295195,1.521703614,-0.839395853,-1.041212866,-1.193147624,0.908466716,1.11046339,1.271800642,-0.380278822,-0.873284058,-1.852811281,-1.079460291,-1.114190805,0.135705263,-1.273580116,-0.735875985,-0.233956649,5
123,-0.63445469,2.0046272,-1.53918412,-0.807400096,-1.172854155,-1.186308091,0.933460766,0.787462627,0.794266625,-1.015105828,-0.829138911,-0.817934939,0.26115996,1.301435737,1.526566134,-0.528132564,2.289055451,0.580407365,0.169397207,0.748191653,0.94741266,6
126,0.887627733,0.860742493,-0.775577684,-0.896951742,-0.578642946,-0.551777905,0.470656372,0.216709726,0.276761485,-0.431163806,-0.159964314,-0.183555682,0.22522681,0.160502044,0.939222378,1.250089778,-0.114777021,-0.404456688,-1.09759473,1.044847949,0.867715126,8
127,-0.888135093,-0.123244352,1.381913517,0.570875921,0.957165516,0.995773072,-0.408214502,-0.746297443,-0.542971102,0.364507793,0.65369032,0.381854691,-0.44896206,-0.949234162,-1.218467927,-0.30015115,-1.137835396,-0.356755467,1.51270254,-0.902478776,-0.324359438,8
129,1.230096278,1.660231804,0.012270226,-1.469034848,-1.101196523,-1.044585687,0.777028902,0.299440891,0.350282219,-0.744409792,-0.210071445,-0.175970038,-0.140140688,-0.32263449,1.30135841,1.974389729,-0.412363989,-1.208727478,-0.652295116,0.554790969,0.139534921,6
130,0.253426723,-1.59922462,1.587966047,0.556667753,-0.058555373,-0.058984268,-0.44359548,0.291013709,0.229878513,0.441983771,-0.334198431,-0.275134074,-0.577991141,-0.149617407,-0.12022699,-1.060191877,0.864123601,-0.101763017,1.504313355,0.16979548,-0.504223123,1
131,-0.127093882,1.106739204,-0.363472623,-0.932323224,-0.779712064,-0.765533631,0.874853756,0.562890678,0.583577022,-0.901401683,-0.547978435,-0.558211324,0.46689745,0.477652935,0.813992089,0.91297652,0.076810375,0.052191269,-1.501680737,-1.876688,1.036331629,8
135,1.141308136,-0.246242708,-0.484679994,-0.928726376,-0.723402831,-0.810324269,0.637398726,0.637388441,0.534389471,-0.621300342,-0.627479194,-0.502801754,1.31834648,1.379132066,1.068314285,1.040184319,0.282938462,0.963319554,1.990713261,-0.762554184,-0.545392502,5
136,-0.63445469,0.614745781,-0.702853262,-0.723153585,-0.273101177,-0.202098633,0.663718637,0.221026657,0.392978878,-0.725609489,-0.225948934,-0.422105098,-0.379116257,-0.946039242,-0.152754797,1.117132389,-1.274584149,-1.028518646,-0.699255286,-0.3446525,0.3051382,6
137,-0.507614488,-0.369241064,0.460737498,-0.272836876,-0.682091426,-0.6511051,0.273678329,0.594590153,0.720353428,-0.308994918,-0.667748401,-0.834346345,-0.538815094,0.158669972,0.79351111,-0.57484971,1.453035072,-0.314268527,-0.885717924,-1.165823758,0.900370095,7
138,-0.532982528,-0.799735308,1.091015827,0.673421333,0.924067948,0.880913147,-0.076591179,-0.173288457,-0.481613755,0.086954935,0.196053614,0.563961391,0.893947795,0.139206473,-1.859217245,-0.596826794,-1.536720515,1.344163561,-0.072515632,0.345820935,-0.285554531,8
139,2.181397792,0.553246604,-0.121057882,0.85680318,0.838065414,0.855484097,-1.665249986,-1.605168426,-1.392703998,1.71257556,1.628820377,1.386809371,-0.914293611,-0.884662706,0.160575149,0.194624551,-0.040323839,-1.154131067,1.330506396,-0.000315321,-1.131141098,6
140,-2.131169072,1.229737559,0.484978972,-0.842392563,-0.570225842,-0.610604229,1.460744508,0.914095064,0.644604144,-1.483047964,-0.861736382,-0.540011918,1.238168757,1.317252244,0.461599041,0.280421909,0.313496675,1.274312469,-1.578223817,1.123958432,1.629467163,7
141,1.115940096,-0.123244352,-0.242265253,-0.415563332,-0.539347869,-0.51678529,-0.02925298,0.189569828,0.424930271,0.034044138,-0.206401867,-0.480202472,-0.590455672,-0.514874558,0.70542927,0.718007114,0.096540386,-1.059640621,1.101574388,-0.692364085,-1.039048972,5
142,-0.380774286,-0.73823613,-0.969509478,0.64847238,0.869859868,0.833922087,-0.394767248,-0.492410562,-0.713116719,0.435694204,0.531026647,0.788531594,0.486355134,0.096941098,-1.070652708,-0.442894599,-0.790006171,0.794010166,-0.499237754,1.205238326,-0.205170565,2
143,-0.00025368,-0.492239419,-0.811939895,0.120464553,-0.508067998,-0.559624988,0.072426669,0.588491503,0.525911307,-0.078081919,-0.644715486,-0.581255337,0.247449297,1.132340769,0.590636133,-1.296865641,1.95003924,0.972555365,0.875258891,0.256424148,-0.49788339,6
144,-1.027659315,0.983740848,-0.096816408,-0.625101737,-0.560150916,-0.488291062,0.695400923,0.387162498,0.649445252,-0.779076547,-0.425562467,-0.736034039,-1.108670276,-0.963953486,0.351423167,0.179339431,0.1873538,-1.369430597,-0.179209701,-0.708669286,0.519663263,7
146,-1.522336103,0.491747426,0.000149489,-0.706220786,-0.402878082,-0.310190331,0.952035446,0.556848632,0.697860857,-1.042542813,-0.594527799,-0.76269197,-0.398441914,-0.638358816,-0.151025801,0.3875841,-0.5666408,-0.66361664,-1.471553288,0.494936253,1.834098641,7
147,0.633947329,-0.910433828,-0.605887365,1.156060406,1.022723861,0.942515951,-1.037655026,-0.767562283,-1.077322484,1.132675286,0.820449551,1.174977515,0.771471132,0.624192521,-0.884283957,-0.784649991,-0.231521552,1.303056008,0.556282365,-0.655809271,-0.510416801,8
148,0.253426723,0.909941835,-0.775577684,-1.154635896,-0.751014626,-0.712527253,0.782590293,0.369086132,0.624703087,-0.84533062,-0.376391176,-0.656664434,-0.358836263,-0.802071919,0.58210937,1.71622251,-1.00365185,-1.323099811,0.424163243,-1.193406396,-1.284935038,8
149,-1.37012786,-0.898133993,0.775876662,0.417882328,0.221436039,0.164827068,0.314249494,0.528864012,0.318567785,-0.354029428,-0.590403677,-0.358565394,0.609259742,0.793797879,-0.886679317,-1.519092299,0.470510787,1.506326723,-1.040181249,1.001618142,-0.226774307,7
150,-0.012937701,0.048953346,0.242564231,-0.306687151,-0.534074899,-0.498910375,0.134255183,0.240776593,0.475387844,-0.152897466,-0.272681379,-0.555269172,-0.915061218,-0.46352915,0.653098926,-0.162734829,0.875826832,-0.965390625,0.886073654,0.62934344,-0.149142891,5
151,0.215374663,1.709431146,-0.484679994,1.184702717,1.725250301,1.700126493,-1.410245685,-2.042071903,-2.077323333,1.522181932,2.13834829,2.158803575,0.490847072,0.032134038,-0.773044772,0.06765612,-0.939987853,0.528263672,0.507653936,-1.186504099,1.030100381,5
152,-0.165145943,-1.685323469,0.848601085,-1.583480472,-1.871241674,-1.791036807,1.551638201,2.093111018,2.184114706,-1.683788686,-2.195669762,-2.283299009,-0.362755713,-0.463278462,0.669270883,1.052358533,-0.259834372,-0.975343949,-1.588256709,-0.774895011,-0.158635642,8
154,0.253426723,-0.615237775,-0.872543581,0.404105492,0.801110583,0.674900269,-0.374435945,-0.489990812,-0.640963925,0.353870524,0.452185637,0.554108102,1.822481813,1.406392414,-0.750147738,-0.10135851,-0.694970213,2.148483731,-0.027861604,-0.316841931,-0.913396879,1
157,0.342214865,0.971441013,-0.714973999,0.2561176,-0.059760007,-0.015299937,-0.437128491,-0.417482937,-0.352010748,0.493688672,0.468669262,0.404677365,-0.650475665,-0.057250912,0.779918432,-0.348905512,1.213830521,-0.562498451,0.86139132,-0.460697089,1.334388771,7
158,0.621263309,-0.000245997,-0.08469567,1.479410957,2.101071029,2.002462937,-1.558050387,-1.848042604,-1.893212264,1.557414591,1.811041565,1.797985014,1.235383368,0.418924338,-1.441296957,0.014950127,-1.631662963,1.411976169,-0.340963443,1.323897473,-0.205221201,5
159,-0.913503134,-0.369241064,0.557703395,-2.07696968,-2.188820395,-2.143100602,2.118283229,2.223744773,2.248885079,-2.191636427,-2.231380616,-2.206261878,-0.302154139,-0.158492805,1.305899949,1.260911713,0.277395744,-1.016353372,0.619805471,0.450879382,-1.03588089,5
160,0.532475167,-0.123244352,1.333430568,0.057310661,-0.157588172,-0.177313806,-0.186956699,-0.020709859,-0.019790112,0.213796425,0.02297059,0.022401906,-0.038527734,0.293584232,0.378963858,-0.288877057,0.716833394,0.109001975,-1.106326472,-1.033668823,-0.194611655,5
161,0.253426723,1.106739204,-0.121057882,0.391473045,0.738821778,0.663738761,-0.271800087,-0.633945416,-0.948431561,0.307913033,0.712522313,1.097576452,1.731792827,1.288964545,-0.168132892,0.660754427,-0.763421318,1.639854997,1.549541693,1.14983132,0.241594372,7
162,1.014467934,0.36874907,0.12135686,0.310089656,0.110394487,0.126394459,-0.591065655,-0.484657644,-0.403225874,0.652957813,0.52148207,0.430640794,-0.756892218,-0.393449052,0.244259935,-0.465652881,0.70263303,-0.622861432,0.241918568,-1.997300725,0.195148436,7
164,-0.469562427,-0.590638104,0.000149489,-0.798819787,-1.375168976,-1.28259615,0.971995275,1.461126226,1.593180537,-1.052693555,-1.559934845,-1.72165427,-0.483479519,0.140061321,0.910872984,-0.273065689,1.29878623,-0.410800838,0.019852864,0.338522133,2.308522789,7
165,0.342214865,0.713144466,0.484978972,-0.253867306,-0.189655416,-0.232304151,0.040711512,-0.067986908,-0.059795908,-0.045454172,0.077862544,0.070838774,0.333149792,0.455897637,0.648828181,0.47472653,0.304710953,0.13101114,-0.522901145,-0.492662408,-0.441637328,6
166,-0.304670165,-0.123244352,0.606186343,0.684944217,0.580792638,0.518794039,-0.37142585,-0.381581296,-0.601276657,0.415400797,0.422087378,0.686079994,0.119213857,0.106124446,-0.901193562,-1.056293039,-0.014777936,0.697512679,-0.640395777,-0.952506008,-1.586191823,8
167,0.431003006,-0.430740241,0.12135686,-0.471329423,-0.322413679,-0.257047557,0.227583715,0.28983057,0.412779651,-0.253394551,-0.320174036,-0.468652395,0.11381276,-0.161742924,0.301176594,0.968920446,-0.585391669,-0.383317736,-0.362646077,0.345822623,1.851877111,8
168,-0.62177067,0.430248248,-0.605887365,-0.064290315,-0.209034309,-0.249355913,0.279672531,0.243547736,0.24321131,-0.315558679,-0.272472254,-0.278507065,0.18269667,0.655763518,0.354537689,-0.650796653,1.0482706,0.555312487,0.472103499,0.415501319,-0.229297827,5
169,1.509144722,0.614745781,-1.175562008,0.35150074,0.755478027,0.713612979,-0.731575967,-0.971881856,-1.16937463,0.816479941,1.073206504,1.318325849,1.328303122,0.614113424,-0.04532021,1.446353732,-1.398927753,0.759241017,0.702323479,-0.456908588,0.424899706,7
170,-1.776016506,-0.123244352,1.660690469,-0.705458785,-0.609654648,-0.492882719,0.92979005,0.776987501,1.035568679,-1.042927203,-0.852867597,-1.163506788,-1.541625787,-1.636442433,-0.395981643,-0.143787552,-0.382405521,-1.695597185,-1.060597651,-0.152074479,-0.074415933,7
171,1.775509146,-1.414727086,-0.969509478,1.265232494,0.915844024,0.857131887,-1.548152169,-0.952642611,-1.051487733,1.674954471,0.995139265,1.112323957,-0.385485131,-0.316526636,-0.630345369,-0.878447988,0.105624175,0.02305978,1.101386212,-0.068731776,-2.103500274,8
172,-0.253934084,1.537233448,-0.896785055,0.03063276,-0.060802912,-0.081618584,0.021741343,-0.200424784,-0.244980914,-0.011797373,0.223951565,0.274368531,0.546929972,1.044212222,0.658688934,-0.369303389,1.142558229,0.824583788,-1.487911409,-0.093122282,2.047440136,8
173,-0.507614488,-0.861234486,1.139498775,-1.294813154,-1.235890775,-1.290591321,1.397568537,1.483938546,1.561052141,-1.515057807,-1.592835738,-1.692668471,1.296000179,1.254138627,0.973419133,1.158622287,0.057462374,0.874789675,2.116689279,-0.167810965,-1.605071888,7
174,0.253426723,-0.233942872,-0.945268003,1.186682715,1.512344548,1.578213839,-1.16363003,-1.384746277,-1.523897788,1.277475906,1.506066105,1.680576103,-1.130551865,-1.782766195,-1.739302511,-0.530142842,-1.545838683,-1.018113763,-0.980001138,0.146313281,0.911810019,5
175,1.014467934,0.356449235,0.339530127,0.810608034,-0.099155967,-0.09279208,-0.994889278,-0.269633186,-0.052202313,0.804421621,0.090176799,-0.190446367,-1.184736702,-0.324222556,0.651617877,-1.060936931,1.733135309,-0.798741078,-0.164620335,1.180434102,-0.801537257,6
176,-0.63445469,-0.000245997,0.848601085,-1.368533132,-0.509988729,-0.486391852,1.394961986,0.684420835,0.58390047,-1.229407921,-0.521276174,-0.366356548,1.054397576,0.364725058,0.145792148,1.640440839,-1.377042135,0.341436122,0.822782088,0.101089531,1.409796097,5
177,0.507107127,0.614745781,-1.005871689,-0.545558285,-0.844142468,-0.940108769,0.463270772,0.656377419,0.654797108,-0.511717177,-0.721261534,-0.7331326,1.27505982,2.032934157,1.701537026,0.237218969,1.791843473,1.339638271,-1.353384142,-0.764012672,-0.908590686,8
178,-0.761294892,-0.492239419,1.612207521,1.684772639,1.343806126,1.430132357,-1.500990214,-1.262732716,-1.222031771,1.526289299,1.272039779,1.21659422,-2.192344778,-2.385792197,-2.112834966,-1.924453377,-0.671098611,-1.498651964,0.078872843,0.025790766,0.010839567,5
180,0.380266925,0.737744137,0.763755925,-0.138055531,-0.23866723,-0.202185954,-0.115897071,-0.131943741,0.02384094,0.132381262,0.149651072,-0.02987949,-1.34480731,-0.93234074,0.812354113,0.147631123,0.741789158,-1.62401362,1.010789327,-1.1534163,-0.41530749,4
181,0.380266925,-0.000245997,0.969808456,0.29097115,0.452927519,0.437701794,-0.259252342,-0.385392828,-0.488803639,0.293899625,0.433519686,0.5672386,0.22003591,-0.229845091,-0.806931547,0.027876375,-0.951811253,0.238110227,0.24866824,0.294569687,-0.608664481,6
183,-0.507614488,-0.40614057,0.363771602,-1.659728822,-1.837392624,-1.907344836,1.745043044,1.877051226,1.715284816,-1.59856115,-1.738796743,-1.498387917,0.774778816,1.256807325,1.306312549,0.421325965,1.135517126,0.666940528,0.474655867,0.791436899,-0.640904159,5
184,-0.00025368,1.303536573,1.212223197,-0.510077749,-0.285777082,-0.317531952,0.411463097,0.125221241,0.080825773,-0.462414217,-0.135493527,-0.084327377,1.602977969,1.609229733,1.002059234,1.061736822,0.19709396,1.279029405,0.344950968,-0.799419816,1.465890989,4
185,-0.913503134,0.737744137,-0.727094736,1.048241142,0.873975704,1.008442558,-0.666683108,-1.038988665,-0.902052522,0.74109427,1.131896081,0.994800756,-2.713448911,-2.582397735,-1.337854324,-1.686626352,-0.026046894,-2.223788148,-0.416255032,0.292276453,0.097489854,5
186,2.05455759,-0.246242708,-0.969509478,-0.272941025,0.223701761,0.109959362,-0.418468124,-0.322709079,-0.479735163,0.451890913,0.339194765,0.510853882,2.092026235,1.453240389,0.470799624,1.836077269,-1.147739051,1.430243426,-1.58823971,0.794266124,0.101120482,7
187,0.253426723,-1.525425606,-0.581645891,0.95400156,1.011559433,0.991108843,-0.879301102,-0.656429379,-0.496598179,0.793771656,0.525275545,0.260676449,-0.172368196,-0.495032187,-1.159822775,-0.649190098,-0.72045976,0.146360128,1.70693317,0.229742463,-0.879878528,8
188,-0.63445469,1.03294019,0.497099709,-1.20174203,-1.223489789,-1.226090516,1.23023456,1.020447123,0.825464178,-1.167707182,-0.898492499,-0.587458478,0.005943678,0.197271289,0.985121228,0.747510294,0.416184728,-0.389813845,-1.708377061,-0.00184218,-1.107870647,1
189,-1.687228365,-0.369241064,-0.096816408,-0.514769668,-0.601908676,-0.5830117,0.934183606,1.018091086,1.073761897,-1.04740018,-1.120600091,-1.202570937,0.18585078,0.165539777,-0.129726649,-0.123515529,-0.022832061,0.279150818,1.965902766,-0.916802193,0.447480371,7
191,1.141308136,1.721730982,0.400133813,-1.118742136,-0.847762193,-0.774499411,0.503588001,0.096389176,0.196417162,-0.39603084,0.024072288,0.004437072,-0.049981015,-0.011166656,1.186780618,1.334558457,0.078570675,-0.765592444,-1.350954552,0.647682883,1.810133108,8
194,0.532475167,-1.353227908,-0.121057882,-0.946611958,-1.579489757,-1.661357714,1.031903183,1.887048242,1.521994538,-1.079368959,-1.848327612,-1.38870018,1.627325996,1.838354526,1.155413888,0.784033427,0.644593107,1.454369721,-0.966497214,1.79374868,0.272758725,8
195,0.507107127,-0.000245997,-0.605887365,1.485323404,1.112363396,1.161882917,-1.640579393,-1.417552529,-1.25658912,1.69355458,1.420119495,1.201112144,-1.663325765,-1.310221058,-0.744440637,-1.555003374,0.576407982,-1.086653155,-0.034636433,-1.532937114,-0.060186917,5
196,1.141308136,-0.73823613,1.091015827,-0.734040759,-0.775213934,-0.721689269,0.259733897,0.555730935,0.65566221,-0.238420707,-0.544490889,-0.624701545,-0.459580069,-0.590535434,0.388039926,0.791939611,-0.337009524,-0.948446705,-1.306107164,-0.232640581,-0.84628474,5
198,-1.573072183,0.245750715,0.109236123,-1.614344396,-1.170401523,-1.007348157,1.926216649,1.301725546,1.334754018,-1.942364298,-1.218894656,-1.179343587,-0.873536391,-1.176588782,0.426917792,1.255529259,-0.758142745,-1.670225302,0.089503261,0.276881951,2.091179011,7
199,1.192044217,-2.078918206,0.836480348,1.35566695,1.415339796,1.336838905,-1.462453324,-0.961988024,-1.122065615,1.548080789,0.965391636,1.114196487,0.700877191,0.116324108,-1.219202224,-0.199140844,-1.189228117,0.911233692,1.123356134,-0.090916284,-1.002246773,7
200,0.760787531,1.094439368,-0.121057882,-1.051370708,-0.955372558,-0.959910339,0.648846402,0.363485652,0.475830336,-0.648468979,-0.324525596,-0.41032136,-0.117835373,-0.093667424,0.961260411,1.103111869,0.038994903,-0.720771392,0.115759249,-0.694497982,-1.375724589,8
201,-0.507614488,-0.492239419,1.212223197,-0.422134856,-0.86211868,-0.923175012,0.680908854,1.112483383,1.050526443,-0.747788827,-1.212998584,-1.162032142,1.028873878,1.749704841,1.059417414,-0.428207936,1.683212129,1.409770313,-1.903667988,2.35812943,0.205953725,5
202,0.380266925,-0.29544205,-1.454338961,0.794613021,0.466097061,0.576381706,-0.9761972,-0.64679273,-0.53585235,1.049163433,0.683558762,0.562262585,-1.722483115,-1.596705619,-0.556249577,-0.816083702,0.075951112,-1.54673361,1.088645734,-0.854198149,1.59077638,1
204,1.141308136,-0.615237775,1.733414892,-0.431891524,-0.246620765,-0.167284371,0.053185589,0.033488903,0.166478991,-0.061254839,-0.032730534,-0.153060562,-0.858702314,-1.303310477,-0.02249223,1.034855799,-1.063859723,-1.536081336,-1.097290681,-0.848016691,-0.404049525,5
205,-0.127093882,0.245750715,-0.969509478,0.284977708,-0.073908401,-0.129242075,-0.111377288,0.138644346,0.010994183,0.106861799,-0.151632167,-0.024662977,0.587495553,1.125994197,0.481573524,-0.676363767,1.236711615,1.034141487,1.584354372,-0.002697288,0.69870779,5
206,-1.014975295,-0.73823613,1.212223197,-1.408623689,-1.139799819,-1.180900851,1.620571854,1.503295982,1.483962561,-1.709113174,-1.5615514,-1.525512578,1.132306975,0.747206154,0.45622779,1.322620614,-0.706687355,0.599624989,-1.331164062,1.02460219,-2.130315391,7
207,-0.596402629,-0.615237775,0.000149489,2.119099459,2.372631608,2.584219726,-1.816120593,-2.023199523,-1.78575163,1.839365962,1.991917503,1.689230523,-2.617151743,-3.071117571,-2.412737198,-1.666544388,-1.285497899,-2.123763279,0.255357966,-0.999408845,1.385378803,5
208,0.088534461,1.475734271,-1.454338961,-0.998967541,-1.275266279,-1.46733477,0.93408836,0.905495749,0.562300728,-0.863118905,-0.77545681,-0.342898563,1.624681467,2.368891851,1.657408481,0.188663207,1.802196065,1.767246648,0.550904465,2.336727862,-0.220987548,8
209,0.126586521,-0.73823613,1.57584531,-0.678326266,-0.56483766,-0.4106029,0.465461975,0.496879695,0.770607683,-0.509080672,-0.527726261,-0.83761281,-1.247455547,-1.578184815,-0.103339202,0.712411857,-0.861056508,-1.811805715,-1.248717511,-0.439161047,0.89241297,2
210,0.887627733,-0.492239419,-0.363472623,0.893936313,1.124892464,1.026668642,-1.026767773,-1.021440159,-1.162593412,1.076654261,1.038380176,1.174462272,1.183947549,0.695305755,-0.658594167,0.219005031,-0.925634177,1.244581535,1.335704,-1.429549124,-0.084950172,8
211,0.253426723,1.844729337,-1.090716848,-0.875864564,-1.093042439,-1.104970043,0.687557088,0.595436895,0.647892594,-0.703449922,-0.579626643,-0.607044696,-0.252883421,0.351694266,1.420993292,0.361403002,1.284003955,-0.482424229,-1.675369081,-0.327496689,-0.7641485,8
212,-1.268655699,-0.369241064,0.12135686,-0.309221379,-0.180047586,-0.196161973,0.696864643,0.630092232,0.518060641,-0.773806651,-0.680145383,-0.560108154,0.897430801,0.709744312,-0.027946357,0.31942358,-0.304854435,0.861984325,0.902039609,2.089806256,0.742691834,7
213,0.887627733,-1.353227908,-0.557404417,0.985501385,1.03916844,1.041287719,-1.163947392,-1.003887716,-1.003120136,1.262891621,1.05365298,1.04220414,-0.658299947,-0.987107599,-1.254735472,-0.712015835,-0.789433823,-0.378817143,-0.822025329,-0.920252944,-1.039338048,1
214,1.014467934,1.352735915,0.800118137,0.190291702,-0.551453295,-0.537078406,-0.510812659,-0.047743657,0.181379344,0.458628111,-0.021732382,-0.276955626,-1.103782999,-0.136466237,1.216480107,-0.631681302,1.974345477,-0.93346798,2.182505192,-0.934859897,-0.398386443,7
215,-1.268655699,-0.123244352,-0.121057882,-0.229708331,0.694766476,0.783423756,0.414647479,-0.424992739,-0.360718836,-0.375417133,0.456682028,0.387624087,0.044776736,-0.800130234,-1.166077188,0.497654283,-1.829749775,-0.212601339,-0.966853697,1.185335315,1.18503584,8
216,-0.812030972,-0.73823613,0.727393714,-0.486257151,-1.037997661,-1.017711138,0.879441131,1.253808791,1.137554111,-0.919698197,-1.247266779,-1.113569235,-0.30939328,0.101144138,0.292887343,-0.547014577,0.856139102,-0.065348567,-1.146428399,-1.455641197,0.092976285,8
217,-0.038305741,0.122752359,-1.090716848,0.146270055,-0.120108254,-0.190789002,-0.099932047,0.080288133,0.097166379,0.110151295,-0.090594554,-0.112726681,-0.153857297,0.217356233,0.327311954,-0.429508889,0.788546357,0.051068292,0.269721373,1.504220633,-1.688277678,3
218,1.864297287,0.614745781,0.12135686,0.785986518,0.726635591,0.72154681,-1.377318677,-1.13869606,-1.037724879,1.312486282,1.064181932,0.944810305,0.080453553,-0.051861555,0.019225868,0.313499068,-0.278136669,-0.073878794,0.597655059,-1.06893144,0.354608761,6
222,1.014467934,2.164525062,0.581944869,-0.847471946,-0.777187252,-0.74491233,0.242579308,-8.97E-05,0.301415755,-0.270217918,0.005212568,-0.341539523,-0.34831519,0.053791147,2.032880987,1.55351681,0.833373428,-1.22467203,-1.079477896,-0.396774081,0.624725658,8
224,-1.661860325,0.245750715,0.872842559,-1.994382656,-1.975138774,-1.928515827,2.136007579,1.937113261,2.004745007,-2.039054115,-1.837464157,-1.824965927,-0.045389598,0.365554352,1.22241,0.542541411,0.887246444,-0.34005365,-1.090584691,0.095252282,0.533797517,7
226,0.760787531,-1.230229553,0.606186343,-0.927549718,-1.649096829,-1.662571127,0.877610642,1.638870097,1.52190912,-0.912889122,-1.649561869,-1.471647241,-0.243584372,0.341251536,1.184050989,0.121892584,1.242195532,-0.344646742,0.750131021,-0.16065131,-1.453888886,8
227,-1.027659315,1.106739204,0.363771602,0.940554782,1.214340114,1.187235592,-0.592002597,-1.088405716,-1.223282861,0.639719769,1.153313106,1.292417541,0.502570796,0.401593037,-0.870590954,-0.851730192,-0.161755531,1.029585023,0.360627545,-0.219660332,1.235260929,8
229,-1.014975295,-1.107231197,1.381913517,0.078737129,-0.089722395,-0.086623646,0.31828402,0.467523725,0.256877685,-0.257459345,-0.406992159,-0.154432007,0.046984775,0.01976106,-0.459963598,-0.49202312,-0.053742414,0.315080985,1.065490604,-1.662260054,0.076314313,7
230,1.014467934,-0.40614057,0.12135686,0.23067697,0.114961107,0.124000895,-0.448213239,-0.198698497,-0.093749435,0.304955729,0.068662449,-0.09186225,-0.442477204,-0.535772232,-0.061564277,0.169098632,-0.253264925,-0.598296186,-1.502107507,0.062693259,-0.945965663,6
231,-0.63445469,1.512633777,-1.090716848,-1.596231495,-1.281476707,-1.294491856,1.579629734,1.086504801,1.074422373,-1.463810578,-0.952439185,-0.86209964,0.993913051,1.357018891,1.758683554,1.211759819,0.902341551,0.499384724,1.982132534,1.33168848,1.238578167,5
232,-0.253934084,-1.697623304,0.606186343,-0.341946552,-0.545334642,-0.527319196,0.317066717,0.661588219,0.818058349,-0.354987675,-0.742084097,-0.9438334,-0.563636007,-0.479762422,-0.103085099,-0.268505254,0.117619513,-0.505349937,-1.651116974,-0.493657243,-0.960731552,7
235,-1.167183537,2.127625555,1.842501526,-0.937620591,-0.740407733,-0.759999534,1.022540776,0.509651372,0.655773352,-1.120886537,-0.53818474,-0.69679452,-0.026326794,0.30460436,0.919098432,0.358118315,0.715665864,-0.220284565,0.501443552,0.337094781,-1.424386228,2
236,1.166676177,-0.492239419,-0.121057882,-0.098228937,-0.187031418,-0.171811711,-0.187590115,0.049120796,0.063040313,0.212920916,-0.054974379,-0.072379675,0.595933649,0.597771275,0.579521233,0.64308865,0.07221627,0.343709642,0.017254654,-1.358550598,1.653628391,5
238,0.164638582,0.553246604,-0.363472623,-0.298921219,-0.160638292,-0.051957975,-0.016653522,-0.25789055,-4.56E-05,0.018422991,0.288751917,-0.005713588,-1.411878485,-1.331959541,0.330982514,0.323138088,0.011920148,-1.794230859,0.58888166,0.478061976,0.548037998,7
239,1.851613267,-0.799735308,1.454637939,0.128769972,-0.375625,-0.419143052,-0.479243749,0.128342571,0.142079309,0.536763397,-0.151079081,-0.173372522,0.496780436,1.123776352,1.283457606,0.090083457,1.41851473,0.523182851,-0.315892246,1.739313001,1.168709692,5
240,-1.395495901,2.398221938,-1.696753702,-0.011366367,0.150205327,0.071424441,0.314891014,-0.197046769,-0.33527483,-0.35031934,0.226950894,0.39545719,0.678967467,0.984489068,0.270566106,-0.413084857,0.741229863,0.99957475,0.610112189,0.037554829,-1.382628858,5
241,1.268148338,-2.238816069,1.454637939,0.03719149,-0.212336758,-0.184123582,-0.199390872,0.289917365,0.28891012,0.22343113,-0.328204319,-0.33659357,0.274002416,0.18692971,-0.16263006,-0.019832089,-0.15772574,0.325452711,-1.935777257,-2.071632225,1.555665436,2
242,-1.522336103,0.516347097,-0.121057882,0.830804293,0.607492289,0.654314283,-0.474044924,-0.503309414,-0.418218206,0.512713503,0.545907809,0.455830854,-2.030379765,-1.903858053,-1.042733571,-1.375620056,0.042317739,-1.603717668,2.238504669,1.760928579,-1.646412914,5
243,0.126586521,1.352735915,-0.121057882,-0.384821945,0.407445075,0.35866973,0.203855634,-0.523721387,-0.65160465,-0.217326394,0.575212182,0.727038266,1.458552392,0.809718468,0.018759363,1.366531966,-1.242083668,0.95130042,-1.075468879,-0.290028526,0.547389273,7
244,-0.723242831,-0.73823613,-0.121057882,0.355895158,0.297671592,0.360363013,-0.033524947,-0.095526698,-0.003870462,0.032916819,0.089977457,-0.01449265,-1.37640326,-1.335036476,-0.874752108,-1.033553357,-0.067741811,-1.033566644,-0.969284608,-0.439116209,-0.928317001,6
245,1.737457085,-0.123244352,-1.296769379,-0.694682132,-1.194260614,-1.226655468,0.135833141,0.817732247,0.889723196,-0.143055456,-0.872196215,-0.961652264,0.791116735,1.390052819,1.957430129,0.935865391,1.391274589,0.412692922,2.125251068,-0.408738701,1.282228043,2
249,-1.268655699,1.721730982,0.981929193,-2.530446048,-1.241514725,-1.229124058,2.160441003,0.966813541,0.949766396,-1.529728594,-0.535237246,-0.415626892,1.329559137,1.101314638,1.244583386,1.897858343,-0.343461611,0.521106418,0.660236028,-0.096368996,2.095319863,5
250,0.380266925,-1.230229553,0.606186343,0.082500091,0.009970587,0.030821169,-0.233895365,0.025840972,0.116589101,0.258712361,-0.033500918,-0.140596533,-0.626822001,-0.828635784,-0.483836695,-0.07813727,-0.510038754,-0.678987258,-0.167386999,0.346559889,-1.380018525,8
251,-1.34475982,0.245750715,-1.175562008,-0.148497745,0.175004985,0.0951758,0.650019118,0.343965032,0.075731065,-0.728916846,-0.377424988,-0.072219177,1.784415573,1.313216175,-0.522526783,0.296995579,-0.819010068,1.893356253,-0.936939615,0.562087533,0.001890423,6
253,-0.368090266,-0.369241064,-1.005871689,-0.148435047,0.298073079,0.219795273,0.241438269,-0.001932875,-0.059409026,-0.219203385,0.036821803,0.093246067,0.892735184,0.451296603,-0.38767803,0.458882843,-0.856462903,0.782587201,-0.581063236,1.982001689,-1.919474178,6
254,0.621263309,-0.910433828,0.400133813,-1.99018388,-2.517573574,-2.45985761,1.627197103,2.160103205,2.336248319,-1.747476503,-2.280484074,-2.452379559,-0.190729632,0.545461861,2.450975423,1.292116272,1.576944025,-0.904843526,-1.007100818,-1.875682354,0.501279621,8
255,0.887627733,-0.037145503,1.212223197,0.911206926,1.296659606,1.261033093,-0.788724108,-0.98330936,-1.356178878,0.885259669,1.099668142,1.556758933,0.949444477,0.036387493,-1.362509283,0.347273488,-1.874179519,0.906989363,0.811275282,2.178883853,0.11463621,5
257,1.648668944,1.734030817,0.400133813,-0.521111235,-1.455259714,-1.362639665,-0.096670926,0.483790303,0.631970579,0.071253448,-0.491531109,-0.59501686,-1.178393862,-0.040878887,2.012365646,-0.056775309,2.335421408,-1.324280949,-0.907565344,-0.475655678,1.756363483,8
258,-1.522336103,-0.73823613,0.921325507,0.04898519,0.998282502,0.886552009,0.385161968,-0.357924755,-0.569662603,-0.337842485,0.408831893,0.603932924,1.991145233,0.917320857,-1.415498555,0.565510337,-2.104057262,1.988484725,0.775513271,0.197575083,-0.953412911,8
259,0.380266925,0.36874907,1.091015827,-1.470134698,-1.982302571,-1.918828108,1.300497164,1.672821058,1.751901217,-1.395651218,-1.73755447,-1.796769355,-0.487768868,0.28234643,2.091011388,0.808523564,1.616609455,-0.989645792,-1.888891054,-1.447993777,1.004390039,1
260,-0.00025368,0.122752359,-1.090716848,0.797561249,1.037059284,0.977964151,-0.701352921,-0.954016628,-1.149767136,0.77962683,1.039967683,1.278500085,0.214374057,-0.167616395,-1.181471101,-0.571334722,-0.805022222,0.549557196,0.675921834,0.708335121,-1.768360296,5
261,-0.63445469,-0.246242708,-1.114958323,0.236988732,0.054189842,0.079243711,0.047052905,0.116433565,0.071140046,-0.051125219,-0.125430425,-0.075327882,-0.261353568,-0.017723101,-0.221246294,-0.790692209,0.499168773,0.119167382,1.190410729,-0.678821932,1.183603002,6
262,0.760787531,-1.636124126,2.084916267,-0.615932744,-0.711776786,-0.630479895,0.268624618,0.710799874,0.975505501,-0.295997456,-0.777585461,-1.091633628,-0.907869148,-1.187654609,0.071444882,0.781303263,-0.711544771,-1.458051558,-0.472396387,-0.031693741,-0.613448711,2
263,0.760787531,2.0046272,-1.454338961,1.019293724,1.225531433,1.122631029,-1.199029105,-1.553612734,-1.627295078,1.241762305,1.587810557,1.64002955,1.506006722,1.596150425,-0.025854571,-0.346986852,0.368179489,1.915073435,-0.919416385,0.561655252,1.189300632,7
266,-0.888135093,0.012053839,0.109236123,-2.023927934,-1.686868978,-1.710302499,1.972717349,1.66071579,1.383238744,-1.56818435,-1.267860013,-0.862174575,1.329697373,1.130883753,1.015120927,1.557742801,-0.27953104,0.701738047,0.313105553,-0.309341497,1.2178881,5
267,-0.253934084,1.340436079,0.133477597,1.638169906,0.847149973,0.822678361,-1.501393086,-1.210042902,-1.122175023,1.472691292,1.154021823,1.017418228,-1.002157064,-0.091544695,-0.190910241,-2.193595603,1.862835769,0.012123422,1.358556341,-1.72908896,-0.284095088,5
269,-0.127093882,1.758630488,1.854622263,0.477602838,0.64728371,0.684788383,-0.60266999,-0.989191636,-0.84184102,0.619190753,1.030097309,0.866973042,-0.594071764,-0.630400345,-0.04439598,0.073379224,-0.146906772,-0.72174318,1.971607629,0.755825566,0.726030238,6
271,0.253426723,0.319549728,0.145598334,0.708358154,0.064990673,0.115614235,-0.903624141,-0.456297045,-0.240359671,0.957828521,0.464407579,0.214687952,-1.715811923,-0.780655076,0.555579546,-1.302795236,1.834435928,-1.280806174,1.230480594,2.069542311,0.171797056,7
272,0.126586521,-0.110944517,1.769777103,-0.625160675,-0.492560908,-0.500967764,0.656817678,0.503369154,0.431527605,-0.685153767,-0.524183845,-0.446368847,0.928361733,0.999036687,0.469669112,0.332367854,0.259767664,0.890666806,-2.190860736,-2.100888279,1.66942935,1
276,0.887627733,0.122752359,1.563724573,-0.716439013,0.070241148,0.015100945,0.389871093,-0.075947668,-0.12544697,-0.29875021,0.150911333,0.210242343,1.158916547,0.65956889,0.229374508,1.305712405,-0.951749669,0.639181022,-0.210091014,1.855244494,-0.17623633,4
278,0.126586521,0.860742493,1.915225948,0.179120596,-0.289219548,-0.342006691,-0.233755122,0.044514127,0.085548366,0.246653328,-0.059483727,-0.10917898,-0.290766864,0.482945538,0.788404625,-0.770614654,1.646975041,0.074707116,-0.22097734,0.055979331,-0.959478729,6
279,-0.507614488,-0.492239419,-1.514942646,-0.105600948,-0.12945225,-0.135771364,0.29674791,0.315719183,0.228851297,-0.313437995,-0.330712859,-0.23557554,0.209986211,0.204066796,-0.224875721,-0.271275482,0.011185158,0.385295951,-1.557258862,-0.430018392,0.087652455,6
280,0.253426723,-0.73823613,1.515241624,-0.10714449,0.124951264,0.203366104,-0.001733389,-0.047360757,0.003950377,0.00105488,0.051770234,-0.00564707,-0.159619892,-0.702612671,-0.521770682,0.606023416,-1.197486098,-0.505031139,-0.34293105,-0.350282425,1.213810091,3
281,0.633947329,1.106739204,-1.514942646,-0.371255726,-0.378579522,-0.468152619,0.2875309,0.233824623,0.214262322,-0.31311081,-0.249518359,-0.230351572,1.04422663,1.458923109,1.49041842,0.771812575,1.02014058,0.790659129,1.471110392,1.923467913,-0.312712135,2
284,1.065204015,-1.107231197,-0.363472623,-0.101869825,-0.408374167,-0.37504468,-0.192267578,0.218346555,0.395109403,0.218788408,-0.243504572,-0.453538356,-1.016823257,-0.773252004,0.156780186,-0.281754781,0.412550164,-1.019197978,-0.746531687,-1.099561881,-0.866013069,8
285,-0.507614488,-0.307741886,-0.121057882,-0.078898851,-0.071590469,-0.013663311,0.097925375,0.120613103,0.274222824,-0.110837494,-0.135556072,-0.318922429,-1.091759351,-1.130299724,-0.451497233,-0.370327062,-0.208687906,-1.058328669,0.88519686,-0.269411853,-1.105823179,6
286,1.648668944,1.906228515,-0.848302107,0.362485205,0.449350094,0.327406575,-0.680020929,-0.944872511,-1.139973567,0.754951437,1.035302452,1.279209935,1.511637449,1.717093265,1.032306044,0.658213986,0.619246287,1.388163656,-0.74257948,0.44029241,0.014667078,7
289,0.507107127,-0.246242708,0.848601085,0.574449198,-0.39782062,-0.552311118,-0.342044874,0.458616082,0.117407276,0.296693568,-0.447991849,-0.126796102,1.378027014,2.318747421,0.81529253,-1.239230148,2.200716667,2.241421575,-0.270386025,-0.476676482,0.316780072,5
290,-1.141815497,0.491747426,-0.242265253,-1.15844503,-0.821467995,-0.779089115,1.394155038,0.943186532,0.800218143,-1.335386813,-0.839382713,-0.592118976,0.238154151,0.075873236,0.548304882,1.000801139,-0.325158747,-0.257320424,0.884293518,-0.095623268,1.141610288,7
292,1.141308136,1.217437724,0.969808456,-1.667114438,-1.255656759,-1.234919044,0.865752997,0.392530895,0.454178798,-0.660278657,-0.164650851,-0.085643037,-0.183600476,-0.307346246,1.181929072,1.703303299,-0.289756969,-1.114834341,0.170866295,0.597476207,-1.388766742,8
294,0.278794764,-0.000245997,-1.854323285,0.113502091,0.287680367,0.232444025,-0.070593994,-0.11672647,-0.322064408,0.080801519,0.132726108,0.378366781,1.433976183,1.110161361,-0.309933916,0.247096482,-0.539056539,1.51705029,-1.804854604,0.016156439,0.26622152,1
295,0.951047834,0.737744137,0.157719071,-0.135975074,0.252149331,0.344587493,-0.351573459,-0.683752499,-0.461791807,0.396512918,0.763227416,0.523416514,-1.314352395,-1.729283396,0.083489785,1.129433893,-1.051575264,-2.109975767,-0.163329237,1.643997122,0.022240732,6
297,0.760787531,-2.226516233,0.12135686,0.287159917,-0.087247721,-0.139253481,-0.173753563,0.480008134,0.197296262,0.166666309,-0.446020653,-0.138860753,0.507270129,0.434691626,-0.300988488,-0.235275171,-0.099543149,0.707881764,-1.606118295,-0.67047897,-0.932802996,8
298,-0.127093882,1.857029173,-1.090716848,-0.990832874,-0.731754911,-0.711080827,0.736112919,0.202393557,0.29933507,-0.69890349,-0.12356697,-0.165065717,-0.443411316,-0.339117958,0.883807736,0.855607909,0.175728868,-0.963646665,0.140889193,0.525696746,-0.864169394,8
299,-0.761294892,-0.000245997,0.242564231,0.680090124,0.188469093,0.153622932,-0.335349152,-0.044191911,-0.131290082,0.344222862,0.022850428,0.100636961,-0.030932544,0.538826456,-0.172764336,-1.481327634,1.233798625,0.750471996,1.355982102,-0.894223008,0.087323523,5
300,0.507107127,-1.574624948,-0.121057882,0.071711325,0.013918115,0.040293874,-0.031745683,0.298709483,0.158973769,0.027549667,-0.315082837,-0.163650644,0.457285405,0.204575565,-0.287951601,0.187899116,-0.496455083,0.425885433,-1.498409145,-0.523192256,1.690146793,8
301,0.887627733,-0.221643037,-0.121057882,-0.681479904,-0.779100888,-0.811507658,0.467622272,0.603194101,0.616703648,-0.475779657,-0.623494214,-0.619302855,0.491272262,0.743695332,0.984619282,0.573204507,0.604428009,0.260497339,1.837690889,-0.196504251,-0.994579072,5
302,-0.127093882,0.393348741,0.606186343,-0.742678946,-0.628107433,-0.604160744,0.589728141,0.465539409,0.681243744,-0.64262762,-0.502096035,-0.752021142,-0.37266589,-0.370735592,0.669116511,0.82324681,-0.038472676,-0.865162689,-1.499870952,0.553196024,-0.431351652,1
303,-1.268655699,0.540946768,0.12135686,0.778762509,1.492341937,1.641237536,-0.547574,-1.322452571,-1.288374113,0.592839486,1.417060301,1.395209634,-1.228518081,-2.085782886,-2.01674563,-0.394494682,-2.002360428,-1.202690791,0.431403859,-0.484511924,1.225528053,5
305,0.532475167,-0.984232842,0.145598334,-0.128980547,-0.214125399,-0.269446338,0.023722919,0.318957536,0.289166234,-0.026684881,-0.360847425,-0.336406805,0.874570571,0.889334715,0.48155941,0.475984982,0.13218843,0.752634624,0.679652122,0.542284717,0.009090867,8
307,0.760787531,-0.73823613,-0.884664318,-0.757983185,-0.778064098,-0.721064951,0.563242177,0.7292561,0.760457316,-0.565298473,-0.722142816,-0.731242615,-0.180391647,-0.212421534,0.695367283,0.916181971,-0.090211139,-0.693482423,-0.588057295,0.093496203,0.961405717,8
308,-0.253934084,0.36874907,1.006170667,0.318995044,0.804647574,0.815239337,-0.357450631,-0.798883031,-0.679826504,0.35916802,0.804654724,0.668507084,-0.27606429,-0.779817821,-0.804236852,0.189424989,-1.125601764,-0.417812263,1.69189742,1.170207362,-0.905835268,8
309,-0.127093882,-0.246242708,-0.872543581,-1.001044181,-1.426499088,-1.404679574,0.956935515,1.339635519,1.412517882,-1.009498514,-1.383578755,-1.477799375,-0.199210953,0.338937016,1.261246249,0.315418763,1.145883895,-0.396334616,-1.416297431,-1.406354433,0.316138522,6
310,0.126586521,0.491747426,-0.036212722,0.580313784,0.68972557,0.619441943,-0.365249757,-0.532011481,-0.839063078,0.402796555,0.580832204,0.944649288,1.386001255,1.301910049,-0.244685721,-0.208731165,-0.023943566,1.703781607,1.341525522,0.228602352,1.035348197,7
311,-0.507614488,-0.984232842,1.030412141,1.106091564,1.448909444,1.472731138,-1.021829913,-1.142985089,-0.9181522,0.995241883,1.063053344,0.743880471,-0.780061252,-1.421246489,-1.812593655,-0.66895997,-1.481760965,-0.541611968,-0.833060893,0.319933758,-0.878771775,8
312,-0.00025368,0.491747426,0.000149489,-1.85223115,-2.332369653,-2.32564841,1.663315635,1.964627783,2.025773239,-1.707690862,-1.966239065,-1.99536099,-0.322844816,0.627829476,2.478039917,0.853627006,2.027608965,-0.82402038,-0.48778376,0.617613936,-0.647811662,5
313,0.760787531,-0.885834157,-0.872543581,1.621929092,1.744390906,1.679735518,-1.501251482,-1.434706251,-1.7100461,1.576207254,1.485841584,1.783229112,0.840287567,0.213236589,-1.778120576,-0.782136259,-1.265559965,1.380817516,1.608212291,0.288091754,-0.196037786,5
314,-1.141815497,1.008340519,1.357672042,-0.572380977,-0.921556481,-0.782887819,0.701351835,0.639329932,0.870640024,-0.699003436,-0.621695269,-0.847563695,-1.631833964,-1.077008595,0.578921389,-0.42864676,1.018088073,-1.648126971,-1.219324086,-0.428381445,1.436276471,1
315,0.760787531,0.122752359,-0.605887365,-0.358887655,0.370561282,0.259236227,0.238436566,-0.180675924,-0.498029755,-0.251808854,0.210124069,0.573430414,2.655577068,1.711334584,0.006277987,1.923238694,-1.746578026,2.031720469,1.198501874,-1.00501276,0.503556155,7
316,0.887627733,0.122752359,-0.242265253,-0.358985105,-0.653417393,-0.63265419,0.025175408,0.28061846,0.548123782,-0.027782184,-0.305703128,-0.611705958,-1.42558293,-0.904970297,0.744015457,-0.170334399,0.967401281,-1.548135001,-1.30699515,-0.054872093,-1.931071942,2
318,0.126586521,1.709431146,0.242564231,-2.101890919,-1.765190788,-1.852230628,1.712542525,1.202332128,0.961765588,-1.618537692,-1.051502149,-0.688464219,2.213082801,2.330829048,1.765645557,1.677819052,0.509073324,1.653357135,-0.16339102,-1.15847273,1.310462028,1
319,-0.215882024,-0.000245997,-1.563425595,0.074695708,0.455312134,0.506351431,-0.079158973,-0.420612168,-0.314796514,0.085233564,0.452162684,0.332964001,-0.772326402,-1.155044092,-0.445232286,0.384544818,-0.919564044,-1.091734471,1.401785367,1.743694766,-0.024508915,5
320,1.230096278,-0.123244352,0.230443494,0.741910854,0.407642951,0.389199602,-1.148097277,-0.775944851,-0.613033985,1.195883839,0.742067933,0.526956496,-0.374227456,-0.113799898,-0.199278511,-0.793558359,0.522724468,-0.009045313,-1.180341176,-2.089290109,-0.593437274,7
321,-1.014975295,-1.094931362,0.157719071,-1.522122681,-1.546395345,-1.48580773,1.665712616,1.877143466,1.971182371,-1.776833225,-1.954083215,-2.059001628,-0.23731023,-0.389188962,0.656209656,1.142386695,-0.357002007,-0.878931948,-0.510680514,1.448096946,-0.482658541,7
325,0.392950945,-0.492239419,-0.727094736,0.131456789,-0.174440395,-0.136978539,-0.285564644,-0.020305913,0.176257397,0.3207346,0.019787029,-0.20776234,-1.403578167,-1.002234876,0.062165367,-0.719196712,0.710904459,-1.2316051,-0.346756372,0.497897067,-1.189844273,4
326,0.633947329,-0.492239419,0.606186343,1.461391755,1.274728693,1.293266089,-1.538226099,-1.271603042,-1.183060406,1.481918964,1.178826988,1.059255873,-0.521262769,-0.783761605,-1.083764247,-0.666789858,-0.629742918,-0.245309009,2.238426008,-0.456508444,-0.498525008,5
327,-0.761294892,0.491747426,-0.121057882,-1.98454923,-1.676879614,-1.721383361,1.997543685,1.705748156,1.631728659,-1.998872514,-1.659165619,-1.568170393,1.180424358,1.23571788,1.474081939,1.547688641,0.255221376,0.535503507,-1.55127202,-0.858727693,0.156118347,7
328,1.39498854,-0.615237775,-0.484679994,0.900392099,0.565820163,0.595948991,-1.215467258,-0.764218859,-0.678332598,1.323230526,0.813178317,0.730652779,-0.977013721,-0.732182829,-0.212647624,-0.728929588,0.419843307,-0.736161471,1.442075577,2.143947992,-0.116688866,7
329,0.126586521,-0.369241064,-0.242265253,-0.190368634,0.473602602,0.470747778,0.193272311,-0.301504492,-0.385166834,-0.1961551,0.3398218,0.442816832,0.520126257,-0.350361992,-0.904440158,0.83157892,-1.830883956,0.156562058,-1.23996144,-0.307195958,-0.657867986,4
330,0.253426723,-0.479939584,1.333430568,0.867897313,0.045127414,-0.062208862,-0.614411995,0.062574516,-0.227454575,0.605836332,-0.12673397,0.159341826,1.006445361,1.947009684,0.403788109,-1.702352384,2.157837145,2.060080627,0.428577386,-2.008245952,0.306074819,6
331,-0.253934084,0.03665351,-0.969509478,-0.383286292,-0.318361579,-0.295131429,0.39044624,0.335126823,0.384717407,-0.37462404,-0.320823856,-0.353205185,-0.233099931,-0.210934594,0.288426069,0.312525979,0.021449775,-0.433750518,-1.033386315,1.633657025,0.297697782,6
333,0.101218481,0.245750715,1.57584531,-0.587408401,-1.173602652,-1.226065542,0.345468419,0.764617415,0.970706241,-0.391044834,-0.856574339,-1.119260015,-0.002170578,1.004194826,1.747208263,-0.168586369,2.185265213,0.086960825,0.171553853,-0.166017436,-0.668095045,1
334,0.304162804,0.122752359,-1.454338961,0.775835462,0.818865008,0.766999518,-0.542102805,-0.608698139,-0.955077269,0.613026432,0.682514143,1.103164129,0.972569589,0.822533459,-0.897642299,-0.809651565,-0.214487257,1.547458347,-2.062106795,0.166702091,0.312301867,1
335,-0.786662932,0.245750715,0.000149489,0.816306187,0.697266407,0.850840263,-0.48915307,-0.741081332,-0.540045622,0.528160335,0.786266156,0.560847194,-2.005273076,-2.06303082,-0.86962266,-0.757599127,-0.355005774,-1.90279629,1.57351952,-0.327991154,1.475278954,5
336,1.927717388,-0.492239419,0.363771602,-1.381506531,-1.441327477,-1.524673528,0.435080806,0.979832563,1.186067162,-0.469141818,-1.05604516,-1.311154008,0.530923908,0.82736359,2.061219473,1.757687623,0.704557972,-0.322441013,-0.112046095,-0.309661298,-1.885530125,5
337,0.253426723,0.983740848,0.727393714,0.759249446,1.266829783,1.206974182,-0.629247207,-1.168231475,-1.494064508,0.681096007,1.262285286,1.647051062,1.825962801,1.050828061,-1.110935055,0.272265292,-1.47430688,1.954231701,-0.21044981,-0.501913655,1.300659526,8
338,-1.268655699,0.614745781,-1.454338961,0.461207395,0.188265438,0.152778698,-0.198454735,-0.135695332,-0.138061204,0.204594371,0.123307722,0.110792122,-0.564346153,0.038259661,-0.3011176,-1.667916604,1.244063821,0.236392117,-0.610145973,0.500850019,-1.424508653,5
339,1.014467934,-0.984232842,1.818260051,0.560445472,0.795055736,0.979784091,-0.801625944,-0.782561043,-0.366590943,0.625496893,0.543978451,0.040877049,-1.426364989,-2.054417692,-0.872484737,0.47363164,-1.52723331,-1.890736339,1.262921427,-0.990313672,2.370387393,6
341,0.367582905,-1.882120838,0.606186343,-0.004225919,-0.146786321,-0.193153509,0.068743364,0.57478894,0.525814323,-0.077651928,-0.647315792,-0.607064408,1.174909461,0.919821379,-0.158052369,0.294084794,-0.419462636,1.19435449,1.575990233,0.855097013,0.142029765,7
342,-0.241250064,0.196551372,0.000149489,0.383092026,0.033441074,0.047618324,-0.154147994,-0.086167742,-0.11225553,0.175642961,0.097025588,0.129908228,-0.701054739,0.017224826,0.027364987,-1.524460354,1.479620259,0.003142739,-0.374892135,-0.732584324,0.745407392,8
343,-0.139777902,1.56183312,0.242564231,0.488520874,0.687184111,0.708698038,-0.5110609,-1.000527558,-1.027764564,0.571460508,1.106417066,1.160423743,-0.84997695,-0.965607939,-0.29206609,-0.025346995,-0.34842435,-0.963485896,-1.155747443,0.686782464,-0.761617939,7
344,2.09260965,-1.476226264,-1.878564759,0.841732141,0.774030859,0.828112106,-1.428544094,-0.825318052,-0.701024928,1.356056611,0.702876527,0.522954744,-0.028070257,-0.504843404,-0.446435723,0.537612882,-1.038617118,-0.317532185,1.304852521,-0.665604189,1.05864874,1
345,-0.507614488,-0.172443695,0.424375287,-1.658583108,-1.679781151,-1.815692635,1.770043446,1.73202281,1.628958682,-1.735070294,-1.703809462,-1.568460475,1.787865289,2.255077867,1.636833699,0.77269839,1.219324805,1.644902926,-0.031260878,-0.341641561,-2.058335039,5
346,-1.674544345,0.294950057,-0.66649105,0.101445652,0.431442894,0.535078576,0.279177856,-0.093014725,0.012186147,-0.317161361,0.107006786,-0.012709725,-1.714905476,-2.2395098,-1.430963742,-0.403619536,-1.335609078,-1.756886628,-0.255814761,1.604836404,-0.078384103,5
348,-0.330038205,2.0046272,0.727393714,-0.914748541,-0.725284743,-0.807645891,0.730378732,0.201231933,0.274262508,-0.809119211,-0.20954987,-0.292270485,0.534242171,0.681469658,1.05665419,0.89183362,0.380895226,0.140813964,-0.854819368,0.542853269,-0.900461116,6
349,0.900311753,-1.107231197,-1.33313159,-0.315434631,-0.895322137,-0.887680199,0.061133222,0.820278066,0.922595938,-0.06667842,-0.906397966,-1.046671479,0.288192658,0.813345173,1.183932101,0.21528796,1.173462244,0.217002666,-0.190915131,-0.557897803,1.533408109,6
350,-0.761294892,0.860742493,-0.121057882,0.176471603,0.12578723,0.055594589,0.113881063,-0.030943102,-0.141848054,-0.129757684,0.035266914,0.166766868,0.442668882,0.788997302,0.025739615,-0.779157246,0.802796959,0.922226941,2.113879327,-0.029954179,-1.242193443,2
351,0.887627733,-0.73823613,0.363771602,1.551389052,1.764502811,1.817707252,-1.743886102,-1.779585177,-1.692135866,1.837969813,1.818796579,1.714525875,-1.146613113,-1.771995848,-1.734710092,-0.583591176,-1.489407549,-1.008213178,-0.15222702,1.239184382,-0.164034432,5
352,0.253426723,-0.246242708,1.454637939,-0.381209744,-0.786172378,-0.831026597,0.442067517,0.77560846,0.513696346,-0.412197299,-0.739893704,-0.430315157,0.846788679,1.293271709,0.681986695,-0.250291589,1.066567419,1.106081264,-2.068682955,-2.019771068,0.832977423,1
353,0.253426723,-0.467639748,-1.575546332,-0.178606462,-0.047334861,-0.03536105,0.155071469,0.162812291,0.158937533,-0.160752801,-0.167969495,-0.160351507,0.216533173,-0.003882074,0.036461311,0.521288527,-0.453883777,-0.027730983,0.319460033,1.189687851,0.46906567,4
354,-1.37012786,-0.07404501,1.454637939,-1.111493423,-1.021366283,-1.038658091,1.278431461,1.19275178,1.398236097,-1.415233373,-1.309826562,-1.56573669,0.587258087,0.474635889,0.388400844,0.6720176,-0.177348212,0.318387901,1.351510035,-1.021244601,-1.12873438,7
355,0.73541949,1.524933613,-0.727094736,0.481356316,0.947635774,0.987296124,-0.68711471,-1.272874822,-1.396895095,0.77566992,1.416084936,1.590590445,-0.468339726,-0.875700224,-0.34387583,0.537859925,-0.938278645,-0.823694527,-1.25720451,0.488967398,0.990059803,7
356,-0.127093882,0.245750715,-1.163441271,0.398456959,-0.045761799,-0.119817826,-0.231783943,0.077685093,-0.042832954,0.257650881,-0.087498615,0.045773284,0.430714651,1.244581054,0.434917043,-1.337547336,1.816775954,1.204781136,0.917867778,0.61707689,-0.745122469,5
357,0.253426723,-1.230229553,-0.314989675,-0.667219012,-0.64844439,-0.5523676,0.458489512,0.638526083,0.914094584,-0.509819814,-0.699864979,-1.026997534,-1.034287877,-1.392536847,0.058730502,0.951583177,-0.896416252,-1.693707336,0.114689509,-0.740960963,0.457233161,7
359,0.126586521,-0.492239419,0.606186343,-0.970986389,-0.816687432,-0.830238576,0.676439767,0.679096899,0.532609771,-0.278551666,-0.394262661,-0.174871912,0.555495555,0.578027927,0.590938056,0.613396106,0.112529286,0.312986939,1.455704379,-1.630709662,0.470065604,5
360,-0.00025368,0.122752359,-0.605887365,-0.53129947,-0.240918945,-0.247652428,0.505895226,0.270529687,0.251854253,-0.460818694,-0.221310589,-0.184551818,0.427086651,0.306482735,0.327306546,0.629050846,-0.213019268,0.157091218,-0.316999588,1.469764273,0.320281169,6
361,-1.014975295,0.36874907,-0.727094736,-0.983229775,-0.84075817,-0.814075409,1.066623446,0.875284272,1.013137309,-1.152196102,-0.933620237,-1.105703201,0.065780144,0.152575163,0.743472824,0.688634309,0.196022725,-0.289798893,-1.268316304,0.489282443,0.536532574,6
362,-1.078395396,0.614745781,0.848601085,1.22219005,1.907709482,1.830999291,-0.814852112,-1.517881833,-1.791261736,0.885415247,1.613480364,1.912382887,1.414330719,0.483283796,-1.995764848,-0.404111621,-1.860025548,1.840015704,1.486235202,-1.393413083,0.237227919,5
363,-0.00025368,0.122752359,-0.121057882,-0.291689522,-0.983412349,-0.867005679,0.38593357,0.680470399,0.834680119,-0.408796246,-0.695630345,-0.836314849,-2.151362177,-1.273409699,0.62193727,-1.062306425,1.660341762,-1.909021942,-0.202216811,-0.510478006,-0.151396228,8
366,-1.141815497,1.721730982,-0.727094736,-1.750302483,-1.421190286,-1.483758606,1.831071952,1.296731667,1.159706174,-1.782643135,-1.192599379,-0.96597091,1.204185601,1.405210666,1.343905363,1.063675612,0.574425422,0.819641799,-1.489136605,0.088546857,-1.393957516,7
367,-0.342722225,-0.000245997,0.606186343,1.140274018,1.440409218,1.43890632,-1.133111995,-1.397155283,-1.272091514,1.20603437,1.41584174,1.226988124,-0.325490992,-0.758324736,-1.443270152,-0.729241195,-0.977244589,0.012842682,0.241302569,0.143209357,0.368656682,8
368,1.103256076,0.122752359,0.000149489,-0.409595269,-0.670890075,-0.560763729,0.031161154,0.218621639,0.396138425,-0.02806578,-0.205098811,-0.35210571,-1.481823968,-1.266797548,0.633942294,0.387482793,0.297323988,-1.908766605,1.240139563,-1.221865097,0.175649342,5
371,-0.253934084,0.245750715,-0.484679994,-1.62443091,-1.480495577,-1.395953925,1.454600042,1.316578669,1.580224539,-1.545193205,-1.376704984,-1.660101162,-0.453948143,-0.45506241,1.404737759,1.71503598,-0.054390135,-1.431788678,0.145278442,-0.735242668,1.066144215,7
372,-1.040343336,-0.123244352,0.363771602,1.744175675,2.460748319,2.405331289,-1.29952965,-1.878868871,-1.953972481,1.374491737,1.922962532,1.955040456,0.533730055,-0.365064009,-2.506628493,-1.020050345,-1.890797978,1.154712807,-0.137624523,1.557388229,-0.277820527,5
373,1.039835975,0.614745781,0.242564231,-0.528609488,-1.312799368,-1.288681477,0.199769162,0.712352108,0.620099838,-0.178956898,-0.673564606,-0.501929265,-0.802850364,0.123897863,1.41166842,-0.330336681,1.920695491,-0.747485947,-0.979094084,-0.805692048,-0.239330011,8
374,-0.127093882,-1.390127415,-0.121057882,-1.036760434,-0.711440854,-0.701795905,1.081333637,1.103848951,1.098980971,-1.174348651,-1.178108262,-1.177789662,0.917890335,0.064975353,-0.194663704,1.610004164,-1.747182213,0.200689554,-0.295627497,-1.250014862,-0.295040814,7
375,0.380266925,0.085852852,0.000149489,0.541820792,0.04614717,0.098999442,-0.614313405,-0.280908725,-0.184318952,0.680225983,0.301478488,0.191850149,-1.113890425,-0.16356831,0.66437727,-1.252387613,1.936281224,-0.615724778,0.590109221,2.311183377,1.885464664,7
376,-0.888135093,1.303536573,0.12135686,-0.331609423,-0.069342992,-0.02844158,0.433380479,-0.07368605,0.032032879,-0.477237556,0.091915208,-0.025159514,-0.498200087,-0.60241418,-0.102952458,0.148351082,-0.283357184,-0.651333133,0.093665089,-0.863830704,-0.268673118,8
378,0.380266925,1.598732626,-0.387714098,-1.677996351,-1.328189989,-1.484599765,1.190080666,0.630873085,0.375986806,-0.981349312,-0.365302961,0.016087677,1.851097132,1.700165537,1.237825984,1.676982116,-0.115853626,1.237746802,-0.561172257,-0.645167826,-1.594604958,8
379,-0.507614488,-0.615237775,0.169839808,0.763539542,-0.045375482,0.038539083,-0.421370416,0.16992953,0.191932068,0.426360815,-0.212643205,-0.245785618,-1.385174653,-0.514453654,-0.042014849,-1.897292285,1.732354274,-0.585329425,-0.420366069,0.254369942,2.098809559,7
380,1.648668944,1.229737559,-0.339231149,0.153528053,-0.178925431,-0.149609798,-0.733393117,-0.436852963,-0.119259184,0.542958228,0.295628909,-0.062074853,-0.825194141,-0.56587291,0.694723382,0.311083318,0.46869291,-1.113518632,-0.04564981,-0.734897108,-0.880273205,6
381,-1.268655699,0.122752359,1.527362361,-0.326591946,0.370565226,0.227700235,0.596580016,-0.022863884,-0.294957124,-0.401159932,0.170587432,0.453595128,2.055988376,1.690608312,-0.422994966,0.158116952,-0.558112238,2.279185143,1.763225124,0.393441519,-1.162659228,1
382,-0.507614488,-0.369241064,-0.605887365,-1.652106198,-1.687570691,-1.559343134,1.553204878,1.576813886,1.836076888,-1.667367465,-1.641041517,-1.918432682,-1.410906741,-1.318672099,1.1829135,1.313215042,0.038777275,-2.318470457,-1.759811482,-0.845523149,0.448860574,7
383,0.507107127,-0.615237775,0.606186343,1.507508179,1.561493997,1.53535563,-1.352996672,-1.343901389,-1.602670085,1.466502031,1.420255624,1.722521594,0.555722569,0.205345667,-1.466033896,-1.008001371,-0.697288079,1.17359683,0.691348391,-0.048559017,1.252079731,5
384,-1.255971679,0.491747426,-0.848302107,-0.616760711,-0.265828442,-0.302072792,1.014424867,0.537197512,0.445130062,-1.087428215,-0.537048782,-0.418500969,0.116920432,-0.048451295,-0.100975944,0.241244883,-0.345750484,0.00637469,-0.74375553,1.475109435,-1.828165054,7
385,1.509144722,-1.230229553,1.454637939,-0.841767175,-1.296979924,-1.333920678,0.327372826,1.078690571,1.255789896,-0.365732213,-1.190868784,-1.416188676,1.14429313,1.445067111,1.630324534,1.186765225,0.784192351,0.685489321,-0.235899636,-0.717400708,-0.302866012,2
387,2.232133872,-1.082631526,1.212223197,-0.131295288,-1.088388557,-1.078143548,-0.424962181,0.715751946,0.60658955,0.356760721,-0.725798187,-0.577435083,-0.079318582,0.378439649,1.101845424,0.296130098,0.985028189,-0.248299278,0.938944325,-0.812418068,0.743254047,5
388,-1.522336103,1.697131311,-0.121057882,-0.271942755,-0.011607826,-0.146873034,0.639328292,0.043448989,-0.191921782,-0.525401292,0.079750829,0.355224615,1.359460992,1.672041714,0.194509677,-0.571289628,0.834466444,1.865658549,-0.256044133,-0.645718395,-0.7256727,1
390,2.156029751,0.245750715,0.606186343,-0.354217333,-1.210315867,-1.242267133,-0.38945483,0.451205094,0.623858607,0.376746549,-0.505286222,-0.688160058,-0.594506286,0.315179102,1.731067549,0.073711453,1.907492586,-0.722418892,-0.762201149,1.018746443,-1.444616879,8
391,-0.00025368,1.106739204,0.000149489,-0.603849078,0.007151597,-0.059688862,0.645268675,-0.01225868,-0.177913363,-0.637625382,0.071849115,0.27058873,1.615316927,1.044481409,0.161185449,1.349957424,-1.054748107,1.14027524,-0.102313882,-1.16116527,-0.438797508,8
392,-1.395495901,-0.861234486,0.000149489,-0.362170727,-0.306835458,-0.239902307,0.66490528,0.693829245,0.755386121,-0.733536152,-0.748756379,-0.826530078,-0.541156335,-0.671022298,-0.362048283,-0.100419751,-0.343982945,-0.568702387,-0.693110552,1.918455355,1.077379575,6
393,-0.00025368,0.122752359,-0.727094736,1.514545312,0.932930304,0.926889769,-1.441697062,-1.110649684,-1.054714754,1.492252748,1.107703763,1.030854604,-1.221646756,-0.672542523,-0.692736356,-1.966062101,1.052623858,-0.360885068,1.600108541,-1.235197519,-1.011747005,5
395,-0.00025368,1.03294019,1.890984474,-2.632218222,-2.018344679,-2.080449091,2.161145427,1.627911678,1.478381622,-1.736028954,-1.265300748,-0.998483856,1.936186292,1.903314499,2.008418809,2.326464614,0.150277106,0.990915867,-2.065275322,-0.727113048,0.382449995,1
396,-0.253934084,0.245750715,-0.121057882,0.314425106,0.342684847,0.355533569,-0.253106783,-0.360787771,-0.406808851,0.282156398,0.39731819,0.458206484,-0.376344474,-0.397535185,-0.510906269,-0.53435702,-0.089105484,-0.149016446,0.097026061,-0.647454267,0.181842788,5
398,1.318884419,1.315836408,0.339530127,-0.578433694,-1.397597319,-1.38270619,-0.066139935,0.398260824,0.57073635,0.069762466,-0.416935326,-0.580570194,-1.013532653,0.032022077,1.753905126,-0.171871609,2.15458641,-1.073722281,1.085349074,-1.927897609,-0.893171767,8
399,-0.761294892,-0.492239419,1.115257301,-1.055269279,-0.491657232,-0.500498892,1.219852382,0.907413571,0.861863421,-1.327875825,-0.962198555,-0.91703029,1.269778403,0.412654475,-0.045526532,1.770965685,-1.716036799,0.519728426,-0.052818233,0.945993859,-0.028539153,7
400,-0.418826347,0.860742493,-0.727094736,-0.048012576,-0.154241602,-0.07990041,0.037585927,-0.126987684,0.051605787,-0.043125096,0.140842682,-0.064557279,-1.356847337,-0.843381393,0.208788742,-0.798925695,0.959750088,-1.135588278,-0.947106778,-0.338576758,0.712824714,5
401,1.306200399,-2.103517878,-0.496800731,1.76946223,0.789894051,0.760154971,-1.808559266,-0.617839675,-0.739130968,1.849741783,0.559421332,0.678687801,-0.494387867,-0.164866119,-0.682192814,-1.516269215,0.659019056,0.23633245,0.790184248,0.330975337,-0.722262918,1
402,0.760787531,0.221151043,-0.181661567,-1.139240524,-0.464819806,-0.530339254,1.045451529,0.492762905,0.314778792,-0.996741078,-0.429974412,-0.204184289,2.280544561,2.042089965,0.910525037,1.449666899,-0.256761131,1.851957986,-0.768751154,0.691789358,1.337362669,5
403,-1.776016506,0.405648577,0.800118137,-0.081619919,0.217987022,0.248627426,0.484142224,0.121116459,0.089913064,-0.536249049,-0.124865846,-0.08534106,-0.363665074,-0.874967086,-1.044751112,-0.074351304,-1.152023706,-0.378532254,0.733826668,-1.48448736,-0.047193091,7
404,1.141308136,0.983740848,-0.363472623,0.343201866,0.184657752,0.150791635,-0.790873149,-0.743822439,-0.634650962,0.864403908,0.795975937,0.673027598,-0.558941401,-0.055725776,0.686717738,-0.265396631,1.028837899,-0.501603614,-1.10366273,1.69521256,-1.422875934,7
405,-0.888135093,-0.369241064,0.848601085,0.405369299,0.931465725,0.932818668,-0.211769095,-0.593536354,-0.588785822,0.213925456,0.600928167,0.56138891,0.803496082,0.005089328,-1.193014997,0.303788349,-1.64190367,0.76231524,1.052141439,-1.03645795,1.252590641,8
406,-0.444194387,0.245750715,0.242564231,-1.591478896,-1.981772161,-1.923416351,1.459896735,1.73858086,1.969467398,-1.597843195,-1.846558568,-2.097878788,-1.119798339,-0.568805022,1.658149034,0.830478291,1.068386487,-1.727729349,-0.019144564,-0.366818561,-1.213403211,8
408,-2.194589173,0.737744137,1.297068357,-1.894237633,-1.722160371,-1.87834507,2.266483288,1.858730871,1.440871223,-1.859787442,-1.447950132,-0.904109665,1.59019419,2.036668021,1.217949453,0.333735276,1.151656285,1.650629694,1.760316939,-0.522641259,-1.632051655,7
409,1.306200399,-0.123244352,0.000149489,0.344486941,0.248419563,0.228522627,-0.706741868,-0.483029496,-0.509533704,0.781343952,0.521120007,0.554023389,0.191758863,0.274699604,0.277704703,0.131307101,0.202075112,0.150726913,-1.424388399,0.609479103,-0.097234521,7
410,-0.380774286,-0.73823613,0.484978972,1.335371017,1.389364705,1.377379312,-1.178243083,-1.111300631,-0.939296307,1.091756519,0.992136517,0.681574698,-0.029956338,-0.457867992,-1.622656815,-0.97695418,-0.932721028,0.483962428,-0.266535171,-0.785857601,0.380543541,5
411,-0.380774286,0.245750715,0.484978972,-1.99086849,-1.868097284,-1.830535951,1.993932413,1.842570325,1.73968276,-1.995827392,-1.789946843,-1.56737788,0.494655441,0.517775546,1.6276657,1.855211685,0.106840367,-0.415875196,1.970349155,0.151823127,0.35791076,5
412,0.887627733,0.983740848,-2.072496552,0.43356596,0.512066971,0.569395499,-0.73589012,-0.911715944,-0.803083574,0.816102364,0.994097964,0.885488874,-1.069018546,-0.991609076,0.067548728,-0.011904772,0.045722699,-1.222377845,0.05557139,1.065261189,0.981610941,5
413,0.760787531,-1.107231197,0.860721822,1.107710936,0.68525468,0.664586938,-1.117114948,-0.588812473,-0.620892998,1.058309415,0.488671831,0.474018742,-0.042494594,0.106951271,-0.674029226,-1.137037387,0.319685096,0.55449502,-0.788677013,-0.896113518,0.231725172,5
414,-0.507614488,0.491747426,0.848601085,0.143221742,0.33350951,0.282671732,-0.087005819,-0.291466146,-0.225186007,0.073858477,0.268181764,0.169007643,0.194860862,0.087887725,-0.342540231,-0.184157719,-0.210003833,0.321684782,0.079971438,0.853003956,-1.571511436,6
417,0.253426723,-0.29544205,-0.387714098,-1.193208554,-1.836249968,-1.820899276,0.964485829,1.498750819,1.457212829,-0.817910808,-1.369442466,-1.259548391,-0.392433088,0.421752161,1.709109526,0.246271368,1.723230252,-0.581726666,-0.103737627,-1.686388156,-0.131162689,8
419,0.887627733,0.491747426,0.000149489,0.666169221,0.426569857,0.340740927,-0.907616788,-0.56119428,-0.524229234,0.898468016,0.48676626,0.388733117,0.957012802,1.208119098,0.170455851,-0.431744552,0.654888727,1.32905216,-0.105684437,0.067175657,0.197109469,7
420,-0.253934084,-0.000245997,-1.793719599,-0.461637786,-0.080459105,-0.083796702,0.5201522,0.214764265,0.098419637,-0.492258952,-0.146082912,0.009389417,1.039611783,0.575144223,0.149709359,1.141379113,-0.889659527,0.589254886,0.466631414,1.179642954,0.975600157,3
421,-0.507614488,-0.615237775,1.066774352,-0.935255141,-1.44946192,-1.41865862,1.178998906,1.584390906,1.55302885,-1.277968628,-1.668393332,-1.613383145,-0.294639906,0.454994943,1.121342331,-0.318600617,1.594242653,-0.169592966,-0.157098175,-1.99378513,0.42537742,5
422,-0.583718609,0.245750715,-0.121057882,1.306744995,1.311204366,1.467682044,-1.104246017,-1.440181382,-1.239557492,1.194189465,1.506697337,1.290088456,-2.388128409,-2.596974078,-1.592143197,-1.253066808,-0.726953141,-2.079931634,0.10621008,1.021784331,0.435911156,5
426,0.126586521,1.106739204,-0.205903041,-0.733893635,-1.031781971,-0.937298821,0.615083413,0.650612918,0.767260986,-0.637232977,-0.652587212,-0.751774546,-0.789522501,-0.15245213,1.275766251,0.155693845,1.293130823,-0.99006577,-1.401274873,0.607219756,2.260032877,8
427,0.380266925,-1.500825935,0.61830708,-0.26956659,0.03269669,-0.043278939,0.337548214,0.419818959,0.209674898,-0.368168314,-0.450133591,-0.213450815,1.63691521,0.824711466,-0.455916974,1.152196012,-1.576452398,1.270036127,2.071459166,-0.778876349,-1.18104974,8
429,-0.00025368,0.491747426,1.212223197,-1.792907981,-1.451832867,-1.464789094,1.414543343,1.149408687,1.076437305,-1.03918514,-0.831083121,-0.612386554,0.422186442,0.587426133,1.582624396,1.488288177,0.407183439,-0.304471041,0.407404622,1.364065858,-0.858359788,5
430,-0.253934084,-0.492239419,-0.848302107,0.307830918,0.873999686,0.940838486,-0.404906718,-0.792703997,-0.680538523,0.407613845,0.809403829,0.685462169,-0.66310048,-1.576968148,-1.605790619,0.180537526,-2.060552416,-0.857943056,-1.999042109,0.307660623,-0.759399538,8
431,-1.585756204,0.860742493,-0.630128839,0.432538929,0.407499149,0.35505359,0.087683004,-0.150241732,-0.269328287,-0.087212378,0.145595466,0.251322079,0.662102605,0.908583788,-0.168638863,-0.804148571,0.611081602,1.187697791,1.398017262,0.106760942,1.252605931,5
432,-0.012937701,-1.439326757,1.842501526,-1.291295381,-1.712718492,-1.750681028,1.36501715,1.926997545,1.912034517,-1.478565797,-2.035374403,-2.011655405,0.745793222,1.117938017,0.986780448,0.288126809,0.89356534,0.704303828,-0.830329517,-0.857879011,-1.285979277,5
436,-0.63445469,1.574132955,0.363771602,-0.647904603,-0.124430118,-0.095320065,0.62992424,-0.120321101,-0.032677638,-0.675218511,0.151454862,0.066270838,-0.092253758,-0.331020288,0.138192328,0.707338817,-0.529088573,-0.481362886,-0.456316837,-0.921532704,0.221985255,8
437,1.141308136,-0.615237775,0.484978972,-0.619242481,-0.611134593,-0.609196274,0.18478579,0.502008504,0.620347243,-0.203317833,-0.542210862,-0.682547848,0.48591333,0.311692234,0.875588648,1.399800726,-0.32272439,-0.184272074,1.959593115,0.856607998,0.178810875,5
438,-0.65982273,0.737744137,-0.605887365,-0.379089642,-0.463830192,-0.474205813,0.396660288,0.359814222,0.436323943,-0.448522036,-0.400880685,-0.499754595,-0.028770503,0.325540267,0.562877769,-0.119667862,0.766159374,0.030430515,-2.120851711,-0.467732396,-0.259443089,5
439,0.405634966,-0.492239419,-0.242265253,0.99670236,1.353399099,1.3263836,-0.921228702,-1.144489643,-1.39334182,1.024531368,1.243545498,1.538333203,0.785418845,0.077598254,-1.386678692,-0.129278048,-1.447248181,0.971332365,0.141326568,0.357483076,0.696651667,5
440,0.253426723,-1.500825935,0.727393714,-0.667099635,-1.209141252,-1.179120716,0.668806162,1.289404072,1.443286078,-0.737794944,-1.409406335,-1.598254266,-0.349292874,0.169913493,0.678918183,-0.32643427,1.087566469,-0.228252585,-0.322345554,-1.345605929,0.21730511,8
441,0.760787531,0.885342164,-0.121057882,0.414057797,0.660995072,0.676994152,-0.70474595,-0.966227791,-0.931428897,0.775679803,1.0612612,1.041578125,-0.78006723,-1.046184611,-0.191735075,0.426578707,-0.667230523,-1.122935626,2.301371212,0.929035972,-1.151141641,7
442,-0.00025368,0.245750715,0.12135686,-0.148116835,-0.041878306,-0.118690477,0.218439768,0.111647712,-0.045195335,-0.233759718,-0.111740049,0.067636784,1.127871075,0.954608014,0.098357863,0.42053255,-0.247149248,1.07319417,-0.862323875,-0.509291422,-1.142604827,8
443,-1.611124244,0.860742493,-1.296769379,-0.247044782,-0.184228783,-0.175368919,0.564286097,0.3195716,0.341471339,-0.630624635,-0.348188241,-0.376545134,-0.27830696,-0.100356204,-0.060276559,-0.449866434,0.354591888,-0.081167902,-0.61346289,0.621352084,-0.022652063,5
444,1.864297287,-1.230229553,1.660690469,0.456821555,-0.241435765,-0.199598228,-0.950947093,-0.132992628,0.093475144,1.039219297,0.12214619,-0.142617377,-1.349464783,-0.633345925,0.702228963,-0.664300108,1.400694597,-1.198538296,1.468277219,-0.42587186,0.168677286,5
445,-1.268655699,1.106739204,0.242564231,-0.12538691,0.222300386,0.211023527,0.512138286,-0.040635859,-0.187267342,-0.54721818,0.065501695,0.240059263,0.579283246,0.423190684,-0.360394451,-0.124476046,-0.272665367,0.731858834,-1.331018172,0.595360674,0.759272492,1
446,1.014467934,-1.82062166,-0.969509478,0.096637406,-0.245259404,-0.173943158,-0.493289587,0.158411247,0.359066313,0.525957486,-0.197571635,-0.437320069,-0.948976018,-1.095219189,-0.216133991,0.141486246,-0.426238436,-1.165797538,0.845461804,-1.488337296,-0.299754328,6
447,-2.00432887,1.574132955,0.848601085,-0.245172946,0.122609794,0.059390442,0.997806924,0.207423992,0.031469372,-1.091956452,-0.20429258,-0.000312536,0.630306112,0.715037434,-0.236305901,-0.519971541,0.256170813,1.000361401,0.147235086,1.100758782,-0.375035195,1
448,1.115940096,0.614745781,0.000149489,1.227733596,1.064957233,1.042347679,-1.63029463,-1.405546672,-1.361867465,1.716465372,1.42349805,1.352944937,0.051051617,0.123978417,-0.222414332,-0.433058502,0.164219052,0.288467367,0.318427921,0.310565059,0.597197846,7
450,0.291478784,-0.29544205,-0.727094736,-0.724042861,-0.889230673,-0.836727175,0.288506493,0.499450234,0.750290219,-0.328217291,-0.566198615,-0.87748551,-0.16575183,0.276525824,1.558443847,0.882853373,0.941513856,-0.658971016,0.884660424,-0.932329446,1.840930404,6
451,-0.444194387,0.024353674,-0.363472623,0.63796446,0.939348449,0.965069017,-0.167187496,-0.408329136,-0.59015315,0.190590755,0.46403866,0.692071383,-0.096184469,-0.810756152,-1.793502934,-0.533411737,-1.562839885,0.172488669,-0.235850218,1.163591088,-0.254070177,5
453,-0.761294892,0.737744137,-0.266506727,-0.941695181,-0.242574573,-0.232103846,0.732410749,0.019835263,0.084517166,-0.488612591,0.187058216,0.193788251,-0.235455957,-0.60053801,-0.159699816,0.645475533,-0.819801251,-0.613128774,-0.809879531,-0.030854142,-1.88808755,6
454,1.521828742,0.245750715,0.727393714,-0.723678444,-1.40716369,-1.414497454,0.414813435,1.103850741,1.07856108,-0.398693537,-1.070561873,-1.028638907,0.323689065,1.245909147,2.305886245,0.662803867,2.039833726,0.020339342,2.150469794,1.483397456,2.298093839,5
455,-0.127093882,-0.492239419,0.363771602,-0.110653467,0.026065551,-0.031293309,0.184079052,0.098716387,0.004643809,-0.190261642,-0.097594962,0.008271773,0.347637967,0.06492797,-0.432627745,0.090616779,-0.57415912,0.351480406,-1.326319549,-0.646702415,-2.111676325,7
456,-1.522336103,0.491747426,0.848601085,1.562001001,0.963867903,1.019942591,-1.02469529,-0.851020102,-0.763286457,0.920770483,0.766931552,0.656015364,-1.211652554,-0.986567753,-1.124071201,-1.755731547,0.350098273,-0.461004053,0.725531086,0.828527789,0.270021068,8
457,-0.380774286,0.614745781,-0.121057882,-1.28665116,0.098371213,-0.021230461,1.171996769,0.140185667,-0.144352832,-1.085836741,-0.016732412,0.304402255,2.653063079,1.584698551,-0.076362899,2.102956844,-2.016420442,1.933468591,-0.296674556,0.054314497,-0.43789587,7
459,-1.141815497,1.291236737,0.957687719,0.162591615,0.347892921,0.308525834,0.02003475,-0.388853459,-0.330759081,-0.0153514,0.397068962,0.309490987,0.503469007,0.611050663,-0.083540502,-0.37909321,0.2912737,0.779825876,-0.141911079,0.458711739,0.398008971,8
460,-0.380774286,-0.246242708,-0.121057882,-1.119157171,-1.125524419,-1.088781456,1.284735011,1.322806982,1.241766109,-1.36968578,-1.350341989,-1.218457581,-0.087461948,-0.158124568,0.638556618,0.927883789,-0.163470395,-0.592881322,-0.135835347,1.268571201,-0.17057318,8
461,0.253426723,-0.369241064,-0.363472623,0.647057188,0.565480242,0.577230946,-0.587471654,-0.5038504,-0.585196537,0.651477679,0.543825076,0.638312819,-0.045735714,0.019011367,-0.346005479,-0.555041966,0.135374537,0.241950281,1.929050344,-0.882147817,1.158319322,8
462,0.380266925,0.122752359,-0.484679994,-0.917565323,-1.382100997,-1.389294604,0.621022864,0.992220891,1.271516723,-0.688752586,-1.09222343,-1.431728147,-0.280906933,0.574281888,1.754173887,0.199742941,1.825045384,-0.428853169,-0.196986096,-0.024173868,-0.56131293,8
464,-1.560388163,-0.369241064,0.12135686,-1.221422248,-0.946852075,-0.846103412,1.384486106,1.185247824,1.415493884,-1.5112016,-1.27130152,-1.541427064,-0.758855907,-1.274607405,-0.269573175,0.89160925,-1.20693007,-1.345311406,-2.107407491,-1.099798688,0.19919201,7
465,-0.241250064,0.737744137,0.727393714,0.352327031,0.476110244,0.423620184,-0.130797483,-0.381704279,-0.583459996,0.148472463,0.427843088,0.673968137,0.682298985,0.720426345,-0.073566514,-0.225015155,0.160913864,0.90360999,0.486529974,1.058864416,0.236232398,7
466,1.674036984,-1.242529388,-0.363472623,-0.189806528,-0.371274541,-0.302074425,-0.351489562,0.106461777,0.346788655,0.396441007,-0.121600969,-0.405234987,-0.755950355,-0.790010608,0.443816976,0.663793433,-0.160513351,-1.221087805,1.173815525,0.025228664,0.2785311,2
467,-0.888135093,1.119039039,-1.33313159,0.024212233,-0.157345095,-0.181311562,0.162903588,0.010294107,-0.002349779,-0.182379002,-0.009294334,0.00573865,-0.226656464,0.281763807,0.262069324,-0.809527381,1.078182448,0.169041447,-0.265340765,-1.992227568,-0.28076322,5
468,0.380266925,0.36874907,0.12135686,1.409144098,1.892701764,1.814785466,-1.47531129,-1.792048525,-1.799542097,1.529420349,1.794709555,1.751792696,1.11777027,0.514909169,-1.335696311,-0.32883013,-1.18125942,1.459212867,0.311043243,1.434221438,0.262783539,5
469,0.507107127,-0.246242708,0.606186343,-1.119721061,-1.511596652,-1.524673798,1.160777339,1.480579573,1.220609117,-1.176920053,-1.449763145,-1.089633407,0.550298888,1.059632638,1.490770406,0.597471124,1.169116042,0.315464204,-1.835832763,-0.182997976,-0.492734187,5
471,0.862259692,-0.344641392,0.969808456,-1.414989301,-2.183712684,-2.111606155,0.856276724,1.524318598,1.821148692,-0.91831925,-1.623273384,-1.938301339,-1.39196412,-0.454257285,1.925171132,0.303153396,1.877049455,-1.760737627,-0.440251862,0.043478766,-0.712578764,5
472,0.633947329,0.959141177,-1.175562008,0.491386434,0.658106604,0.626477168,-0.600949398,-0.799424895,-0.980649676,0.656397461,0.875458499,1.100779888,0.619375369,0.5049295,-0.108276598,0.080318456,-0.177631708,0.669270959,-1.296549319,0.217651163,0.734977971,7
473,0.633947329,-0.922733664,1.78189784,-0.678317871,-0.470803745,-0.438977851,0.38238622,0.447962659,0.657216892,-0.413661285,-0.483449982,-0.730564772,-0.314077129,-0.785982616,0.142440862,1.251855307,-1.060789586,-1.025251738,1.394727511,0.320478109,-1.266882486,2
474,-0.63445469,1.537233448,-0.484679994,0.986192516,0.837152525,0.770577047,-0.692973868,-0.868500228,-1.124986612,0.737999896,0.920125541,1.213616946,0.739558665,1.234108664,-0.232724791,-1.442689557,1.158677738,1.615547056,-0.351589764,-0.577883735,1.199245843,8
475,0.507107127,-0.246242708,-1.636150017,-0.33410943,-0.278757294,-0.275128008,0.201337582,0.240079102,0.30480844,-0.208953432,-0.245149731,-0.310179405,-0.15687241,-0.215569543,0.396605083,0.617267203,-0.145431527,-0.507839474,0.407657415,1.347844483,-0.670161427,4
476,-0.63445469,-0.615237775,0.048632437,-0.862958523,-0.79906088,-0.743611822,0.903485173,0.929767532,1.097142076,-0.987735228,-1.006522369,-1.214615058,-0.138232861,-0.188927224,0.527994994,0.754880565,-0.125918045,-0.559436446,-0.351685992,0.569748191,1.035320439,7
478,-0.127093882,-0.147844023,0.606186343,-2.370043759,-2.111397142,-2.108090654,2.064581176,1.941848794,2.076207836,-2.11641482,-1.97886775,-2.075613202,1.544353744,1.429869124,1.616029503,2.070319822,-0.071819641,0.676472445,-0.992247877,0.460001092,0.780966169,5
479,0.126586521,0.799243315,0.848601085,0.473045624,0.229332468,0.275279188,-0.49690874,-0.515552033,-0.490625784,0.562229768,0.580581768,0.566182686,-1.752577655,-1.168530176,0.114297664,-1.040078031,1.067726089,-1.462466993,1.039818088,-0.070244615,-0.243766806,6
480,-0.127093882,1.352735915,-0.121057882,-0.014589575,0.72121644,0.712422624,-0.063254627,-0.815067116,-0.953003843,0.068733764,0.896405521,1.071700005,0.82366244,-0.105864925,-0.640388866,1.256400659,-1.924348248,0.280016862,-0.29510272,-1.706071727,0.193579121,7
481,1.39498854,0.245750715,-1.587667069,1.037134944,0.715360969,0.67398194,-1.40782731,-0.998629465,-0.770736244,1.423312604,0.908773364,0.603281412,-0.376587133,0.077024835,-0.072649804,-1.075180366,0.941990976,0.13767735,-0.835085347,1.838268686,-0.677301052,8
483,-0.507614488,1.598732626,-0.121057882,-0.001483553,0.572487673,0.500461342,0.007305544,-0.643083695,-0.589238826,-0.014331263,0.623220737,0.526155439,1.17057363,0.865436858,-0.059541148,0.524297855,-0.528649262,1.067214942,0.404247972,0.556228139,0.398948741,8
484,0.760787531,-0.73823613,0.12135686,-0.812868517,-1.418158829,-1.37819031,0.714704356,1.277695095,1.228209098,-0.734927594,-1.263039598,-1.169063701,-0.605420936,-0.026631145,1.195146726,0.176096173,1.187640352,-0.789291405,-0.794138175,-1.270693299,-0.061064506,8
485,0.633947329,0.36874907,0.000149489,0.132567551,0.393280512,0.335201292,-0.202085905,-0.38443991,-0.508602303,0.220617991,0.414782436,0.560639955,1.053156504,0.742781789,0.041591741,0.665748072,-0.553466965,0.857202979,-0.599433319,1.783217477,-0.353374042,7
487,0.507107127,1.770930324,0.521341184,-1.780765482,-1.15776363,-1.058967034,1.268677874,0.598600634,0.900168394,-1.197174407,-0.487711096,-0.752989699,-0.238114402,-0.497534949,1.486578882,2.375533969,-0.59064156,-1.534191153,0.597295927,0.042877581,1.533484377,2
489,-0.63445469,-0.123244352,0.000149489,-0.923316623,-0.905879757,-0.969040835,1.218113635,1.126828218,0.926706726,-1.212733816,-1.082162999,-0.833138733,0.682155024,0.918529477,0.613020586,0.15080014,0.59142862,0.704028706,0.708082004,-0.190105071,-0.931193265,7
490,0.126586521,-0.984232842,0.000149489,-0.610125554,-0.203434782,-0.114050995,0.453199538,0.422413254,0.522606429,-0.506978234,-0.463541087,-0.587293965,0.19937169,-0.666481056,-0.390884101,1.45899078,-1.85753869,-0.545021155,-0.681769636,-0.283144546,1.529623883,7
491,0.760787531,0.737744137,-0.484679994,-0.107532659,-0.358138432,-0.429876206,-0.138356868,-0.003615483,0.060429503,0.156539299,0.002898442,-0.072293671,0.131142845,0.852813097,1.340868882,-0.02588779,1.582257993,0.164467901,-0.703550203,2.152183066,-1.032970421,6
492,0.126586521,-0.73823613,-0.484679994,2.39077468,2.11195606,2.149413389,-2.021355284,-1.728069618,-1.723183916,1.834939198,1.53108614,1.421207896,-0.607358099,-0.792409283,-1.976644551,-1.900572408,-0.471407253,0.310407858,-0.571766011,-0.146606869,1.765222922,5
493,-1.35744384,0.737744137,-0.242265253,-2.404082212,-1.633554324,-1.619398838,2.345016275,1.621593104,1.530199839,-2.202459381,-1.411017566,-1.196803338,0.760940923,0.104831418,0.772863056,2.336547365,-1.337750086,-0.365222657,1.429051532,-0.260269234,-0.859728378,5
494,0.202690643,0.491747426,0.606186343,0.412517149,0.358380756,0.355739618,-0.426724756,-0.573508703,-0.567201025,0.480992843,0.625738852,0.629269218,-0.596026308,-0.248167434,-0.089811686,-0.841993908,0.687205529,-0.238272662,-0.939461571,0.23635156,-0.452114017,7
496,1.902349347,0.983740848,0.363771602,0.143308411,0.304412466,0.174974531,-0.457294083,-0.623897105,-0.894470573,0.513602893,0.698263069,1.030643533,2.015818203,1.818342352,0.682260028,1.105146483,-0.198075219,1.730500281,0.459278817,-2.30595997,-1.252220499,7
497,-1.776016506,-0.84893465,0.848601085,-0.227200477,-0.546270901,-0.432672671,0.453708041,0.676708479,0.979579913,-0.509344717,-0.758211302,-1.13042236,-2.052619456,-1.600063827,-0.20239095,-1.100918281,0.747816235,-1.775042008,1.412925997,0.115511158,1.017894902,7
498,1.141308136,0.47944759,-0.605887365,-0.135416656,0.070837945,-0.031909528,-0.004485503,-0.113147734,-0.294796248,0.005810196,0.129434393,0.347282412,2.19778176,2.045790577,0.753838886,1.074915276,-0.078464506,1.955684555,-0.543424803,0.418988431,-0.398898705,7
499,-0.63445469,-0.123244352,0.12135686,0.489367914,0.560533302,0.669207211,-0.485443364,-0.585238241,-0.456909607,0.541143078,0.649452441,0.515423941,-2.331980439,-2.703357306,-1.553509168,-0.846803699,-1.073492419,-2.230969095,0.009943907,-0.545673964,-0.607746865,5
500,1.141308136,-0.553738597,0.363771602,-0.437231091,-0.551747809,-0.636650938,0.36387189,0.577721159,0.469459637,-0.403750914,-0.64248003,-0.532606082,2.11376517,2.414385973,1.481348417,0.935737308,0.894849786,1.93296952,-0.393019405,0.516248256,1.452017228,5
501,-0.127093882,1.291236737,-1.405856012,1.568572508,1.746910435,1.722463807,-1.595552961,-1.839282996,-1.841892549,1.637459365,1.879921045,1.850494057,-0.760579222,-0.968854376,-1.61290901,-1.402372404,-0.539384051,-0.130055283,-0.687167225,1.710002212,-0.733206186,5
504,0.633947329,-1.107231197,1.57584531,-0.996969294,-1.642205147,-1.652655526,1.002542369,1.616157112,1.379138873,-0.984556719,-1.579414296,-1.247447038,-0.058334368,0.603298881,1.279098489,0.049253141,1.430183917,-0.0931824,-1.491284885,-0.564387412,-1.091953709,5
506,-0.380774286,0.122752359,1.430396465,-1.137226987,-1.566849057,-1.451341819,1.248409298,1.477502931,1.42773501,-1.262372922,-1.447951638,-1.324780351,-1.001504899,-0.371834383,1.288133291,0.203105802,1.25279181,-1.258869192,-0.074312588,0.933789469,1.782608838,5
507,-0.127093882,-0.492239419,-0.727094736,0.36208772,0.589624171,0.549678253,-0.190613541,-0.281508495,-0.448728916,0.209250106,0.305917922,0.501249074,0.521945122,0.102333881,-0.679393927,0.089523995,-0.851510618,0.552403176,1.362939028,0.145498307,-0.580223834,8
508,-0.253934084,0.491747426,-0.702853262,-0.511973906,-0.719290121,-0.781124209,0.56495906,0.655316302,0.624174881,-0.627247519,-0.717661178,-0.690000015,1.141742635,1.468540415,0.750438751,0.077462721,0.840415984,1.27117804,-0.594552175,-1.44649852,-0.158001407,5
509,1.521828742,-0.676736953,-0.314989675,-0.377249366,-0.666210572,-0.597868506,-0.199011381,0.202641424,0.548654721,0.22358058,-0.232382605,-0.644941015,-1.458431158,-0.83081614,1.555107699,0.561247901,1.196016661,-1.974083245,-0.765512603,1.74311309,0.521804964,5
511,-0.127093882,1.352735915,-0.314989675,-2.102953368,-1.279016678,-1.40209957,1.641621398,0.921055297,0.710741182,-1.143961551,-0.505767845,-0.162748663,1.502504516,1.48437681,1.33803178,1.525366703,0.132646597,0.917536363,0.298093686,0.689930117,-1.186581723,5
512,-0.380774286,-0.123244352,1.321309831,-1.002522591,-1.114568885,-1.126913181,0.919100992,1.102689909,1.279444078,-1.025528013,-1.211603666,-1.439335118,0.45307207,0.767763469,1.445226903,0.986769496,0.735282168,-0.002855335,0.397100033,-0.425013055,-0.449635147,5
513,1.141308136,-1.955919851,0.727393714,1.311748026,1.263817778,1.278454975,-1.182866408,-0.885425518,-1.211871734,1.304294652,0.961551266,1.346596911,0.223368687,-0.309206964,-1.850125667,-1.033244637,-1.13101685,0.804994833,-0.993382998,0.665145198,1.829757195,8
514,-0.761294892,0.848442657,-0.484679994,-0.107278909,-0.069262146,-0.015339642,0.130787431,-0.100649741,0.026284967,-0.137391444,0.11818077,-0.017251568,-0.971627031,-0.902603435,-0.13243767,-0.239392606,0.038661052,-0.989729218,-0.605193995,-0.922293911,-0.11284837,5
515,-0.900819114,1.229737559,-1.284648642,-0.318471482,0.241214162,0.20645211,0.481966435,-0.158726612,-0.209588406,-0.526772085,0.179718868,0.240906341,0.696202247,0.31405383,-0.036873872,0.759934568,-0.750203135,0.396954073,-0.000802533,1.855022584,-0.276910786,5
516,1.661352964,-0.615237775,0.0365117,-0.390571654,-1.030185775,-1.062961912,0.038744394,0.746674745,0.861256953,-0.039184641,-0.814201546,-0.955067192,0.255962123,1.121120164,1.651912685,0.01458236,1.908158939,0.286456732,0.702473673,-1.342268529,-0.352685024,5
519,-1.522336103,1.78323016,-0.969509478,-2.569395439,-2.486265947,-2.43044847,2.327207664,1.96106183,2.151870078,-2.200911807,-1.804235853,-1.918880748,-0.309677985,0.385098357,2.700477959,1.692033735,1.473385346,-1.253763808,-0.382250255,0.535620813,0.435614705,7
521,-0.012937701,-0.000245997,0.812238874,0.189761714,0.137149606,0.075692584,-0.1212082,-0.078982857,-0.191053614,0.13635977,0.086672868,0.21524909,0.6078098,0.626370362,-0.083647253,-0.187554144,0.109892945,0.798116934,1.622907477,-0.905055425,-1.075609002,3
522,1.686721004,-0.95963317,-0.811939895,-0.449673114,-0.93684565,-0.923775921,-0.047483475,0.530240539,0.764053968,0.053620383,-0.592763991,-0.87436405,-0.23490096,0.359992453,1.321000112,0.262294743,1.265031438,-0.409166769,0.18300969,-0.674333259,0.077923297,8
523,0.126586521,1.943128022,0.691031503,0.179803969,0.661973944,0.703363424,-0.413781011,-1.028159024,-0.96036055,0.453380072,1.124735011,1.067618979,-0.667228985,-1.122940731,-0.417272586,0.573627046,-1.066052422,-1.071270121,-1.812920446,0.398532674,0.19783528,6
526,-0.507614488,-0.492239419,0.12135686,-0.805559231,-0.050768921,-0.000828746,0.931927154,0.374735021,0.302691503,-0.919314133,-0.302655731,-0.165266478,-0.01740989,-0.880480947,-0.292362802,1.586865472,-1.876315983,-0.862035886,0.768329065,1.632818967,0.04234416,7
528,0.380266925,1.635632133,1.745535629,-1.174266495,-0.471275384,-0.380695297,0.701481325,-0.023498737,0.284629172,-0.724202973,0.070080832,-0.250583681,-0.436733128,-0.931913903,0.674003288,1.948350768,-1.125378578,-1.535804239,0.314902079,0.163176035,0.763264832,6
529,-1.078395396,-0.369241064,-0.727094736,-0.417380369,-0.737686875,-0.808318529,0.741578929,0.979574403,0.941007549,-0.82755476,-1.076387669,-1.0563393,0.572765653,1.072858451,0.58217638,-0.468965753,1.15161967,0.907161499,1.84744859,-1.552881087,-1.11001377,6
530,0.570527228,-1.267129059,0.606186343,0.137573799,0.025795672,0.035715747,-0.169669369,0.115359403,0.096664916,0.192682812,-0.132374099,-0.114861396,0.233126204,0.251538185,-0.10646942,-0.186118967,0.066674589,0.366706392,-1.887946309,1.656379369,1.044717514,8
531,1.268148338,-0.332341557,-1.211924219,1.23902843,0.619436871,0.693751163,-1.590198477,-0.907839747,-0.855552379,1.621921772,0.906729051,0.847655054,-1.448889348,-1.380942457,-0.523750794,-0.668328576,-0.018316636,-1.310676028,0.216829576,-1.607087628,0.292719839,5
533,-0.00025368,-0.861234486,-0.605887365,-0.099610019,0.521869147,0.439776457,0.05995753,-0.27612462,-0.27425439,-0.041463264,0.290919792,0.25460536,1.247157095,0.376691112,-0.840948616,0.852337033,-1.747601411,0.981172695,-1.021379704,0.768136601,-1.997783028,4
536,0.126586521,1.721730982,-1.211924219,-2.022722888,-1.182418086,-1.301444938,1.446462267,0.671060212,0.47513979,-0.785645822,-0.19047231,0.131806779,1.8776867,1.994123055,1.531561152,1.426498752,0.46783079,1.40121993,0.704953171,-1.241000147,-0.640611424,5
538,0.063166421,-0.369241064,-0.424076309,-0.361928269,-0.772336481,-0.716684676,0.214595038,0.581208734,0.854943999,-0.242756437,-0.647465672,-0.980932803,-1.062123964,-0.399038303,0.802273856,-0.447646516,1.318419164,-0.983239337,0.879172504,0.386241656,0.269701984,8
539,0.532475167,0.36874907,1.927346685,-0.00877593,0.074383855,0.023553219,-0.172934279,-0.245703282,-0.22746064,0.196926015,0.276254228,0.262811509,-0.072507545,-0.139087521,0.096717621,0.270291065,-0.152892103,-0.22676014,-0.225913029,0.16724598,-2.23115236,4
540,-0.64713871,-0.369241064,0.12135686,-0.036085628,-0.091374079,-0.132853287,0.293214801,0.411149066,0.26914783,-0.334330292,-0.46322404,-0.309134219,1.55063994,1.428282144,0.019951781,0.180739049,-0.088198061,1.686350483,1.025452669,-0.480943204,1.272596735,7
541,2.168713771,0.122752359,-0.484679994,0.237175092,0.094869819,0.116940144,-0.738185093,-0.611077813,-0.51043087,0.833818351,0.682235109,0.581625874,-1.204229967,-0.939829167,0.409514247,-0.012333067,0.436330209,-1.377558144,-1.180401721,-1.269486177,-0.877748164,7
542,-0.888135093,0.614745781,-0.605887365,1.742602669,1.523788164,1.476478303,-1.406440828,-1.337825511,-1.438468011,1.396089336,1.295802124,1.356185932,0.208875386,0.533214459,-1.29071882,-2.284869349,0.728277047,1.452476158,-0.398355864,1.86136614,1.00537651,5
545,1.141308136,-0.000245997,0.848601085,0.833135681,-0.27396551,-0.151729415,-1.191371656,-0.2779086,0.057271894,1.118736628,0.161985905,-0.235260567,-1.777724322,-0.834940184,0.709696733,-1.131090544,1.84391199,-1.443076515,1.900329492,-0.923483995,1.711029822,6
546,-1.014975295,-0.639837446,0.000149489,-1.871876752,-1.110777385,-1.202903191,2.011242126,1.541450796,1.504846437,-2.03621253,-1.559126342,-1.529338679,1.800432692,1.13544091,0.499653543,1.951371666,-1.238033334,1.033917663,-1.272861612,1.501987916,-1.377826537,7
548,0.659315369,0.36874907,1.769777103,-0.748892178,-0.672759152,-0.710153793,0.485867339,0.526783248,0.364928981,-0.460805028,-0.46053866,-0.24055423,0.91270761,1.116081464,1.047205123,0.726024353,0.546156379,0.663791722,0.564236978,1.301617629,0.713605153,8
549,1.141308136,-0.73823613,0.363771602,0.466838717,0.071148633,0.102426752,-0.703477544,-0.17561881,-0.046301899,0.627589279,0.083969642,-0.08435978,-0.698085756,-0.546820132,0.132876808,-0.12751272,0.248581641,-0.734695782,-0.28045838,0.899716319,0.034673126,5
550,-1.141815497,-0.615237775,-0.121057882,-1.838210973,-1.286040636,-1.230515926,1.888605362,1.501788971,1.586680356,-1.925101104,-1.505573324,-1.591697018,0.454681001,-0.244200388,0.240466993,1.819591908,-1.46569955,-0.442919872,-0.067577116,-2.320603019,0.072803558,7
551,-0.65982273,-0.455339912,-0.727094736,0.176275428,0.022806551,0.085161994,0.071678558,0.163498209,0.226301502,-0.081776405,-0.18560025,-0.265192862,-0.831324711,-0.626355091,-0.455090654,-0.940233729,0.349956198,-0.456588712,0.518574685,0.71226824,0.186371283,6
552,0.329530844,1.069839697,-0.993750952,-0.223714075,-0.249954847,-0.348071285,0.025995397,-0.047631758,-0.090043663,-0.029380597,0.054583865,0.106374948,0.741628582,1.163909772,1.126836476,0.343365128,1.001969262,0.670206466,-1.924023911,0.154990467,-0.445559834,7
553,1.851613267,-0.73823613,-0.205903041,0.72069135,0.998551507,0.957872564,-0.923291485,-0.954923611,-1.206700604,1.030202542,1.053945419,1.366528703,0.952620855,0.098183039,-0.930325882,0.731929564,-1.74651321,0.70653326,1.471195632,-0.672856374,-0.313572303,7
554,-0.127093882,0.491747426,0.594065606,-0.305938196,-0.644699223,-0.628318402,0.279141138,0.476665795,0.606133871,-0.304883424,-0.521461589,-0.678011799,-0.368625584,0.441551815,1.093012772,-0.482566526,1.71725205,-0.167625774,-1.290464453,0.475936166,0.966626029,1
555,-0.888135093,-1.107231197,0.727393714,-0.271563554,-0.036933146,-0.077911796,0.492644316,0.478745741,0.463025379,-0.552383082,-0.53344675,-0.527139239,0.638090561,-0.104150783,-0.855959615,0.59306352,-1.538866275,0.41870784,1.390924951,0.994264981,-2.24572095,7
556,-0.507614488,1.967727693,-0.484679994,1.067897103,1.467560729,1.525310826,-1.049240032,-1.751075669,-1.737323095,1.143216385,1.862675397,1.854273339,-0.955025872,-0.920953732,-0.844031517,-1.012401678,-0.035342094,-0.560472867,-0.564976197,0.312075583,2.021216459,8
558,-1.268655699,-0.418440406,0.872842559,-0.75232949,-0.477407253,-0.576145081,1.155423023,0.957397756,0.555791579,-1.010002556,-0.788221793,-0.271571816,1.331151609,1.018454068,-0.180348915,0.384767365,-0.526685125,1.325815923,-1.136170501,0.25462692,-1.760690652,7
559,0.887627733,2.139925391,-0.121057882,-0.666956097,-0.715779664,-0.66463693,0.18616327,-0.05972487,0.183335237,-0.20060139,0.070075377,-0.195439373,-0.346255653,0.13604089,1.579706974,0.832207288,1.007757484,-0.839562256,-0.447012395,-0.18344804,1.713707892,6
561,0.126586521,-0.123244352,1.236464672,0.777158319,0.360484804,0.344740789,-0.697952306,-0.430716362,-0.462355591,0.769099269,0.45594298,0.492401502,-0.591438839,-0.007285355,-0.155615281,-1.450674938,1.200889373,0.089979494,0.075180002,0.222935699,-0.256359142,6
562,-0.723242831,0.614745781,0.727393714,-0.141929256,0.696615881,0.817412273,0.179335122,-0.718019614,-0.517272332,-0.2100085,0.710023019,0.476998296,-0.566769027,-1.311211579,-0.937539521,0.591756382,-1.681585071,-0.965424569,-0.688853836,-0.882428404,1.216415939,8
563,1.483776681,0.122752359,-1.090716848,-0.058419309,-0.249763813,-0.33781382,-0.440779268,-0.046124971,-0.01063941,0.477278221,0.057625063,0.023383856,0.381775833,0.434790494,0.608549039,0.579252375,0.158839048,0.131436612,0.319157241,0.820219843,-1.657299412,1
564,0.126586521,-2.337214753,1.091015827,0.473089998,-0.147778568,-0.203226952,-0.128037155,0.725769826,0.387260831,0.134046508,-0.751001922,-0.384450169,0.73257148,1.009205867,-0.153350426,-0.858816265,0.684632648,1.297700275,-0.214953699,0.382217699,0.113368092,8
565,-0.63445469,1.352735915,-0.363472623,-0.295026125,-0.084373203,-0.050670712,0.280551059,-0.179562385,-0.078638087,-0.285679308,0.212953706,0.113599127,-0.365633904,-0.367039121,0.113302531,0.166188569,-0.044911326,-0.508430879,-0.207715673,-1.320722585,0.484448558,8
566,1.014467934,-1.279428895,0.242564231,0.531368653,-0.01075494,-0.002560811,-0.6197465,0.078107029,0.040010317,0.599140007,-0.149687566,-0.137895201,-0.067070545,0.269436261,0.130699203,-0.593157876,0.723109901,0.237653863,-0.663940968,-0.09985871,0.994331878,6
567,-1.014975295,0.909941835,-0.969509478,-0.528136052,0.211169056,0.16264918,0.628625915,-0.126139792,-0.193623752,-0.606375465,0.205693431,0.307684129,0.879910068,0.165900881,-0.51150487,0.922968404,-1.449870053,0.521592484,-0.676471975,-0.450669771,-1.483669748,5
568,1.39498854,0.614745781,1.091015827,-0.48652049,-0.686358149,-0.639010683,0.129122314,0.279641956,0.45845373,-0.138294942,-0.295326192,-0.487478044,-0.420215931,-0.021830586,1.350256223,0.751804023,0.817061028,-0.881906039,1.057157709,0.863610086,1.19959816,8
569,-0.63445469,0.245750715,0.242564231,1.342569645,0.956271684,0.980350306,-1.139870343,-0.885155859,-0.767355495,1.050575507,0.761838738,0.575334226,-0.825120774,-0.424353834,-0.813249957,-1.807513823,0.775877547,0.010739679,-0.104511615,1.028697589,1.047634443,8
572,1.356936479,-1.783722153,-0.484679994,1.662264387,0.455157924,0.500250366,-1.822603843,-0.545543562,-0.412216239,1.749328118,0.413332824,0.217212601,-1.600894021,-1.052990207,-0.314128782,-1.482355237,1.006598762,-1.05344485,1.40573175,-0.652562406,-0.30549211,7
573,-1.141815497,1.414235093,-1.284648642,-0.656785696,0.859583966,0.816624167,0.683651439,-0.776992409,-0.759009927,-0.533490368,0.924499768,0.914033129,1.205866393,0.219734065,-0.83675418,1.119772902,-2.003520031,0.791807199,0.132899223,-0.0192738,-0.086220135,5
575,-1.522336103,2.127625555,0.12135686,-0.955158604,-1.299025061,-1.322088779,1.415145079,1.037914169,0.834500442,-1.351831601,-0.909623076,-0.571439212,-0.470651076,0.553238808,1.252012844,-0.763990061,2.169688926,-0.135561038,1.625243383,1.349129113,-1.101950934,1
579,1.318884419,-1.919020344,-0.121057882,-0.405252403,-1.124273071,-1.189760115,0.230938369,1.197420413,1.260467819,-0.253762029,-1.310623268,-1.401163622,1.063162521,1.756611635,1.344750939,-0.02854588,1.627672776,1.237111123,1.663255708,0.419758864,-0.231667652,8
580,-1.053027356,0.442548083,-0.121057882,-0.005475678,0.12643968,0.162567781,0.193758894,-0.005556336,0.034682761,-0.220383359,0.007563263,-0.038848676,-0.83667793,-1.036944295,-0.621594993,-0.230291443,-0.530703613,-0.839452434,0.020193938,0.157191073,-0.271255359,5
581,1.052519995,0.122752359,-0.969509478,0.341633585,0.487730899,0.467840977,-0.524013969,-0.597003603,-0.759936017,0.591397936,0.666988529,0.870818961,0.58058777,0.287489481,-0.080578632,0.516844483,-0.570049991,0.393059509,-0.606095363,-0.059414769,0.391147151,7
584,0.507107127,1.229737559,0.606186343,0.234569473,0.260250091,0.194956974,-0.272825129,-0.428182695,-0.592144783,0.309585147,0.482096259,0.686397563,0.745445657,0.938727939,0.320311767,-0.107072836,0.505091612,0.913605925,-0.364498728,-0.391513749,-1.07154278,6
585,-0.507614488,-0.246242708,-0.605887365,1.660201389,1.738287199,1.8311852,-1.580505096,-1.722060405,-1.452093272,1.60162509,1.670568109,1.327240116,-2.008228196,-2.326384037,-1.986125858,-1.507450106,-0.92084804,-1.508305476,2.305020312,-0.702758723,0.640992696,5
586,0.633947329,-0.73823613,-1.066475374,-0.396023882,-0.216238552,-0.187945309,0.206967862,0.222684288,0.161451682,-0.172354906,-0.156232393,-0.062750236,0.170523559,-0.123484186,0.037519588,0.691014571,-0.618971283,-0.170673273,-0.018717655,-0.410152898,0.310471955,6
587,-0.127093882,-0.369241064,0.70315224,-1.134140194,-1.611284523,-1.679934965,1.265135872,1.685967773,1.593923055,-1.307986233,-1.726591431,-1.619347626,0.781624002,1.536404797,1.654640415,0.225486082,1.728634216,0.778725087,-1.214729747,1.374278511,-0.189341993,5
588,0.887627733,0.983740848,1.212223197,-0.013334188,0.12440853,0.188937206,-0.365541737,-0.516781031,-0.354521232,0.403060021,0.57008639,0.396255829,-0.719980125,-0.840588717,0.264799722,0.641229839,-0.344351464,-1.167772068,0.26474574,-0.100956744,0.743874131,6
589,-2.04238093,-0.000245997,-0.484679994,-0.058993334,-0.012731665,-0.064445805,0.695884504,0.481662674,0.309225763,-0.775792614,-0.527370427,-0.339250707,0.504266803,0.530706417,-0.620838204,-0.839133586,0.115149674,1.024850325,-0.367898784,0.106346837,-0.732676264,6
590,1.534512762,-0.984232842,-0.727094736,1.01247633,1.223907012,1.224251097,-1.387204444,-1.283629908,-1.333290801,1.492380065,1.348746052,1.404974044,-0.069104433,-0.702372417,-1.059944369,0.158618771,-1.383173194,-0.163592952,-0.309434831,-0.333547814,-0.384962388,8
591,-0.507614488,0.860742493,1.454637939,-0.069181165,0.242495706,0.255248297,0.125450449,-0.270384399,-0.229056849,-0.124736403,0.282218895,0.227965251,0.504998735,0.332157651,0.00198378,0.351609747,-0.317542436,0.393857123,0.266052555,0.277953561,1.662263668,3
592,0.507107127,0.122752359,-1.454338961,-0.644408109,-1.057427675,-1.007373254,0.429647284,0.732255982,0.86964695,-0.445203009,-0.736935811,-0.868968562,-1.098909989,-0.611461534,0.835087725,-0.01191977,0.932778146,-1.256726129,-0.116225177,-0.942693138,-1.07397402,6
593,-0.888135093,0.737744137,-0.521042205,-0.074297258,-0.196130068,-0.271606826,0.450013502,0.402135683,0.211827922,-0.491403912,-0.428609699,-0.217454706,0.956611081,1.412396166,0.59769572,-0.380157483,1.099341629,1.301217205,0.519881668,0.748320999,0.504188158,5
594,0.887627733,-1.93132018,1.975829634,0.523254592,0.694982737,0.670777527,-0.602549121,-0.383820794,-0.547477376,0.656544183,0.405698103,0.588002392,0.635717072,-0.121691155,-1.107484015,0.326760372,-1.572075774,0.557286106,-1.315625223,0.403569872,-0.492542098,5
595,-0.380774286,1.438834764,-1.745236651,0.265737539,0.480508109,0.435441379,-0.396126927,-0.767910963,-0.60006441,0.403817177,0.774759559,0.553185673,0.25170397,0.207113379,-0.169553143,-0.121650297,-0.068020592,0.353850579,2.186070266,-1.211527234,-1.058075894,2
598,-0.127093882,0.959141177,-0.278627464,0.232922204,0.278034043,0.248855262,-0.087569146,-0.263525559,-0.409537566,0.098516611,0.297324254,0.476368954,0.704452311,0.767980858,-0.013822317,-0.212262888,0.218613595,0.922305662,1.640550508,-0.68593978,0.43569029,7
600,0.760787531,0.122752359,-0.121057882,-0.027336749,-0.356232974,-0.453443932,-0.124034309,0.233256653,0.096728052,0.127659126,-0.248380929,-0.10375501,0.802284831,1.296202506,0.790315596,-0.22384534,1.164485734,1.040897047,-0.467422152,-0.077136368,-0.627111424,8
601,1.014467934,-0.861234486,-0.727094736,-0.876376548,-0.480670624,-0.389132663,0.568899004,0.47527588,0.589826071,-0.585208713,-0.480705232,-0.601489016,0.211437829,-0.460719982,0.235708481,1.77241415,-1.435511936,-0.697462028,-0.639131637,-0.262304953,2.125432346,8
602,-1.395495901,0.245750715,0.363771602,1.398438663,1.882661409,1.864043198,-1.013018262,-1.444378478,-1.319756168,0.969001688,1.365997485,1.149960243,0.041637266,-0.397797628,-1.69738336,-1.045813879,-0.949549531,0.602788224,0.96859603,0.281919893,0.078724368,5
603,1.141308136,-0.197043366,0.484978972,-1.42838061,-1.899849934,-1.977418124,1.192196708,1.57682384,1.316784218,-1.1617227,-1.505373878,-1.134978934,0.749420777,1.165464563,1.682415721,1.02048105,0.989315644,0.319870039,0.10954153,-0.887478073,-2.431592634,5
604,-0.63445469,1.057539862,-0.848302107,-0.222719899,-0.25130542,-0.235641074,0.300478177,0.161874475,0.21511482,-0.332488512,-0.174370577,-0.236915411,0.007668505,0.370523258,0.585013233,-0.115136214,0.78888598,0.069907722,-0.319931542,0.344930778,1.164520928,5
606,-0.291986145,0.614745781,0.739514451,0.816489451,0.471264871,0.450151077,-0.777619089,-0.622034371,-0.392514852,0.786500593,0.555067179,0.234552212,-0.752319999,-0.203998371,-0.314334267,-1.547781336,1.104655193,-0.043405243,0.353101949,-0.63495133,-0.803901998,7
607,-0.063673781,-0.984232842,1.454637939,-0.910154325,-1.239911638,-1.120669049,1.209404615,1.379930896,1.282139738,-1.258417522,-1.36384284,-1.183561017,-0.974606577,-0.74631854,0.617552509,0.299772555,0.384192938,-1.279246638,1.411292819,-0.964209529,1.668016469,5
608,1.42035658,0.491747426,-1.781598862,0.377054572,0.480712733,0.443365505,-1.07683297,-0.955834089,-0.859674177,1.13541991,0.975595055,0.858895076,0.137384613,-0.031825733,0.12735785,0.521079979,-0.351743932,-0.118591077,-1.51527778,-0.033961671,-0.99981994,7
609,0.887627733,-0.246242708,0.569824132,-0.466677427,-0.179454584,-0.219712981,0.365925846,0.270281815,0.12870182,-0.361741469,-0.245470535,-0.078098483,1.502555853,1.161040598,0.520285139,1.273406476,-0.569645043,1.051290976,-0.341968637,1.346869786,0.890946944,5
611,0.811523611,0.491747426,0.606186343,-0.40600919,-0.790945518,-0.800648781,0.036426337,0.408594206,0.61147034,-0.039155759,-0.448905544,-0.692612406,-0.114787353,0.513234322,1.498992545,0.391573484,1.350726971,-0.339710267,1.615124228,0.406923307,0.180760544,8
612,-0.253934084,-1.734522811,0.727393714,0.589350844,0.543685233,0.506963817,-0.209412201,0.026498969,-0.17805476,0.236494266,-0.031533208,0.205582952,0.229178707,-0.08900732,-1.328753521,-0.891442279,-0.664763877,0.736429245,-0.075349141,0.733095376,-1.094525796,8
613,0.887627733,1.734030817,-0.242265253,-0.013758185,0.137845544,0.093265554,-0.318850612,-0.57335721,-0.668037687,0.355754917,0.632361314,0.750448378,1.31618998,1.45043113,1.020182409,0.818175334,0.442214286,1.078643769,-1.381029421,0.776748233,1.247334549,7
614,-1.002291275,0.245750715,-1.53918412,-0.099403461,0.243144164,0.276729761,0.269159886,-0.10757457,-0.086034668,-0.302662586,0.114743262,0.089971433,-0.287116229,-0.76688984,-0.565055868,0.422241562,-1.074790092,-0.554052565,1.71188368,-0.348982327,0.371291346,5
615,-0.431510367,-1.857521166,1.539483099,0.501611831,-0.484424642,-0.429232012,0.008301922,0.77082398,0.945707869,-0.00731569,-0.849774843,-1.064959826,-2.028716073,-1.040191523,-0.337517351,-2.465683219,1.914511179,-1.023394117,0.420325173,0.432148957,-0.95262947,7
616,1.052519995,0.996040684,-0.605887365,0.153759218,1.254455667,1.188531797,-0.862341211,-1.560422579,-1.578475232,0.926175691,1.643497721,1.656120667,1.485600427,0.335478749,-0.440929525,1.93909549,-2.327628691,0.678573813,-0.699006988,0.164998742,-0.291836754,8
618,1.851613267,0.946841341,-0.363472623,0.112001973,0.549958184,0.454559931,-0.690952582,-1.01647174,-1.19507869,0.761028329,1.114104453,1.3384937,1.525121139,1.154939732,0.621126424,1.456431491,-0.629315648,0.980109699,-1.312349772,0.523109025,0.554907877,7
619,-2.156537112,1.106739204,-0.872543581,0.749383152,0.404547291,0.360828456,0.011695502,-0.210619722,-0.231416822,-0.015784028,0.210506493,0.225402352,-0.956289859,-0.157577751,-0.440586042,-2.244487213,1.625074196,0.091845882,1.726005418,1.336916625,-1.723796313,5
620,1.39498854,-0.984232842,1.721294155,0.658114501,-0.066998956,0.007149741,-1.087213673,-0.163478639,-0.002387908,0.971417639,0.033111542,-0.178553377,-0.694641067,-0.544058428,0.258662445,0.024027446,0.247492777,-0.811147097,0.391025032,-1.396619444,1.296838683,5
621,-0.913503134,0.491747426,0.12135686,-0.527598542,0.815864156,0.796574661,0.579131359,-0.541257828,-0.473389314,-0.467567049,0.61530272,0.533228117,0.79958633,-0.110732469,-0.836124164,0.981326721,-1.885389552,0.39830482,0.146594153,1.502476196,-0.208752629,5
623,-0.00025368,-0.024845668,1.697052681,0.321981782,0.236445004,0.276029386,-0.376604415,-0.32698551,-0.253949294,0.413510401,0.354753875,0.273756211,-1.083191712,-1.024178402,-0.278362659,-0.38283469,0.004149322,-1.041844485,0.629975062,-0.137494932,0.035732674,3
624,-0.507614488,1.131338875,-1.842202547,0.775004651,0.591866461,0.635472146,-0.712108233,-0.83396427,-0.702488781,0.726443911,0.845699077,0.693936605,-0.939007635,-0.686174909,-0.301751742,-0.856193608,0.441571941,-0.624949453,-0.343284298,0.28198754,0.515203855,2
625,0.760787531,0.737744137,-0.399834835,-0.297556162,0.398326501,0.341259344,-0.062663914,-0.510868465,-0.497172933,0.064441941,0.50508423,0.450224583,1.925374582,1.208989276,-0.096256921,1.345221077,-1.335340159,1.499158527,0.133040563,-2.075796862,1.34157495,7
626,0.253426723,-0.369241064,0.254684968,-0.064564302,0.205058336,0.302755257,-0.102358703,-0.273587014,-0.020460744,0.073699255,0.190352542,-0.062089069,-1.730092247,-1.881751931,-0.468779767,-0.089057607,-0.52742758,-1.941255245,-0.176406076,1.150380699,-1.663320506,5
628,1.585248843,0.491747426,0.084994649,0.544340964,0.828877248,0.771783525,-1.168666562,-1.284785751,-1.134981021,1.252239965,1.302664069,1.118873017,0.423050738,0.098125501,-0.088637987,0.590492348,-0.6572039,0.172912456,0.733136522,-0.232267503,-0.890970019,8
629,-0.127093882,-1.451626593,0.654669292,-0.898001712,-1.742270078,-1.786053692,1.140784763,1.944650398,1.840373636,-1.219111427,-2.040340029,-1.927322835,0.781176234,1.759411194,1.587801166,-0.355265481,2.213856135,1.086369921,0.853624229,-1.424642923,0.167121238,8
630,-0.00025368,1.205137888,-0.75133621,0.93175395,0.640857242,0.716374845,-1.104168595,-1.01748947,-0.904852396,1.181817549,1.091163565,0.980795848,-1.913073162,-1.722012076,-0.570050149,-0.964493032,0.195907112,-1.687042307,-1.31048295,0.184420762,-0.030883256,7
631,0.380266925,-0.947333335,1.842501526,-0.01484233,0.276812596,0.195757427,0.216842881,0.13039973,-0.194164017,-0.212786587,-0.125128346,0.237328434,1.879972487,1.588796955,-0.166747661,0.311218202,-0.417114189,1.995639394,-0.156045012,0.869139572,0.812235839,3
632,-0.507614488,0.577846275,-1.211924219,-1.027200174,-0.757353149,-0.656616662,0.830472104,0.540490553,0.874399189,-0.904981796,-0.574368411,-0.957947103,-1.043754883,-1.398454287,0.360161935,1.304447721,-0.889791526,-1.891826047,0.941124357,-1.279314589,-0.028031829,6
633,-0.63445469,0.491747426,-0.314989675,0.279816847,0.300797323,0.180835015,0.05745073,-0.045516405,-0.32031827,-0.064272086,0.051761057,0.373682474,1.343785571,1.482795411,-0.161852469,-0.606722637,0.455729688,1.866443266,-0.873584752,1.213319008,-1.468223022,2
634,1.141308136,-1.193330046,1.890984474,0.31724655,-0.138548407,-0.07419259,-0.626257867,-0.076257366,0.117144349,0.689824948,0.069364369,-0.15881273,-1.406840657,-0.967235639,0.342861984,-0.469389919,0.79362356,-1.367907847,1.430751468,0.029241856,0.7975887,5
635,-0.761294892,0.823842986,-0.363472623,0.985032614,1.466600431,1.505006423,-0.847932473,-1.403106321,-1.387219643,0.843223102,1.417193734,1.380191123,-0.188204403,-0.865809694,-1.652156913,-0.440456659,-1.493095252,0.017399983,-1.637469275,-1.283386444,0.62130324,8
636,1.141308136,0.860742493,0.000149489,-0.785976818,-0.574989178,-0.664794972,0.504855051,0.338634528,0.207307055,-0.477319935,-0.273736809,-0.100193989,1.511854693,1.379977642,1.067616791,1.456608891,-0.113311263,0.964767548,-0.470454082,0.971660581,-0.625157859,8
640,-0.507614488,-0.000245997,1.272826883,0.361050901,0.853117815,0.789463404,-0.086628473,-0.477103086,-0.761359439,0.096477498,0.528760912,0.867958956,1.166383172,0.38680611,-1.117945837,0.323784139,-1.559466258,1.16879553,-0.525015346,1.982688466,-0.828485607,8
641,-0.938871174,-0.246242708,0.484978972,-0.241039319,-0.627782857,-0.55398284,0.514825469,0.71167353,0.898758231,-0.579206455,-0.789132503,-1.02090821,-1.005144934,-0.364148053,0.274263473,-1.033229814,1.276972434,-0.607026207,0.641452399,-0.394795803,1.586249429,7
642,0.68468341,-0.750535966,-0.484679994,0.354938326,0.541590764,0.536610205,-0.459681253,-0.392489876,-0.537063225,0.517843255,0.43655308,0.613877847,0.357992265,-0.214729247,-0.679307061,0.445280462,-1.202788822,0.175188989,-0.262666218,-0.56438714,-0.175489107,1
643,0.253426723,0.25805055,-0.605887365,-0.732191302,-0.94175217,-1.008705421,0.485467448,0.648266289,0.805807988,-0.546697131,-0.725995527,-0.92647019,0.871378407,1.485326595,1.557013618,0.417777309,1.43306499,0.779851919,-1.205208582,0.595913001,-0.907449052,5
644,1.014467934,0.737744137,-0.921026529,1.602931957,1.636763214,1.626652789,-1.750186743,-1.81865329,-1.917878281,1.848576946,1.901582899,1.998350654,-0.439298701,-0.628381547,-1.224742425,-1.005997617,-0.460922481,0.028888853,0.712601005,0.032325977,0.537537834,5
646,0.0504824,-0.701336624,0.242564231,-0.358232283,-0.639752237,-0.698424442,0.362199547,0.759229526,0.812637929,-0.404970032,-0.847416707,-0.93128312,0.412727527,0.804578151,0.598507931,-0.19468351,0.898229237,0.577678782,1.435283515,0.833064819,0.036253306,7
648,-0.380774286,0.245750715,-1.211924219,-0.770143036,-0.373850046,-0.372741239,0.867136865,0.533052935,0.345574369,-0.832343204,-0.449660113,-0.180820219,1.038192267,0.592061064,0.351211633,1.341105196,-0.850001155,0.481644313,-1.103351637,2.145253005,0.891272926,6
649,-0.63445469,0.860742493,1.212223197,-0.222642718,-0.802333695,-0.715603996,0.242328139,0.416457125,0.733069303,-0.263680238,-0.44765815,-0.800406965,-2.389265644,-1.370269628,0.667320263,-1.306267507,1.939408209,-2.053009281,0.880508452,-0.440795305,-0.760581791,1
650,1.014467934,-1.832921495,-0.605887365,0.084393255,0.428272385,0.476177452,-0.227247709,-0.027183738,-0.16841795,0.243636553,0.022683113,0.181018247,0.760958231,-0.095853547,-0.747931322,0.969659619,-1.77361123,0.360097773,-0.683365886,0.049760325,1.747800992,6
651,-1.268655699,1.832429502,0.969808456,0.120724594,0.197174513,0.039329168,0.203347138,-0.269012402,-0.465950364,-0.216291656,0.298223761,0.519705222,1.29305505,1.57428747,0.19647676,-0.493636062,0.758785158,1.748129062,1.590538817,-0.992929051,-2.133876123,8
652,1.39498854,-0.73823613,0.12135686,-0.232176791,-0.539795235,-0.473581448,-0.075433983,0.336591953,0.455660575,0.082810899,-0.364136136,-0.495937192,-0.487533713,-0.238481829,0.756642177,0.382512638,0.485048155,-0.763324798,-0.299120461,-0.346624786,1.931532784,5
654,1.039835975,-0.566038433,1.721294155,-0.906061573,-1.521814726,-1.640527183,0.456272464,1.070838676,1.235736778,-0.51478446,-1.199930862,-1.422171872,1.756647846,2.767883263,2.537969366,0.632022252,2.397199848,1.683668461,-0.067891548,-0.37942764,-0.303753284,2
655,-0.00025368,0.81154315,-0.848302107,0.87052992,1.131218784,1.147743835,-0.63583446,-0.91108556,-1.229008976,0.716916402,1.023798988,1.418607255,-0.005466475,-0.561291201,-1.361267218,-0.379785631,-1.207704846,0.195239578,-0.790232818,1.243076734,1.587265121,5
657,1.3696205,0.196551372,0.109236123,0.387281061,-0.074882288,-0.207849064,-0.925613334,-0.450703437,-0.58102672,0.980247454,0.451715626,0.576845188,1.283786374,1.997259583,1.046123752,-0.446893671,1.696417044,1.712673416,-1.033569843,1.189024726,-0.4041536,7
658,0.380266925,1.106739204,1.091015827,-0.126450381,-0.199504291,-0.118150588,-0.205133384,-0.268031801,0.012258876,0.185512759,0.26268234,-0.041060662,-1.151235544,-1.053487405,0.55332815,0.529061387,0.08047936,-1.603923836,1.378642211,-0.650051847,1.049123119,6
660,-0.127093882,0.897641999,1.297068357,0.504101416,0.686367798,0.691457065,-0.316550205,-0.56114621,-0.76353214,0.360579113,0.63688284,0.892954473,-0.285561003,-0.70919751,-1.259362669,-0.533177299,-0.952699653,-0.045298893,-1.635013974,0.107867607,0.05067598,6
661,0.253426723,0.245750715,0.242564231,1.178333729,0.77575843,0.849040875,-1.2758735,-1.052952212,-0.954852244,1.357909934,1.103216784,0.996648086,-1.745628087,-1.421844903,-0.597400352,-1.307378169,0.503308334,-1.312644088,0.574891384,-0.427708906,0.758199222,7
662,0.253426723,0.737744137,-1.466459698,-0.92907051,-0.054114944,-0.022718783,0.7004939,-0.073665502,0.018750935,-0.720823767,0.118998522,0.028925544,0.414199037,-0.367900285,-0.046185605,1.666763709,-1.651057689,-0.408354524,-0.220081259,-0.016368496,-0.063097374,5
663,-0.380774286,-1.107231197,1.224343934,0.516670949,0.499780756,0.493445781,-0.313486791,-0.13963899,-0.215326064,0.333323914,0.13343937,0.213651584,-0.112027313,-0.200529967,-0.65799333,-0.579186764,-0.20502579,0.178568656,1.068743015,0.908985815,-0.388146676,1
666,-0.507614488,-0.369241064,-1.575546332,-0.822985806,-0.751995328,-0.728381736,0.792858595,0.83782062,1.022041552,-0.890132644,-0.929534355,-1.159823302,0.49410503,0.332889159,0.624569068,1.070145007,-0.293543241,6.57E-05,0.352990114,0.037281793,0.787820115,6
667,-0.330038205,0.983740848,-0.654370313,1.668987354,1.581750117,1.584271817,-1.455805169,-1.707122841,-1.732635593,1.58226831,1.80768438,1.839606242,-1.718627482,-1.551708591,-1.47366867,-2.004600757,0.165738877,-0.911648924,-0.316174087,1.311649724,-1.181261481,5
668,1.471092661,-1.353227908,1.866743,-0.593416843,-0.583720744,-0.616828168,0.290672131,0.65957083,0.481783169,-0.292715123,-0.662446015,-0.448298839,1.291839625,1.132959251,0.625771867,1.005951243,-0.197142554,0.951018266,-1.324341861,-0.07952771,0.222229703,5
669,-1.014975295,1.229737559,-1.62402928,-0.502241427,-0.320575617,-0.232541424,0.547373003,0.108676886,0.373994238,-0.59420097,-0.104484308,-0.398572549,-1.395516415,-1.428745678,0.0852977,0.282045718,-0.231929474,-1.753620322,1.968124005,-0.966012088,0.158073411,5
670,-0.127093882,-1.107231197,0.0365117,-0.172925135,-0.463889162,-0.474132656,0.296295118,0.687063952,0.651882741,-0.3301278,-0.757766751,-0.734360743,0.363561517,0.630278403,0.205362528,-0.380109747,0.620848771,0.619560205,-1.287436886,-0.417935106,0.70659949,7
673,-1.890172688,1.045240026,0.727393714,-0.11483598,0.045595206,0.001599965,0.542936083,0.216078471,0.113916892,-0.61465272,-0.239766398,-0.125089296,0.840979007,0.735766308,-0.37437612,-0.2750534,-0.132209819,1.112542977,0.575888161,-0.500190198,-0.091796895,1
674,1.889665327,-1.033432184,-0.727094736,0.693684645,0.784260486,0.83682295,-1.132301156,-0.960194783,-0.913527531,1.255521639,1.051930942,1.019997249,-1.366584002,-1.77025988,-0.95892331,-0.13716248,-1.033112362,-1.497925319,0.400405973,0.262753226,-1.707294194,8
676,-0.00025368,0.774643644,0.727393714,-0.485985473,-0.317812555,-0.280359285,0.191059742,-0.077947272,0.148370551,-0.203361784,0.095975007,-0.154623029,-0.790007272,-0.914590233,0.144058261,0.511197307,-0.360999624,-1.179260863,0.050480237,-1.700941398,-1.402436594,8
677,0.887627733,0.36874907,0.000149489,1.200089015,0.818153381,0.757116297,-1.182588259,-0.856173642,-0.994279271,1.125155222,0.783534076,0.885888828,0.851208571,1.335603568,0.146030345,-0.975897087,1.149406471,1.496183491,-0.638808864,0.702727108,2.042084608,7
678,-1.890172688,-0.123244352,0.727393714,-0.755786873,0.256656211,0.348150556,1.166008963,0.127285493,0.20631336,-1.113101901,-0.020643564,-0.053218212,-0.9640174,-1.890812047,-1.226050259,0.685955841,-2.12307631,-1.471993085,-0.65691788,0.464570756,-1.953974207,7
680,-0.761294892,0.405648577,0.072873912,-2.287069116,-2.163088432,-2.209114394,2.249809689,2.085665755,1.941858903,-2.153353736,-1.956500944,-1.696037199,1.546308927,1.744742113,1.746943836,1.525074578,0.607964681,0.968038719,-0.394743311,0.448241844,-0.023752745,5
682,-1.268655699,1.352735915,-0.121057882,-1.054191286,-0.42159426,-0.326519346,1.104278382,0.322946065,0.516918672,-1.139931687,-0.279374108,-0.461950189,-0.786584888,-1.37772817,0.011842145,1.398913556,-1.373832212,-1.646368946,0.475179326,0.017663787,0.425203004,7
684,0.951047834,-0.799735308,-0.036212722,0.17515859,-0.157278212,-0.275333784,-0.313600129,0.202916924,0.008316225,0.354529325,-0.226958156,-0.006690013,1.329926384,1.35686615,0.250905905,0.138665431,0.210761554,1.454994759,0.349118702,-1.58746142,-0.678622512,1
685,1.268148338,2.029226871,1.454637939,-0.10279635,-0.162645558,-0.151582833,-0.389996069,-0.570243693,-0.412179657,0.430127695,0.625070091,0.453320274,-0.226766371,0.391288143,1.584127366,0.524101773,1.31626146,-0.538737677,0.117773703,1.259666769,1.163228629,6
686,-1.395495901,0.245750715,-0.848302107,0.571036608,0.633771154,0.597841448,-0.203293772,-0.405769804,-0.553692445,0.218508464,0.426955344,0.588252316,0.279475541,0.238731116,-0.972258065,-1.091326827,-0.056488479,0.900301885,0.522061927,-0.466944674,-0.354175946,5
687,0.380266925,-0.73823613,1.57584531,-1.038974168,-1.04183676,-0.989194002,0.842174641,1.0197857,1.198427143,-0.928246957,-1.097855402,-1.306842266,-0.130424018,-0.329389991,0.780618195,1.388478662,-0.447024024,-0.88666223,-0.859377733,-0.709174761,0.391455225,5
688,0.760787531,0.122752359,-1.33313159,1.843175377,1.151894534,1.186214478,-1.861274614,-1.351130153,-1.310818624,1.845557606,1.306363679,1.239883982,-1.277431466,-0.71041131,-0.701486713,-2.012455989,1.085145172,-0.400384568,1.128513927,-0.093724153,0.967938202,5
689,0.253426723,-0.123244352,-0.593766628,-1.263156782,-0.678192464,-0.746211148,1.180242815,0.78467771,0.645469263,-1.08968253,-0.68853152,-0.498316674,1.42123295,1.080733189,0.762234825,1.56633204,-0.576749963,0.802388392,-0.1634715,1.328732372,-1.125767839,8
690,-1.141815497,-0.984232842,0.351650864,-0.56260558,-0.70734031,-0.625362355,0.660796038,0.846445223,1.073707061,-0.732995018,-0.935021749,-1.218729229,-1.016289016,-0.858871439,0.067566037,-0.195237026,0.225512249,-1.064492152,-0.846715767,0.122882267,0.751786961,7
691,-0.532982528,1.475734271,-0.133178619,0.295978489,0.514206171,0.556915507,-0.162597197,-0.688045591,-0.694757658,0.182355703,0.767951569,0.797387777,-0.560661188,-0.783746595,-0.745833005,-0.34845379,-0.548659694,-0.459508338,0.771096191,-1.982946441,-0.209226291,8
695,-0.00025368,-0.000245997,0.860721822,-0.350233832,-1.350473694,-1.3242469,0.559127129,1.21632791,1.003346723,-0.53179049,-1.086843562,-0.808270173,-0.173406504,0.848435993,1.479295129,-0.510381233,2.199272702,0.07151171,1.690042591,-0.552950861,2.270728999,5
697,-0.025621721,1.217437724,-0.290748201,1.194637552,0.931036728,1.01958416,-1.060015046,-1.154641546,-1.206276575,1.17191864,1.274115565,1.362234198,-1.462386189,-1.331540112,-0.507348079,-0.788717626,0.116735713,-1.26230779,0.907117288,0.926685218,1.064043329,7
698,-0.418826347,-0.492239419,0.897084033,0.055106634,0.454685276,0.363593917,0.361069647,0.116539712,-0.170546645,-0.386377814,-0.114790885,0.21318081,1.164395239,0.788166153,-0.677485152,-0.054087811,-0.683747067,1.367017789,0.036768518,0.261053289,-0.71315139,2
700,0.253426723,0.639345452,1.660690469,-1.520418436,-0.851774104,-0.945615352,1.333554149,0.723220807,0.510765836,-1.141060869,-0.549085532,-0.249517735,2.114368875,1.914695403,0.957122116,1.430976076,-0.191565188,1.670878876,1.330767629,-1.715867497,-0.091096022,1
701,-1.877488668,0.245750715,0.000149489,-0.597633231,-0.763154459,-0.692702771,0.936463486,0.838210115,1.158094586,-1.047528643,-0.926788858,-1.314588078,-1.699766244,-1.218620588,0.173780332,-0.742331656,0.850301345,-1.559758034,-0.141084173,1.115358923,-0.453349769,7
702,1.750141105,-0.947333335,-1.211924219,0.219782691,0.418131288,0.397215715,-0.52973522,-0.342655085,-0.568536518,0.599553767,0.383453221,0.656943838,1.642500642,0.958701668,-0.154117602,1.224462142,-1.29695759,1.23810985,-0.979142412,-0.532512514,1.889031104,1
703,-0.253934084,0.196551372,1.333430568,-0.623957729,-0.765579514,-0.748901004,0.383026176,0.466215389,0.754945077,-0.431875405,-0.524434288,-0.876475863,-0.884258211,-0.307987754,1.41465793,0.465093367,1.150246428,-1.263126034,1.55097945,0.730927326,-0.943801456,1
704,-0.380774286,1.611032462,-0.121057882,1.372013472,1.586998749,1.562204341,-1.120977491,-1.591045274,-1.880251288,1.230105476,1.727257504,2.081423279,0.214167054,-0.144804907,-1.889240806,-1.468458855,-0.755056896,1.025352962,-1.392417536,-1.797034701,0.544837413,7
705,1.39498854,0.36874907,0.363771602,-0.186132974,-0.04468583,-0.100542856,-0.177556745,-0.170059199,-0.105171374,0.182226761,0.168440692,0.092474055,0.525282833,0.402633024,0.543756378,0.88478491,-0.206220315,0.134256593,-0.471535044,2.019731435,-1.753988253,6
707,-0.139777902,0.860742493,-0.484679994,-0.784937511,-0.639609578,-0.616247005,0.544848221,0.454109643,0.587711759,-0.616041687,-0.501577066,-0.666348329,0.571663048,0.47507988,0.978641634,1.342373605,-0.144301808,-0.055242082,0.624471565,-0.508974193,1.409772577,8
708,0.380266925,-1.476226264,-0.605887365,1.241630787,1.121546813,1.0759852,-0.989772572,-0.786341888,-1.044572956,1.105064544,0.856183999,1.160375804,-0.140629538,-0.299252158,-1.498407122,-1.423828174,-0.360579147,0.593879404,0.310022008,-0.898135895,-1.342025699,1
709,1.39498854,0.245750715,0.969808456,-0.492836572,-0.320878289,-0.339548122,-0.019152888,-0.054814574,0.01395379,0.021794447,0.062869069,-0.011193251,0.564099329,0.264334641,0.600035063,1.346132808,-0.586415024,-0.065930288,-1.224573904,-0.413538314,-0.609219783,8
710,0.126586521,-1.058031855,-0.727094736,1.206933454,1.048960151,1.083685147,-1.06689328,-0.722044623,-0.612074597,1.000803219,0.613202296,0.40892706,-0.495890417,-0.435859364,-0.843369461,-1.104565321,0.073596781,0.016146377,0.333924032,1.511474162,1.676572599,1
711,-0.127093882,0.688544795,0.363771602,-0.210829845,0.066345618,0.028239221,0.05740875,-0.283348202,-0.160490125,-0.029670079,0.306191771,0.168527937,0.309104601,0.093629164,-0.095015428,0.346137393,-0.43255799,0.171606596,1.015591899,-1.488590066,-1.241184537,6
712,-0.888135093,0.860742493,0.000149489,-1.379188161,-1.536331857,-1.47268078,1.561326382,1.470326869,1.338273331,-1.579136045,-1.419342395,-1.19457159,-0.219602433,0.133458812,1.302878241,0.781622658,0.741598384,-0.667149897,0.076965843,0.037668762,1.18967596,5
713,0.253426723,-0.123244352,-0.121057882,-0.191518182,-0.520202958,-0.520092338,0.083435332,0.380610792,0.513072453,-0.093455848,-0.424804399,-0.58941786,-0.321499164,0.32173521,0.938080624,-0.296973954,1.360098819,-0.211939695,0.297082998,0.487266338,0.165298384,8
715,-0.65982273,1.365035751,1.78189784,0.352636421,0.781166539,0.870009529,-0.383443395,-1.047555009,-0.749004676,0.351840151,1.001594323,0.658900964,-0.82489789,-1.071871875,-0.681713198,-0.198295134,-0.630789449,-0.842890783,-2.343756728,-0.383520634,0.083524957,3
716,-0.00025368,-0.369241064,-0.484679994,0.124363834,0.045657506,-0.081233653,0.072638186,0.26732659,0.015027957,-0.044367202,-0.21471161,0.044012008,1.297433234,1.454970333,0.277986922,-0.119293213,0.490658501,1.554526699,1.590053606,1.877110334,0.320441153,6
717,1.547196782,0.491747426,-1.393735275,-1.550464518,-1.683063115,-1.658178249,1.043335281,1.212076502,1.248958197,-1.07681432,-1.221571184,-1.224488368,0.541716496,0.900159143,2.105319559,1.670557479,0.840444782,-0.263803206,-0.690132219,-1.993160426,1.122008338,8
718,-1.395495901,0.491747426,1.151619512,0.754482194,0.960841776,0.971039657,-0.417502746,-0.804691875,-0.844940131,0.449913324,0.85385259,0.903084059,-0.67211517,-0.886884015,-1.301940875,-1.023014212,-0.54335852,-0.229673365,0.437400657,1.609946253,-0.491626515,8
719,0.507107127,-0.123244352,-1.211924219,0.198328486,0.470067278,0.466574733,-0.464178688,-0.554345563,-0.42736072,0.468277671,0.523596768,0.356742589,0.140618749,-0.284233376,-0.464323707,0.387076151,-0.906548373,-0.043768506,-0.244696497,-0.769432646,-0.377383586,1
720,-0.63445469,-0.984232842,0.194081282,0.150182671,-0.034531651,-0.019233698,0.244117601,0.428405447,0.212166911,-0.237321731,-0.399689184,-0.147393547,0.198083753,0.242813458,-0.34003467,-0.521493419,0.119816688,0.504386769,-1.083024493,-0.806091423,1.23013268,7
721,0.126586521,0.36874907,0.169839808,-1.633277678,-1.883170475,-1.889986774,1.321314176,1.589141376,1.851542056,-1.451156881,-1.712831874,-2.021033407,0.227105002,0.923184036,2.429170952,1.324357524,1.537668035,-0.441706049,0.450145003,1.799473488,-0.298178117,5
722,0.253426723,-0.492239419,0.727393714,0.208537715,0.189863626,0.172929735,-0.119120405,-0.05878941,-0.163277926,0.136147589,0.066511573,0.191523092,0.537481123,0.350206815,-0.519636397,-0.241646993,-0.345168177,0.745986316,0.142898609,-1.065387576,0.184341483,3
723,-0.431510367,-0.000245997,-1.078596111,0.07541345,0.072307118,0.052840905,0.073864446,0.044469376,0.002554604,-0.084175754,-0.050195015,-0.002044334,0.156518851,0.146636237,-0.353480801,-0.411981032,-0.003542899,0.398503767,0.480837851,-0.409367557,-0.623920514,4
724,1.065204015,-0.000245997,2.048554056,0.401165072,0.504199864,0.564029374,-0.720641241,-0.768609355,-0.716935018,0.808142654,0.854481998,0.813390269,-1.301262494,-1.628865279,-0.434725704,0.31358558,-0.860426847,-1.662023705,0.369347234,-0.005032278,-0.416759281,6
725,0.633947329,1.106739204,-0.969509478,0.923982023,0.808900892,0.860822099,-1.143089928,-1.121707918,-0.954947546,1.128111355,1.082786096,0.892803095,-0.665909257,-0.432732481,-0.159200158,-0.662505694,0.430151004,-0.413834198,-0.237467019,1.554198482,1.345122777,8
727,0.633947329,1.008340519,0.12135686,-0.649904716,-0.602915719,-0.665995207,0.176150802,0.040942498,0.196115663,-0.184668392,-0.033956968,-0.207563375,-0.012380216,0.212525711,0.891750291,0.562076616,0.48700861,-0.312479561,-0.815850508,-0.528907902,-1.788512658,8
728,0.380266925,-0.246242708,-0.739215473,-0.111475903,-0.057960876,-0.112194616,0.264653301,0.292932691,0.04757397,-0.286656186,-0.314678749,-0.037701732,1.761164062,1.728447221,0.508289855,0.547238265,0.130576179,1.733847487,1.722084414,-0.422075732,2.244828515,4
729,0.633947329,-0.246242708,2.07279553,-0.192745418,-0.359444141,-0.371240636,0.032804304,0.224991813,0.307086939,-0.036386667,-0.251967343,-0.353129431,0.022793199,0.392144242,0.727604053,0.039501616,0.80472546,0.005237333,-0.778422179,0.399141253,-0.240871377,5
730,-1.814068567,0.860742493,-0.727094736,1.171454814,0.757860119,0.83185963,-0.686901001,-0.76969681,-0.688480034,0.728727276,0.819384418,0.736773362,-2.080668247,-1.966198688,-1.428577244,-1.805742769,0.010386917,-1.433285076,0.224674771,-0.163030393,-0.970208835,5
731,0.925679793,-0.000245997,-0.242265253,-0.050388803,1.023545839,1.014123113,-0.468670221,-1.053067727,-0.890734754,0.442174281,0.994449509,0.788523562,0.602090653,-0.391283938,-0.772203214,1.258835069,-2.088371296,0.024057782,0.762467087,-0.078467654,-0.619969369,8
733,-0.875451073,0.92224167,2.121278479,-0.227691387,-0.197999351,-0.177389479,0.338140317,0.025883894,0.082672868,-0.287648196,0.026938768,0.007884946,-0.840595247,-0.68314069,0.004491747,-0.283973099,0.245706874,-0.815470206,-1.111973584,0.263872526,-1.260147256,6
735,-0.507614488,0.614745781,0.291047179,-1.043923666,-0.196191099,-0.261676479,1.10249429,0.346821077,0.161012775,-1.053505867,-0.229557862,-0.001840921,1.327249594,0.774057545,0.254884885,1.444151686,-1.049411373,0.759198579,0.194507819,1.198089658,0.261619789,8
736,-0.596402629,-1.623824291,0.727393714,0.565264121,0.177391872,0.100828412,0.086172679,0.573675948,0.263705909,-0.085804329,-0.58787883,-0.235690846,0.372136817,0.496978388,-0.782702185,-1.243097047,0.313721311,1.08733631,0.537879015,-1.14477605,-1.495280457,7
737,1.991137489,0.516347097,0.12135686,-0.457804036,-0.497816135,-0.507807587,-0.378638643,-0.227181823,-0.055470252,0.407140109,0.235222074,0.041131081,0.415939777,0.520923275,1.293723234,1.278706584,0.275610516,-0.200442176,-0.896087261,2.145822853,0.098744457,6
738,-1.014975295,0.122752359,-0.969509478,-0.494212755,-0.355340086,-0.316717327,0.713973763,0.533577645,0.519652776,-0.776830887,-0.560697757,-0.538068177,-0.047753117,-0.324841155,-0.190323861,0.397416308,-0.607216347,-0.265763651,0.224220907,-1.867706366,0.570791055,6
739,-0.253934084,0.983740848,1.333430568,0.053516374,-0.321818496,-0.291242825,-0.024726932,0.049999587,0.185258856,0.027557126,-0.057391746,-0.214788928,-0.917677938,5.91E-05,0.746745532,-1.095792469,1.887979886,-0.473297403,-0.687231998,0.768186462,0.949556488,4
740,0.126586521,-0.73823613,-1.090716848,1.089027652,0.814113433,0.810980596,-1.021607211,-0.741365748,-0.808915556,1.083329277,0.755224274,0.816850095,-0.261865908,-0.292360518,-0.930958198,-1.023981834,-0.096204582,0.242367093,-0.172103045,-1.132122061,0.047184728,1
742,-1.014975295,1.549533284,1.248585409,-1.093519312,-1.267191247,-1.289513204,1.191523818,1.010636654,0.974785413,-1.157257312,-0.949424548,-0.829978476,-0.362848006,0.397709733,1.336517541,-0.080864326,1.610154976,-0.374137192,-0.401291037,0.964654302,-1.916932421,1
743,-1.027659315,-0.000245997,1.091015827,-0.765358099,-0.672991256,-0.563206216,0.754504233,0.621404807,0.948986651,-0.845246494,-0.685714313,-1.080420241,-1.340280488,-1.380717798,0.22597215,0.462079573,-0.241259428,-1.785663865,-0.266455307,0.427704974,0.687112955,7
744,1.280832358,-0.369241064,-0.848302107,0.260851423,0.470296927,0.411562402,-0.409870957,-0.406340514,-0.617271788,0.463704295,0.454416248,0.713140503,1.31524514,0.70491976,-0.297921961,0.912730206,-1.174861592,1.027384917,0.471304347,-0.698144803,-0.005646004,7
745,0.887627733,1.106739204,0.484978972,0.986620288,0.731788507,0.705154463,-1.190612673,-1.069610068,-1.0516741,1.2502428,1.092188209,1.063281622,-0.259150275,0.297227217,0.056831403,-1.159764615,1.178610613,0.317537666,-0.427530224,0.478518442,0.418550823,7
749,-0.938871174,1.106739204,-0.157420093,-1.430883921,-1.323473996,-1.248404507,1.646534919,1.241311532,1.061005142,-1.688867785,-1.188472467,-0.898740419,-0.058632299,0.030839803,0.875015792,0.849199758,0.187593148,-0.517994004,-0.538310349,-1.998833675,1.763563845,5
750,-0.076357802,0.122752359,0.557703395,0.533169818,0.689888097,0.747634181,-0.53272828,-0.888786005,-0.628971811,0.580067915,0.907134069,0.61025964,-1.549805468,-1.590885564,-0.691303476,-0.616440346,-0.266642844,-1.454198729,0.269802017,0.794013886,-1.641578397,8
751,0.202690643,-1.107231197,1.212223197,-0.115486009,-0.757682002,-0.806536638,0.328623875,1.118403758,0.879474807,-0.349448201,-1.161410761,-0.892726077,0.968330555,1.534161575,0.649763384,-0.56554128,1.339668989,1.413055883,-0.426272641,0.662350393,1.811883099,5
752,2.206765832,0.614745781,-0.727094736,0.169568872,0.556252221,0.545085292,-1.066968875,-1.161785505,-1.027265092,1.125261424,1.200336743,1.033130929,0.610810575,0.021274942,0.211632936,1.528195463,-1.210359954,-0.108848344,-0.394613451,-1.375349091,0.252103959,7
753,-0.63445469,-0.984232842,-0.242265253,-0.546452455,-0.868366766,-0.891678542,0.808236331,1.124513686,1.029711989,-0.838890275,-1.162925314,-1.042753259,-0.029143029,0.358714217,0.395263328,-0.395084255,0.83896927,0.176144309,-0.585004562,-0.21181052,-1.370619846,7
754,-0.63445469,0.737744137,0.363771602,0.060306492,0.730570234,0.765139023,-0.036091605,-0.694321729,-0.667190256,0.037503252,0.756113033,0.733957332,-0.18933636,-1.0100967,-0.849959803,0.838896774,-1.804113238,-0.662753966,1.092106863,0.451718488,-0.017493391,8
755,-0.507614488,0.737744137,-1.405856012,1.227642618,0.468860015,0.508614743,-0.99373504,-0.598690741,-0.443082916,0.997031906,0.527687174,0.319388785,-1.091285593,-0.140248494,-0.020881465,-2.074346411,1.94042186,-0.153594208,-1.114662137,1.509108123,1.574862069,5
756,0.380266925,-0.861234486,1.648569732,-0.40760413,-0.33102399,-0.28313605,0.262961383,0.346431244,0.336455343,-0.24657371,-0.312015775,-0.277448655,-0.153705122,-0.401427926,0.022560526,0.593929643,-0.555574087,-0.491815675,1.656200535,-1.242645806,1.42E-05,5
757,0.126586521,1.106739204,-0.121057882,-0.7444452,0.146984207,0.048308618,0.506778179,-0.274157743,-0.275285829,-0.516462033,0.304850109,0.305453522,1.070477429,0.333751406,-0.031865543,1.532468427,-1.477386859,0.417210301,-0.03822853,-0.257161529,-2.232510478,7
758,-0.127093882,-0.492239419,0.363771602,-0.820512114,-1.542428609,-1.535945768,0.947657497,1.652103244,1.636724971,-1.040585494,-1.750847997,-1.744818441,0.672717167,1.608654962,1.893653052,0.113152916,2.10958286,0.713157587,0.497417329,-0.445505431,2.282971922,8
759,-0.00025368,0.245750715,-1.757357388,1.874774138,1.670685147,1.63278979,-1.734224393,-1.656467974,-1.738561795,1.832544272,1.705082665,1.770071606,-0.583647188,-0.44014208,-1.64438782,-2.241989068,0.244829712,0.518823549,-1.369591598,1.508141007,-0.558905608,5
760,-0.609086649,-0.000245997,0.278926442,-0.765103689,-0.686057191,-0.558873367,0.928344026,0.63678766,0.763181844,-0.938161353,-0.597105141,-0.691349623,-1.314574752,-1.381048891,0.224860004,0.517173753,-0.294860426,-1.785352714,0.373782592,0.489853608,0.444632957,7
763,-0.786662932,0.848442657,0.12135686,-0.195849146,-0.294363029,-0.367536383,0.473487695,0.345988272,0.21944329,-0.530895469,-0.38144844,-0.240708364,1.218728106,1.49459792,0.416752804,-0.212834248,0.738629913,1.513700532,1.231189216,-1.924728497,0.511032639,1
764,-0.291986145,-1.107231197,1.333430568,1.282412236,0.595537422,0.763815347,-0.836255842,-0.364344989,-0.196444429,0.919024031,0.385629147,0.192284926,-2.454921617,-2.206005774,-1.009040444,-1.577608461,0.259516147,-1.984492652,0.293326261,1.601834563,0.219746069,7
765,1.331568439,0.294950057,-1.575546332,-0.964623389,-0.281684154,-0.449739301,0.311585544,0.027594143,-0.194575872,-0.330184767,-0.014239862,0.246175811,2.385554771,1.949120662,0.821705034,1.779435195,-0.674689166,1.797671001,-1.374186581,-0.777605613,-0.371179514,1
766,0.380266925,0.319549728,-0.242265253,-0.361992721,-0.563450659,-0.588021361,0.239220924,0.355270237,0.46758735,-0.265934515,-0.394500465,-0.531284374,0.377453406,0.982387972,1.204057506,0.053718906,1.35694315,0.405328111,1.082898021,1.00502915,0.00404469,8
769,0.532475167,1.488034106,1.903105211,-0.51472241,-0.314503767,-0.377914426,0.240632139,-0.058117459,-0.121181214,-0.264970155,0.071315715,0.148366326,1.633759586,1.652506502,1.216931349,1.288092018,0.227753596,1.194299764,1.688644441,-0.193649983,0.98500869,6
771,-0.900819114,1.045240026,0.739514451,0.069788857,0.486481608,0.525965207,0.100037806,-0.474584786,-0.351765565,-0.111335203,0.490500154,0.340425811,-0.136805721,-0.344304052,-0.235016472,0.194761193,-0.466284269,-0.260584547,1.537984924,0.637107472,1.524542394,8
772,1.153992156,-1.279428895,-0.121057882,-0.141190097,-0.428472406,-0.418116101,-0.170308668,0.373847475,0.329609067,0.180481676,-0.388745946,-0.326797345,-0.295928316,-0.367320969,0.037061974,0.226727176,-0.18892209,-0.460436678,-2.098802562,-1.327904986,-1.025724329,8
773,0.507107127,2.016927035,-0.848302107,-0.156158516,-0.191479545,-0.227794997,-0.07081605,-0.274795995,-0.216314293,0.077179643,0.288955983,0.22039137,0.857542354,1.343668441,1.157199072,0.22773574,1.153890986,0.864789427,1.779328452,0.071232414,1.332222177,7
775,1.775509146,-0.233942872,0.363771602,-0.061308988,0.354761279,0.358045755,-0.633787693,-0.576895672,-0.582025178,0.706790751,0.641013778,0.663814271,0.334646217,-0.312937911,0.050751078,1.487037968,-1.368039995,-0.404423511,-1.883221364,1.951716375,-0.475285127,6
776,-0.761294892,0.688544795,-1.090716848,0.076133961,0.444794869,0.352197371,0.348106263,-0.093611459,-0.459920979,-0.383329859,0.115205071,0.545524546,2.180962541,1.625322041,-0.370665634,0.637693411,-0.956991254,2.168352581,0.653365524,-1.540784095,1.020379823,5
777,1.268148338,0.983740848,1.57584531,0.516682167,0.747657417,0.767139379,-1.023238383,-1.301876179,-1.017897243,1.090938938,1.346269405,1.010063228,-0.940266712,-0.893338479,0.024763883,-0.004432918,-0.00573294,-1.078359448,0.879055738,1.461171742,-0.391564994,6
779,1.826245226,-0.246242708,0.266805705,0.127141548,0.390671581,0.441271584,-0.797703508,-0.784365527,-0.719190362,0.887909336,0.860289776,0.801181662,-0.172671289,-0.700910161,-0.003810675,1.192717552,-1.166939376,-0.831344728,-0.692908944,-0.304910762,0.431023257,6
782,0.113902501,-1.660723797,0.363771602,0.064573823,0.298240945,0.31035956,0.104761379,0.363605817,0.308387447,-0.118033272,-0.40575299,-0.348165717,0.563428355,-0.261008149,-0.94715132,0.674037634,-1.725916394,0.289926917,-0.180239855,0.258620737,0.320020999,7
783,0.113902501,1.660231804,-0.727094736,0.474688481,0.981328112,1.031479472,-0.916283111,-1.698942687,-1.434695546,0.993069376,1.77342264,1.454849701,-1.026856825,-0.981496091,0.08158483,0.073517818,-0.019050337,-1.219245644,0.063162311,1.372993319,0.287639551,8
785,-0.507614488,1.352735915,1.903105211,-2.056905474,-1.804225318,-1.695976402,1.845751466,1.42056241,1.570515427,-1.883286314,-1.378771248,-1.475343468,-0.556229342,-0.498608508,1.576952536,1.79684455,0.061454624,-1.592756743,-0.4022747,0.215433932,1.017231207,1
786,1.775509146,-1.771422317,-1.381614538,1.836536422,1.44397091,1.485900995,-2.053244597,-1.349463608,-1.312931979,1.955368789,1.195637367,1.12644133,-0.868660262,-1.056403321,-1.481218659,-1.282894385,-0.507168373,-0.317677729,-1.221472726,-1.017397797,-0.772091912,1
787,-0.507614488,0.540946768,-0.218023778,-0.075101638,-0.181111456,-0.344062217,0.308582497,0.22882728,-0.046376832,-0.151834814,-0.094381931,0.198377138,1.593726372,2.075028029,0.612111043,-0.468373664,1.227695906,2.080306016,1.478047319,0.657372977,-0.38268369,6
788,-0.63445469,0.983740848,0.872842559,-1.508644549,-1.373245288,-1.339332971,1.473882437,1.191449856,1.292149936,-1.497234421,-1.181657316,-1.246949687,-0.095019127,0.128535751,1.256231975,1.006789989,0.474613626,-0.643436652,-1.539720352,-1.103257012,0.031766821,5
789,0.253426723,0.737744137,0.484978972,0.549581329,1.073845937,1.066703913,-0.661748254,-1.13296933,-1.19446649,0.720687433,1.21125542,1.283453206,0.677141462,-0.126227509,-0.832683386,0.754948926,-1.667145787,0.377691724,2.233109853,0.326256215,0.844931525,8
790,-0.253934084,-0.246242708,0.242564231,0.309106032,0.109530138,0.124073613,-0.191754679,-0.026839606,-0.026984344,0.200533443,0.016231225,0.010183194,-0.326855598,0.00570192,-0.049689852,-0.78013843,0.684791757,0.038281435,-0.1234536,1.017205787,0.850082695,8
792,0.405634966,2.066126377,-0.121057882,0.184408909,1.07895984,1.027512076,-0.531435968,-1.467618023,-1.601817823,0.589091799,1.597305889,1.773770632,0.943146214,0.056141898,-0.358948547,1.488250054,-1.818322253,0.294323223,-0.839752974,-0.859682529,-0.66332927,7
797,0.253426723,0.25805055,-0.121057882,0.092912425,0.073696779,0.161629023,-0.332407108,-0.339876189,-0.121684803,0.271568804,0.293831015,0.048496752,-0.919336243,-1.091763303,-0.199125227,0.218260412,-0.479708413,-1.172468608,-0.146003905,-1.559246407,0.003271646,7
799,-0.253934084,0.516347097,0.787997399,0.720724204,0.700601691,0.719937302,-0.445206042,-0.618454314,-0.758410482,0.504006444,0.695380363,0.878353484,-0.626959918,-0.585265288,-1.018554911,-1.262821355,0.01877025,-0.050526486,0.300695893,-0.425696421,0.011967905,6
800,-0.444194387,-0.123244352,0.000149489,0.292378266,0.352242997,0.256255744,0.044346313,-0.004346143,-0.266936218,-0.049070256,0.005838681,0.310798949,1.108049843,1.031892441,-0.508643793,-0.520811464,-0.038535087,1.54991002,-0.34961549,-0.083210316,-1.155472921,8
802,-0.00025368,0.171951701,0.969808456,-0.899589164,-0.411659812,-0.361442392,0.662064925,0.281192762,0.275546648,-0.482877891,-0.122949932,-0.035765206,0.313331976,-0.032937762,0.249323874,1.050394964,-0.716118701,-0.197229071,-0.35702585,-0.042570027,1.491341226,1
804,0.253426723,0.03665351,0.048632437,1.452600614,1.811552492,1.804555467,-1.43106895,-1.668565638,-1.805495004,1.518118287,1.753936871,1.90905488,-0.222424317,-0.943240487,-1.755379869,-0.464311822,-1.590853559,-0.009273188,-1.743750044,-0.09859608,-0.783246481,5
805,0.507107127,1.611032462,1.054653615,-0.556326629,-0.490712366,-0.417575447,0.194961503,-0.077978162,0.127125668,-0.189984135,0.091423901,-0.11186619,-0.377799567,-0.133800353,0.895146238,0.550995786,0.486638245,-0.726600821,1.067116139,0.19798015,1.555080014,6
807,0.887627733,0.528646932,0.242564231,1.906727867,1.439027848,1.441433704,-1.821470696,-1.552036965,-1.697155649,1.901468147,1.615218366,1.799829649,-0.500565887,-0.096666807,-0.641972119,-1.63448972,0.819836275,0.291962023,2.023630875,0.937961733,1.163261727,5
811,-0.761294892,0.504047261,1.745535629,-1.280533506,-0.714836649,-0.776726407,1.367216633,0.772429909,0.567388199,-1.12503282,-0.566675194,-0.256000066,1.467461403,1.479389479,0.51472521,0.477077696,0.193906529,1.433504038,0.276492486,-0.253851254,0.829822718,1
812,-0.00025368,0.36874907,0.12135686,-1.126890865,-0.900356098,-0.845335251,0.726090137,0.589628161,0.979112677,-0.805009822,-0.645093426,-1.104483654,-0.910154483,-1.039655076,0.924328714,1.463468071,-0.385434261,-1.822649816,0.634440122,1.462001291,-1.390555496,5
813,1.014467934,1.229737559,-0.848302107,0.105836806,0.093238893,0.00263036,-0.204677645,-0.26922851,-0.437462385,0.23149187,0.30197955,0.506990302,1.389649337,1.699744416,0.948815127,0.33312842,0.832524512,1.420452043,-1.356229561,0.185342545,-0.185583738,7
814,-0.380774286,-0.615237775,-0.363472623,1.282757416,1.101427837,1.073280524,-1.11037033,-0.961611318,-1.111000196,1.184873325,1.004061114,1.161966895,-0.390201245,-0.395402664,-1.565071448,-1.828511289,-0.055968091,0.521763603,-0.296014889,0.07851519,-0.589913095,5
815,-0.127093882,0.860742493,0.969808456,0.529372912,0.314024527,0.349000587,-0.578946515,-0.537938496,-0.31470443,0.488987338,0.443258333,0.159561178,-1.061435435,-0.998900345,-0.353230799,-0.48181814,0.014288306,-0.964315755,0.291712318,-2.016930303,-0.086678334,6
817,-0.761294892,0.454847919,-0.242265253,-0.104051537,0.025045754,0.016631795,0.281392435,0.101630581,0.075581949,-0.321142382,-0.114281816,-0.086564302,0.432820544,0.287272833,-0.123894352,0.145508029,-0.266533015,0.420259964,0.446494739,0.0799706,0.483763882,5
818,0.633947329,-0.098644681,1.091015827,0.412307309,0.54675858,0.515668985,-0.377596991,-0.447694364,-0.619937956,0.430454286,0.507174363,0.724117996,0.267427017,-0.149848119,-0.745879626,0.024128882,-0.875575846,0.29456851,1.025309873,-1.473070687,-1.051990638,6
819,0.380266925,0.25805055,0.12135686,1.81763351,1.1165529,1.106288803,-1.719554504,-1.283981517,-1.366183848,1.744869985,1.275580345,1.328591911,-0.785564845,0.018949374,-0.385363811,-2.204448306,1.657220051,0.26682608,-1.728862438,0.207814076,0.913346937,5
820,-0.127093882,0.614745781,-1.296769379,-0.285130086,0.346127966,0.294778923,0.097326369,-0.439510196,-0.309933025,-0.062166402,0.471092279,0.324786379,0.357327895,-0.151882332,-0.345206129,0.702085986,-1.064938058,0.038158755,1.419216845,-0.121907851,-2.067095773,3
821,-0.824714992,-0.369241064,0.569824132,-1.793214509,-1.839278006,-1.809902716,1.938335828,2.030111934,2.041067112,-2.042304373,-2.092712107,-2.076845639,0.840104335,0.938488636,1.385507255,1.371037652,0.309839622,0.23808574,0.50594001,0.465049462,1.156363373,7
822,1.077888035,-0.356941228,0.242564231,0.270100581,0.293765438,0.374759869,-0.553720821,-0.480729257,-0.419396027,0.626650489,0.539053156,0.480950904,-1.113519786,-1.238640435,-0.271181593,0.040828782,-0.399204672,-1.301507685,-0.740279462,0.437603421,0.571388854,6
823,-0.00025368,0.03665351,-0.908905792,0.365966103,0.120408707,0.001293043,-0.138135811,-0.016070161,-0.269417579,0.154495495,0.015814372,0.309213585,1.167205299,1.631095858,0.114517908,-0.991500439,1.141054098,1.867659223,-0.726034187,-0.806208685,-1.109578522,1
824,-1.141815497,0.688544795,1.151619512,-0.59671768,-0.419630893,-0.271610755,0.569093921,0.274952747,0.600762207,-0.640813368,-0.303665739,-0.689448145,-1.626746286,-1.757761245,0.037982414,0.462240867,-0.470762064,-2.115003823,-0.29209696,0.255692457,1.446792614,1
826,0.507107127,0.737744137,1.442517202,-1.527656667,-0.963005363,-0.953028525,1.193220544,0.690440198,0.588302104,-1.174104172,-0.600939128,-0.405910256,0.757203564,0.075676852,0.772594817,2.393489745,-1.393376252,-0.399733128,-0.100027261,-1.572286687,-0.580548938,8
827,0.126586521,0.491747426,0.363771602,0.743408141,0.734873885,0.715647913,-0.878289735,-0.88245568,-0.634344735,0.895409559,0.8309032,0.507670683,-0.58226267,-0.342249485,-0.343344303,-0.904152036,0.45457385,-0.189470726,1.943276026,1.39838449,-0.762334266,8
828,0.126586521,-1.59922462,-0.363472623,-0.17667819,-0.832159906,-0.829747552,0.448205111,1.097499928,0.788831979,-0.436619085,-1.083982689,-0.705023739,0.231978451,0.83014657,0.508911058,-0.750555488,1.32559381,0.664889565,-0.806830673,-1.41263744,0.954722365,7
830,-0.64713871,0.959141177,-0.181661567,-0.105990194,0.434367985,0.496031598,0.181027421,-0.363442604,-0.431832128,-0.204928946,0.409528596,0.499194272,0.141687885,-0.684465019,-0.536297173,1.200641673,-1.777926874,-0.474235337,0.528719105,-1.348085051,2.109499672,8
831,0.03779838,-0.246242708,0.460737498,0.014107281,-0.261911447,-0.263442711,-0.021451278,0.161296416,0.280734808,0.024800226,-0.18013933,-0.322655312,-0.894891162,-0.477195907,0.091090677,-0.7598104,0.804652931,-0.625386467,-0.628402193,0.300442603,-1.583178563,2
832,0.253426723,-0.000245997,1.333430568,-0.227449325,0.014420144,0.000610886,0.104759797,0.068468486,-0.028316784,-0.118586824,-0.075418762,0.036589354,1.406958745,0.888974408,0.136332155,1.217559914,-0.963825628,0.971048209,-0.815980592,0.03067841,1.53070632,4
833,1.623300903,0.245750715,-1.587667069,2.077805811,1.473803203,1.477633531,-2.33040193,-1.877760495,-1.559329164,2.110920621,1.637033292,1.183854156,-2.086414101,-1.486070283,-0.693925535,-2.016880885,1.064897386,-1.32785467,-0.720687172,0.217119676,-1.8897939,5
837,1.521828742,-0.73823613,-1.24828643,-1.614627399,-1.595346925,-1.617935718,1.262545089,1.464226473,1.335227903,-1.286194188,-1.451370459,-1.228947023,0.623842269,0.448121857,1.51755076,2.159639788,-0.310189634,-0.428928314,-0.437401618,2.052793486,-2.216921643,8
842,-0.507614488,-0.455339912,1.684931944,-1.136679639,-1.504619148,-1.525509144,1.217605826,1.533683966,1.392941027,-1.099675314,-1.409456995,-1.223915319,0.187591956,0.565366769,0.923528305,0.242201713,0.841886277,0.087094501,-1.262183099,0.559265694,0.037905435,5
843,-0.00025368,0.430248248,-1.551304857,-0.158584704,0.148550942,0.052764831,0.381552331,0.065811624,-0.248883689,-0.414302029,-0.05884558,0.307164839,2.331926589,1.958900875,0.189801875,0.886444037,-0.543125413,2.209873174,0.426966244,-0.824497099,1.296025571,3
844,-0.127093882,-0.381540899,0.133477597,-0.635195077,-0.952265757,-0.881473451,0.399739778,0.660151111,1.025127719,-0.450452043,-0.741981557,-1.18582253,-1.331961446,-0.715845771,1.051352559,-0.024359109,1.185522553,-1.517987226,0.605652942,-0.420089672,0.405031969,8
845,-0.63445469,1.512633777,1.054653615,-0.076492461,0.134104805,0.061843993,0.164947536,-0.175057351,-0.232959985,-0.187950631,0.20015777,0.274757589,0.343996483,0.298343785,0.089483621,0.183201785,-0.059761044,0.298167376,0.171998974,1.082204616,-2.477390654,4
846,0.760787531,-1.144130704,0.727393714,1.446310855,1.7287743,1.70402702,-1.375611308,-1.429460619,-1.707274412,1.509144102,1.539339475,1.854082053,0.688764548,-0.073392605,-1.951791872,-0.675262372,-1.576315822,1.149952317,-1.031867223,-0.962319514,0.973293713,8
849,-0.761294892,-0.984232842,0.727393714,-0.195229406,-0.218692838,-0.243833435,0.666732374,0.728295752,0.406069536,-0.636843496,-0.686687086,-0.315143734,1.163756733,1.176683977,-0.001752394,-0.119179454,0.161306754,1.40082296,1.305605987,-0.318415687,1.89682821,7
851,0.126586521,0.81154315,0.363771602,-1.819150945,-1.175173298,-1.237567143,1.619072159,1.027012202,1.090714046,-1.649026856,-1.024088984,-1.077581409,1.941105651,1.975097157,1.708525384,1.817931327,0.296046662,1.2664089,1.850686424,0.453458281,0.486057485,1
852,0.126586521,0.614745781,-0.605887365,-0.031654211,0.100623015,0.143857153,-0.063684247,-0.232138675,-0.22304514,0.072033791,0.262151925,0.258616063,-0.251464119,-0.546070275,-0.118860597,0.537484341,-0.668582144,-0.574225539,-0.239523628,-1.596672624,1.196565678,7
853,-0.380774286,0.614745781,-0.811939895,1.655451576,1.4396022,1.401415377,-1.509685178,-1.468208687,-1.50790766,1.579185133,1.497324546,1.512078619,-0.599031642,-0.295131544,-1.275890083,-2.16016928,0.59139662,0.457725794,-1.059247576,1.134796111,-0.599457931,5
854,-0.253934084,-0.73823613,0.933446244,-1.831744511,-1.696964746,-1.670900181,1.746825506,1.755051272,1.874042838,-1.848147591,-1.82018029,-1.93652073,0.244166754,0.170837387,1.377326529,1.791326798,-0.131295202,-0.669879943,0.697058582,-0.758948661,-0.618834534,8
855,1.39498854,0.614745781,-0.121057882,1.216598814,1.64063233,1.732931548,-1.618607771,-1.966679225,-1.834857553,1.715508829,2.028809305,1.900603791,-1.037950113,-1.650453219,-1.488862395,-0.326989151,-1.448996697,-1.019478145,-0.747245445,0.855705733,0.739988331,8
857,0.228058683,0.59014611,0.969808456,-1.957702836,-2.14403379,-2.129628813,1.63834674,1.732399055,1.643416587,-1.732841158,-1.759019183,-1.576841127,0.258909964,0.309616963,1.599378774,1.777422694,0.139761214,-0.64555676,1.220344738,0.060836847,-1.263194552,1
858,0.405634966,-0.492239419,-0.727094736,-0.477792618,-0.961271402,-0.925318401,0.137842205,0.538623784,0.817282145,-0.157044626,-0.610623205,-0.955509169,-0.811131295,0.181492447,1.569800027,-0.288476428,2.062808647,-0.779215745,-1.376146738,-1.061951816,0.821700794,6
859,-0.393458306,1.229737559,-0.75133621,0.549867075,0.809124338,0.787633447,-0.259444344,-0.69496796,-0.878467797,0.295284688,0.784786476,1.022262357,-0.158629254,-0.499828684,-1.152664051,-0.60012563,-0.759140084,0.136116538,0.980906797,0.537779955,-1.090107115,8
860,0.519791147,0.36874907,0.145598334,0.338503686,0.415487588,0.390899901,-0.422177231,-0.478971025,-0.606874814,0.473568828,0.52512451,0.680281795,0.662844848,0.607890879,0.031545419,0.110697908,-0.043457139,0.703113348,-0.677327978,0.648378212,0.773529254,7
861,-0.00025368,-0.73823613,0.084994649,-0.26135191,-0.638518558,-0.599636445,0.213006677,0.558631732,0.749118837,-0.237206829,-0.61553045,-0.846375988,-0.973334308,-0.571477876,0.337304014,-0.424225549,0.761275348,-0.893615102,1.510648386,-2.086062806,-0.347086877,7
862,-0.989607255,0.614745781,-0.302868938,-0.455678308,-0.068385526,-0.039839231,0.523853245,0.126134762,0.210484798,-0.595118224,-0.139844461,-0.241915561,-0.205912439,-0.599803957,-0.249162638,0.600946647,-0.878984187,-0.555544424,-1.525092779,1.366392754,-0.445510803,5
863,0.608579289,-1.550025277,0.581944869,0.275581646,0.041341929,0.05649479,-0.295318181,0.128212801,0.113482624,0.337291342,-0.14477667,-0.131726815,-0.147167703,-0.236207158,-0.475592294,-0.357417498,-0.210214604,0.020503823,1.006881133,-1.115707988,-0.060234188,8
864,0.887627733,-0.492239419,-0.205903041,0.764190122,0.377024073,0.334166992,-0.780287517,-0.368056127,-0.538437333,0.861972091,0.395463565,0.59762483,0.369957791,0.848005928,0.21993351,-0.836945748,1.08052702,0.869319047,-1.16746113,1.729787166,0.991077907,7
865,0.760787531,0.319549728,0.933446244,0.230494297,0.400953746,0.401877708,-0.495782694,-0.588488368,-0.541291641,0.507641648,0.615484954,0.56575367,-0.173041027,-0.474502539,-0.117564077,0.548464191,-0.674491578,-0.489914766,1.972119694,-0.109636939,-0.712414125,6
866,0.126586521,0.737744137,-0.860422844,-0.477251652,-0.193246601,-0.238227023,0.463036123,0.097010362,0.002828081,-0.46862952,-0.067552673,0.048849073,0.995595023,0.762744875,0.284501025,0.786504285,-0.391697563,0.726967815,-0.235675567,-2.033985035,-0.315657259,6
867,-0.380774286,0.983740848,-0.266506727,0.592607893,0.444496779,0.44115476,-0.505378002,-0.5038523,-0.518258356,0.523328372,0.508619949,0.508735228,0.193188091,0.678299165,0.08987232,-0.994774066,1.075628036,0.749892921,-0.068846827,1.205544168,1.907244049,8
869,1.001783914,-0.529138926,-0.727094736,-1.639301372,-1.639962539,-1.657364542,0.885125717,1.265568934,1.496463414,-0.983806351,-1.395713915,-1.695474428,1.112734603,1.447556944,2.57696234,2.24372659,0.854521855,0.088370167,1.382331779,0.404825667,1.799157167,8
870,1.39498854,0.774643644,-0.787698421,0.725192612,0.995647525,0.912209095,-0.766870421,-1.024886314,-1.310236639,0.859983337,1.144684177,1.506194047,0.914198384,0.339367596,-0.984134354,0.043737634,-1.143692211,1.027541426,-0.985314545,0.079855024,-1.755079434,7
872,1.179360197,1.734030817,-0.242265253,-0.64650104,-0.202896148,-0.241866215,0.039287556,-0.25901366,-0.265439059,-0.043912855,0.294453152,0.31088447,1.368047304,1.07279875,1.444936933,2.284505515,-0.484567329,0.360180005,-0.325965766,-0.378286547,0.321379433,6
873,-0.127093882,-1.107231197,-0.484679994,2.311806686,1.894592084,1.904586526,-1.983874909,-1.604439338,-1.63397392,1.960811404,1.539026262,1.50714942,-1.178893897,-1.160322426,-2.167150587,-2.541368564,-0.094634288,-0.006476143,-1.410049029,1.548054306,0.2026303,5
874,0.380266925,-0.000245997,-0.484679994,-1.312748324,-1.34118158,-1.263195843,0.951624833,1.025104311,1.117994542,-0.836630373,-0.924672943,-0.957178748,-0.474288387,-0.25560319,1.200640261,0.980007876,0.420617516,-1.065145097,0.628564493,-0.403738533,0.831338167,8
876,0.126586521,0.233450879,0.606186343,-0.659447923,0.090607377,0.035836452,0.503229924,-0.091710093,-0.19485906,-0.284155481,0.276637452,0.420155114,1.766440072,1.232448891,0.046164459,1.118509262,-0.957432282,1.436782673,0.376849823,0.341839012,1.015010268,1
878,-0.304670165,-1.254829224,-0.108937145,0.333499933,0.264255596,0.327908976,0.003269967,0.158676719,0.174949224,-0.00367251,-0.179851603,-0.203642292,-0.750721766,-0.923721047,-0.984322034,-0.731257921,-0.46164726,-0.474833472,0.207904269,-0.298808121,1.522967471,7
879,1.915033368,0.762343808,0.460737498,-0.304891051,-0.316857432,-0.311964493,-0.519514701,-0.472519297,-0.276404355,0.585497363,0.52776349,0.31087141,-0.666309755,-0.402166912,1.434204111,1.171666374,0.497353852,-1.387546337,-1.095097393,1.676699577,-1.182446051,6
881,0.836891652,-0.898133993,1.054653615,-0.161397444,-0.121527463,-0.104165166,-0.139078156,0.142966625,0.167013039,0.153100732,-0.160904285,-0.192081629,0.405913251,0.121098728,0.167694077,0.808097438,-0.572057848,0.037749171,0.15391173,0.40966879,0.935102469,5
883,-0.558350569,0.122752359,0.969808456,-0.93017623,-0.635251256,-0.727483734,1.128276831,0.785948918,0.45219475,-0.981136946,-0.612414875,-0.199160248,1.130652505,1.154775165,0.306807664,0.226850486,0.18182979,1.179162993,-0.123214253,-1.519825692,0.165738643,5
885,-1.255971679,1.020640355,1.139498775,-0.053687224,-0.128598682,-0.054230004,0.221190605,0.001495137,0.154145356,-0.253094344,-0.001386504,-0.181264255,-1.862580191,-1.280615666,0.043254242,-1.11195246,1.050608909,-1.550762148,-1.319269161,0.757514484,0.550442593,2
887,-0.63445469,0.245750715,1.454637939,-0.305551736,0.120824795,0.109077498,0.246632411,-0.14965089,-0.108925037,-0.112565251,0.231942143,0.200897255,0.0748073,-0.278104915,-0.448138713,0.250120296,-0.75785162,-0.046738249,-0.016280496,-1.220194982,-1.073433543,2
890,-0.380774286,-0.861234486,0.12135686,-1.872641128,-1.121138223,-1.05479535,1.830902268,1.429222427,1.413165792,-1.863224776,-1.397038869,-1.352997422,0.744803848,-0.054030809,0.409913082,2.224129689,-1.649552326,-0.324118804,-1.018246866,1.021340752,1.127497337,7
891,-0.380774286,0.491747426,-0.860422844,0.35780833,0.487386,0.420503554,-0.162338123,-0.401751451,-0.601001278,0.182274691,0.442102715,0.680199992,0.509026445,0.434550087,-0.412147829,-0.363950106,-0.10346363,0.778178151,-0.575689577,-0.585092924,-0.901397586,2
892,0.887627733,-1.131830868,0.739514451,-0.429909004,-1.056037943,-1.01039633,0.034766972,0.755351858,1.092446119,-0.037758214,-0.841996317,-1.253513163,-1.052880408,-0.272959016,1.300562137,-0.114986508,1.573208409,-1.149131774,1.57592842,-0.149707338,-0.041627932,5
895,-1.395495901,0.245750715,0.800118137,-0.748220518,-0.447730134,-0.498365159,1.346404062,0.992474849,0.734159668,-1.398009007,-0.997528103,-0.695153138,1.76234566,1.494910212,0.199293619,0.704194721,-0.379024605,1.65192105,2.10915994,-0.156991831,1.950768274,7
896,-0.520298508,1.414235093,-1.236165693,-0.571923887,-0.867672294,-0.867919717,0.385866584,0.309120344,0.618176065,-0.438073825,-0.346298731,-0.715161959,-1.352315352,-0.42641064,1.159593249,-0.587988419,1.855958093,-1.242307297,-1.507000735,0.09263137,-2.109113924,5
897,1.40767256,-1.857521166,1.600086784,0.71588996,0.674855252,0.62878597,-0.75790109,-0.341271243,-0.619468907,0.851798166,0.374761504,0.703905634,1.157936261,0.715086419,-0.706376625,0.061235313,-0.829166157,1.298401079,0.763726565,0.739190624,0.382997756,6
898,-1.192551578,2.349022595,-1.551304857,-0.864569778,-0.606600065,-0.607063221,0.788077472,0.291517721,0.47526957,-0.886231578,-0.318201571,-0.534725182,0.096105204,0.172383377,1.031379852,1.053863187,0.176655158,-0.448742697,0.044255086,-0.259088745,-0.507497161,6
899,1.065204015,-1.230229553,0.230443494,0.218055421,0.100258358,0.17905601,-0.411907563,-0.163172539,-0.070531856,0.468118038,0.181981299,0.077956238,-0.949499396,-0.95387448,-0.249507392,-0.21638126,-0.118204843,-0.976506765,-0.564717659,0.491841331,1.454706639,1
900,-0.380774286,0.245750715,0.715272977,0.520059038,0.599298103,0.550852587,-0.22170681,-0.375935641,-0.636686097,0.248186087,0.416063678,0.726561367,0.898116045,0.797228934,-0.528961699,-0.473751893,-0.116274641,1.283648177,1.008900671,-0.332241051,0.644579505,8
901,-0.62177067,-1.37782758,0.363771602,-0.818618634,-1.076847641,-1.022902095,0.68066632,1.07135352,1.438274508,-0.76969257,-1.202949621,-1.661766739,-1.195436683,-0.869007128,0.644850573,0.129090771,0.57204414,-1.442494015,0.090247645,0.821989712,-1.151548425,7
902,0.367582905,1.377335586,-0.95738874,1.017612737,1.666775618,1.682587117,-0.969528319,-1.755022387,-1.899530754,1.082201577,1.923905076,2.135094269,-0.247223667,-0.924922015,-1.499063613,-0.252886841,-1.50005417,-0.149963466,0.41786575,-0.069584151,-0.530882474,8
903,1.521828742,0.860742493,0.109236123,-0.037452346,-0.181108801,-0.256981125,-0.332874405,-0.14015456,-0.239330273,0.358938819,0.144841099,0.249270086,1.485752125,1.562053761,0.93539534,0.833935058,0.335799958,1.265170471,-2.018253464,-0.516043133,1.371033825,6
904,-0.00025368,-1.230229553,1.091015827,-0.327679617,-0.4198049,-0.36035416,0.252465088,0.473395267,0.650396536,-0.269041916,-0.491906807,-0.686496137,-1.301486332,-1.338903177,-0.214988595,-0.074422601,-0.230258562,-1.456395349,1.950828072,-0.109438494,-1.732331295,8
906,1.635984924,0.196551372,1.624328258,-0.34271138,-0.439694807,-0.537885544,-0.186517111,-0.028957828,-0.075532914,0.210482047,0.031079226,0.085566615,1.379625475,1.74382744,1.445750929,0.806255895,0.948880316,1.157879157,0.336559667,-1.221186186,-0.787035827,6
907,0.380266925,1.647931968,-0.242265253,0.412473771,0.878985807,0.901080711,-0.527499806,-1.03504541,-1.117247224,0.579431307,1.133392595,1.242947947,0.514490755,-0.041430716,-0.195803903,0.97338741,-1.148387597,0.07483811,0.941342657,1.79763913,2.348758192,7
909,-0.00025368,2.053826542,-0.036212722,0.139757411,0.500318144,0.399601946,-0.121454917,-0.716835752,-0.805778685,0.130845892,0.765148036,0.864621957,0.914677978,1.003098708,0.229616036,0.006842141,0.296739402,1.047670213,0.046448583,0.347826191,-0.787536236,7
910,-0.380774286,-1.611524455,2.036433319,-0.766459717,-0.53413862,-0.493191336,0.846396179,0.848364327,0.866967673,-0.862137009,-0.853183892,-0.861207628,-0.242027245,-0.852794325,-0.433408496,0.869759573,-1.354105285,-0.739691615,0.629958974,-0.806357245,-0.992475837,8
911,0.380266925,0.750043972,-1.33313159,0.087609755,-0.169847055,-0.175790648,-0.216935781,-0.110764442,-0.052958057,0.231994366,0.113676386,0.048170516,-0.153585016,0.377410863,0.754838707,-0.276982001,1.135575262,-0.02955286,0.385758591,-0.252201345,0.524074435,2
912,0.253426723,-0.123244352,0.606186343,0.745746761,0.777149213,0.718084344,-0.678601554,-0.671284901,-0.839880071,0.675885464,0.664395382,0.828615313,0.811856922,0.677978616,-0.707641496,-0.606722128,-0.197796675,1.255061693,-1.68357675,-0.169298913,-0.110046834,8
914,-0.558350569,0.048953346,0.12135686,-0.258522222,-0.142108382,-0.166482243,0.392011678,0.274825511,0.285359362,-0.442175246,-0.306307696,-0.324108903,0.221348629,-0.022638044,-0.391594924,0.062388462,-0.504522305,0.221306155,-0.059202438,-1.98647552,-1.295044906,7
915,0.291478784,1.106739204,-0.121057882,-0.320656433,-0.267938831,-0.289145463,0.021797916,-0.107142198,-0.089050076,-0.024703165,0.121741974,0.103885005,0.525394709,0.756110468,0.992636232,0.628861709,0.561192973,0.270183629,-1.915310245,0.998121299,0.235496589,7
917,0.266110743,2.385922102,1.57584531,-0.80632402,-0.58117253,-0.586146368,0.150779237,-0.232892144,-0.11004063,-0.172050596,0.263954009,0.127118002,0.389418696,0.582367422,1.734846274,1.610503214,0.463607456,-0.406983185,-0.774930815,-0.204185887,0.249803776,6
919,1.800877186,0.836142821,-0.969509478,-0.062141588,0.260340914,0.14801546,-0.766892078,-0.881635568,-0.763119891,0.707710795,0.832012891,0.660039359,0.913890554,0.927888775,0.770442743,0.819839748,0.135026635,0.615370859,0.096538442,1.325973673,-0.735798743,7
920,-0.253934084,1.352735915,-1.066475374,-0.604400488,-0.103288229,-0.172806041,0.4537887,-0.085801257,-0.114343943,-0.38050289,0.173845376,0.221385373,1.347596423,1.004209134,0.197525521,0.903749969,-0.591451061,1.06933353,-0.884456102,-0.486604989,-0.906692474,1
921,-0.888135093,0.245750715,1.187981723,-1.045551321,-1.409101886,-1.358337902,1.325874357,1.490402064,1.497963631,-1.423108755,-1.549360802,-1.532375627,-0.514745035,0.226482248,1.439281948,0.096737759,1.55078527,-0.642962193,1.873036318,-0.995218075,1.019228079,5
922,0.633947329,-2.078918206,-0.605887365,0.045260412,-0.18392689,-0.18724425,-0.122935524,0.311446201,0.362576896,0.138836563,-0.353189067,-0.423396354,-0.19769155,-0.156046353,-0.216944707,-0.337565742,0.067807728,-0.048100403,-0.742167226,0.297194945,-0.746467942,6
924,-0.127093882,0.405648577,-1.090716848,-0.714318396,-0.905780017,-0.87798675,0.671155687,0.69755714,0.777108821,-0.711940779,-0.723387327,-0.794420904,-0.616685647,-0.319812335,0.629012431,0.132612266,0.574115503,-0.77916518,0.253065446,-1.282597123,-0.717999732,6
925,-0.976923235,1.229737559,1.091015827,-0.881340215,-0.744415033,-0.659032301,0.798587434,0.494442638,0.764080232,-0.899312987,-0.544291458,-0.868566243,-0.658088819,-0.541554908,0.671871212,0.591230032,0.177734179,-1.070105244,-1.231777621,-0.264638777,0.873604564,1
926,1.610616883,-0.369241064,-0.484679994,1.502172932,0.850571568,0.785456335,-1.751338665,-1.095310596,-1.147597121,1.870574468,1.131188622,1.206980574,-0.490040284,-0.017379966,-0.312545423,-1.395884708,0.970369398,0.177450765,0.203049421,0.362946698,-1.494640838,7
927,0.253426723,0.122752359,0.484978972,0.545082853,0.685975049,0.63234877,-0.454722223,-0.547761408,-0.619514639,0.381861575,0.471050901,0.497654919,0.867362235,0.754586552,-0.417639021,-0.311780292,-0.145613788,1.162355085,-0.07320327,-0.129689064,0.653341626,7
931,-0.507614488,-0.369241064,-0.121057882,0.263542057,-0.850973324,-0.766833583,-0.052977097,0.718002638,0.731032383,0.011363472,-0.748679962,-0.724021377,-1.791599917,-1.03659106,0.324235627,-1.169579715,1.434533742,-1.438601472,2.147000876,-2.177382022,-1.163237598,8
932,0.633947329,-0.037145503,0.363771602,-0.348653487,0.480069177,0.375570175,0.216850225,-0.305314198,-0.514606004,-0.150619414,0.373686317,0.588337997,2.160926299,1.601008682,-0.10720468,0.963542408,-0.968573676,1.972420976,-2.314494353,0.861862455,1.374037605,6
933,-1.737964446,0.774643644,0.969808456,-1.307489297,-0.948113034,-0.845093851,1.619299754,1.073520399,1.183291765,-1.732576015,-1.093750102,-1.183360626,-0.98472678,-1.233310753,0.113607923,0.767545118,-0.652583866,-1.539088821,1.321487406,-0.573992111,-0.598156255,5
934,1.483776681,0.491747426,-0.969509478,0.367659593,0.046569908,-0.055273097,-0.764406548,-0.470190051,-0.471719809,0.855559935,0.509513065,0.518940351,0.23723914,0.761035607,0.877353174,-0.144069096,1.164683908,0.349121084,0.391950971,1.518674678,-1.584342068,7
935,-0.00025368,0.36874907,1.091015827,-0.053226865,-0.004897791,-0.002961807,0.094911383,0.026085687,-0.057899972,-0.103185026,-0.024961402,0.070655988,0.732954653,0.67677816,0.219373819,0.332519922,-0.038085555,0.665991641,0.169300906,-0.690725537,1.645567002,4
936,-0.380774286,-1.476226264,0.000149489,0.306463854,-0.209584015,-0.216257051,-0.034548201,0.474964712,0.423301911,0.03790991,-0.524863123,-0.475471744,-0.429540173,0.079074429,-0.343524361,-1.518075792,1.055377318,0.311824866,-0.192315003,-1.025255033,-0.419764241,7
937,-0.127093882,1.475734271,0.000149489,-0.264095207,0.119036125,0.087992311,0.142108849,-0.307025904,-0.329083986,-0.155923993,0.343833521,0.376973453,0.530678946,0.22702131,0.185609415,0.862296405,-0.598695437,0.152391601,-0.197556391,-0.117383591,-0.89297489,7
938,0.760787531,-0.492239419,-0.848302107,0.309785232,0.667288457,0.720783487,-0.571094805,-0.731218419,-0.612990933,0.614235695,0.761996956,0.619805528,-0.187149024,-0.804385516,-0.583333138,0.701000342,-1.361872106,-0.587069052,-0.52565935,1.066494818,1.511022492,1
940,1.141308136,0.25805055,0.61830708,0.476483738,-0.423814197,-0.454027371,-0.696938203,0.038960194,0.076028548,0.605159731,-0.150283824,-0.218019274,-0.170133359,0.636427873,0.940007569,-0.672275059,1.732123254,0.161178161,-1.041775366,0.217941961,0.651884885,6
943,-0.380774286,0.245750715,0.848601085,-0.965873633,-0.819440775,-0.803528607,0.972502868,0.795830023,0.883464628,-1.042531705,-0.828028808,-0.910601991,-0.324745422,-0.460611271,0.404062646,0.811881319,-0.332237016,-0.804053699,-0.256038246,-0.606656712,-1.344982612,5
944,1.141308136,-0.246242708,-1.502821909,-0.428361481,-0.684805563,-0.652677324,-0.050613252,0.314375948,0.602903968,0.056346369,-0.352961468,-0.69811293,-0.751418571,-0.25344674,1.392603915,0.60421808,0.99541424,-1.184267136,0.373672005,0.700065603,-0.016877187,4
945,-0.63445469,0.245750715,1.624328258,0.294694607,0.643500783,0.638302944,-0.043885415,-0.428054482,-0.570320926,0.048738089,0.477639059,0.656213925,0.280848942,-0.330221306,-1.175774283,-0.056014323,-1.294902151,0.352520968,1.033485699,0.286117356,-0.267660166,6
947,1.39498854,0.122752359,1.806139314,-0.223210072,-0.937688784,-1.013860712,0.091985134,0.724543477,0.466157098,-0.06734685,-0.682628803,-0.35457624,0.767474775,1.775231194,1.632434483,-0.367087696,2.276398986,1.076895039,0.488562293,2.025105568,-0.44237721,8
948,-1.014975295,0.614745781,0.363771602,-0.369191009,0.105178668,0.210996879,0.331308057,-0.259017028,0.031158708,-0.340447984,0.276745965,-0.02490406,-1.737430331,-2.294569278,-0.771681784,0.458632797,-1.408842958,-2.240305904,-0.56308562,-0.411058294,-0.855876159,5
950,0.507107127,0.024353674,0.363771602,1.205225898,0.975561609,1.011016648,-1.3561367,-1.23297058,-1.131352427,1.425507694,1.25968462,1.128500361,-1.120253399,-0.764624436,-0.525760722,-1.340531173,0.644063569,-0.57626727,1.156831617,-1.102299243,0.315847942,5
951,-1.268655699,1.352735915,-0.605887365,-0.074170205,0.366863867,0.320434838,0.330402659,-0.285008537,-0.283742191,-0.331382867,0.29248604,0.262230639,0.978942931,0.824267887,-0.17272269,0.066290829,-0.223831888,1.089989462,-0.441891078,0.002870305,0.952775151,5
952,1.268148338,-1.107231197,-0.714973999,-1.348561939,-2.180847247,-2.108498447,0.891075781,1.777805017,1.986508593,-0.942957918,-1.847332273,-2.058847832,-1.260159038,-0.295634375,2.239386466,0.60843237,1.950379176,-1.771232899,0.751760024,-0.432856707,-0.348227748,8
953,-0.761294892,1.106739204,0.957687719,-0.182961309,0.112999726,0.087864002,0.300044032,-0.094751307,-0.089765134,-0.338259387,0.110052406,0.107999527,-0.045061485,-0.169811553,-0.162737932,0.088659279,-0.27607735,-0.098836741,-1.776003179,2.105811352,-1.293195959,4
954,0.126586521,-0.861234486,-0.242265253,1.46250057,1.939169382,1.906335801,-1.218088039,-1.472368471,-1.770218055,1.323272804,1.554519144,1.884360441,1.44005755,0.485693982,-2.003465734,-0.362988338,-1.907716737,1.847764364,-0.376564747,-0.67242564,2.150456667,8
955,-0.380774286,-0.246242708,0.848601085,-1.005673529,-1.414913481,-1.410911205,1.159437742,1.472907202,1.50599765,-1.256477333,-1.555160238,-1.574813368,-0.434076879,0.048308386,0.871640322,-0.007234905,0.997895943,-0.495074698,0.999900955,0.213127079,-1.396386128,5
956,0.507107127,-0.812035144,0.12135686,-0.497389816,-0.669863272,-0.72136608,0.24480824,0.538538099,0.657623916,-0.278575658,-0.610396005,-0.76701411,1.108563165,1.303945428,0.911189203,0.566620443,0.551223659,0.973484861,-0.315659807,-0.461590341,-0.770760995,8
957,-0.127093882,1.549533284,-1.672512228,0.0434992,0.087712727,0.119600661,-0.078225705,-0.304896611,-0.313217341,0.08946917,0.347504749,0.367560994,-0.623071474,-0.365483094,0.483773296,0.047654068,0.488069726,-0.741424161,0.612051299,-0.206743646,1.158065374,2
959,1.014467934,0.122752359,-1.454338961,0.157499531,-0.503394063,-0.498562067,-0.432930892,0.157853197,0.31777938,0.414642661,-0.202620828,-0.373274538,-1.221731656,-0.513878665,0.696832637,-0.661886981,1.397367232,-1.053006496,0.443232749,-0.385149909,-1.751132295,2
960,-1.877488668,-0.246242708,1.091015827,-1.055810544,-0.841664576,-0.841974841,1.557588364,1.255190508,1.173705239,-1.641443263,-1.290786873,-1.211179929,0.643462527,0.624794847,0.317705668,0.372680733,0.033126448,0.541822127,0.459451167,-0.378369548,0.635272641,7
962,0.126586521,0.122752359,1.648569732,-1.539187874,-1.112545124,-1.126403763,1.513221837,1.218872951,0.828559841,-1.473178923,-1.061206388,-0.53574157,1.98285738,1.471292573,1.077474942,2.283905062,-0.883952598,1.06714111,0.543012816,0.804662933,1.742277345,1
963,1.521828742,-0.861234486,-0.484679994,1.192789951,0.383116078,0.391022075,-1.435631384,-0.64022464,-0.494700551,1.421164675,0.548756581,0.322800628,-1.190149986,-0.301346794,-0.057631653,-1.971250232,1.793950607,-0.321930779,-1.258407142,-0.961756955,0.186338031,7
964,-1.649176305,-0.479939584,0.969808456,-1.014717476,-0.776575461,-0.750072779,1.404592471,1.14379697,1.11234509,-1.38588836,-1.10405171,-1.015773407,-0.424715349,-0.750324393,-0.329170844,0.368855429,-0.755745485,-0.683876621,0.422890871,-0.55682916,-1.646368614,7
965,0.253426723,1.832429502,-1.987651392,0.38335149,0.503080542,0.486874219,-0.586685339,-0.901268545,-0.89151145,0.633387721,0.958591955,0.947199816,0.39402902,0.645685617,0.500804918,0.004295876,0.59163057,0.450604517,0.337371223,0.936443365,1.509557238,7
966,1.268148338,-1.980519522,1.381913517,-0.060379312,-0.60078908,-0.507148927,-0.343692072,0.536393054,0.78176477,0.329173644,-0.610676689,-0.893546838,-1.257255224,-1.112923409,0.344053607,0.182647507,0.16950699,-1.541964588,0.622004334,0.909680797,-0.098516322,5
967,-1.712596405,1.734030817,0.606186343,-0.885206929,-0.077551648,-0.14118349,1.342055565,0.307575286,0.106343272,-1.424284654,-0.279489381,-0.043978461,1.512054352,0.921282047,-0.075042442,1.120259477,-1.109866658,1.143471387,-0.320992427,-0.984631973,0.102249744,1
968,0.69736743,-1.476226264,-0.848302107,0.740036274,0.253457298,0.226751321,-0.768560185,-0.183652345,-0.204764763,0.850084207,0.188212283,0.210320686,-0.745854642,-0.360898455,-0.40213654,-1.286933836,0.750616282,-0.174385564,0.048363813,0.586777575,-1.708894381,8
969,-0.00025368,-0.18474353,-0.242265253,-0.838805566,-0.845451569,-0.839807229,0.779008607,0.81251101,0.929180494,-0.860991403,-0.895297984,-1.047372271,0.957863634,1.243540018,1.17422615,0.689846909,0.730061652,0.734889117,0.420225791,-0.443404927,2.014663091,7
970,-0.00025368,1.291236737,0.606186343,0.203682496,0.57383724,0.54040179,-0.237947101,-0.668780533,-0.809125328,0.268474034,0.751557317,0.934320903,0.071546556,-0.539334051,-0.669595631,0.56411294,-1.318452307,-0.217097407,-5.72E-05,-0.784571736,-1.997140867,7
972,0.126586521,-0.123244352,-0.121057882,-0.555682831,-0.37577318,-0.369407285,0.312674743,0.331847071,0.431106577,-0.354261624,-0.369925685,-0.49132889,0.549881583,0.094659514,0.226386095,1.24933118,-0.925647991,-0.030906636,1.316056418,-1.002421511,0.03529092,8
974,-2.04238093,1.315836408,0.242564231,-2.07712502,-1.512013783,-1.483940792,2.231530803,1.483971709,1.548887666,-2.162679099,-1.349185149,-1.344732705,0.135522239,-0.017463242,0.881699223,1.386022523,-0.316721767,-0.579689062,0.556660976,1.058837779,-0.58887441,7
975,1.915033368,0.36874907,-1.466459698,0.603710074,0.020898105,0.035564553,-1.165451747,-0.606932438,-0.484209913,1.281331163,0.647218905,0.518942191,-0.708197711,0.010684334,0.809879371,-0.590439117,1.480110893,-0.500679259,-1.000443158,-1.032078168,0.597969072,6
978,-1.141815497,1.106739204,0.606186343,-0.034830037,0.555430478,0.588440043,0.235801772,-0.425667134,-0.540995772,-0.26957236,0.475779871,0.621445149,0.119465459,-0.684073922,-1.005653345,0.590912941,-1.731361446,-0.176241662,-1.894931691,-0.700951017,0.29053672,8
979,2.029189549,-1.353227908,-0.969509478,0.97014089,0.732283985,0.679989913,-1.283497145,-0.785979307,-0.860121892,1.410347602,0.831116979,0.90970021,0.34843368,0.482545459,-0.105518461,-0.453086553,0.331139672,0.640895854,0.523836543,1.83695309,-0.023666598,1
982,-1.078395396,0.614745781,-1.211924219,1.275896724,0.916641934,0.968183269,-0.980346922,-0.947107401,-0.759510711,0.978902163,0.906895498,0.65254681,-1.432822525,-1.04470145,-0.874863937,-1.806763713,0.678841859,-0.688130764,-0.311702294,-0.128285922,0.600250017,5
983,-0.177829963,-1.267129059,0.363771602,-0.90076667,-1.042657542,-0.960476434,1.025349243,1.281160851,1.315066831,-1.032334836,-1.279812409,-1.286909352,-0.591459195,-0.602812339,0.269977478,0.392758266,-0.092368766,-0.888209883,0.613928122,0.840517651,-0.111009114,7
986,-0.00025368,-0.29544205,0.969808456,-1.378623724,-1.068795682,-1.250789743,1.276668787,1.146958867,0.660797852,-0.810394942,-0.748915679,-0.126675134,2.299560125,2.390556266,0.934794568,0.738663543,0.460880749,2.251087785,-0.36348532,2.162685641,-0.232162707,5
987,0.126586521,-0.098644681,-0.121057882,-0.590701725,-0.404627051,-0.294119241,0.395010983,0.300659573,0.494359457,-0.420347359,-0.312260244,-0.522249883,-0.826130102,-1.172382204,0.022498174,0.865644595,-0.846531815,-1.40885674,-0.244695684,-0.994700495,1.174659589,8
988,0.507107127,0.81154315,-0.605887365,-0.312276922,-0.521287093,-0.589051353,0.217770094,0.231165929,0.21050205,-0.236861765,-0.250044547,-0.228773521,0.94676687,1.501757023,1.226540585,0.149441233,1.313657266,1.008885932,-0.293833842,-0.75326539,0.377194779,8
989,0.126586521,-0.307741886,0.000149489,0.125475609,0.291308692,0.314309181,-0.165332896,-0.233471412,-0.242844957,0.181499088,0.256248587,0.270938251,-0.230429677,-0.647475663,-0.539964069,0.307304079,-0.93207537,-0.427910564,0.10975566,0.173931498,-0.06109971,1
990,-0.761294892,0.307249892,-1.0422339,0.769389268,0.512449834,0.451057757,-0.571366125,-0.472439117,-0.52430422,0.602132108,0.48621246,0.535333689,-0.542391192,-0.07232088,-0.440081156,-1.538475697,0.958751312,0.192942251,0.830288247,0.841666849,-2.268813306,5
992,0.126586521,-1.574624948,1.091015827,-1.006564923,-1.087142328,-1.065570598,1.107227945,1.325808888,1.106008715,-1.071534249,-1.255035489,-0.933782017,-0.124665378,-0.265671966,0.515999609,0.941983591,-0.32049493,-0.643123386,-0.654104557,0.402904304,-0.984353029,8
993,-1.661860325,1.943128022,-1.817961073,-0.447265518,-0.47204408,-0.395445603,0.633091539,0.214513357,0.463969651,-0.701767269,-0.227811827,-0.516449931,-1.339832281,-0.788629068,0.424183256,-0.627491539,1.043651708,-1.206998445,-1.132175884,-0.125368292,0.63475092,5
995,-0.00025368,0.750043972,-1.211924219,-1.520259592,-1.072871274,-1.074631831,1.348386343,0.947302055,1.022578799,-1.408293635,-0.958686492,-1.011661597,1.066331138,0.694342653,1.047054187,2.004051462,-0.685764672,0.162212415,-0.417180495,0.466588265,0.24076096,5
996,1.014467934,0.36874907,-0.945268003,0.251814384,0.007066372,-0.010665642,-0.499751308,-0.333235867,-0.264055422,0.553431803,0.361370377,0.285318144,-0.617389427,-0.034222663,0.658969844,-0.473353841,1.195775565,-0.458435211,0.727731726,0.474788184,-0.943782774,7
997,-1.915540728,-0.615237775,1.915225948,0.005330413,-0.166616862,-0.083974722,0.488367961,0.506533134,0.606516331,-0.541297635,-0.558033415,-0.685271291,-1.185650575,-1.092386415,-0.901769965,-1.196614483,0.066801543,-0.727797979,-1.009461281,0.085777317,0.667069537,7
998,-0.266618104,-0.123244352,-1.454338961,0.369158239,0.075904161,0.096722711,-0.156481862,-0.044739102,-0.044100297,0.174276966,0.047671163,0.047378774,-0.464142263,-0.319068375,-0.312287311,-0.66315909,0.261918151,-0.181583141,0.291879253,-1.09928282,-0.113491373,8
999,2.181397792,1.229737559,0.12135686,-0.676522646,-0.155475376,-0.27251365,-0.023567899,-0.226731577,-0.317913883,0.02850363,0.256661171,0.370342448,2.227506364,2.105136012,1.857022383,2.324179936,-0.010734218,1.32696188,0.398956786,1.745990819,-0.214558758,6
1000,-1.776016506,-0.984232842,0.242564231,0.18115799,0.052513368,0.043421709,0.299990641,0.355504953,0.323273544,-0.337148801,-0.397291101,-0.368685886,-0.677323314,-0.672135948,-1.374528629,-1.60243117,-0.066278068,0.071791879,-0.797791659,-0.515990026,-1.684291143,7
1001,0.760787531,0.491747426,0.484978972,0.012144918,0.08460637,0.088330119,-0.216266962,-0.252762799,-0.295344618,0.243755714,0.283108788,0.338995194,0.563710399,0.574116443,0.6118697,0.66496478,0.087135136,0.295065345,0.602846692,0.503869625,1.410402755,6
1002,-1.30670776,0.245750715,-0.484679994,-0.433208284,0.003512968,0.116635604,0.52074053,0.061835359,0.251343924,-0.590949302,-0.067544058,-0.289536481,-1.280114265,-2.060415537,-0.9802236,0.675157374,-1.841126481,-1.829574529,0.444010575,-1.580916461,-0.018318793,6
1005,-0.253934084,0.122752359,0.436496024,-0.013974081,0.282618931,0.242771308,0.104251487,-0.161496173,-0.24435569,-0.11137118,0.178733066,0.27650385,0.418322103,0.095133541,-0.354142814,0.269771656,-0.653973736,0.337658932,-0.426000359,1.073656739,-1.006450112,6
1006,-0.507614488,-1.230229553,-0.121057882,1.277121382,1.285015065,1.377258779,-1.0568334,-0.903552391,-0.779065326,1.014284645,0.802904014,0.621940155,-0.885409027,-1.206037694,-1.603348423,-1.129627926,-0.797672206,-0.418254744,-1.523236821,-0.318964056,0.502847669,8
1007,1.141308136,-0.18474353,0.363771602,-2.02905412,-2.349524414,-2.44618662,1.550535877,1.904809898,1.951538994,-1.558667056,-1.902699351,-1.944531884,0.77493788,1.359148888,2.609544117,1.749148908,1.35744405,-0.037448545,0.279402135,-1.128564553,-1.536126288,5
1008,-2.105801031,1.660231804,-0.121057882,0.649004639,1.012667814,0.959631299,0.102579687,-0.59448566,-0.965513029,-0.116998224,0.663941036,1.110569403,0.81656299,0.560918757,-1.425368311,-1.191538125,-0.461695751,1.570786852,0.262764706,0.564199707,0.114541309,2
1009,1.090572056,-1.673023633,1.333430568,-0.576237686,-0.915439446,-0.808859733,0.07761455,0.706512119,1.063842489,-0.086267481,-0.789062121,-1.223072615,-0.990491354,-0.737057664,0.987864418,0.686997299,0.436982933,-1.502973997,-0.252277561,0.659367224,1.737037199,2
1010,1.268148338,1.918528351,-0.727094736,0.494595249,0.596494966,0.481186626,-0.593513677,-0.8366729,-1.084320505,0.662817009,0.929274296,1.238773416,1.410476085,1.582148487,0.550053575,0.16548475,0.534297719,1.533345021,0.664354176,0.202073029,-0.999295538,7
1012,1.864297287,-0.246242708,-0.75133621,-0.669682518,-0.685115864,-0.648856403,0.129142833,0.414256506,0.487277978,-0.13788073,-0.436038643,-0.516766732,0.733655451,0.605925257,1.169357572,1.627773218,-0.193397779,-0.020492617,0.045780142,-1.948502007,2.145103346,5
1014,0.760787531,-0.812035144,1.091015827,-1.190421268,-1.310395335,-1.348152314,0.908405304,1.168497926,0.89002149,-0.594418095,-0.902722004,-0.526047786,0.995680971,1.217044035,1.132168998,0.780916797,0.594722579,0.730031445,0.937773526,-1.237647056,1.152979706,5
1017,-0.380774286,-1.59922462,-0.08469567,0.531832098,0.459664985,0.494298537,-0.327027405,-0.120778578,-0.146201529,0.359388431,0.125247593,0.152399961,-0.970772385,-1.228518597,-1.228442633,-0.816252758,-0.670883839,-0.682652301,-1.014232629,1.4471504,-0.458680047,8
1018,-0.67250675,0.860742493,2.315210272,-0.83262097,-0.619702851,-0.644039775,0.81332306,0.575271529,0.666932216,-0.909327951,-0.631883857,-0.746380932,0.847852364,0.68652603,0.628222152,1.047975248,-0.253284341,0.418415047,0.399774121,-0.387867468,-0.367250214,2
1020,0.253426723,1.106739204,2.36369322,0.192971705,0.34195687,0.369369365,-0.336330153,-0.674448287,-0.602944291,0.380166932,0.75109862,0.685281866,-1.091779089,-0.947986927,0.02190767,-0.213522362,0.187279585,-1.141555361,1.356460274,0.191845394,-0.754181116,4
1021,-0.558350569,0.122752359,-0.727094736,-0.251660937,-0.364375162,-0.432256618,0.385521406,0.521584828,0.426708706,-0.436467493,-0.578567602,-0.480988659,1.249547781,1.292799062,0.395417988,0.280825272,0.236982956,1.287177115,0.365270542,-0.76929934,-0.5615412,6
1022,1.953085428,-1.353227908,-1.587667069,0.938085345,0.577434027,0.558864119,-1.153090549,-0.677376409,-0.799752914,1.275281419,0.72991929,0.873335537,-0.28674317,0.12121199,-0.208000799,-1.141326708,0.853124337,0.276039743,-1.025488827,0.712770818,0.107744724,1
1023,-1.268655699,1.352735915,2.194002901,-0.275480288,0.032134125,0.14213688,0.327710495,-0.219306962,0.020031874,-0.352544312,0.247686348,-0.012989536,-1.45846345,-1.672484058,-0.391234836,0.122816666,-0.63175873,-1.741479158,-0.076987519,-0.569415429,0.865076245,8
1024,1.268148338,-0.984232842,-0.121057882,0.880969915,0.786283033,0.712081616,-1.029044945,-0.668659692,-0.763812805,1.031034397,0.618602893,0.676566528,1.167459099,1.011180426,-0.424637618,-0.24533665,-0.205732181,1.472020106,-0.734858786,0.064427364,0.600021821,7
1026,-0.63445469,-0.000245997,-0.363472623,0.129098892,0.369483678,0.474187673,0.055151927,-0.221554934,-0.139341287,-0.063358188,0.250306119,0.160458871,-1.371663614,-1.765069781,-0.968772539,-0.171566765,-1.011391276,-1.485507991,-0.42683524,0.726353064,0.194642834,5
1027,2.536550357,0.614745781,-0.121057882,0.650529987,0.537351456,0.434342196,-1.252040229,-1.054795577,-1.233490314,1.378866547,1.137749576,1.355767109,1.349082434,1.523648869,0.868075157,0.543569554,0.533553999,1.26216111,-0.107711181,-0.28192497,0.601144864,7
1028,-0.63445469,-0.861234486,0.606186343,-0.52132004,-0.857653567,-0.791253856,0.490731527,0.885469045,1.161881214,-0.525841957,-0.957214435,-1.285928096,-1.359761075,-0.876915143,0.63173491,-0.224788868,0.892919335,-1.443586792,1.033012633,1.641504403,-0.342324867,7
1029,-0.253934084,1.844729337,0.242564231,-0.081178562,0.219930374,0.161407646,0.210896117,-0.312899412,-0.457859468,-0.230986629,0.355663915,0.534780266,0.898273457,0.765189125,0.123907157,0.378365406,-0.186179002,0.831677024,0.220350874,-1.545712229,-0.365090527,6
1031,-0.253934084,2.103025884,0.157719071,0.253575518,0.814768775,0.808168558,-0.339471592,-1.119744807,-1.190795818,0.376942799,1.228177784,1.325820018,0.265383136,-0.033953511,0.08305596,0.750179216,-0.619683999,-0.093038849,1.866803352,1.020096624,0.633324579,8
1032,0.253426723,-2.15271722,0.12135686,0.309793237,-0.571825001,-0.588244558,-0.036354905,0.917356735,0.906995407,0.043371669,-1.006087076,-1.007068722,-0.477300328,0.414299103,0.061323847,-1.88937709,1.881633824,0.453951505,0.084098879,0.355539221,-0.520089825,7
1033,1.268148338,0.528646932,-0.242265253,0.83254793,0.800440239,0.798716616,-1.302018658,-1.238694526,-1.186313579,1.300192109,1.240570472,1.145377618,-0.376767525,-0.526267443,-0.244144603,0.072003433,-0.367801743,-0.471250805,-1.496016972,-1.613807718,-0.258725288,7
1034,-0.253934084,-0.221643037,0.484978972,-1.47595519,-1.370616821,-1.327091683,1.314721737,1.270727977,1.4998467,-1.314025679,-1.275843509,-1.50785158,-0.389127083,-0.267947008,1.222758423,1.218569342,0.218616315,-1.093849427,1.213846568,0.966602209,-0.436070338,5
1036,-0.65982273,-0.369241064,0.242564231,-0.095618376,-0.290410262,-0.264627531,0.532403038,0.516160275,0.419284795,-0.534314066,-0.485257387,-0.354876587,-0.408658626,-0.234677468,-0.086531247,-0.462463943,0.33104783,-0.224305307,-1.124350965,0.662025506,-0.090774347,7
1037,2.181397792,0.36874907,-0.727094736,0.831161256,0.594389676,0.616082639,-1.396329108,-0.893880525,-0.636090673,1.051672809,0.553304214,0.174596179,0.220760332,0.264178975,0.305236931,0.250602843,0.119565598,0.120759319,0.48856764,-0.64593633,2.121825195,6
1039,1.255464318,-2.460213109,1.503120887,-1.753461872,-1.974382915,-2.075857135,1.396047798,2.225281112,2.04786779,-1.455581771,-2.229005528,-2.032933674,1.806461001,1.872916628,1.71927495,1.768189461,0.351133861,1.138046888,-0.372404912,1.009208496,0.518652491,8
1040,-0.976923235,1.721730982,0.242564231,0.305807474,0.422267035,0.458267358,-0.061855863,-0.537538743,-0.531667375,0.06946086,0.604811227,0.614729751,-0.992601507,-0.776080382,-0.286383485,-0.752373665,0.356578702,-0.741637621,0.817789676,1.034128247,-0.161115594,8
1041,1.230096278,0.491747426,-1.575546332,1.378917688,1.372374019,1.362852794,-1.776048165,-1.659779494,-1.482031501,1.761532225,1.562388677,1.349035816,-0.458755054,-0.667606713,-0.818349638,-0.474709921,-0.506081675,-0.275386513,0.151035715,0.168858875,-1.096544103,5
1042,-0.380774286,-0.861234486,-0.314989675,-1.778039206,-1.770288259,-1.856176742,1.947759842,2.066118177,1.78366244,-1.955117405,-2.016371185,-1.691559932,2.494652228,2.559179077,1.633084311,1.617444004,0.425732782,2.009020101,-1.029398139,-1.290507986,0.780192348,7
1047,0.633947329,0.565546439,-0.933147266,0.964923378,1.918854596,1.921322521,-1.317303082,-1.96015455,-1.750130911,1.260029855,1.8900654,1.606230551,0.107323139,-0.88271259,-1.226254174,0.746375853,-2.137763823,-0.272689667,1.121074539,-0.159348463,-0.834125412,5
1048,-0.00025368,0.491747426,1.539483099,-1.976507918,-2.272309921,-2.302039555,1.874921109,2.044698807,1.906386627,-1.880634449,-1.974025184,-1.772037557,1.019252288,1.416669859,2.169463458,1.623660302,0.979756964,0.309945403,-0.698141384,0.520541689,0.73477262,1
1049,1.014467934,-0.369241064,-0.484679994,0.742108637,0.39358438,0.376726105,-0.804962756,-0.484095612,-0.581957484,0.89053331,0.52411731,0.645401403,-0.146827707,0.355351854,0.096214378,-0.999719419,1.073768764,0.361714052,1.466518847,0.080491013,0.588052359,7
1050,-0.380774286,-0.51683909,-0.242265253,0.809707226,1.317472887,1.278501937,-0.700001614,-0.984893022,-1.049794344,0.706546483,1.00363479,1.046764337,0.368775396,-0.504290097,-1.668376768,-0.06382211,-1.853808344,0.457723726,-0.96191633,0.646357548,-1.263693551,5
1051,-0.888135093,0.061253181,0.484978972,-1.154536998,-1.383260288,-1.334998648,1.385138737,1.483128289,1.522401201,-1.461314373,-1.544861881,-1.565547146,0.003305409,0.330355519,0.921634053,0.367604561,0.710629882,-0.191259894,1.017226478,-0.366201124,1.184180599,5
1052,1.39498854,1.438834764,-0.121057882,0.633801057,0.907672967,0.845973551,-1.102346285,-1.432403742,-1.433373769,1.191900049,1.525051603,1.527094844,0.338380184,0.200376016,-0.024899765,0.254010863,-0.260962794,0.254139342,-1.90818114,0.590917344,-1.184943272,7
1054,2.498498296,1.647931968,-0.848302107,0.124516258,0.023634161,-0.072959687,-0.79937275,-0.805102139,-0.837688967,0.899657199,0.895330376,0.956346082,0.705546777,1.143761793,1.624094883,0.904426556,1.032441765,0.331023759,-0.784323619,-0.442928357,-0.106879612,6
1056,-0.824714992,-0.898133993,0.61830708,-0.699921076,-1.185628688,-1.181100956,1.136468927,1.546451789,1.66411942,-1.247405444,-1.672073246,-1.809808929,-0.786814154,-0.388176354,0.058885469,-0.763743983,0.775639253,-0.499079062,1.847580385,-1.064675893,-2.177815694,7
1057,0.01243034,0.528646932,-0.25438599,0.392457495,0.693875256,0.63362158,-0.336117661,-0.621193855,-0.914664486,0.379937463,0.696136815,1.050308336,0.963282192,0.710296489,-0.25594986,0.188440354,-0.439125088,1.007174314,-1.346344016,0.452508384,-0.110930887,5
1060,0.887627733,0.577846275,0.072873912,0.043931842,0.324197537,0.215206313,-0.101258165,-0.384789353,-0.640674526,0.111665521,0.420419606,0.715081899,1.421127002,1.342379699,0.155157657,0.254302684,-0.008316887,1.498458097,-1.922107583,-1.435673725,-0.20555957,7
1061,-1.649176305,-0.836634815,1.721294155,-0.491530734,-0.355975631,-0.247357176,0.877741275,0.792359951,0.972869466,-0.945824714,-0.848385632,-1.063061559,-1.008820146,-1.34717519,-0.727461759,-0.034167677,-0.850297136,-1.141374598,0.494691248,1.595804991,0.145966521,7
1062,0.126586521,-0.233942872,0.242564231,0.928835239,0.818302054,0.679689258,-0.645327928,-0.531654797,-0.902281639,0.70402935,0.574021884,1.000692374,1.052258453,1.101245041,-0.582340885,-0.885175625,0.226851584,1.679124826,-0.525266158,-0.340361772,-1.493618239,5
1063,1.141308136,1.069839697,-1.817961073,-1.404137078,-1.183389707,-1.199944391,0.779493147,0.578549375,0.849465438,-0.853264122,-0.623613646,-0.93385624,0.883729927,0.993431866,2.071832035,2.162281285,0.339412503,-0.13162362,1.268907845,-0.222159602,-0.513753009,8
1064,-1.509652083,0.614745781,0.606186343,0.792869349,1.172690174,1.246139813,-0.350253926,-0.903927682,-1.033893955,0.388449491,0.990822488,1.154023526,-0.921057216,-1.332715206,-1.64179458,-0.968790722,-0.999440863,-0.54457134,-1.368841899,1.292746591,2.109180849,5
1066,-0.127093882,1.106739204,-0.387714098,-1.6076673,-1.53670634,-1.570559251,1.489466183,1.241016416,1.068043504,-1.431859193,-1.121814246,-0.831852436,0.518503061,0.774671683,1.46400981,1.135450258,0.615679711,-0.006544369,0.020200847,0.1266326,-1.391047763,8
1071,1.141308136,0.491747426,0.497099709,0.650485564,0.987703065,1.000996372,-0.993484568,-1.303125904,-1.279751402,1.082864286,1.393382719,1.383210538,-0.465158286,-0.868000962,-0.833199133,-0.057079174,-0.92810311,-0.504350185,-2.172728508,-0.07565954,-0.706975862,8
1072,-0.507614488,-0.492239419,1.57584531,1.313663517,0.672176084,0.59815123,-0.912691446,-0.333145958,-0.404419035,0.812553867,0.193077122,0.179551702,0.402327947,1.132325884,-0.316075239,-2.044556458,1.631389789,1.547308896,0.072994465,1.310121248,0.708039893,5
1073,-0.253934084,-0.000245997,-0.484679994,-1.956156632,-1.655246462,-1.680115995,1.884822287,1.659521712,1.609435837,-1.870705117,-1.612308367,-1.474454549,1.042227916,0.735260466,1.392164835,2.272399727,-0.547318598,-0.007882495,2.033066388,-0.378772558,-2.153836954,7
1074,-0.63445469,0.737744137,0.12135686,1.764854667,1.734839113,1.739270086,-1.672818715,-1.811684894,-1.675908852,1.720595845,1.810249599,1.599902734,-1.404918433,-1.312650146,-1.714013018,-2.148128036,0.039535913,-0.474923342,-0.600586204,-0.488167847,-0.009276405,5
1075,0.126586521,0.122752359,-0.605887365,-0.505101594,0.274415388,0.430366595,0.249983062,-0.357864903,-0.07633346,-0.254814825,0.281476599,0.006991571,-1.034159737,-1.653103967,-0.424879664,0.958250837,-1.462550878,-1.697098063,-0.226005291,0.221603716,0.559474234,5
1076,-0.507614488,-0.123244352,-0.484679994,-0.810357543,-1.5896736,-1.600143138,1.140461411,1.608239622,1.346213185,-1.150514656,-1.472322655,-1.15461547,0.174543435,0.946657721,1.335798954,-0.148314981,1.696775519,0.279313659,-0.583397489,0.299676797,1.688790662,8
1077,-0.266618104,-0.73823613,0.12135686,1.152999296,1.65935617,1.514026971,-0.99446318,-1.159762403,-1.279527159,1.041250492,1.159209744,1.22834994,1.763171236,0.969638655,-1.511795208,-0.160624614,-1.521449988,2.111761995,-0.470101844,-0.572408877,-1.220257247,5
1078,1.40767256,1.352735915,-0.824060633,-1.047731696,-1.362180544,-1.311169418,0.60608481,0.721427668,0.706142095,-0.61461605,-0.690385852,-0.601527377,-0.450465939,0.148167279,1.944701322,1.015335806,1.248474159,-1.056510131,0.37661974,0.999514939,0.934749761,8
1079,-1.014975295,-1.845221331,2.400055431,0.041012461,-0.104972556,-0.093471589,0.426929066,0.71311145,0.614447049,-0.468225251,-0.770091391,-0.664353383,-0.156730874,-0.295736584,-0.879871611,-0.727652371,-0.319820666,0.205966951,0.15349463,-0.148698415,-0.356372266,7
1080,0.760787531,1.475734271,-1.211924219,1.139773775,0.760277437,0.740791567,-1.495222799,-1.368395385,-1.160744934,1.491737041,1.328535897,1.051646374,-0.759736926,-0.267619285,0.044061908,-0.993064513,0.981748429,-0.346274897,1.421989403,-1.854358152,-0.604003717,7
1084,-0.380774286,-0.492239419,-0.933147266,0.289573163,0.525888564,0.568341696,-0.217212988,-0.392163172,-0.294502494,0.229205915,0.406170373,0.290520893,-0.830827085,-1.219143303,-0.793917664,-0.015032626,-0.938419767,-0.9469487,1.400590361,0.451999473,-0.242301053,8
1086,-1.560388163,1.377335586,0.775876662,-2.289776684,-2.380397881,-2.475062861,2.345510245,2.146201755,2.040718011,-2.306075418,-2.045637133,-1.864312444,1.271859188,1.726330618,2.001611618,1.276109224,1.132579981,0.784701675,-0.435037736,-1.296127341,-1.567340739,5
1087,2.194081812,-1.254829224,-0.363472623,1.906482263,1.179158645,1.221761295,-2.174696174,-1.337417256,-1.323632149,2.192284714,1.309194405,1.282999336,-1.664038906,-1.316778435,-0.77746771,-1.581303672,0.56363447,-1.073517302,0.287385931,1.572257922,-0.005917971,5
1089,1.141308136,-1.353227908,-0.242265253,-0.486928807,0.263864472,0.274138723,0.064683776,-0.095827266,-0.06821388,-0.064792721,0.108866057,0.081630733,0.382136881,-0.695912023,-0.64943265,1.611976764,-2.297439084,-0.416134562,-0.537278963,-0.181877241,-1.289551903,8
1093,-0.380774286,-0.553738597,1.212223197,-1.11442801,-0.61892759,-0.633173883,1.030103991,0.932479683,1.07252001,-1.148417844,-1.029719556,-1.206401853,1.129934677,0.222824621,-0.197118341,1.712511878,-1.840601195,0.390013512,-1.420198182,0.03086591,-0.891232496,5
1095,-0.926187154,1.67253164,0.12135686,-2.923413447,-2.357992205,-2.409251803,2.439967506,1.715773413,1.762562678,-2.076471812,-1.38259774,-1.298050331,0.705329374,1.033351857,1.89495143,1.47504972,0.793112851,0.027988751,0.407080238,-0.807850766,-1.039285109,5
1096,0.925679793,-1.427026922,-0.969509478,0.228385584,0.508270507,0.48593132,-0.285310895,-0.129099925,-0.324906351,0.323372787,0.144369776,0.37665021,1.198900326,0.325112224,-0.755411076,0.965625394,-1.760340708,0.865594671,-1.261781588,1.464754934,0.457787221,8
1097,-0.253934084,2.041526706,-1.321010853,0.006717968,-0.016145916,0.048823677,-0.163630801,-0.569654224,-0.367773323,0.181954106,0.626764874,0.406084752,-1.300346271,-0.730912753,0.566034155,-0.501887128,1.08776284,-1.228262971,1.217230485,-1.032296698,0.611202117,7
1098,-0.938871174,-0.000245997,2.048554056,1.002508468,0.543271805,0.540732156,-0.468908083,-0.437161135,-0.492683932,0.508879338,0.44726952,0.510710908,-0.757519689,-0.38426875,-0.822500175,-1.76199763,0.72386064,0.064286253,-0.432145469,-0.926723657,-0.751397579,8
1100,-0.00025368,0.614745781,-0.242265253,0.663786446,0.487896402,0.52934088,-0.69566612,-0.734159052,-0.618593318,0.756080027,0.77200245,0.649647395,-0.862483772,-0.405806197,-0.016177546,-0.977801859,0.893020611,-0.472467442,1.71089853,0.956371304,0.595928892,8
1102,0.342214865,1.635632133,1.600086784,0.474786539,0.224170484,0.316257832,-0.936888077,-1.105211399,-0.599369574,0.975746821,1.082388405,0.498459392,-2.225603468,-1.593370057,0.327287232,-0.857840499,1.118216594,-2.102846534,-0.273208983,0.640091093,-0.674017546,6
1103,-0.494930468,0.122752359,-0.484679994,-0.162885355,-0.180843057,-0.268303416,0.486513217,0.481967294,0.172047355,-0.488057341,-0.435571399,-0.08801827,1.351355407,1.58249461,0.348715328,-0.203879857,0.656672743,1.661386595,-0.762033758,1.33074408,0.915286565,6
1104,0.621263309,-0.246242708,0.727393714,-1.407644672,-1.499279963,-1.449183499,0.941448983,1.211183866,1.509111164,-1.040022795,-1.297248509,-1.641389193,-0.506744129,-0.422051457,1.527262861,1.673047119,0.125911585,-1.470190442,1.359701144,-1.10613462,-0.654876313,5
1105,-0.558350569,-0.73823613,-0.242265253,0.301653124,0.537054564,0.504699998,0.040136982,-0.068510261,-0.320427257,-0.045958306,0.076927632,0.3738983,0.903635814,0.238760656,-1.322887055,-0.158293719,-1.340449926,1.122603411,-1.408633574,-0.432694284,-0.178722903,8
1106,-0.025621721,0.983740848,-0.727094736,0.071981945,0.142960288,0.102681942,-0.098925337,-0.266806372,-0.352068979,0.11187309,0.296650917,0.400681798,0.628443542,0.724497865,0.38203256,0.193484011,0.280547627,0.619645501,0.755526872,0.678661739,-0.216893354,7
1108,0.253426723,0.344149399,-0.727094736,-1.068807801,-0.783373777,-0.795531255,0.740502708,0.459753384,0.371605977,-0.53467067,-0.233508551,-0.054126281,0.217090861,0.065521287,0.49613627,0.916060044,-0.304308468,-0.236564398,-1.322959942,0.1136126,-0.881198635,8
1109,-0.761294892,-0.356941228,0.969808456,-1.188885125,-1.386984544,-1.406643872,1.366609594,1.555706946,1.538230281,-1.458476964,-1.631354145,-1.623606551,0.707634706,0.7183699,0.804242731,0.883149162,0.104327134,0.344713807,0.013612664,-1.802545115,-0.16544583,8
1110,0.887627733,1.955427857,-1.33313159,0.453196348,0.457057609,0.436972071,-0.614204986,-0.876480983,-0.969099745,0.685276986,0.965463592,1.092309972,0.307743687,0.727354142,0.642517925,-0.196390364,0.946495903,0.4579195,-0.166936704,-0.252815173,1.399577477,7
1112,0.595895268,0.823842986,-1.405856012,0.523695363,1.026091676,0.958519126,-0.562566574,-0.93692177,-1.292399496,0.632204762,1.047391179,1.482234755,1.625248316,0.91332901,-0.45955733,0.923914309,-1.360001371,1.377757849,0.319173552,1.104024998,0.264107423,5
1114,-0.507614488,0.528646932,0.484978972,-1.171647615,-1.685544353,-1.811100902,1.307883086,1.573304141,1.563477134,-1.401087848,-1.661292993,-1.670057174,0.839656362,1.714155455,1.850818721,0.187074497,1.995269093,0.865807601,0.336290973,0.022990189,-0.35111994,5
1115,0.633947329,-0.676736953,-1.842202547,1.039554568,0.876231775,0.97138097,-1.175328236,-0.89530309,-0.903833061,1.269046908,0.954731624,0.9798797,-0.943388762,-1.264459108,-1.118485237,-0.545006261,-0.805269211,-0.795107789,0.12968794,-0.483218131,0.580104304,1
1117,0.253426723,-0.492239419,-0.508921468,-1.982350984,-1.437985191,-1.443357502,1.829847513,1.503491169,1.372487192,-1.752730009,-1.378649063,-1.157696414,1.210711382,0.682636194,1.279563765,2.620800994,-1.008207226,0.000897531,1.22724578,-0.028614692,-0.578691949,8
1119,-1.014975295,-0.123244352,-0.484679994,-1.07715275,-1.033242121,-0.989791102,1.357258845,1.211098106,1.007769626,-1.375133904,-1.131932075,-0.840952354,-0.125224314,-0.14914056,0.630811963,0.81669529,-0.06627499,-0.577285096,-1.783764503,0.578196714,0.285020034,7
1121,1.141308136,-0.135544188,0.000149489,-0.198018063,-0.56923708,-0.525093782,-0.203252871,0.154683642,0.304612793,0.226142472,-0.177935897,-0.358593762,-0.139244589,0.431804934,1.276181656,0.254963233,1.224201131,-0.295332223,0.695894008,-1.387070911,2.242804773,5
1122,-1.471600022,0.750043972,-0.121057882,0.082172978,0.660740213,0.584764849,0.418357267,-0.164888707,-0.500421599,-0.468451903,0.191813889,0.58960634,1.631759177,0.696547531,-1.289059673,0.433029264,-1.844177717,1.645715559,-0.54938176,-0.682878817,-0.912818498,5
1123,1.851613267,0.36874907,0.848601085,0.120960463,-0.301230231,-0.326690334,-0.582742847,-0.255807648,-0.12933404,0.651091618,0.277192621,0.132615466,-0.485184595,0.387619506,1.341039171,-0.317832761,1.839913566,-0.38900621,1.575619479,-0.319364666,-0.950917643,6
1124,-0.380774286,0.245750715,0.242564231,0.619045454,1.10664525,1.107749878,-0.644019511,-1.035168707,-1.002228699,0.677320216,1.075299757,1.018433273,0.271737288,-0.46885766,-1.223481723,0.178048168,-1.577232798,0.217849654,-0.642844895,1.744916557,0.692293469,5
1125,0.507107127,-1.4885261,-0.848302107,0.076094999,-0.285798216,-0.221640644,-0.146506393,0.3388613,0.376598632,0.133527901,-0.374481615,-0.407550572,-1.381860459,-1.274751592,-0.272680891,-0.461255149,0.074404847,-1.343512916,-0.302009047,-1.618239029,-0.73217094,6
1126,0.126586521,0.504047261,1.091015827,-0.269285709,0.140577408,0.120009093,0.263149656,-0.121355378,-0.146150512,-0.25315561,0.160914726,0.196925149,0.866459214,0.507869747,0.211142261,0.990523218,-0.679548515,0.470286453,1.534047454,1.584866072,0.692818573,4
1127,-1.776016506,0.983740848,-1.211924219,-0.26607166,-0.260508451,-0.276475313,0.706238732,0.478697006,0.324473106,-0.7564728,-0.488729301,-0.307128168,0.524349902,0.743695689,0.142229146,-0.361509298,0.536381304,0.794495282,-1.481074186,0.422463269,0.767033278,5
1128,-0.279302124,-0.000245997,-0.763456947,0.298586482,0.468558978,0.518503379,-0.287652525,-0.514589172,-0.403486049,0.30904546,0.527939129,0.390441531,-0.735972994,-0.889097665,-0.625214651,-0.347921341,-0.416797253,-0.661288492,0.919155149,-1.954609637,0.426050198,5
1129,1.547196782,-0.492239419,0.315288653,-0.497529671,-0.968560651,-1.011523834,0.198835807,0.785060306,0.757786015,-0.208813626,-0.822078255,-0.781358099,0.580707453,0.992700627,1.26035378,0.538118174,0.961203811,0.381908784,-1.069097987,0.474063733,-0.532908407,5
1130,-1.547704143,0.491747426,0.691031503,-0.362182151,-0.335090395,-0.278580913,0.549503334,0.324297578,0.557347857,-0.616564994,-0.356224282,-0.632637281,-1.488281175,-1.335895257,-0.239301757,-0.514823197,0.160548982,-1.437405011,1.409042429,-0.2905151,-1.29680064,7
1131,1.039835975,0.245750715,1.212223197,0.245041095,0.31322168,0.310606509,-0.441216353,-0.438019103,-0.533841133,0.495897802,0.481663569,0.603466893,0.654466381,0.528826147,0.215489564,0.48954449,-0.197925007,0.492459132,-0.313745699,0.015259141,1.679033139,6
1137,2.320922014,-1.660723797,-0.848302107,-1.590730758,-1.661375569,-1.647711159,0.940316541,1.514383347,1.620820066,-1.011068641,-1.60219614,-1.716923366,1.271137565,1.399091713,2.293104845,2.356377505,0.423403038,0.210658287,-1.482475575,1.678802139,1.493988903,8
1139,0.633947329,-0.369241064,-1.902806233,-1.086989573,-1.066803794,-1.091771505,0.966364806,1.086203233,1.1251335,-1.043746233,-1.160013429,-1.217936395,1.241923261,1.360057012,1.514787992,1.450787966,0.398731578,0.657605943,0.37586371,-0.782923099,0.381572933,6
1143,1.153992156,-0.07404501,2.048554056,-1.761615871,-1.582222506,-1.613184496,1.178208259,1.181151415,1.32231962,-1.223377594,-1.222146266,-1.364680843,0.962903782,0.992099366,1.619388688,1.796253417,0.173641878,0.153598602,-1.339944772,0.724485283,-0.419284926,5
1144,-0.127093882,0.725444301,0.242564231,1.592482899,1.209199661,1.222758267,-1.483880934,-1.348992849,-1.385602201,1.481778909,1.346219603,1.36177204,-0.912696516,-0.620044981,-0.873873064,-1.630935674,0.531058281,-0.18361323,0.823621988,-1.604638405,0.450642438,5
1145,0.507107127,0.122752359,-1.33313159,-1.699491771,-1.404296353,-1.382718369,1.384771248,1.214957974,1.365163047,-1.371280987,-1.196477252,-1.340456715,0.43336258,0.504888091,1.652215934,1.780666537,0.20494479,-0.44676791,-0.390036422,0.936984827,0.585063144,6
1146,-0.127093882,0.860742493,0.606186343,1.043938775,1.162525763,1.165814097,-1.035413475,-1.289060576,-1.335186011,1.078737452,1.335861907,1.395900495,-0.357567001,-0.656429541,-1.303229068,-0.859847129,-0.689972884,0.045277937,0.411267235,-1.585167176,-0.324304695,8
1151,1.065204015,0.983740848,-0.242265253,1.201668925,1.011501018,1.039969117,-1.655717306,-1.649847746,-1.461644044,1.755407786,1.703070135,1.489659235,-1.626120512,-1.265620821,-0.306470567,-1.051176969,0.596727041,-1.311231971,-1.836671544,0.25852022,-0.856124147,8
1152,-0.799346952,0.491747426,0.363771602,-1.627681891,-1.574256795,-1.561214485,1.68941303,1.602903065,1.664838534,-1.793738656,-1.649993139,-1.728889199,0.501803488,0.832315352,1.705817146,1.258928298,0.775218331,-0.091258457,0.129499844,-0.134872739,0.983276961,7
1153,1.179360197,-0.861234486,0.606186343,0.636326531,0.887047179,0.865295164,-0.71535891,-0.758819305,-0.936145503,0.802783627,0.836751165,1.061524499,0.517253996,-0.142666495,-0.983799891,0.264941843,-1.373924882,0.453930802,0.745241864,1.235287063,-0.220474797,7
1155,0.760787531,0.491747426,0.278926442,-0.607615154,-0.491402465,-0.509782777,0.385936062,0.335350561,0.266496119,-0.337416158,-0.270401291,-0.18006162,0.648264274,0.776556056,0.922282664,0.765123983,0.352826574,0.339102125,1.991853625,-0.404371139,1.309240993,8
1156,-0.761294892,-1.845221331,1.915225948,-0.793764036,-0.662862475,-0.748476408,1.207286212,1.34611367,1.103725047,-1.287506063,-1.415406058,-1.150280303,1.734603132,1.387807562,-0.184855519,0.425279394,-0.554546297,1.768033275,-2.03467165,0.590238587,-1.260813065,7
1157,1.268148338,-0.529138926,-0.848302107,-0.024438431,0.114722168,0.161671902,-0.364609255,-0.302116057,-0.183556931,0.406718301,0.333555528,0.201269898,-0.724019032,-1.131886687,-0.015089763,0.951138256,-0.968651498,-1.33685844,0.424691347,0.508500802,-0.149807701,1
1158,-1.674544345,1.512633777,0.969808456,-0.164194121,-0.294562267,-0.26526799,0.503930214,0.258811351,0.31298762,-0.564739289,-0.284135974,-0.352374734,-0.265498463,0.446665612,0.598456732,-0.861470954,1.51620401,0.151960124,0.341061364,0.494738394,1.999993924,1
1161,-0.380774286,1.106739204,-0.133178619,0.032865992,0.528783862,0.458378291,0.005730939,-0.577061614,-0.598643456,-0.005441644,0.601274439,0.612936641,0.937337091,0.69063902,-0.029682933,0.446618958,-0.428440624,0.840358652,-0.87614696,1.159701652,0.454197621,8
1162,1.014467934,-0.000245997,0.99404993,0.592576226,-0.271247703,-0.369611577,-0.69574621,0.048285632,-0.012839042,0.664337554,-0.120157362,-0.090151493,0.217230198,1.179754822,0.662469057,-1.382799327,2.115174747,0.983420819,0.812491009,-1.02511197,-1.502605487,6
1163,-0.00025368,0.245750715,1.333430568,0.219210404,0.514790476,0.505154365,-0.248277736,-0.457158753,-0.277348885,0.179204826,0.374947316,0.123268994,0.206574132,-0.132003321,-0.396953129,0.269157917,-0.711635625,0.09460844,0.942121152,0.959190819,-0.044169507,6
1165,1.268148338,-0.369241064,-0.472559257,-0.278446275,-0.406842335,-0.405032679,0.031724398,0.275680187,0.288818042,-0.032701028,-0.288153431,-0.293544795,0.162962399,0.29659888,0.772127677,0.610500919,0.30887378,-0.136641517,-0.041302892,0.76182685,0.125599266,1
1166,0.253426723,-0.000245997,1.321309831,0.241361198,0.559258193,0.612418098,-0.441804185,-0.683698369,-0.476724513,0.437117786,0.670705472,0.420662722,-0.658284296,-1.212864385,-0.776108248,0.365908161,-1.279739783,-0.950769207,0.653779287,-0.966208199,0.325767461,6
1167,-0.253934084,-1.107231197,-0.121057882,0.644438738,0.331605585,0.282546728,-0.385991374,0.009282138,-0.073537302,0.328632798,-0.081340107,-0.037664144,0.11213045,0.306810976,-0.423155815,-0.950444084,0.435623021,0.633205474,0.895026644,0.402780026,-0.895382036,8
1168,-0.380774286,0.614745781,-0.363472623,-0.070168656,-0.419789103,-0.423144516,0.146835282,0.298320598,0.243943171,-0.116857874,-0.26827946,-0.176044221,-0.412213182,0.182438514,0.573250069,-0.617039252,1.244206897,-0.146369758,-1.396181923,1.360920311,-0.262791608,6
1169,0.380266925,0.36874907,0.000149489,0.649718674,0.781918384,0.927513446,-0.645381241,-0.772622788,-0.381542551,0.257075142,0.425306161,-0.038679722,-1.238827996,-1.632743235,-0.649176388,0.201323384,-0.997289126,-1.530694767,0.453014414,0.526876824,1.359666232,8
1170,-1.141815497,0.737744137,1.212223197,-1.587641545,-1.034949627,-1.176239773,1.611943837,1.008312875,0.566608438,-1.213064963,-0.589752818,-0.030574919,1.969985899,1.743197359,0.713087752,1.21115743,-0.266980413,1.621570411,-0.351341776,-1.474709591,-1.250947189,5
1171,-0.735926851,0.122752359,-1.33313159,0.148240462,-0.19710233,-0.1037051,0.155701206,0.156904881,0.329499078,-0.171554745,-0.170028925,-0.361337262,-1.602056024,-1.089229779,-0.020989095,-1.053431507,0.930288122,-1.282376732,1.235397123,0.15826775,0.801362668,6
1172,2.257501913,-1.845221331,-0.95738874,-0.170060139,-0.060051716,-0.14777512,-0.308300099,0.206097868,0.001863881,0.337222905,-0.222556389,0.003265498,1.939495848,1.415571652,0.357672695,1.454982951,-0.915757605,1.457146994,-1.530224686,0.999764714,-0.181525938,2
1173,-0.63445469,0.737744137,0.278926442,0.079122514,0.096465547,0.069040169,0.019643449,-0.127538647,-0.161973396,-0.019464038,0.141119294,0.181114717,0.140818369,0.278869033,-0.047461118,-0.376840283,0.315924853,0.361811702,0.669103883,-0.536721893,-0.697842976,8
1174,-0.888135093,-1.131830868,2.012191845,1.373258779,0.805334625,0.906795165,-0.980313577,-0.470637425,-0.320252042,0.895592361,0.360134681,0.13860603,-2.132470159,-2.027246278,-1.316447833,-1.64713869,-0.015622376,-1.576983285,-0.257421565,-0.561400133,0.205866536,8
1176,1.242780298,-1.340928073,0.097115386,-1.367288632,-1.877317406,-2.050277394,1.183795793,1.965787726,1.745515147,-1.252001445,-2.025062184,-1.781877329,2.343705299,2.707226449,1.830774123,1.194761529,1.057774556,2.059811229,-1.802750732,0.77545032,-0.968381448,8
1177,0.253426723,1.709431146,0.242564231,0.882124385,1.12195221,1.119185301,-0.981046409,-1.362968646,-1.470154715,1.069886171,1.476892259,1.607143631,0.053340459,-0.003682402,-0.317540131,-0.255554813,-0.117729292,0.196910743,0.93532812,1.044356665,1.506410849,5
1178,-0.253934084,0.245750715,1.345551305,-0.536392571,-0.389672839,-0.270548155,0.402784951,0.190149885,0.464978075,-0.430805573,-0.190157801,-0.485907088,-1.71629596,-1.834977556,-0.043183093,0.344407379,-0.454229929,-2.155404248,0.337381233,-0.482366157,-0.113579021,1
1179,0.380266925,-0.861234486,-0.727094736,1.30409085,1.161342275,1.026851272,-1.212745738,-0.891345143,-0.940133931,1.159717624,0.77118433,0.731242955,1.137323636,1.062627225,-0.977519673,-1.086445687,-0.032010859,1.883694247,-0.391805241,-0.586296149,-1.227727088,8
1180,-0.507614488,-0.529138926,0.000149489,-0.516625155,-0.957970821,-0.893925598,0.695399706,1.006999173,0.80235541,-0.619424889,-0.923542412,-0.614595995,-0.767759943,-0.325128135,0.541452961,-0.287312162,0.873362019,-0.729983923,-0.781660704,-0.913810619,0.850191875,7
1184,2.003821509,-0.369241064,0.000149489,0.394320335,-0.144137422,-0.206248142,-0.747128356,-0.1886256,-0.219156541,0.83534875,0.201055953,0.236810634,0.363115223,1.151083316,1.055149098,-0.533410652,1.752793725,0.700392062,0.051901626,0.339814558,-0.300246065,7
1185,-1.268655699,-0.123244352,0.12135686,-0.500432871,-0.386865852,-0.359416092,0.659743616,0.542843933,0.653931373,-0.734736752,-0.596224446,-0.734903142,-0.379241251,-0.628064932,-0.352111816,0.16587005,-0.583785375,-0.523901703,-1.024236956,-0.722131885,-0.513303588,7
1186,0.380266925,-0.000245997,0.484978972,-0.185081108,-0.341914351,-0.357386886,0.103392589,0.251678711,0.272334057,-0.117279873,-0.284648179,-0.316685962,0.871942551,1.332604378,1.057193274,0.164258934,1.100239114,0.915022724,-0.064690886,0.066396012,1.424992213,1
1187,-0.380774286,-1.107231197,0.000149489,0.302126082,0.471895439,0.508121384,-0.066988761,-0.037933945,-0.1176908,0.076100266,0.042599209,0.137390366,-0.279025091,-1.086397396,-1.606322714,-0.087915363,-1.785306594,-0.274052453,0.295016928,-0.144999703,0.239929752,8
1188,0.760787531,0.073553017,-0.848302107,0.786939886,0.554190887,0.572424434,-1.008831064,-0.821332351,-0.824951388,1.104622565,0.89103244,0.906039369,-1.313091065,-0.947754243,-0.152077126,-0.901273469,0.643068992,-1.03098829,-0.53356257,1.06823859,-0.999445619,5
1189,-0.00025368,1.770930324,0.848601085,-0.503105414,-0.254621773,-0.318509358,0.501720845,0.051741531,-0.070169098,-0.534825246,-0.032299231,0.11576272,1.615653662,1.682873803,0.902668808,0.80536244,0.330949555,1.429636285,-0.546319691,-1.146378521,0.750443326,6
1190,0.253426723,-1.365527744,0.000149489,1.005871203,0.372637465,0.419484301,-1.060854841,-0.387566713,-0.234341876,1.071984464,0.341012116,0.145738389,-1.934714475,-1.601685767,-0.673006315,-1.404111944,0.501739174,-1.47864471,1.791922405,-0.026459998,-1.052419976,1
1193,-0.507614488,1.401935257,0.969808456,-1.876015417,-1.678360578,-1.716242687,1.770388799,1.419237413,1.435630587,-1.787244288,-1.369471039,-1.355642783,0.697452812,0.853968112,1.691037397,1.616522099,0.419750659,-0.056132649,-1.434967618,0.649223718,-0.592045427,1
1195,1.001783914,-0.000245997,0.109236123,-1.065385151,-0.716714715,-0.640454492,0.478289317,0.43999617,0.624887276,-0.519078101,-0.459697192,-0.670759712,0.240974166,-0.147580183,0.750366608,1.749236873,-0.816231656,-0.651215563,0.245825225,-0.728553085,1.539571829,5
1196,-1.002291275,-0.000245997,1.672811206,0.200191392,0.0565419,-0.005847628,0.284784437,0.276778968,0.07753163,-0.31866663,-0.304296724,-0.080061363,0.531745486,0.769337025,-0.293949365,-0.924053045,0.5768521,1.101493543,-1.05746621,-0.413154698,-0.054388176,1
1197,1.38230452,0.491747426,0.12135686,0.06555367,-0.015963818,-0.042281566,-0.566988362,-0.423520846,-0.333841824,0.629516328,0.459800701,0.363196024,-0.080950717,0.070131555,0.726207239,0.534998571,0.318836213,-0.376924038,1.187256755,-0.187468291,-0.958106988,6
1198,-0.380774286,-1.697623304,-0.484679994,-0.835156158,-0.955502142,-0.980364311,0.845213016,1.160035634,1.285829033,-0.94494023,-1.290512177,-1.468476364,0.853992354,1.045260902,0.903748721,0.586226812,0.513145387,0.67048597,-0.586854932,0.166624222,-0.233229845,7
1199,0.633947329,1.697131311,0.000149489,1.358878298,1.781473064,1.904525049,-1.563141344,-2.092804605,-2.028604217,1.676533191,2.213557567,2.178854636,-1.585134978,-2.21383445,-1.82820668,-0.654651819,-1.546814686,-1.474529464,0.276365179,0.766625107,1.233832938,8
1201,0.760787531,0.491747426,-0.242265253,1.588000747,1.27177307,1.231283528,-1.529604814,-1.360824631,-1.586764848,1.62536886,1.435866807,1.703097421,-0.132614631,0.122068504,-0.967245775,-1.716425029,0.537910428,0.758349768,1.105232708,-0.834345191,0.072002982,5
1202,-1.395495901,-0.123244352,-0.242265253,0.325831514,-0.013427345,0.103747426,0.090323998,0.170806287,0.265576307,-0.095095487,-0.175369993,-0.274137446,-1.107280036,-1.013047965,-0.491862288,-0.715021268,0.077875802,-0.893265352,-0.730517944,0.492930628,1.657499769,6
1203,-0.469562427,1.229737559,0.000149489,-0.82319768,-0.147383559,-0.270880019,0.946077124,0.238656197,0.083137835,-0.97718137,-0.206928085,-0.020352619,1.211046873,1.139380673,0.426756842,0.578799223,-0.01698997,1.084813939,1.243774567,1.257796485,-1.860093618,7
1204,1.483776681,-0.246242708,0.242564231,0.849257023,0.932939278,0.997681093,-1.435568895,-1.222605468,-0.86652941,1.387155035,1.092042959,0.66065099,-0.870477996,-1.291480235,-0.633288646,0.25313978,-1.013943113,-1.134820299,-0.370409171,0.522171536,0.1671947,6
1205,0.507107127,-0.861234486,0.727393714,-1.385897673,-1.334413084,-1.338270919,1.259447701,1.344714249,1.223888152,-1.193123598,-1.225660441,-1.06482426,0.628492854,0.531059597,1.063420064,1.441257424,-0.139641776,-0.042393689,-0.121191541,-0.761628668,0.061964508,8
1206,0.126586521,-0.62753761,-0.242265253,0.512526952,0.593116664,0.548205406,-0.309487242,-0.284784481,-0.585505057,0.334339167,0.302308994,0.642866495,1.450586716,1.15507342,-0.523571806,-0.072829553,-0.475692738,1.705901642,-1.486962256,0.143627128,1.651010189,1
1207,-2.232641233,-0.110944517,0.606186343,-0.31691101,-0.753526087,-0.760854125,0.979303055,1.100743759,1.243031014,-1.081527015,-1.207036867,-1.384576879,-1.081643766,-0.285813236,-0.193511738,-1.93336962,1.604465148,-0.217317579,1.037922535,-0.410173986,-1.974860541,7
1208,1.344252459,0.983740848,-0.727094736,-0.389301166,-0.081714179,-0.013742821,-0.28922336,-0.476602602,-0.356495333,0.32671321,0.535638042,0.409001437,-0.108062298,-0.466337788,0.904101443,1.891442498,-0.79043483,-1.127844016,-0.616195074,-0.291670401,1.747247124,7
1209,-0.507614488,0.491747426,-0.242265253,0.844270237,0.774479896,0.720765468,-0.617508068,-0.729415562,-0.881717724,0.676475072,0.782989339,0.965545718,-0.090595592,0.084262118,-0.710759085,-1.234242949,0.369364898,0.550788711,0.139914512,0.264973855,-1.116516329,5
1210,-0.735926851,-1.500825935,0.484978972,0.533336603,0.868436867,0.847330486,-0.04386846,-0.097782578,-0.279297838,0.045980634,0.102683995,0.294980877,0.46167859,-0.229132294,-1.393058924,-0.150522511,-1.447371796,0.610508732,0.506966465,-0.26589166,-0.417248769,8
1211,2.003821509,-0.418440406,-1.102837585,-0.929879469,-1.207848753,-1.047004386,0.023203597,0.506601495,0.895602006,-0.027426599,-0.550303215,-0.984017105,-1.035912138,-0.8585121,1.239743026,1.161793902,0.266661406,-1.807116617,-0.360063609,0.796686619,1.9062503,5
1214,1.661352964,0.122752359,0.969808456,0.797418669,0.73386058,0.658435396,-0.856065641,-0.746001575,-0.976541214,0.964272484,0.833374563,1.1246026,0.831516247,0.920783857,-0.071071013,-0.347976249,0.289057786,1.14036125,0.501032969,2.030668535,-0.009900609,6
1216,-1.928224749,0.971441013,1.175860986,-0.151908449,-0.323165753,-0.452072224,1.000909566,0.66191615,0.302624894,-0.996910243,-0.615271519,-0.19737064,1.023077592,1.503158428,0.120110616,-1.010202574,1.159713892,1.711927336,-0.831957509,-0.641529226,-0.208161168,1
1217,2.181397792,-0.541438761,-0.121057882,0.237992134,0.339919533,0.376934494,-1.094482124,-0.828687165,-0.514788964,1.085386404,0.775908852,0.392019014,-0.473751624,-0.844033667,0.139256513,1.032321994,-0.858375316,-1.092287175,2.012752571,-0.324163575,-0.410422293,6
1218,-1.014975295,0.909941835,0.484978972,0.302863372,-0.086812598,-0.156718152,0.034063241,0.120389864,-0.018938369,-0.011172439,-0.102380698,0.039329128,0.54443471,1.243858158,0.349571404,-1.191558709,1.581260582,1.258022475,-0.446031981,0.734551485,0.167535893,8
1220,1.153992156,1.623332297,1.57584531,0.068666417,0.219266696,0.229478117,-0.655623514,-0.845748877,-0.767455831,0.70587615,0.899761814,0.809777133,0.555222966,0.689467765,0.966962358,0.812199205,0.355102838,0.207184362,0.511593116,0.103320297,2.330764179,6
1222,-2.156537112,0.614745781,2.181882164,-0.544440996,-0.696389032,-0.803620894,1.131601953,1.038556631,0.945734096,-1.254788385,-1.134714936,-1.048716881,1.060449244,1.496027574,0.332585191,-0.659434086,1.067346738,1.568755654,1.534709717,-1.447872128,-1.623512155,1
1223,0.887627733,0.36874907,-0.848302107,0.719872619,1.012622745,0.991059816,-0.933225744,-1.173661863,-1.304298651,1.044317418,1.287756518,1.453969061,-0.060911398,-0.442712659,-0.545859285,0.208416388,-0.83612744,-0.180599852,-1.384540588,1.706734971,-0.544532667,7
1224,-0.00025368,0.491747426,-0.121057882,-0.221598464,-0.154551596,-0.130030012,0.202316509,0.115058044,0.098252215,-0.221659572,-0.118979179,-0.097502652,0.494237326,0.430372837,0.347634988,0.521054846,-0.082111073,0.291577039,-0.466828149,-0.22984739,1.881777982,8
1225,-0.976923235,-0.246242708,0.606186343,-0.205044514,-0.469884249,-0.426591213,0.522637941,0.56441234,0.720853831,-0.585799308,-0.615635967,-0.801034935,-1.432580077,-0.978572821,-0.089236056,-1.015934018,0.82195398,-1.107483638,1.588328237,-0.649825014,-0.939245748,7
1226,1.864297287,-0.246242708,-0.605887365,0.94628805,1.410259973,1.474454253,-1.629274866,-1.70849591,-1.445598939,1.698833743,1.666601543,1.34872465,-0.161258885,-0.870549902,-0.869787065,0.563194308,-1.558821967,-0.484188881,0.217307988,0.026862692,1.159903899,8
1228,0.380266925,-0.246242708,2.387934694,-0.195203437,-0.006854273,-0.066834478,0.135597672,0.056651184,-0.069366599,-0.097337494,-0.034658227,0.101314314,0.669930038,0.616440278,0.05633709,0.136496438,-0.039466182,0.697567568,0.014550275,-0.80850762,-0.607992584,5
1230,-1.776016506,0.122752359,1.091015827,0.475773465,0.356738424,0.381931481,0.17996031,0.062651345,-0.021667741,-0.200406718,-0.067412527,0.029738514,-0.474448172,-0.358968241,-1.031845743,-1.455656329,0.196469375,0.227087956,0.133124939,1.229225664,0.473825815,5
1231,-0.380774286,0.122752359,-1.066475374,-0.725019014,-0.390456681,-0.315985101,0.526707962,0.304641274,0.451766496,-0.595869265,-0.340283752,-0.521705735,-0.221876097,-0.663533436,-0.060763217,0.934307303,-0.984544342,-0.750780985,-1.23487832,-1.496337484,0.173093822,6
1232,2.029189549,0.774643644,0.460737498,0.500849535,0.509736823,0.387832924,-0.883353729,-0.848901644,-1.01724856,0.990799769,0.942583676,1.162545531,0.983717609,1.153813624,0.79804321,0.497588668,0.482016813,0.866621252,0.135470566,1.794722794,-0.707346644,7
1236,0.253426723,-0.000245997,-1.478580435,-0.396372995,-0.608743972,-0.592241176,0.140227209,0.316175637,0.504823717,-0.158120632,-0.355123829,-0.584187302,-0.434561711,-0.045251742,0.757109262,0.06463192,0.795709746,-0.533766058,-0.689275386,-0.458717712,-0.142149091,4
1238,-0.00025368,-0.07404501,0.12135686,0.141803464,0.898146482,0.853817863,-0.082274301,-0.613036567,-0.533527435,0.076820929,0.575899004,0.411113479,1.28719934,0.649707205,-0.674641348,0.525707546,-1.237070188,1.200512687,1.616003997,0.481408987,0.9670257,5
1240,1.534512762,-0.639837446,-0.472559257,0.051615465,0.249168809,0.245578616,-0.572618999,-0.387599158,-0.327910143,0.572092748,0.366554126,0.280225006,0.419336405,0.031504298,0.067162939,0.917924786,-0.794243356,-0.005099491,-0.639711457,0.713535175,0.212909157,7
1241,-0.00025368,0.171951701,1.078895089,-0.913426293,-1.003619382,-1.014611556,0.962936359,0.958770079,0.920458627,-0.992972037,-0.979840715,-0.920067902,0.948135019,1.140564879,1.022731102,0.718638377,0.526445327,0.708429983,0.677518017,-1.178329949,1.152080649,1
1243,0.253426723,-0.246242708,-0.121057882,-1.085518116,-1.356761369,-1.341761503,0.983453269,1.198553281,1.090910918,-0.901477252,-1.060921417,-0.87669616,-0.261597514,0.109933505,1.205593851,0.627175959,0.776901198,-0.633464867,-0.336501876,0.291584507,-0.513706685,8
1244,-0.253934084,0.737744137,-1.902806233,-0.037487069,0.466446222,0.439602365,0.082937275,-0.431811815,-0.515376472,-0.087691866,0.461696991,0.559028636,0.745652524,0.223776093,-0.407218406,0.626998547,-1.047987747,0.524329356,-0.940502456,0.187834018,0.113707009,1
1245,0.380266925,-1.808321824,0.194081282,0.520397722,0.072754003,-0.016732683,-0.340996169,0.296760094,0.073205768,0.358390075,-0.328783026,-0.092662455,0.75419878,1.039694646,-0.147521891,-0.873356084,0.706353036,1.330273126,1.469639016,0.536127228,-1.430398388,7
1247,-1.014975295,-0.123244352,-0.484679994,-0.758624272,-0.495631995,-0.565623865,0.963111682,0.706041028,0.509821249,-0.813358383,-0.575323495,-0.299906782,0.741771049,0.771721489,0.165100761,0.073937161,0.149964791,0.813334586,-0.52626413,1.413497392,-2.035162816,7
1248,-1.027659315,-0.246242708,0.12135686,-0.01096508,-0.259877694,-0.153599623,0.401039311,0.40370062,0.542868875,-0.429252655,-0.429340574,-0.58582961,-1.206660039,-1.156713178,-0.379977345,-0.474556132,-0.029675479,-1.135085519,0.442580823,-1.131492705,1.559485151,7
1249,0.519791147,-0.590638104,-0.363472623,-1.079571995,-0.405966827,-0.44934917,0.693540403,0.545762544,0.596266393,-0.770939481,-0.599946285,-0.668814943,1.366842625,0.429708774,0.193974051,2.229101543,-1.878681147,0.388193944,0.621397853,0.538009537,-1.076431142,8
1250,0.507107127,2.066126377,0.727393714,-0.080710521,0.011217957,0.034254246,-0.197318132,-0.545901756,-0.476041841,0.223120852,0.611652605,0.545813422,-0.338280919,0.047572619,0.992115905,0.345842026,0.799226161,-0.572320312,-1.659021882,0.833348702,1.104997802,6
1251,1.014467934,-1.746822646,-0.727094736,0.406964432,0.30995567,0.337925913,-0.59144241,-0.23462448,-0.223220572,0.652020284,0.246786077,0.236816256,-0.482490223,-0.745872696,-0.788114161,-0.314545857,-0.627223023,-0.387653491,-0.054012107,-0.322640318,-0.613242924,8
1252,-1.014975295,0.762343808,0.606186343,0.93531394,0.43055125,0.379913237,-0.614428008,-0.437989391,-0.510855602,0.625471952,0.431694477,0.508954228,-0.455383161,0.23493536,-0.153373543,-1.696296428,1.447023271,0.376689553,0.264652256,0.386758249,-0.763095423,8
1253,0.507107127,-1.291728731,0.000149489,-1.216075672,-0.864175006,-0.83329824,1.085982528,1.068601699,1.105118616,-1.14268266,-1.124107511,-1.174995649,0.992948204,0.44176538,0.440098305,1.686222061,-1.083320486,0.246515718,-0.519076236,-0.800170115,1.397773081,8
1254,-1.014975295,1.906228515,0.484978972,0.745340174,1.411798608,1.364361446,-0.599330896,-1.484691026,-1.537841416,0.647954706,1.581098067,1.650031986,-0.061590966,-0.461063137,-1.03928789,-0.341392459,-0.874580977,0.110359675,1.380427899,0.883110423,-1.490828581,5
1255,0.380266925,-0.369241064,0.000149489,0.616827246,-0.033719139,-0.042811764,-0.553790781,0.043600602,-0.013052994,0.567947023,-0.072252052,-0.025131037,0.029259042,0.703534578,0.32960322,-1.120034528,1.467667183,0.6279442,0.21496266,0.387124479,1.333429814,5
1257,-1.3320758,0.860742493,0.375892339,-0.24950508,-0.081990605,-0.110976976,0.631888118,0.243803413,0.193412135,-0.688000289,-0.251295745,-0.190104014,0.157722331,0.177352331,-0.225401692,-0.325223292,0.060687128,0.353851456,0.485009037,-0.36407841,-1.012755698,7
1258,1.585248843,-0.984232842,-0.121057882,-0.818999392,-0.884914419,-0.840134284,0.178057168,0.544087267,0.832633866,-0.19999725,-0.609391854,-0.960693019,-0.019847398,-0.016866664,1.463803186,1.743553445,0.004200998,-0.947979543,-0.496816581,-0.323330759,0.885184561,2
1259,0.380266925,0.614745781,-0.484679994,1.633137799,1.824354828,1.730742226,-1.562327948,-1.747098445,-1.947774571,1.62895576,1.81119087,2.015365763,0.672547873,0.291054039,-1.768240206,-1.308119439,-0.751489658,1.467121206,0.170334734,1.124808019,-1.390584642,5
1260,-1.649176305,-0.836634815,1.818260051,-0.229239332,-0.905686542,-0.81562164,0.780695904,1.175814521,1.170381244,-0.77416983,-1.191070453,-1.146961259,-1.649618438,-1.089978498,-0.00182549,-1.131883022,1.026507771,-1.295415316,1.322099077,-1.833567123,0.351802947,7
1261,0.507107127,1.205137888,-0.121057882,-0.231796094,0.306154224,0.346486491,-0.138366126,-0.644343455,-0.581037826,0.147956478,0.698245047,0.638038477,0.21283679,-0.167256102,0.119097954,0.978253029,-0.801077307,-0.274454846,-1.386109736,-0.069301041,1.368243399,7
1262,-0.507614488,0.491747426,-0.605887365,-0.049578236,0.006438618,0.033426144,0.160295832,-0.033795497,0.094437718,-0.170667391,0.037959127,-0.102499266,-0.547973626,-0.440604226,0.07214896,-0.11302013,0.170438247,-0.569851919,1.583816106,2.084722009,-0.469051037,5
1264,-0.00025368,0.774643644,-0.387714098,1.344491717,1.107141103,1.095168846,-1.360839046,-1.370513086,-1.333116031,1.421213178,1.417064669,1.378006157,-1.074348666,-0.86235159,-0.681676937,-1.208280259,0.337395039,-0.593681106,-0.678980266,0.421897218,-1.800485813,8
1265,0.633947329,-0.73823613,1.721294155,-0.463322143,-0.30864558,-0.389575974,0.460053775,0.553675875,0.278838255,-0.440014613,-0.536566713,-0.223145394,1.696530703,1.596196275,0.411516658,0.588105421,-0.023667818,1.637875023,0.795932124,0.11501841,0.534032619,5
1266,-0.127093882,0.737744137,-1.987651392,-0.763562193,-0.809894636,-0.79809144,0.700526576,0.612055001,0.757342186,-0.755997631,-0.651965894,-0.813867083,0.060776893,0.450228995,1.081179929,0.413963257,0.852727297,-0.149802998,0.867263887,-0.092995687,0.380443363,6
1268,-0.127093882,-0.356941228,-0.121057882,-1.430785431,-1.677360641,-1.68790826,1.207999483,1.412178491,1.333461182,-0.970929338,-1.223347191,-1.033462472,-0.08534118,0.346189276,1.115571002,0.371780321,0.927380097,-0.295363117,0.254449768,-1.492844432,-1.264481293,5
1269,-0.127093882,1.082139533,-1.163441271,0.677895363,1.205680071,1.25922271,-0.775214319,-1.326715353,-1.114451559,0.719398351,1.298829109,1.060451664,-0.642087091,-1.179367579,-0.904510279,0.172504402,-1.240316073,-0.829528406,1.498908588,1.394284588,-0.391561154,8
1270,0.380266925,-0.689036788,1.406154991,-0.539114846,-0.168958357,-0.147593691,0.495682061,0.335990241,0.153672229,-0.432709816,-0.245428385,-0.032975762,0.937032436,0.44139142,-0.033970558,0.999596073,-0.969102413,0.546586737,-0.734640773,-1.318423614,1.994832428,5
1271,0.126586521,0.024353674,-0.727094736,-0.950620074,-1.483946902,-1.589065238,1.063189817,1.452961314,1.397785069,-1.136880709,-1.545149038,-1.492839032,1.576152268,2.483940573,2.027376384,0.267613213,2.151880737,1.669576181,0.357170443,0.347119421,0.20957544,8
1272,-0.63445469,0.024353674,-0.702853262,1.759114241,1.770227078,1.784340235,-1.601655566,-1.640255942,-1.61541268,1.616734617,1.647915877,1.5823845,-1.745305458,-2.1483782,-2.199558512,-1.591967558,-1.075160499,-1.161263915,-0.103092737,-0.539518681,-2.034661743,5
1273,-1.395495901,0.762343808,1.430396465,-1.005638524,-0.342644448,-0.302379041,1.393022296,0.555868532,0.43415588,-1.389540134,-0.465643242,-0.276135525,0.244505886,-0.154410888,-0.084743407,0.774535342,-0.838331306,-0.129958366,0.586452642,-0.52600993,0.647602595,1
1274,2.029189549,-1.328628237,0.727393714,-0.800271945,-1.359197467,-1.424301218,0.267825543,1.149116117,1.218395556,-0.293658433,-1.254777203,-1.348055787,1.744149111,2.066506781,1.705572535,1.18286032,0.899739998,1.377016096,-1.804591064,1.00490988,0.429732229,2
1275,-0.761294892,1.451134599,-0.727094736,1.049104014,1.171641978,1.256995731,-1.021063262,-1.405286927,-1.311361183,1.10211916,1.503846766,1.411908576,-2.104851975,-1.966496492,-0.974067248,-1.314478413,0.059491063,-1.721756671,0.912583899,0.947058554,0.394855789,8
1276,1.268148338,-0.95963317,-0.727094736,-0.711548555,-1.126917678,-1.172442188,0.347271599,0.957873746,1.066031821,-0.361221596,-1.01741605,-1.1515289,-0.012219325,0.461469901,1.289213923,0.47917613,1.027307239,-0.268305826,-0.933727452,-0.054847706,-1.657890487,8
1277,-0.761294892,0.959141177,1.333430568,-0.284952437,0.162286631,0.204521866,0.418854357,-0.153070497,-0.155656325,-0.455773778,0.184401815,0.195167717,0.18482129,-0.387025467,-0.483027373,0.690915499,-1.220714617,-0.154187362,1.760533429,-1.76927512,0.788988074,4
1278,0.380266925,-0.000245997,0.242564231,1.304058834,1.216371482,1.197707216,-1.266226222,-1.160626474,-1.234084498,1.289811028,1.139083045,1.200437324,0.22898282,0.308525584,-0.751318139,-1.093216029,0.198957348,0.843269663,-0.557102259,1.098546726,1.468701091,8
1279,-0.888135093,-0.615237775,-0.484679994,-1.55319438,-1.570350801,-1.563971963,1.659439278,1.748725861,1.804714661,-1.731274382,-1.794265535,-1.852907265,0.257739489,0.357006917,1.157183158,1.140380174,0.245085414,-0.30887337,-1.017553457,0.982387311,-0.560379251,7
1280,0.253426723,0.36874907,-0.969509478,1.324244249,1.009443418,0.961265564,-1.207140206,-1.095814165,-1.291385781,1.308827769,1.174478958,1.411075205,-0.333768277,-0.042441817,-0.853762965,-1.647770192,0.594459279,0.490720621,1.74270547,-1.956052377,-0.946230452,5
1281,0.507107127,0.737744137,0.363771602,0.070198139,0.679511822,0.769549564,-0.431919026,-0.903717917,-0.581264707,0.394427281,0.844572604,0.4792148,-0.629693866,-1.195982771,-0.563724583,0.643716487,-1.301894524,-1.065319479,-1.450957176,1.669458797,0.487232805,6
1284,-0.00025368,-0.861234486,0.12135686,-0.920942924,-1.44170478,-1.446203646,1.139972619,1.639020467,1.467326537,-1.209382479,-1.676657745,-1.440667969,0.09866951,0.688482248,1.125688328,0.015101223,1.29218663,0.105394453,-0.751397055,0.982304944,-0.626410442,8
1285,-0.127093882,0.983740848,-0.242265253,0.170636681,0.307978088,0.371196128,-0.257050043,-0.581052084,-0.447772419,0.285773921,0.636172167,0.493119101,-1.130610759,-1.115390067,-0.113514375,-0.084135045,-0.096383439,-1.254842947,1.042981272,-0.133802344,0.669510239,7
1286,1.141308136,-1.353227908,-0.848302107,-0.551186198,-0.789483152,-0.808654474,0.260772879,0.780541254,0.863219684,-0.289939969,-0.860908335,-0.976072177,0.596774346,0.7136286,0.990167978,0.875761872,0.322092976,0.221214411,-1.52698724,0.111118969,-0.035130669,8
1287,0.253426723,1.475734271,0.727393714,1.301962634,1.277210884,1.252223502,-1.302636632,-1.449595497,-1.581560312,1.380556828,1.518488192,1.666372241,0.161173966,0.338862432,-0.797218703,-1.362938912,0.404336282,0.908453258,-0.255608193,0.065575011,1.28026902,7
1289,0.304162804,-0.73823613,0.000149489,-1.100275402,-1.228256617,-1.272642596,1.002667123,1.394647956,1.307493399,-1.093839518,-1.462530459,-1.357981849,1.23117026,1.026840756,0.816642813,1.340455581,-0.302789718,0.703791575,0.001618114,-0.578587739,-0.276472387,8
1290,1.014467934,1.352735915,0.606186343,0.529633842,0.343006821,0.32901408,-0.824782347,-0.837957536,-0.813206124,0.915336226,0.909538691,0.891237894,-0.465506926,0.221763702,0.663483919,-0.712838202,1.439245171,-0.156790816,-1.686151149,1.339704462,0.338764003,7
1292,-0.127093882,0.762343808,0.824359611,0.0405515,0.123435469,0.023429309,0.132780057,-0.04003508,-0.288765563,-0.147428037,0.047685113,0.337840751,1.797896023,1.740807869,0.441752,0.519603103,0.081854502,1.79072982,0.894327503,0.465488623,0.424901186,6
1293,0.253426723,-1.058031855,0.363771602,1.286978655,0.616803277,0.68599204,-1.221229543,-0.564597798,-0.473142641,1.270984295,0.542924556,0.413607415,-1.830409295,-1.191748627,-0.523377034,-1.918414804,1.177418439,-1.085859417,0.357925695,1.027864789,0.823457974,8
1295,0.633947329,-0.307741886,0.860721822,-1.336200471,-0.692569202,-0.747573585,1.206859131,0.835599373,0.685395669,-1.214048614,-0.816122359,-0.621809154,2.161594273,1.422363392,0.501447019,2.092599383,-1.357910032,1.374086397,-0.780988924,-0.474375846,-0.036232986,5
1296,-1.852120628,0.012053839,0.606186343,-0.270407982,-0.359907157,-0.234761317,0.629565592,0.599477851,0.858095649,-0.710908835,-0.671645122,-0.988396856,-1.568980914,-1.285150671,-0.365666279,-0.954344752,0.436766397,-1.296938886,-0.746628561,0.782298356,1.909304378,7
1297,0.190006622,2.139925391,-0.484679994,-0.110776072,0.01540264,-0.076056968,-0.068954625,-0.414167782,-0.509702662,0.078504817,0.467724476,0.592425415,0.937242731,1.233862943,1.187134282,0.682295086,0.751467471,0.715195289,1.849682735,0.649315045,-0.816612474,7
1298,0.900311753,-0.984232842,1.212223197,-0.072891249,-0.18398542,-0.141789656,-0.185947349,0.06205478,0.192181871,0.21187223,-0.069694378,-0.223823262,-0.66500945,-0.692793434,0.100669527,0.232897205,-0.136471863,-0.887920354,-0.447625488,-0.332674079,0.127810769,5
1299,0.760787531,-0.369241064,-0.969509478,1.683953109,1.969217377,1.946262736,-1.787970858,-1.906064099,-1.849017029,1.81031631,1.868117776,1.762054098,-0.207908345,-0.736413668,-1.884949306,-1.051320319,-1.171552148,0.318890541,-0.518331968,-0.071360822,-0.662596913,8
1301,0.633947329,1.598732626,0.606186343,0.026145929,0.251438274,0.297052262,-0.318375379,-0.644903506,-0.575368265,0.360487824,0.725505725,0.664317709,-0.703916371,-0.878794754,0.213419577,0.700293509,-0.460369566,-1.180649393,0.050992941,-0.008354102,0.047012849,6
1302,1.014467934,-0.369241064,-0.484679994,0.826336711,1.210498674,1.134377749,-1.004531189,-1.221027026,-1.295909827,1.080249733,1.273257926,1.364364514,0.468065901,-0.204212003,-1.16618824,0.078478126,-1.406392658,0.49633735,1.506613241,0.426752455,-2.178813386,8
1305,-0.127093882,-0.123244352,-1.139199797,-0.447583564,-0.346663846,-0.355340117,0.437631481,0.339105894,0.257962762,-0.364947282,-0.25938598,-0.127743595,0.116500345,0.029708734,0.239093666,0.471381336,-0.175146924,-0.116223579,1.424954629,-0.53641744,-0.769968602,6
1307,0.253426723,1.082139533,0.557703395,-2.310088975,-2.566443509,-2.701519348,1.971679804,2.099516818,1.962591379,-2.006507277,-2.07804645,-1.89681495,2.279358621,3.034033941,2.88280958,1.579564544,1.899873432,1.781668376,-1.718793053,-0.662458064,0.400651529,1
1310,1.902349347,1.78323016,0.242564231,-0.832030887,-1.068912735,-1.147317857,0.064147336,0.093726863,0.169431396,-0.042413187,-0.064675519,-0.109296983,0.367964244,0.856804014,1.607526619,0.796701266,1.103734874,0.000178886,0.344574448,0.212702742,-0.775752832,6
1312,0.380266925,-0.000245997,0.848601085,-0.125228683,-0.393082356,-0.376957729,0.000159487,0.211924673,0.347738726,-0.000299494,-0.237886603,-0.401109479,-0.495757792,0.092569085,0.775314378,-0.355139171,1.22090674,-0.381363098,-0.489353496,0.813928449,0.436741705,5
1313,-1.014975295,-0.553738597,0.484978972,0.175083787,0.380821068,0.416292547,0.137033863,0.027960409,-0.022121991,-0.153859331,-0.029789067,0.028456978,-0.340508796,-0.840590209,-1.164938573,-0.244840567,-1.125004999,-0.261451855,0.51754574,0.260675128,0.115459957,7
1314,0.126586521,-0.233942872,0.12135686,-0.193540908,-0.171224085,-0.202988647,0.190686848,0.267810559,0.220018605,-0.215020892,-0.300084063,-0.250555857,1.148622998,0.960016106,0.155829879,0.522017974,-0.278095505,1.043195363,-1.791397255,0.372278965,0.613368467,5
1315,0.887627733,1.770930324,-0.605887365,1.17948841,1.274718929,1.384420907,-1.715835825,-2.072389763,-1.698846528,1.763970762,2.067855192,1.641470433,-2.33502314,-2.065844894,-0.592482097,-1.134468095,0.317246388,-2.081825254,0.392663341,-1.749507685,-0.186516432,8
1316,-0.888135093,-0.369241064,-0.363472623,-0.236259568,-0.841296728,-0.920778868,0.723737102,1.11795419,0.815653433,-0.676213537,-1.03290874,-0.67745836,0.420669964,1.231828678,0.930337556,-0.738862531,1.80974573,0.875560849,0.614983893,1.819251092,0.13628323,6
1317,0.760787531,0.614745781,0.848601085,-0.881200964,-0.463022576,-0.473566792,0.500836562,0.220735513,0.349275778,-0.537570265,-0.221373677,-0.365021158,0.296208975,-0.094532167,0.598325262,1.568321216,-0.814657129,-0.491732685,-0.356208971,-0.622442776,-1.207875528,8
1318,-0.63445469,-0.000245997,0.000149489,0.411278138,0.290499372,0.261049137,-0.104135587,-0.074500148,-0.249585259,0.114992059,0.078862825,0.279268632,0.498986629,0.758438896,-0.18795666,-0.843955742,0.62057643,1.021340206,0.59410853,0.852380473,0.769308295,2
1319,0.760787531,-0.492239419,-0.121057882,-0.586376204,-0.661334918,-0.64001847,0.289101126,0.504112785,0.702795689,-0.31990198,-0.552634303,-0.791892029,-0.270260635,-0.199473107,0.875811834,0.908059514,0.122787758,-0.792464931,0.778152605,-0.58745838,-0.304299895,8
1320,-0.63445469,-0.246242708,0.242564231,1.572685095,1.24958161,1.334177772,-1.380060191,-1.19696797,-1.142680161,1.386259456,1.190825112,1.136141876,-1.40812191,-1.58334989,-1.801767213,-1.653052284,-0.541749814,-0.741303335,-1.008684669,0.682150431,0.227307715,5
1321,-1.192551578,0.860742493,-0.605887365,-0.637425809,0.29088659,0.18657209,0.943531593,-0.013641261,-0.266426588,-0.917697407,0.087129938,0.361647436,1.621723677,1.012971184,-0.462913292,0.688894259,-1.136358546,1.498413521,-0.730130797,-1.594278318,-0.514960905,5
1323,0.126586521,-0.430740241,0.266805705,-0.158009087,-0.134413174,-0.083596723,-0.030749018,0.070519334,0.236148463,0.032294069,-0.081287349,-0.275201361,-0.77787318,-1.012263714,-0.183867392,0.364686998,-0.598078463,-1.087572762,-0.027748857,0.054568341,-0.502611478,8
1324,-1.103763437,0.196551372,0.860721822,0.44860368,0.255227799,0.225311567,0.147756756,0.093316,-0.043976121,-0.161969104,-0.1006613,0.056575071,0.113929159,0.479896663,-0.322132756,-1.213881402,0.807811167,0.775058455,0.401793422,1.653069817,0.336527751,1
1325,1.864297287,0.319549728,0.969808456,-0.274569301,0.331475597,0.282857049,-0.266366281,-0.561271093,-0.721769749,0.294125468,0.621915069,0.81713878,2.000029481,1.173998035,0.455712803,2.244782857,-1.564910711,1.107637256,-0.02734365,0.025285804,0.77042838,7
1326,-0.380774286,0.885342164,-0.121057882,0.132192332,0.454010585,0.558894379,-0.395598474,-0.847967446,-0.492957891,0.410228799,0.872883315,0.477307728,-2.054864034,-2.228165907,-0.814243909,-0.428661486,-0.611609232,-2.134336012,0.09107845,-1.90776101,-0.937562038,8
1328,-0.380774286,-0.061745175,1.212223197,-2.341328231,-1.494551382,-1.449052646,1.930508812,1.374109707,1.315594475,-1.530060674,-1.017973335,-0.810080683,0.623425478,0.02623503,0.561925103,1.962877517,-1.225539625,-0.325000995,0.779334284,0.029735282,0.198582256,5
1329,-0.00025368,1.770930324,-0.727094736,1.198780895,1.254815387,1.113821992,-1.313190303,-1.571656467,-1.474592914,1.328232182,1.530190548,1.337940428,1.255491018,1.538606518,-0.223991992,-0.997326762,0.758574105,1.972223501,-1.566739823,0.072176093,0.172446174,8
1330,-0.875451073,-0.369241064,1.091015827,-0.443801312,-1.013465061,-0.843467059,0.893559186,1.003625844,0.956616998,-0.874091265,-0.927592759,-0.78533966,-2.197908136,-1.66449985,0.311761385,-0.656940658,0.90676976,-2.177616281,-0.578046608,-0.084654866,0.509350658,8
1331,2.270185933,0.614745781,-1.817961073,0.41084821,0.272478187,0.136353006,-1.073635117,-0.627826257,-0.601220785,0.998024082,0.527762986,0.460816593,0.843704389,1.095412667,0.822217172,0.354111194,0.643223926,0.781826947,1.067110076,0.512570729,-1.285381129,6
1335,-0.127093882,0.245750715,0.12135686,-0.915150795,-1.321861576,-1.263341007,0.94535833,1.201931593,1.246225827,-0.978821643,-1.204519906,-1.224289928,-0.890621956,-0.182430063,1.4665843,0.231869667,1.436010345,-1.146686718,0.662586864,-0.206867168,0.473367748,8
1337,0.760787531,0.762343808,-0.242265253,1.549341805,1.971592956,1.92484937,-1.841395833,-2.184970404,-2.02654524,1.894524559,2.20360799,1.961615204,-0.616237556,-1.158567681,-1.608394262,-0.659027671,-1.248322934,-0.358588693,0.064755756,0.495098488,-1.97101016,5
1338,-0.00025368,0.983740848,0.969808456,0.273114145,-0.291221578,-0.2194796,-0.196503322,0.087963434,0.115147771,0.125461153,-0.150905265,-0.160217146,-1.12640977,-0.370891739,0.655725067,-0.825067512,1.511793859,-0.856859493,0.766688024,0.226188743,1.787802025,6
1340,-0.913503134,-1.353227908,0.242564231,-0.611332152,-1.056764832,-1.101213904,0.972635509,1.55050212,1.594946846,-1.08818118,-1.708546432,-1.791890601,1.282906049,1.534124267,0.407055152,-0.174014797,0.692441707,1.566866099,1.06612839,-0.25933733,0.667528042,7
1342,-0.127093882,0.36874907,0.242564231,-0.470204824,0.124181342,0.080100781,0.457641622,-0.115610009,-0.172485768,-0.425193822,0.174936864,0.248687466,0.519081598,0.024704126,-0.302092149,0.708094217,-1.014207527,0.220885046,-0.335669828,-0.722514128,-1.312837429,2
1344,0.190006622,-1.537725442,1.333430568,0.217222501,-0.323993048,-0.290248721,-0.162295056,0.481015067,0.589822663,0.183920219,-0.536269876,-0.676195868,-0.789776843,-0.367157211,-0.081255936,-0.984701743,0.827381174,-0.385239259,0.968394726,0.198581995,-0.277935275,2
1345,0.633947329,1.168238382,-2.024013604,0.289912338,0.220492013,0.154408115,-0.455172521,-0.538975803,-0.636960652,0.504185984,0.592731348,0.718992128,0.456814398,0.825258697,0.652203369,-0.081402053,0.852445244,0.568241162,-0.277452698,0.123920808,0.190598286,2
1346,1.014467934,-0.984232842,0.218322757,-0.502551393,-0.34784578,-0.358659202,0.251134533,0.378948968,0.440859006,-0.275504164,-0.41495491,-0.494737255,0.545839956,0.14717889,0.368738839,1.292901375,-0.803277728,-0.058671246,0.626165968,0.379464827,-0.490174874,2
1350,-0.127093882,-0.984232842,1.527362361,-0.676991766,-1.376457904,-1.322317432,0.715948763,1.332518774,1.596660203,-0.78836974,-1.456554542,-1.770006214,-1.361680317,-0.503996663,0.846328522,-0.80858437,1.706730954,-1.136018044,0.581307017,0.003029565,-0.624311435,5
1351,-0.228566044,0.233450879,-1.090716848,-0.338686298,0.145386528,0.167567843,0.241361292,-0.05851295,-0.029227821,-0.273342575,0.06908564,0.03775428,0.009415366,-0.752090773,-0.531881644,1.07100672,-1.652677369,-0.557477882,-0.629214786,0.11070778,-1.107864134,3
1352,0.989099894,1.980027529,0.12135686,0.410844984,0.096893409,0.007384034,-0.607818075,-0.650468994,-0.762158915,0.683260473,0.721845646,0.868064293,0.488371219,1.470351344,1.384785699,-0.584026108,2.188467668,0.871214855,0.18071183,-0.043427608,0.093407464,7
1353,0.253426723,-2.15271722,-0.618008102,-0.459116174,-0.594066413,-0.561747053,0.361687592,0.75080362,0.904541234,-0.403971435,-0.83811283,-1.03801973,-0.1008622,-0.195867525,0.243319958,0.511299761,-0.217869333,-0.387234536,0.688007064,-0.105071325,0.320546912,6
1354,-0.761294892,1.291236737,1.224343934,-0.208609891,0.013532945,-0.038785579,0.318606717,0.026557106,-0.044202322,-0.361482028,-0.027086484,0.056554936,0.965961434,0.849965887,0.17013557,0.390158303,-0.141318195,0.90321779,-1.765117213,1.242067469,-0.955422601,4
1355,0.633947329,0.614745781,0.12135686,0.508944607,0.552267111,0.658833367,-0.689462814,-0.831975529,-0.727918626,0.774639078,0.92437688,0.826761164,-1.707756252,-1.721249021,-0.564931022,-0.515356106,-0.224814733,-1.689379677,0.058068156,0.534887512,1.677842627,6
1359,0.354898885,1.229737559,1.454637939,-0.88948566,-0.664057498,-0.673698065,0.440844094,0.239620467,0.473360811,-0.494738346,-0.261860877,-0.537216349,0.031642476,0.006376356,1.252763912,1.550860441,-0.051247591,-0.786551651,1.923555733,-0.039951313,-1.199427,8
1360,-0.482246447,-0.73823613,-0.121057882,0.507356488,0.401264514,0.471874073,-0.254515554,-0.270690992,-0.270784555,0.286440171,0.298084991,0.305389141,-0.977507091,-1.086368656,-1.225729695,-1.146269067,-0.348323555,-0.515279078,-0.732584761,-1.453823985,0.110879918,8
1361,0.862259692,0.737744137,-2.169462449,1.353852418,1.383012891,1.385864179,-1.657463733,-1.592998973,-1.426545088,1.621358661,1.45911226,1.248252912,-0.180292899,-0.286597793,-0.625979643,-0.495864571,-0.251502126,0.055893856,-1.345083722,1.11338651,0.332457398,8
1362,-0.127093882,-0.369241064,1.563724573,-1.391171998,-1.103912899,-1.201868822,1.543470331,1.381025975,0.958482617,-1.49304709,-1.22426379,-0.713975585,2.181667957,1.868543837,1.006535403,1.739244411,-0.430240087,1.584656305,0.677145109,-0.027344247,0.456851479,5
1363,0.507107127,-1.365527744,0.484978972,1.165063445,0.946929812,0.999790671,-1.221809632,-0.832467543,-0.70200335,1.253353413,0.801252887,0.619833403,-1.221859683,-1.194239551,-1.016508179,-1.183785485,-0.079902345,-0.776222882,1.101733592,-0.046221019,0.144908468,8
1364,-1.382811881,0.873042328,-0.605887365,-1.780964124,-1.575330728,-1.57173243,1.843310738,1.518705708,1.643231173,-1.956367344,-1.562286621,-1.692360669,0.150647243,0.037463187,0.920063319,1.34148293,-0.228553822,-0.538671198,-0.30755581,-0.670541903,-1.369573477,7
1365,-0.152461923,0.614745781,-0.484679994,0.035805348,-0.32209391,-0.325572279,-0.002425823,0.102153528,0.189530341,0.002955974,-0.115604252,-0.22186188,-0.679098078,0.261824989,0.89582939,-0.987729948,1.965646645,-0.256421892,-0.774675865,1.02748478,0.207964766,1
1366,0.405634966,-1.623824291,1.091015827,2.526930718,2.762403923,2.696048156,-2.087676867,-1.97320504,-2.169921387,2.16561243,1.980203233,2.116738158,1.2608957,0.326765897,-2.674455466,-1.196382174,-1.884286631,2.084058622,1.505143411,-2.039672103,1.306360966,5
1368,-0.380774286,0.491747426,-0.848302107,-0.815982764,-0.518646829,-0.444857636,0.739162989,0.338242402,0.472525907,-0.722308718,-0.281770677,-0.391310366,-0.822298911,-1.04393289,0.139611087,0.725896629,-0.575461263,-1.330299968,-0.608150335,-0.503331973,-0.379863077,6
1369,1.141308136,-0.984232842,-0.484679994,-0.492695593,-0.56677546,-0.598608038,0.393863323,0.733466587,0.576489895,-0.419821938,-0.769560339,-0.600503649,1.444852022,1.421801408,0.927866192,1.050763093,0.115355218,1.103107539,-0.862415808,0.238946091,1.777176497,8
1370,-0.127093882,0.860742493,-0.424076309,0.875150057,0.682876283,0.72313576,-0.951911846,-0.922878895,-0.788466288,0.972626094,0.923477111,0.76940423,-1.12331069,-0.901851631,-0.560044516,-1.080476941,0.352338113,-0.717771684,1.597196027,-0.465213358,0.149145341,8
1371,-0.761294892,-1.722222975,1.030412141,-1.225880031,-1.181719514,-1.262330152,1.507815172,1.654356032,1.554017737,-1.594480194,-1.738290698,-1.642409134,1.666415577,1.690456558,0.711583933,0.670038076,0.242989288,1.559786428,-1.397182722,0.286908224,-1.270384403,7
1372,1.014467934,1.475734271,0.848601085,0.398680988,0.467889666,0.457207112,-0.591492476,-0.751713211,-0.83161103,0.661753422,0.836845684,0.947938104,-0.124044725,-0.000593967,0.370042263,0.174712407,0.253895509,-0.235279155,0.078792086,1.084891995,0.135030274,6
1374,0.253426723,2.066126377,0.12135686,-0.285325371,0.136819272,0.221767008,-0.162431592,-0.783683736,-0.322921115,0.162666453,0.802510189,0.295095688,-1.754124527,-1.706710827,0.299295112,0.384063269,-0.097853235,-2.219925443,0.216986028,2.269455988,-0.913651487,6
1376,0.126586521,1.746330653,0.000149489,-0.491972415,-0.489837256,-0.435869426,0.070965491,-0.171912059,0.108434789,-0.080040269,0.194980896,-0.126867738,-1.371867168,-1.006552898,1.121325642,0.624497985,0.636291027,-1.908151319,0.710993758,-1.145849009,-0.614499744,6
1378,0.73541949,0.245750715,-1.199803482,-0.272641635,0.087514848,0.033259829,-0.100645348,-0.218633108,-0.305391843,0.114909256,0.247797187,0.356529987,1.069632263,0.361184106,0.103664315,1.631050344,-1.41607286,0.363929174,-0.239701135,-0.801693254,-1.413915022,1
1379,1.521828742,-0.762835801,0.594065606,0.330605109,-0.007937199,-0.03188519,-0.515419908,-0.14268901,-0.204257785,0.57924431,0.153846814,0.225693869,0.362875657,0.920142068,0.623183971,-0.532256514,1.251753757,0.699504301,-0.274454077,0.199216333,0.679435503,5
1380,-0.253934084,0.122752359,0.242564231,-0.470767992,-0.497514098,-0.498124928,0.342136098,0.350755734,0.56007668,-0.382614964,-0.391171586,-0.643810078,-0.61450671,-0.398869064,0.735041502,0.441227771,0.397946274,-0.94041892,1.349501189,0.335031846,-1.523354012,5
1381,-1.623808264,1.623332297,0.484978972,-0.202133208,-0.074448789,-0.019831473,0.350329965,-0.037458187,0.07887846,-0.398522896,0.04471204,-0.090279977,-1.14651584,-1.107671458,-0.206945668,-0.247507832,-0.046901004,-1.18643455,0.404118383,-1.026614328,0.118027119,1
1382,1.115940096,-1.107231197,-0.121057882,1.307201627,1.532264227,1.468418379,-1.246797255,-1.229201956,-1.616494557,1.379709973,1.335994536,1.795680218,1.277064459,0.518867273,-1.726188746,-0.459162006,-1.500364436,1.711457314,-1.071214216,0.369040847,0.259396289,8
1383,-1.027659315,-0.246242708,0.848601085,0.030546645,-0.317903564,-0.287994625,0.492826564,0.649890842,0.579327579,-0.530466103,-0.693495044,-0.608394101,-0.252892845,0.257848893,-0.013737831,-1.142238414,1.080220279,0.315429967,0.55299028,-0.100645792,1.550894945,7
1384,1.534512762,0.737744137,-1.090716848,-1.118580351,-0.945083927,-0.88757993,0.293428817,0.255392735,0.629555567,-0.326389288,-0.279165132,-0.71526154,-0.407874801,-0.546834072,1.568373647,2.216054223,-0.348472045,-1.644684734,-1.076406298,-0.716961087,0.048191741,2
1385,-1.014975295,-0.73823613,0.242564231,0.279922524,0.454662779,0.437998584,0.110805719,0.032411065,-0.125279819,-0.124789549,-0.035372204,0.148144409,0.333064923,-0.107184161,-1.142937203,-0.403682791,-0.917953582,0.597016793,1.271516574,1.082178469,-0.442871727,8
1386,-0.888135093,-0.270842379,0.848601085,0.376625437,0.031590171,-0.012175403,0.147740929,0.292256023,0.229656851,-0.167194007,-0.329469736,-0.264480171,-0.096662055,0.513215294,-0.348737556,-1.776514509,1.313398194,0.83155727,-0.26110567,0.739300854,-0.668010206,7
1387,0.507107127,1.008340519,-1.672512228,1.362976815,1.759736771,1.791998672,-1.807697046,-2.163810767,-1.882671738,1.846323781,2.134105644,1.768208504,-1.051145635,-1.524512067,-0.931025961,0.028515007,-1.14834566,-1.223282926,-1.261971055,0.024383105,-0.720463205,8
1389,0.507107127,1.229737559,1.091015827,-1.463878058,-1.125660025,-1.12483993,1.115280628,0.694559405,0.533686567,-1.010419784,-0.538453127,-0.249489143,0.81962684,0.572513565,1.137839322,1.851242259,-0.442818388,-0.040257488,-0.514443608,-1.793239662,-0.109227299,8
1390,-0.253934084,-1.70992314,0.606186343,-0.099595437,-0.567176468,-0.478205828,0.137979728,0.747663113,0.953454997,-0.152028906,-0.816871628,-1.059134079,-1.758532103,-1.346368408,-0.052134869,-0.853129624,0.693766087,-1.568509753,-0.966197523,2.107897792,-0.270015948,7
1391,-1.281339719,1.463434435,-1.648270754,-0.54166076,-0.259992545,-0.241478981,0.814096558,0.256808445,0.304237045,-0.9034766,-0.271569397,-0.329932015,0.166573012,0.229252925,0.413165202,0.340462209,0.155191466,0.01079685,1.737852168,0.08189297,1.098374957,5
1394,-0.63445469,1.229737559,1.333430568,-0.667502548,-0.823572957,-0.926051328,0.938676396,0.8279899,0.632099502,-0.968864564,-0.825221604,-0.597281399,1.275341941,1.801356712,1.224298722,0.186843723,1.288348662,1.366692739,0.392183959,0.1496362,0.184095647,1
1396,0.253426723,2.11532572,0.812238874,-0.879983847,-0.628737287,-0.728026178,0.752334942,0.260492417,0.239727426,-0.770183979,-0.229196006,-0.194446911,1.046521303,1.320948033,1.37861702,0.952529721,0.715780869,0.697404081,-0.379218003,-0.786995059,-1.015077481,8
1397,-0.63445469,-0.73823613,-1.102837585,-0.123035402,-0.227531314,-0.247873962,0.388565991,0.533583555,0.425639903,-0.430745451,-0.585899455,-0.471505567,0.937937192,1.118971663,0.046998987,-0.420702281,0.500530576,1.301268009,-0.847729007,0.471975643,0.944606993,6
1399,-0.253934084,0.122752359,-1.563425595,-0.230567505,-0.526570119,-0.496262154,0.286069638,0.486532184,0.566927791,-0.304623703,-0.507973048,-0.590655989,-0.938106135,-0.35567651,0.592947968,-0.526293529,1.15745745,-0.798965496,-0.279970691,1.620922284,-0.184864192,3
1402,-1.535020123,1.106739204,0.084994649,-0.330566574,0.162904429,0.192583015,0.466937262,-0.105368097,-0.03437521,-0.531156631,0.120043999,0.040677218,-0.535131717,-1.058422734,-0.759248991,0.306582088,-1.197690484,-0.777741967,-1.896536896,1.432165946,-1.308579971,5
1404,-2.156537112,1.684831475,-1.33313159,0.263973907,0.229787152,0.286444717,0.381140563,-0.216515121,-0.11693802,-0.412710461,0.245835966,0.141868045,-1.48406458,-1.13539821,-0.496854952,-1.262846782,0.587292019,-1.035640918,1.208097069,-0.289904168,-0.22164858,5
1406,1.014467934,0.417948412,0.218322757,-1.953540457,-2.220491758,-2.182257681,1.52584797,1.660151494,1.691956942,-1.519371614,-1.641964915,-1.584107459,0.112312339,0.683462945,2.397687865,1.575499511,1.253220164,-0.706906393,-0.124245401,0.877700326,0.460173347,5
1407,-1.395495901,1.229737559,0.484978972,-0.205142149,-0.176503466,-0.190199332,0.414238179,0.17405895,0.196437242,-0.467334265,-0.192214801,-0.221774024,-0.056946496,0.196558332,0.110704449,-0.431738599,0.544014383,0.163637513,0.349889782,-0.871835715,-0.525110017,1
1408,-0.190513983,-0.615237775,0.12135686,0.389636477,0.61499667,0.614696485,-0.172693081,-0.282969324,-0.411960044,0.195824394,0.317464308,0.475637269,-0.026384742,-0.54371618,-1.013292465,-0.048787419,-1.126504184,-0.004438083,0.628573835,1.987074944,-0.305589203,1
1409,-0.520298508,1.352735915,0.484978972,0.175034152,0.170085521,0.2476004,-0.091488744,-0.512428447,-0.404915556,0.100778449,0.559734559,0.444199787,-1.20250941,-0.906384035,-0.105708973,-0.699094569,0.505423132,-1.011169916,-0.792392654,-1.947035713,1.078506716,7
1410,1.471092661,-1.230229553,-0.727094736,1.353563968,0.482107371,0.49872569,-1.765559253,-0.681527741,-0.515342187,1.705275,0.563748713,0.356691578,-0.919815939,-0.699923767,-0.281570156,-0.759691034,0.37223243,-0.654097524,-0.920555496,0.351890351,-1.167754324,7
1411,-0.00025368,-0.246242708,0.363771602,0.289098854,0.659622657,0.680442033,-0.198646862,-0.46013351,-0.40025252,0.091256074,0.349376158,0.258040637,0.05583642,-0.331048688,-0.619933692,0.122481498,-0.833802095,-0.000814816,0.966610394,-0.147701308,-0.025315211,5
1413,1.433040601,-0.590638104,-0.363472623,-0.05203875,-0.366606723,-0.371528207,-0.368235232,0.007872127,0.084426112,0.416901042,-0.011745854,-0.103237726,-0.045798876,0.400224888,0.866258981,0.038455094,0.963382071,-0.073044835,-0.603482864,-1.038307453,0.048895626,5
1414,-1.255971679,1.820129666,-0.496800731,0.723256163,1.510750632,1.534451467,-0.572835932,-1.521654973,-1.533731444,0.615961583,1.614413816,1.619690001,-0.197630309,-1.037043233,-1.412060184,0.209826336,-1.845570403,-0.338488223,0.802709978,-0.232692037,0.741006508,8
1415,0.354898885,-2.140417384,0.097115386,-0.030966939,-0.432655697,-0.287399399,0.147074618,0.84239676,0.890033043,-0.14916675,-0.868801169,-0.901758155,-1.39808295,-1.306696291,-0.308406135,-0.467460354,0.038403848,-1.358865896,-1.557658066,1.874859183,0.459925549,8
1416,0.900311753,1.278936902,1.369792779,-0.481858997,-0.511289869,-0.698883351,0.189924836,0.083207926,-0.047943466,-0.203862769,-0.081952796,0.069750211,1.823797742,2.108166919,1.421589532,0.922731865,0.826359346,1.606591463,1.560541396,-0.037396927,-1.793328356,6
1419,1.128624116,0.614745781,0.884963296,-1.602735988,-1.699862821,-1.688386585,1.085651098,1.192303861,1.164247671,-1.133643205,-1.1587219,-1.063545538,0.096570945,0.151518783,1.575957995,1.752226395,0.130385604,-0.818774183,-1.62247619,0.084097581,-0.996272838,5
1420,-0.64713871,-0.861234486,-0.121057882,1.535096173,1.480264626,1.459986811,-1.155449127,-1.041048263,-1.081757819,1.214889102,1.0308623,1.027595808,0.178424393,0.194474096,-1.296639204,-1.59851863,0.055281914,1.053284083,1.92470638,0.361653052,1.352232362,5
1421,1.153992156,0.36874907,-0.121057882,-1.268592107,-1.566344982,-1.589716648,0.945772837,1.207785351,1.10901775,-0.980236304,-1.21652888,-1.057376257,0.626398378,1.088156992,1.74322281,0.999955296,1.07450985,0.189363552,-2.079567459,-0.241983157,-0.59065508,5
1422,-0.380774286,-0.123244352,-0.908905792,0.546864259,0.625795037,0.707980831,-0.605101179,-0.718759666,-0.522360658,0.642246672,0.749819961,0.530151121,-1.676869329,-1.89806225,-0.99546002,-0.56640728,-0.672338988,-1.626790394,1.161849471,0.045488898,-0.490103934,1
1423,0.507107127,-1.168730375,0.206202019,0.907958569,1.145365842,1.15464126,-0.848043825,-0.734768552,-0.673023403,0.735797779,0.58799001,0.442927805,0.389642105,-0.128918186,-0.995400527,-0.056154605,-1.081544007,0.47763869,0.697015433,-0.869939897,0.937785306,8
1424,-0.253934084,0.553246604,1.430396465,-0.464794352,-0.550567899,-0.617295824,0.480391317,0.417300522,0.236092675,-0.370541689,-0.287615618,-0.038464402,0.631316438,0.873193925,0.619830279,0.150447626,0.597559242,0.645783559,-0.633287792,1.674844645,-0.369512424,8
1426,1.141308136,-2.275715575,0.484978972,-2.094777308,-1.787004573,-1.824960247,1.869709268,2.040060563,1.826010526,-1.852963384,-1.991645709,-1.694416212,2.222539054,1.586919567,1.174865767,2.660210965,-1.125920932,1.142947203,-1.220812058,-0.687646602,-0.553315796,8
1427,0.380266925,-0.049445339,0.363771602,1.177023745,1.044940716,1.104313989,-1.211367428,-1.052413762,-1.08931145,1.291098691,1.111773485,1.151464919,-1.405401147,-1.179970557,-0.626405556,-1.147301946,0.328667895,-1.006538373,1.503563594,2.101579991,1.647794455,5
1428,-1.268655699,2.324422924,-0.363472623,-0.841278033,-0.331529194,-0.350293851,0.893618664,0.046822259,0.155011064,-0.937256991,-0.002466101,-0.103103399,-0.098889395,-0.278417978,0.29682195,0.764549449,-0.401201792,-0.519346882,0.266276626,-0.941983901,-1.838603257,1
1429,-1.091079416,-0.984232842,0.848601085,0.433243436,-0.194808718,-0.189442935,0.203898214,0.579074419,0.494829828,-0.226264215,-0.632274273,-0.545904367,-0.639265772,0.02035611,-0.508863927,-2.038246501,1.359307869,0.346787115,-1.030557256,-0.965410183,0.043919222,7
1430,1.724773065,0.737744137,-0.121057882,0.983737404,0.744856542,0.758869736,-1.653644829,-1.264648514,-1.111225336,1.643114746,1.216039573,1.011165315,-0.120958059,-0.007630806,0.30748732,0.122442145,0.232263771,-0.203995697,-0.35646628,0.345703238,1.360828302,7
1432,1.344252459,-0.492239419,0.727393714,-0.782679112,-0.851143532,-0.92295853,0.436411096,0.719839806,0.418848966,-0.345618536,-0.57604668,-0.190192767,1.34987702,1.618545963,1.187284356,0.713895294,0.738006451,1.172695816,0.661244307,0.361017911,0.460252949,5
1436,-0.253934084,2.041526706,0.969808456,-1.050770828,0.368736507,0.431799598,0.880425994,-0.525972406,-0.498032618,-0.94239499,0.604805563,0.594446739,0.901572009,-0.150400255,-0.046144816,2.234911129,-2.181341132,-0.1496555,-0.844255256,1.127868305,2.060074071,6
1439,-0.00025368,0.061253181,-0.278627464,-0.205824483,-0.603418949,-0.634548338,0.212475853,0.44304838,0.483804358,-0.226561122,-0.481978932,-0.532501558,-0.05395323,0.657283564,0.700983801,-0.752923891,1.538409015,0.337505816,0.754146182,-1.882648179,-0.992986608,5
1440,-1.877488668,0.897641999,-0.108937145,-0.429343839,-0.148398136,-0.100948869,0.841225295,0.390914128,0.491778803,-0.937096701,-0.424499139,-0.544442184,-0.40510898,-0.585717891,-0.375545791,-0.013089726,-0.438605507,-0.458673249,-1.141731623,1.545773268,0.934971121,7
1444,0.507107127,-0.123244352,0.388013076,-0.302085782,-0.129453524,-0.149325346,0.033630108,-0.000872482,0.081270176,-0.037817839,0.001892503,-0.093535909,-0.083175874,-0.484111891,0.024846712,0.934792093,-0.880231144,-0.591620748,0.219045213,-0.514506629,-2.160068506,5
1445,1.268148338,0.614745781,0.12135686,1.144045773,1.517591473,1.460042345,-1.458758903,-1.72464614,-1.687856216,1.531021978,1.755791072,1.669901264,1.260337501,0.732970923,-0.934506857,-0.029584911,-1.000986891,1.464288894,-1.131172083,0.089892676,0.847555162,5
1446,-1.014975295,-0.369241064,0.242564231,-0.676651737,-0.721731827,-0.54888674,0.838192221,0.745339573,0.807956173,-0.847321999,-0.699080868,-0.70695174,-2.166951372,-1.986998155,0.025657305,-0.208708822,0.142718997,-2.37987721,1.361334077,-0.876112138,0.597076121,7
1447,-1.053027356,0.737744137,0.606186343,-0.431995046,-0.600372411,-0.653013575,0.717705826,0.67904115,0.646986258,-0.794313356,-0.723845254,-0.700296683,0.169966106,0.532464737,0.591055039,-0.119407276,0.80669325,0.258713567,0.317035674,0.012635161,-0.59275272,1
1448,1.686721004,-0.000245997,0.484978972,1.174827272,1.258057541,1.153682212,-1.551514366,-1.392118596,-1.424237358,1.636446998,1.385441909,1.376791128,1.573961727,1.290466767,-0.515572202,-0.099555833,-0.435468033,1.861886371,0.191127474,-0.147284135,0.339197104,7
1449,-1.699912385,0.122752359,0.12135686,-1.258598583,-1.590836041,-1.540540734,1.675023436,1.778962146,1.749277092,-1.775849114,-1.814777075,-1.744697035,-0.892001123,-0.100472223,1.304781145,-0.148147666,1.616834597,-0.946626377,-1.776671133,1.512498527,0.046654765,7
1451,-0.571034589,0.860742493,0.545582658,-0.278060296,-0.049235196,0.058927258,0.213180749,-0.147839219,0.047476321,-0.242802543,0.167154738,-0.056980067,-1.338812195,-1.634276103,-0.093689994,0.651798414,-0.794930048,-1.884645225,1.244813676,-0.800887537,0.999882019,4
1452,0.69736743,-1.181030211,0.969808456,1.585750703,1.454737028,1.363163811,-1.422138426,-1.074871755,-1.387017288,1.544819504,1.13485914,1.478266255,0.939738267,0.809132004,-1.058974418,-1.043459,-0.176050306,1.633786443,0.105368333,1.449112165,0.030900465,8
1453,1.268148338,-0.40614057,-1.345252327,-0.336516375,-0.741633287,-0.717393904,-0.051117421,0.386051006,0.459920584,0.040628797,-0.428437174,-0.508246094,-0.344773676,0.060184316,0.900485054,0.194038691,0.839971794,-0.499232705,-0.030268038,-1.469745496,0.302737169,8
1454,-1.268655699,1.709431146,1.466758676,-0.829562595,-0.212324038,-0.228531539,1.027206634,0.268488165,0.244040875,-1.080806172,-0.239640787,-0.188631995,0.868927788,0.483185942,0.223830929,1.066364607,-0.738232448,0.432880651,-0.377507551,1.175450972,0.047973343,2
1455,1.521828742,-1.107231197,-0.969509478,0.053509264,0.197211314,0.240117485,-0.492535417,-0.356237749,-0.186772448,0.539017694,0.379647934,0.188634545,-0.844205316,-1.333269187,-0.328355613,0.768018545,-1.158744049,-1.377829281,0.967291092,0.257655505,-1.125689256,1
1456,-1.890172688,0.614745781,0.12135686,-0.291488797,-0.71863753,-0.718612374,0.717493736,0.781017932,0.89478746,-0.792071439,-0.85204768,-0.999964176,-0.827795518,0.055278654,0.481389691,-1.341898157,1.822993136,-0.239400444,0.266561592,-0.035900336,-0.628347195,6
1457,1.762825125,-0.861234486,-0.363472623,2.229314031,2.223793915,2.215430991,-2.265258558,-1.97185973,-1.893377634,1.918178804,1.619217763,1.410432944,-0.034209626,-0.640713165,-1.669145775,-0.631805822,-1.321054184,0.295930571,-0.404078162,-1.050318639,0.145188677,5
1458,0.126586521,-0.443040077,-0.448317783,-0.883569505,-0.754119944,-0.73196516,0.603813982,0.611076657,0.40577607,-0.228226471,-0.269867378,0.058607062,0.427096109,0.312115318,0.429609607,0.738660689,-0.200806503,0.098940709,-0.255509881,0.11956618,0.978986129,8
1459,-1.522336103,1.180538217,2.024312582,-1.375590903,-0.986157347,-1.017147659,1.585412818,1.002824947,0.990430619,-1.604095524,-0.949198092,-0.896460776,0.409639323,0.244661039,0.558222467,1.005713278,-0.311384101,-0.062827493,-0.22136276,0.549783613,-1.47105669,1
1460,1.521828742,0.245750715,-0.121057882,1.639073277,0.882359138,0.862611871,-1.810600545,-1.175803676,-1.130162652,1.774918317,1.078981189,0.968440274,-0.224687785,0.668303855,0.18523666,-1.763590465,1.91357764,0.677550924,0.300524745,0.134537413,1.874187485,5
1463,1.496460702,-1.230229553,0.218322757,-1.261204338,-2.091252084,-2.112521071,0.863627085,1.819080438,1.703109283,-0.856034733,-1.71990064,-1.552979708,0.184296076,0.724949256,1.827061097,0.956718922,1.195230272,-0.295832135,0.472960348,-0.35690239,0.053478909,5
1464,-0.00025368,0.737744137,-0.46043852,0.685709824,0.829787816,0.721803649,-0.493969367,-0.736480532,-1.0274357,0.53255079,0.790087385,1.127406388,1.340796887,1.271185317,-0.317038137,-0.324204884,0.002326492,1.713098071,0.692172481,-0.010698164,0.001818792,5
1465,-0.380774286,0.245750715,2.278848061,-0.643557438,-0.68443343,-0.63559568,0.538580987,0.508442087,0.77016178,-0.581258639,-0.535582807,-0.831834927,-1.29990842,-1.169406228,0.322401827,0.191013417,0.134590183,-1.595427906,-0.078728824,-0.149450807,-1.670233581,1
1466,1.014467934,-0.492239419,-1.33313159,-0.225121717,-0.360679489,-0.413612892,0.172017058,0.417824016,0.302007533,-0.189766904,-0.461526273,-0.338442354,1.485467441,1.689166662,1.046797428,0.681445312,0.612435433,1.345757659,0.039936615,-0.372565179,1.125921442,4
1467,-0.507614488,-1.156430539,1.091015827,1.841562851,1.909018986,1.942090565,-1.567672859,-1.442487512,-1.495485412,1.536317236,1.393292649,1.391545741,-0.915245146,-1.486167404,-2.474167341,-1.606589093,-1.344648094,-0.199461371,-0.270600986,0.768023624,0.312176413,5
1468,-0.761294892,1.770930324,-1.987651392,-0.92576812,-0.67943126,-0.754431876,0.912709959,0.395550989,0.259998062,-0.822611277,-0.265311221,-0.046358318,1.035842956,1.164005334,0.773548672,0.558386096,0.396917528,0.894271967,-0.125363037,-0.166274151,-1.327336683,7
1469,-0.63445469,-0.369241064,1.503120887,-0.651666346,-1.102246113,-0.942036762,0.718896137,0.986335316,1.309786033,-0.786109288,-1.060193245,-1.432818833,-2.042547319,-1.469086149,0.556973801,-0.465549542,1.011538703,-2.100605978,-1.071739773,-0.674626511,1.686819036,5
1472,0.71005145,1.131338875,0.484978972,-0.139877503,-0.120221378,-0.142267155,-0.149707179,-0.220139417,-0.2499831,0.171426521,0.250252037,0.292709482,0.710882283,1.090183127,1.326130742,0.680132485,0.905109279,0.456171554,-0.949479333,1.555915904,1.336251354,6
1473,1.39498854,-0.984232842,-1.575546332,1.812179172,2.14962883,2.145286166,-1.994973383,-2.050754546,-2.030746674,2.042821655,2.051649658,1.973715371,-0.133255463,-1.070715721,-2.249800898,-0.576053683,-2.051128857,0.152507236,0.47857365,-1.609492718,-0.056348499,8
1474,-1.737964446,0.122752359,0.606186343,-0.116142822,-0.338823815,-0.328904185,0.699852615,0.626036667,0.442461688,-0.630642522,-0.528510463,-0.257676129,-0.972726432,-0.626192584,-0.157385728,-0.891231571,0.641201436,-0.645112821,0.376847073,0.773169984,-1.682591923,7
1475,0.113902501,0.491747426,-0.121057882,-1.006950423,-1.362282996,-1.311699241,0.856264842,1.058318589,1.188491421,-0.91672944,-1.114520538,-1.258599352,-0.061239171,0.639652681,1.444651485,0.159241703,1.515108874,-0.154883421,-1.212427245,0.534872755,2.232585808,5
1477,1.39498854,0.860742493,-1.83008181,0.245114364,0.056075698,0.14325035,-0.788828011,-0.675808915,-0.326435107,0.792080278,0.608973899,0.201088069,-1.205612554,-0.90906853,0.208326501,-0.324635572,0.505977046,-1.213432705,-1.511572484,-1.977611839,1.213948887,7
1479,0.469055066,-0.123244352,-1.805840336,1.182204897,1.107411617,1.064967007,-1.098236665,-1.086204822,-1.275488357,1.219564154,1.19040922,1.429020237,-0.498170132,-0.60331928,-1.012451708,-0.936088592,-0.285384408,-0.075871292,1.062089341,-0.210925151,-2.016173751,1
1480,-0.520298508,-0.356941228,1.563724573,-0.106076616,-0.125805597,-0.124062154,0.507458046,0.530013477,0.449886385,-0.551987786,-0.569102277,-0.48015101,0.423988901,0.500713718,-0.056896111,-0.272070827,0.215162924,0.631685638,0.301240736,1.415558873,1.202339043,1
1481,0.646631349,1.955427857,0.363771602,-0.209955235,0.369414283,0.308594869,-0.418389714,-0.97551152,-0.949938178,0.455770279,1.045766796,1.011215205,1.364681188,0.841948752,0.456420687,1.61379876,-0.978977177,0.712202777,0.537649927,-1.464259103,-0.362946897,7
1483,0.748103511,0.245750715,-0.496800731,-0.427128856,-0.268766918,-0.377155283,0.193790193,0.292408858,0.084686692,-0.207116921,-0.29963248,-0.065262839,1.843900348,1.721242646,0.822521241,1.117999058,-0.05527542,1.526083694,0.802115774,0.350991071,0.602147686,8
1484,-0.253934084,-0.73823613,1.28494762,-0.783151125,-0.885195382,-0.874485879,0.700894052,0.952182797,1.129826473,-0.787757276,-1.053680228,-1.278774959,0.235877315,0.14896265,0.540102091,0.822219211,-0.16174728,-0.165177866,-0.030744928,-0.670904193,-0.331417943,5
1485,1.521828742,0.36874907,-1.005871689,1.203299246,1.463564595,1.428085179,-1.571647678,-1.812050701,-1.828256971,1.697321386,1.913625144,1.933189416,-0.487343531,-0.824165167,-1.19780268,-0.638978227,-0.787265755,-0.221080811,-0.854490039,-1.216440863,-1.622727315,8
1486,-1.699912385,0.245750715,1.248585409,-0.589839591,-0.649516434,-0.634383454,1.150692686,1.08049628,0.874640103,-1.220924477,-1.097688644,-0.842283543,0.487023615,0.729787247,0.429177605,-0.068378056,0.582964296,0.596051826,-1.03351129,2.130895773,1.530826988,7
1487,0.938363813,-1.648423962,-1.163441271,-0.419922975,-1.023704835,-0.995368476,0.07335803,0.774043998,1.064889423,-0.081873424,-0.867503512,-1.226211567,-0.951615774,-0.250344188,0.930937007,-0.387909999,1.413998699,-0.887922359,-0.058135432,-2.116107426,-0.587213973,6
1488,0.126586521,0.540946768,-0.218023778,0.070283016,0.214528658,0.213416548,-0.05083275,-0.202360569,-0.267326376,0.057461624,0.229583417,0.312595967,0.366586339,0.19494064,-0.01796107,0.33558178,-0.330792587,0.243275254,0.420601277,0.695154023,0.672883209,7
1490,0.0504824,0.122752359,-0.484679994,1.575728192,1.139268685,1.191306644,-1.56227985,-1.273751284,-0.943900757,1.567296338,1.12761962,0.719439291,-1.620773253,-1.165580475,-0.88782401,-1.958377324,0.802983254,-0.823705654,-0.864010779,1.127366414,-0.558962498,8
1491,1.775509146,-0.123244352,-0.848302107,-0.741105482,-0.144593379,-0.165785614,0.14246585,-0.074407072,-0.019946931,-0.112118514,0.113247356,0.069422105,0.671923128,0.122351952,0.312234123,1.554160316,-1.116573068,-0.052385103,1.079758484,0.105712736,-0.364538014,5
1493,1.014467934,0.491747426,-0.121057882,1.288872834,1.031065728,0.961599557,-1.306087595,-1.165790954,-1.424451781,1.417827337,1.2468544,1.557968284,0.447369563,0.677843964,-0.673232639,-1.354820915,0.551736101,1.233089483,-0.934966997,-1.402298571,-0.154800854,7
1495,-0.824714992,1.918528351,1.212223197,-1.354953299,-1.301485685,-1.304371422,1.425152585,0.951659956,0.987486928,-1.495469918,-0.951092983,-0.948878942,-0.022044618,0.470291655,1.169318012,0.294883645,1.066677995,-0.181809072,0.114460735,-1.536046563,-0.655165377,1
1496,0.469055066,-0.984232842,0.484978972,1.035764209,1.26704637,1.281100403,-1.215405328,-1.17546524,-1.096074755,1.298179751,1.197924141,1.07838437,-0.218057843,-0.834962042,-1.193242632,-0.026033129,-1.364689068,-0.23681477,-0.267921498,0.215437962,0.153767488,5
1497,0.989099894,0.122752359,-0.121057882,-0.423240373,-0.53950234,-0.450840105,0.045489943,0.201366065,0.268455803,-0.045147608,-0.194364739,-0.244611026,-0.297272741,-0.215437023,0.625770085,0.586624435,0.143688518,-0.652951274,-1.379200022,-0.482057596,2.040421387,5
1499,0.113902501,-0.246242708,0.969808456,-0.50505847,-0.709845743,-0.624541174,0.246458953,0.428912707,0.767650725,-0.279803727,-0.477163473,-0.881361086,-1.43838047,-1.127274907,0.495815945,0.003792404,0.51095174,-1.655239563,-0.662322371,-0.385707137,0.033435326,2
1500,2.384342115,-1.500825935,0.242564231,0.580458596,0.416375452,0.388521874,-0.949254344,-0.479926161,-0.604631848,1.063687065,0.525153101,0.680945993,0.445409148,0.27238578,-0.141419601,0.185212908,-0.32476042,0.413660614,-0.816479022,-0.006292736,0.110573099,5
1501,-0.00025368,2.11532572,-0.727094736,1.603219122,1.144870931,1.184387446,-1.480687717,-1.388528874,-1.189129798,1.264709777,1.199674018,0.938059689,-0.923384219,-0.1886096,-0.037974354,-1.622664213,1.489988995,-0.200286343,2.195650889,2.05609852,2.127529716,8
1502,-0.380774286,-0.369241064,-0.484679994,-0.96671512,-0.841762512,-0.873982584,0.81680108,0.759819784,0.711228844,-0.585325439,-0.558149003,-0.460566853,-0.018165046,0.025636954,0.550740151,0.561122544,0.09304474,-0.318622202,0.075581258,-0.012551717,-1.959373727,6
1504,0.633947329,1.475734271,-1.211924219,-1.208280659,-0.767239086,-0.811668535,0.812804108,0.277413094,0.175332683,-0.584925368,-0.024528969,0.148253578,1.14964478,0.925341898,0.954438464,1.556021339,-0.35549915,0.495704961,-1.125459693,-0.304307771,0.831878609,8
1505,-0.253934084,-1.476226264,-0.363472623,0.177679932,-0.314886951,-0.274463251,-0.024381981,0.546769064,0.475199785,0.020432338,-0.557054644,-0.469438333,-0.732774602,-0.390778055,-0.058097804,-0.780611875,0.658818728,-0.428017304,0.567363429,0.174604622,-0.080299486,6
1506,-0.63445469,1.721730982,0.12135686,0.026802729,0.21355131,0.086514406,0.087999071,-0.297832751,-0.380550234,-0.077403973,0.319550511,0.400170982,1.091446619,1.25637246,0.30120689,-0.092522567,0.483122164,1.303567364,0.27210984,0.930772276,-1.508519851,8
1508,0.291478784,0.061253181,-0.290748201,0.939471648,1.284964548,1.285796128,-0.752087929,-1.012658563,-1.338905219,0.849387095,1.135045209,1.538312767,-0.345857118,-0.944662016,-1.408826141,-0.314479317,-1.34001411,-0.230647199,-0.82064073,0.331284972,-0.185521656,5
1509,-0.609086649,0.651645288,0.024390963,-0.137555683,-0.009223266,0.008725377,0.200856251,-0.109843436,-0.032599387,-0.22537388,0.120081692,0.033123745,-0.70634414,-0.677884418,-0.140888688,-0.178637259,-0.019060173,-0.717059899,0.274209835,-1.100358829,-0.89153424,8
1510,1.3696205,-0.000245997,1.478879413,0.031482478,-0.27574974,-0.305895212,-0.43904005,-0.101577398,-0.036435169,0.486344132,0.1061801,0.031253228,0.191508534,0.532651386,0.821846206,0.202551583,0.762781399,0.112635314,1.240898279,0.093648445,-0.323938142,6
1511,-0.00025368,1.352735915,-0.969509478,-0.214687998,-0.163725569,-0.116417025,0.030899301,-0.195419709,0.00861397,-0.034880338,0.209525853,-0.018069376,-0.807765461,-0.569906648,0.438880875,0.052235583,0.424078516,-0.956136412,-1.458382306,0.476029942,0.413946925,2
1512,-0.00025368,-0.369241064,0.606186343,1.371504202,1.050160411,0.992402775,-1.224621744,-0.862380559,-0.900767542,1.187276087,0.759843104,0.723129662,0.732595364,0.958569805,-0.821098256,-1.542974604,0.57461768,1.660757106,0.22045743,-0.561065841,1.093669151,5
1514,0.633947329,-1.70992314,0.957687719,-0.21757939,-0.280280535,-0.289634964,0.166763569,0.582893575,0.505887088,-0.182635217,-0.643741441,-0.57087727,0.811246455,0.627646603,0.102175706,0.472237454,-0.305846352,0.681840486,0.5672929,-0.049504785,1.122823467,8
1515,-0.63445469,0.602445946,0.12135686,1.404408684,1.32819236,1.263292595,-1.002407661,-1.127120689,-1.372694025,1.049933147,1.181286259,1.439550795,0.510701565,0.58947859,-1.021891518,-1.436068394,0.229546992,1.348992895,-0.447472701,-0.494001061,0.331179271,5
1517,-0.68519077,2.103025884,-1.211924219,-1.946352219,-1.972136105,-1.936700268,1.783873627,1.503128067,1.595434509,-1.90400876,-1.55043352,-1.601252447,0.258069993,0.680234403,2.177466052,1.63537125,0.946355403,-0.571146589,1.211849299,0.743833056,0.628546426,8
1518,1.826245226,-1.476226264,0.969808456,0.576147721,0.188880105,0.163661648,-0.8009026,-0.297396998,-0.345490073,0.900225595,0.324672075,0.384384695,-0.337623137,0.059912075,0.049796229,-0.8061381,0.824670443,0.039701572,0.832916437,-0.354356937,-0.889157581,5
1519,-1.014975295,0.860742493,-0.969509478,-0.137430095,0.247345576,0.237194483,0.322509047,-0.103420472,-0.202966973,-0.357329988,0.121765492,0.242056823,0.601629011,0.072219364,-0.52090723,0.51897175,-1.080836103,0.416114846,-1.24509532,0.132798873,-0.020573408,5
1520,0.633947329,0.614745781,0.606186343,-0.505713134,-0.732293199,-0.728193591,0.225882669,0.405015581,0.620951386,-0.254299162,-0.450686434,-0.71059801,-0.236327634,0.391379608,1.541564809,0.452338934,1.336129574,-0.511648149,0.184599782,-0.160602933,-0.140498913,8
1521,-0.127093882,-0.123244352,-0.484679994,0.380288287,0.69781719,0.771470643,-0.385402428,-0.722488753,-0.745319478,0.43150134,0.796547277,0.839827322,-0.882368763,-1.588954091,-1.525125639,-0.171177826,-1.635502375,-0.923334953,-1.109213792,-1.373489307,0.850917795,1
1522,-0.00025368,-0.984232842,0.848601085,1.992047589,1.158248073,1.185857791,-1.688871002,-0.957333306,-0.864043448,1.53410882,0.761543476,0.587243481,-1.108435488,-0.588006908,-0.964807852,-2.235378808,1.003310226,-0.087858422,1.608050639,0.288571356,0.466985993,5
1523,-0.253934084,0.983740848,-1.284648642,-2.001909071,-1.197212406,-1.275059273,1.806436874,1.100189081,0.949023388,-1.664672025,-0.9157949,-0.677390434,1.472007727,0.98694053,1.071778674,2.256373584,-0.884892668,0.494596117,0.643585324,-0.133665784,-1.642570384,5
1524,0.633947329,0.245750715,0.315288653,0.445991483,0.021210785,0.047389192,-0.639150296,-0.29740635,-0.159673389,0.694766216,0.30470516,0.148714905,-1.006937026,-0.312961933,0.401475063,-0.999886466,1.391819518,-0.626778687,-0.658003114,0.81856578,0.400566151,6
1526,0.557843208,0.491747426,0.363771602,-1.903028258,-1.751253066,-1.81523734,1.513249773,1.504034274,1.539864794,-1.600626036,-1.546523118,-1.562501774,1.235730012,1.313763828,1.931126394,2.03853105,0.310937918,0.338618289,1.503316294,0.818565001,-1.44566324,5
1527,1.014467934,-0.246242708,0.242564231,1.638079668,1.56827457,1.646986252,-1.931889799,-1.813428143,-1.594873938,1.912467096,1.745237217,1.48519696,-1.814417395,-2.039323903,-1.646989577,-1.326018725,-0.696150951,-1.38181717,-1.75009014,-1.102223317,-0.532224683,8
1528,-0.127093882,0.983740848,-0.242265253,-1.209630043,-1.233399435,-1.324689395,1.348363076,1.228485649,0.93653821,-1.259906106,-1.100826612,-0.744167865,1.81167887,2.320618874,1.866417798,0.951624362,1.312670142,1.577331439,1.363569644,0.461299727,0.931679338,8
1530,0.02511436,1.89392868,-0.121057882,-1.33972122,-0.874638162,-0.998891154,0.831619752,0.542320422,0.523751983,-0.934703751,-0.598050117,-0.587893823,2.559028374,2.666356975,2.078869496,2.049175352,0.526055035,1.853925829,2.099014106,0.410742097,1.384811301,8
1531,0.113902501,-0.369241064,-0.484679994,0.177633476,0.570266735,0.680264195,-0.204295455,-0.614928938,-0.542623272,0.23252794,0.685359768,0.617433418,-1.544035106,-2.186980801,-1.2873468,0.020311988,-1.573047747,-1.785441181,-0.66424479,-0.783454358,-0.431714029,1
1533,-1.217919618,-0.000245997,0.266805705,-0.619105938,-1.414725704,-1.373156032,1.157404429,1.473188123,1.379206334,-1.166456574,-1.431835314,-1.292356543,-0.831819922,0.04740433,0.830483646,-0.91591757,1.814171568,-0.470060577,0.844740748,-0.641096327,0.208040609,7
1534,0.329530844,-0.492239419,0.630427817,-1.260623012,-1.00721955,-1.012448234,0.74296734,0.870056645,1.022759524,-0.835771697,-0.970302297,-1.175338231,0.776208586,0.661358435,1.455842751,1.937926952,-0.160554622,-0.136157798,-0.212531109,-0.338731919,0.723785807,5
1535,0.760787531,1.229737559,0.242564231,0.989027762,1.214941395,1.114869188,-0.818619327,-1.147541383,-1.51824128,0.921468887,1.277153103,1.737387309,1.36546112,1.11655174,-0.750112314,-0.441497457,-0.384229089,1.803684335,0.971317103,1.171221073,-0.237595311,7
1536,0.380266925,0.245750715,0.000149489,0.216772113,0.486980305,0.557438786,-0.502812042,-0.775983064,-0.552255008,0.532592586,0.79165559,0.535171829,-1.026488822,-1.446753452,-0.738354012,0.137781135,-1.030202167,-1.252922194,0.342779713,-2.270964956,-0.01625525,8
1538,-0.418826347,-1.316328402,1.454637939,-0.399653315,-1.146556272,-1.209921355,0.709544718,1.468562616,1.482870539,-0.787563126,-1.610780716,-1.656630943,0.592065381,1.451373481,0.731580691,-1.097224032,1.933933487,1.262711559,-1.219800774,0.569926549,0.161824605,7
1539,-0.520298508,0.70084463,-2.024013604,-0.025737535,0.295720936,0.277299338,0.150362598,-0.167695892,-0.248897282,-0.171267553,0.191751137,0.293313597,0.18922439,-0.241169606,-0.411050431,0.459462922,-0.91301898,-0.026312782,-0.026752247,0.624791602,-0.99926674,5
1541,-0.127093882,0.737744137,0.484978972,0.150588546,0.47939195,0.550510843,-0.286086254,-0.6650637,-0.493546924,0.291533435,0.674694696,0.472977584,-0.410907922,-0.700725514,-0.437914607,0.157662626,-0.676436802,-0.555943296,-0.491474436,-0.857044559,1.660642413,8
1543,0.316846824,-1.082631526,0.242564231,-1.086440785,-0.83939624,-0.831245286,0.889575957,1.108134752,1.065698208,-0.955808306,-1.14334593,-1.081250515,0.353734279,-0.135699639,0.066997111,1.150462588,-1.022401459,-0.203890063,-0.947426557,-0.162480597,-0.939209175,8
1544,0.431003006,0.344149399,-1.381614538,0.504887434,-0.168870763,-0.248048781,-0.577353424,-0.196810265,-0.288674621,0.635313948,0.205009095,0.30749972,0.211825716,1.064294003,0.638310019,-1.164529247,1.875547762,0.861390207,0.571652022,-1.848908476,-0.426923228,1
1545,0.887627733,1.352735915,2.109157741,-0.853915812,-0.158982357,-0.083225147,0.277365983,-0.301424526,-0.029193186,-0.301638817,0.338567596,0.039207641,-0.119739811,-0.706861125,0.666141516,2.121070536,-1.288753926,-1.263111426,-0.215141103,1.62670834,1.045251308,4
1546,0.507107127,-1.980519522,-0.605887365,0.269938911,-0.014226757,-0.071347165,-0.120682752,0.415354675,0.183585395,0.132997253,-0.458542657,-0.204193714,1.018472664,0.903475566,-0.312266395,-0.192357206,-0.133138124,1.272667943,0.730334704,-1.361295119,0.011149826,6
1547,-0.253934084,0.750043972,-0.727094736,0.451419898,0.811737287,0.798483059,-0.47878893,-0.860572799,-0.894043659,0.510327168,0.917521668,0.946888263,0.498114339,0.152006816,-0.568448658,0.059089536,-0.694611594,0.541162047,-2.026239181,0.462554355,0.801490849,5
1548,-0.00025368,0.36874907,0.12135686,0.258582637,-0.14198044,-0.154525862,-0.252162591,-0.009391768,0.008483382,0.252719561,-0.014106666,-0.044654134,-0.447629523,0.211508744,0.316354905,-1.065822797,1.380197099,0.051058231,-0.17852666,-0.382540376,-0.294471477,7
1549,-1.801384547,0.245750715,1.212223197,-0.914692265,-0.745304471,-0.62792015,1.364419424,0.969442478,1.187818534,-1.469586734,-1.006363145,-1.23843884,-1.5503184,-1.553702129,0.024237622,0.15391281,-0.184836744,-1.863554512,2.313767888,1.651908638,-0.273823889,7
1550,0.532475167,0.614745781,-0.605887365,0.42751146,0.558872207,0.471309423,-0.615131602,-0.724506637,-0.877144386,0.684512379,0.779832844,0.962719661,0.781994874,0.65197007,-0.060593716,0.159895809,-0.19284682,0.813954989,0.018727593,-0.894764716,-0.784557889,7
1552,-0.545666548,0.983740848,-0.181661567,-1.029797337,-0.643900458,-0.644839758,0.862382085,0.434425387,0.625015751,-0.954887335,-0.464693693,-0.684836135,-0.071272153,-0.393330478,0.371442712,1.171125193,-0.707570452,-0.703342514,-1.728563048,0.472135622,-1.80119775,8
1553,1.559880802,0.245750715,-0.048333459,0.425863477,0.164106573,0.081770311,-0.586898971,-0.347456807,-0.52516443,0.65895697,0.38142972,0.592485134,1.427390005,1.908696857,1.021083659,0.032786988,1.208664157,1.623197659,1.398163752,1.376360969,0.82761184,7
1554,-1.699912385,0.737744137,0.678910766,-0.549992357,-0.622024274,-0.601148519,0.746518967,0.669440155,0.834857157,-0.84054399,-0.743401079,-0.949251626,-0.40466712,8.87E-05,0.451963983,-0.336799604,0.832675915,-0.286397849,-0.577860928,0.081770675,0.185981726,7
1555,1.572564823,-0.246242708,-0.436197046,1.070073654,0.788502391,0.901123716,-1.53643294,-1.271686983,-1.094097787,1.658358702,1.348030053,1.167269805,-2.129127146,-2.162251403,-0.946373929,-0.895136251,-0.315688918,-1.97216988,-1.033207162,-1.626273735,0.332992505,7
1556,-0.253934084,-1.402427251,1.769777103,-1.02412819,-0.759841267,-0.823986382,1.161169108,1.178558128,1.135047529,-1.232131921,-1.244970059,-1.219516259,1.007106682,0.66113063,0.51583964,1.315605336,-0.636054046,0.459446345,1.026926035,1.915985118,-1.262757171,8
1557,0.126586521,-0.443040077,-0.605887365,1.545637769,1.064931089,1.113344669,-1.432890449,-0.98353875,-1.101161821,1.468086933,0.986979304,1.11861988,-0.892610834,-0.738837475,-1.239496135,-1.757913207,0.231757443,-0.09315035,-1.285501167,-1.212246069,0.77713877,5
1558,0.253426723,0.356449235,-1.114958323,-0.43318119,-0.061207948,-0.125895001,0.461749428,0.094183318,-0.05607266,-0.418866119,-0.03444691,0.148601933,1.288355532,1.188874098,0.459320333,0.674204057,-0.068545349,1.123046079,0.130333439,1.159607025,0.836030118,5
1559,-1.585756204,0.996040684,1.357672042,-0.901614314,-0.941953671,-0.870898198,1.064607671,0.784701915,1.051025318,-1.154660707,-0.833696387,-1.142866233,-1.121556628,-0.829736187,0.373257859,-0.123374731,0.505342039,-1.223614991,0.436187204,-2.278368354,-0.484905029,1
1560,1.712089045,-1.131830868,-1.490701172,0.985749457,1.019263777,0.91091461,-1.141648417,-0.843133927,-1.169256347,1.233787247,0.891872854,1.262831176,1.48478343,1.145242743,-0.494513302,0.057996118,-0.567391568,1.675787259,0.110944952,1.218787265,-0.381102229,1
1561,-1.649176305,0.393348741,1.612207521,-1.109359607,-0.999967211,-1.003009264,1.368102916,1.176661305,1.352949815,-1.490581313,-1.267363918,-1.472232299,0.265241986,0.262696294,0.43614567,0.506667491,0.024837795,0.036011567,0.871536685,0.135613249,-0.980829707,7
1562,1.39498854,0.122752359,-1.551304857,0.041624497,-0.027644355,0.04930521,-0.511021231,-0.407614592,-0.257459969,0.576517739,0.455753945,0.29098065,-1.214180813,-1.045416906,0.552275279,0.373367047,0.2274973,-1.593656236,-1.450209847,0.439476484,1.059504741,1
1565,0.126586521,-0.110944517,-0.242265253,0.43985072,0.189412347,0.240873511,-0.454601721,-0.200817557,-0.110706183,0.417919222,0.153027191,0.031585488,-0.649685282,-0.442362002,-0.000492466,-0.41617583,0.375862626,-0.525894908,-0.956774551,1.584942033,1.163587575,5
1567,-0.761294892,0.122752359,1.103136564,-1.119227341,0.069313201,0.044338704,1.316476378,0.379959212,0.222670587,-1.307524684,-0.306227374,-0.098804503,1.299430971,0.260633489,-0.485503978,1.650374367,-2.107180668,0.617798504,0.648215053,0.965951838,-0.174832733,5
1568,1.014467934,1.229737559,-0.363472623,-0.605889782,-0.866226129,-0.81785902,0.100329794,0.197737863,0.45617831,-0.111153443,-0.216173963,-0.517133244,-0.312948918,0.243363204,1.557635816,0.637391453,1.172309503,-0.697907046,-1.084481759,-0.951912454,1.587924448,8
1569,-1.255971679,-1.427026922,1.091015827,0.175551487,0.042111522,0.078964698,0.231606624,0.423848273,0.488543505,-0.261042052,-0.473735721,-0.56237905,-0.944779337,-0.973778191,-1.007501729,-1.067075642,-0.17113966,-0.519684638,1.935689784,1.348049265,-1.472185131,7
1570,0.101218481,0.073553017,-1.454338961,0.011020831,-0.022389401,-0.127944517,0.137675874,0.182512316,-0.02832212,-0.155625699,-0.205127918,0.037246695,1.864915733,2.01190123,0.415811774,0.026050653,0.532711976,2.129649794,0.160071345,0.040714686,0.837475519,3
1571,0.139270542,1.475734271,0.12135686,0.601170174,1.163300118,1.172339974,-0.860593419,-1.557956695,-1.552910098,0.950461577,1.680015395,1.686585289,-0.78228199,-1.330662182,-0.843319074,0.281103531,-1.280471414,-1.048288889,-1.293046718,-1.225956307,-1.166877,5
1572,0.633947329,-1.107231197,1.454637939,-0.5940928,-1.040244248,-1.050207179,0.632026513,1.261469754,1.187237453,-0.691068289,-1.345740223,-1.263316386,1.297119474,1.657484058,1.197558512,0.524601694,0.931101005,1.212501351,0.798123066,1.218896333,1.97915786,2
1573,1.141308136,0.36874907,-0.969509478,2.218526594,1.700936571,1.71223224,-2.213764131,-1.862672085,-1.621547153,1.900141916,1.565654838,1.14505237,-1.489709229,-1.138000008,-1.135222306,-2.03186664,0.593253923,-0.634069936,0.031353569,-1.673715507,0.16563851,5
1574,-0.00025368,0.122752359,0.727393714,-1.297542425,-0.40635327,-0.382336945,0.838809017,0.186487172,0.148304282,-0.455700663,0.153390691,0.322794265,0.538006071,-0.299689605,0.08924209,1.943814261,-1.757621679,-0.413063873,-1.118383525,1.002404352,-0.299778507,5
1575,-0.888135093,0.614745781,-1.33313159,-0.52426894,-0.646212105,-0.643493406,0.747506751,0.658484869,0.501086703,-0.752490164,-0.615439838,-0.406258032,0.08265164,0.303332787,0.471919634,0.062802133,0.488713427,0.061672893,0.323666293,-1.665384398,0.183219731,6
1576,-0.380774286,-1.353227908,0.848601085,-0.695881685,-1.041597083,-1.024049074,0.787328116,1.267514739,1.428174776,-0.872808924,-1.384847849,-1.591529617,-0.196443504,0.199854391,0.82458714,0.111551485,0.838146338,-0.284977365,1.18857951,1.556215852,0.000985964,7
1578,1.686721004,1.524933613,-0.072574933,-1.250223463,-1.192126558,-1.220475881,0.44704326,0.39916004,0.548019445,-0.487808369,-0.424032459,-0.593176374,1.39422211,1.630294068,2.27886037,2.087665075,0.672292755,0.494712308,0.433389747,-0.693908889,1.79062645,8
1579,0.507107127,-1.107231197,0.557703395,1.450600537,1.215398135,1.251929225,-1.508978883,-1.15405123,-1.074221746,1.491687531,1.095368564,0.972361252,-1.278365931,-1.339209805,-1.434912471,-1.481037161,-0.278487865,-0.683441066,-0.215391217,0.610983752,-0.606745137,5
1580,-1.014975295,1.106739204,0.242564231,-0.844068376,-0.097423141,-0.11917523,0.926690784,0.11941419,0.039463256,-0.860346426,-0.002814926,0.119172829,0.953370015,0.368945379,-0.002491483,1.234999358,-1.16004251,0.440454483,-0.951287179,0.339214903,0.151961535,1
1581,-0.380774286,-0.984232842,0.000149489,0.6599507,0.322217185,0.363153042,-0.469275341,-0.118094034,-0.085740938,0.475348494,0.084659197,0.033161284,-0.951449159,-0.705763293,-0.664287028,-1.27233287,0.424626805,-0.418436735,-0.540448905,-0.945775449,-0.342916765,8
1582,-0.00025368,-0.258542543,0.000149489,-0.04708519,-0.430324979,-0.40846748,0.126686216,0.446002866,0.438792233,-0.127557293,-0.452195728,-0.430773644,-0.386283102,-0.07096552,0.373219745,-0.231761971,0.640548394,-0.321003128,2.066426911,0.67660023,0.079753732,8
1583,-0.253934084,1.119039039,0.242564231,-1.280422281,-1.021334925,-1.087130973,1.176850827,0.845331393,0.908654801,-1.262689456,-0.878186795,-0.953063566,0.715406974,0.795785661,1.155797051,1.146419577,0.256461022,0.213949955,-0.046233443,0.225980832,-1.071816913,1
1584,1.268148338,-0.984232842,-1.102837585,-0.237719544,-0.52955032,-0.537257519,-0.10221367,0.352253523,0.440803737,0.115820249,-0.397421923,-0.512597258,0.186712516,0.568445994,1.04180284,0.374690536,0.85038259,0.015782233,-1.859131974,-0.351382745,0.378738458,4
1585,-1.763332486,-0.332341557,0.860721822,1.465234767,1.743469894,1.837678181,-0.623994681,-0.999925299,-1.250198826,0.684126922,1.091724382,1.398170727,-0.888678216,-1.572186654,-2.75732467,-1.694480555,-1.586108861,-0.122289081,-0.248926917,0.245047741,0.772824744,5
1587,0.545159188,0.36874907,0.836480348,-2.171946456,-2.330668784,-2.318832153,1.834628827,1.975345517,1.846813719,-1.89376325,-1.98186326,-1.755788205,1.610660608,1.727880345,2.097852194,2.121478421,0.438961551,0.725537504,-0.289495091,-0.052288343,1.506852675,1
1589,-0.368090266,0.860742493,-0.727094736,0.34758738,-0.071523017,0.104001774,-0.280601358,-0.297093563,0.044407476,0.252442938,0.251385585,-0.118268259,-1.834900916,-1.443206657,0.173430804,-0.531987727,0.640569732,-1.826690473,1.841613361,0.308914604,1.428031672,2
1594,1.864297287,-1.59922462,-0.484679994,-0.13287886,-0.612243156,-0.614228981,-0.294238451,0.508194956,0.421043825,0.287789607,-0.531111116,-0.420751994,0.117356523,0.331649949,0.748752563,0.405213136,0.478814466,-0.080129222,0.1634701,-0.186035574,0.030804878,2
1595,0.253426723,-0.578338268,0.848601085,-0.923261677,-0.581560265,-0.616817791,0.880149691,0.707087074,0.65318206,-0.895647596,-0.707494573,-0.625896729,0.971648904,0.416889202,0.151997634,1.351673609,-1.093526807,0.399553728,1.085969874,-1.511293815,-1.504021751,5
1596,-0.127093882,0.577846275,-0.363472623,0.756808909,0.319816272,0.370637693,-0.89649333,-0.621806715,-0.424132574,0.901985259,0.610948241,0.378074251,-1.800521106,-1.29191531,-0.168233659,-1.204850516,0.898401322,-1.430139735,-1.280693021,0.663904707,-0.418673971,8
1597,-0.507614488,0.737744137,-1.030113163,-0.560984596,0.012112383,0.071008045,0.618198192,-0.023962784,-0.013480451,-0.604876516,0.082043294,0.086692742,0.326888915,-0.129237465,-0.124935924,0.848533835,-0.953141208,-0.07453524,0.971165131,-0.984234607,1.781141762,5
1598,-1.192551578,-0.615237775,0.666790029,-0.516527633,-0.655002107,-0.758566666,0.976339856,1.141690274,1.05942082,-1.077664954,-1.239877374,-1.165489325,0.809301512,1.071087952,0.197307134,-0.412426284,0.661171952,1.149026962,-0.205389032,1.806293748,-2.211480718,7
1599,-0.139777902,-0.824334979,0.606186343,0.528695714,0.398645225,0.481445081,-0.220027859,-0.066553207,-0.083474138,0.248783471,0.072853945,0.093293911,-0.716657883,-0.834384606,-0.772753033,-0.604994981,-0.337712589,-0.502679443,0.586055678,-0.08935125,1.904018974,7
1600,0.824207632,0.946841341,0.12135686,-0.551767724,-0.525867705,-0.608276815,0.005949455,-0.038027262,-0.003059038,-0.005802901,0.044155906,0.005069563,0.716932278,1.063905506,1.287960755,0.706546192,0.835596349,0.44910953,-2.132257498,-0.111513758,-1.596507374,6
1601,-0.850083033,0.737744137,-0.605887365,1.558844341,1.561801479,1.580363997,-1.192880296,-1.519287874,-1.516098503,1.273115752,1.580970199,1.56529974,-1.052323238,-1.228493321,-1.518499306,-1.339471045,-0.503062128,-0.498753104,1.208492726,-0.30886861,-0.154408627,5
1602,0.380266925,-0.615237775,0.969808456,-0.673932504,-0.502080301,-0.425656551,0.461205375,0.471137754,0.462044427,-0.471554891,-0.448579265,-0.412012912,-0.126412611,-0.43105182,0.082899387,0.791541495,-0.676054293,-0.565303732,-0.938353297,-1.446196851,0.894222564,5
1603,0.342214865,0.860742493,-1.878564759,-0.470516808,0.101995202,0.102267611,0.186381356,-0.299293242,-0.218996278,-0.203141366,0.312417154,0.224015209,0.484206089,0.069099903,0.234881604,1.174521376,-0.846047592,-0.06669617,0.636272775,0.729582092,0.324567731,1
1604,1.39498854,-1.230229553,0.024390963,0.037657134,-0.277489737,-0.345054195,-0.224767997,0.371246051,0.267297555,0.246631803,-0.383004116,-0.266642975,0.641953314,0.693567834,0.471719945,0.399230705,0.185584818,0.525999491,0.140411045,1.598180539,-0.752909846,8
1605,-1.814068567,-0.504539255,2.097037004,-0.209489411,-0.662487743,-0.583899363,0.733754831,1.000286602,1.130646192,-0.804674791,-1.090085269,-1.258100211,-1.074610276,-0.504918891,-0.119284152,-1.338271023,1.114166252,-0.525005849,0.514267968,-0.089000382,0.827156191,7
1606,-0.063673781,0.873042328,-1.454338961,1.088023382,1.447698293,1.487041645,-1.08813007,-1.610872821,-1.560873435,1.155059024,1.670817698,1.627032833,-0.488214567,-0.800815413,-0.917124174,-0.357897382,-0.734765425,-0.371229596,0.573570023,-0.391290505,-0.311405847,5
1607,-0.089041822,0.122752359,0.969808456,-1.139946368,-1.160543367,-1.213183558,1.157844343,1.242178288,1.060946441,-1.233507626,-1.257050277,-1.049555983,1.112353488,1.171170726,0.866064082,0.818574007,0.255080691,0.844149261,-1.65413004,-0.66609944,1.251589874,5
1608,-0.025621721,0.737744137,-1.672512228,-0.070853049,-0.258580721,-0.293343856,-0.011789825,-0.030695421,0.100805419,0.013271121,0.033307485,-0.118537927,-0.617752307,-0.185552552,0.486677694,-0.34071985,0.867880472,-0.529230791,1.406232077,-0.043064646,-2.100542362,3
1610,0.380266925,-0.000245997,-0.642249576,-0.388953261,-0.214670032,-0.225961382,0.336162263,0.231686325,0.11617692,-0.296218426,-0.177653436,-0.034801022,0.958530025,0.862028124,0.423580879,0.649798909,-0.099834823,0.756905387,0.410872516,-0.183222844,1.101775044,6
1611,-0.507614488,-2.398713931,1.127378038,-0.384187451,-0.703706123,-0.674340836,0.605593195,1.096960536,1.089688283,-0.627215265,-1.150049358,-1.136269794,-0.809800956,-0.842063665,-0.373368922,-0.312410765,-0.162774733,-0.764986615,-0.538929516,-0.731628253,-1.379534254,7
1612,0.507107127,1.291236737,-0.484679994,0.238521113,0.372790038,0.422013904,-0.467724356,-0.718765849,-0.641860918,0.483947663,0.761031863,0.681948263,-0.186903463,-0.195597906,0.245468226,0.326889875,-0.04027929,-0.388275616,0.479511493,-0.08499855,1.952146891,7
1613,-0.507614488,-1.168730375,0.484978972,0.22390699,0.354775093,0.303691907,0.106788124,0.150799343,-0.090150287,-0.104337671,-0.153212764,0.109599751,0.897202362,0.518411182,-0.805125284,-0.180600799,-0.71990074,1.127045638,-0.392370819,-0.088134466,-0.402514451,7
1614,-1.154499517,2.029226871,0.727393714,-1.341860766,-1.235820561,-1.212489753,1.308128242,0.92284608,1.156622659,-1.432283208,-0.987283216,-1.254158063,0.103965464,0.461389809,1.453458398,0.927235445,0.78811738,-0.372516922,-0.625593112,-0.895469079,0.539354017,1
1615,0.646631349,-0.246242708,-1.454338961,1.506317201,1.862842877,1.916240634,-1.694322901,-1.958209989,-1.817727796,1.795750526,1.978665664,1.799323045,-1.013187768,-1.58625097,-1.892970355,-0.900047322,-1.360510528,-0.686939919,-0.871331634,0.11155893,-0.021648691,5
1616,-0.253934084,-0.123244352,1.697052681,-1.0411072,-0.946544614,-0.943306493,1.125168667,0.973543262,0.859893199,-1.15584543,-0.899314045,-0.729121983,-0.039228659,-0.166634978,0.480796218,0.862970725,-0.281178128,-0.502999274,0.954479007,-0.402439923,-1.308698057,1
1617,1.268148338,-0.615237775,-1.963409918,-0.194167942,-0.781743073,-0.887307605,0.081617823,0.790885476,0.706502069,-0.087941704,-0.864335918,-0.783639453,1.407555354,2.216591923,1.7072884,0.11936419,1.918120747,1.554460605,0.645777172,1.49874304,-0.052778524,4
1618,-0.127093882,-0.123244352,1.236464672,0.199203014,0.476716457,0.503466661,-0.250977782,-0.461933801,-0.466632894,0.277488572,0.509755517,0.525217337,-0.672461602,-1.303111213,-1.099883471,0.150714735,-1.446562295,-0.852877795,-1.389749763,-0.378983959,-0.736953154,6
1619,-0.761294892,-0.369241064,-0.848302107,1.473513035,0.841539783,0.915361069,-1.159662793,-0.718271388,-0.687364187,1.135875017,0.657966329,0.589972521,-1.187986347,-0.726127858,-0.890160956,-2.008877736,0.867006758,-0.299477988,0.073013253,-0.840745555,1.712538517,1
1620,-0.127093882,0.491747426,0.606186343,-0.437873622,-0.281163925,-0.362824238,0.446041013,0.236168479,0.139837422,-0.388067275,-0.175439848,-0.046790834,0.61028044,0.743541873,0.399360784,0.132149975,0.359270533,0.631314609,1.490385164,0.099073491,-1.346045488,8
1621,1.268148338,-0.73823613,0.242564231,-0.058728466,-0.178875364,-0.145871561,-0.245336236,0.110920921,0.179868095,0.220414785,-0.155065562,-0.240994409,-0.068134506,-0.033737191,0.46230534,0.480340232,0.06689992,-0.333190596,-1.134694994,1.779097331,1.072975026,5
1622,-2.397533496,1.721730982,0.242564231,-1.310488253,-0.76930437,-0.825250294,1.764763578,1.02465194,0.967593939,-1.874248452,-1.049578545,-0.975504037,1.614452794,1.393365218,0.464996988,0.928912132,-0.295302918,1.362697875,1.024971431,-0.411812425,-0.64982689,7
1623,1.255464318,-2.177316891,0.000149489,0.602153175,0.499740023,0.651834331,-0.902632419,-0.472848335,-0.322615675,1.009145617,0.51597213,0.34973225,-2.077990954,-2.51043149,-1.264183536,-0.383498264,-1.177025769,-2.184881928,-1.132828376,-0.884203694,0.440529436,8
1624,-0.888135093,1.807829831,-0.121057882,0.860425785,0.733109541,0.612445043,-0.427382739,-0.794675224,-0.987782094,0.456069188,0.838708462,1.050549141,0.818170766,1.469655557,0.222831555,-1.25622446,1.508491373,1.606958762,0.879761615,1.404249114,0.607405333,8
1625,1.648668944,-1.390127415,-0.121057882,-0.408300106,-0.809186711,-0.775837597,-0.149568005,0.577491452,0.743258368,0.140519617,-0.63396332,-0.81941511,-0.63855003,-0.500481544,0.813277017,0.71040542,0.226737501,-1.11088507,0.795980426,-0.277513362,-0.814998066,2
1626,0.253426723,1.020640355,-1.102837585,-0.481322097,-0.07221661,-0.094914473,0.350390884,-0.097421361,-0.095386404,-0.351603874,0.135675826,0.144362736,0.448805916,0.222633171,0.253514027,0.775912758,-0.439795514,0.104126486,-1.966589549,-0.035420341,-0.461799897,1
1628,1.115940096,0.221151043,-0.848302107,0.131829592,-0.502704311,-0.605655888,-0.455852007,-0.028841696,-0.056359572,0.515036308,0.028776028,0.060179845,0.54276184,1.464582026,1.399659673,-0.435509145,2.064045841,0.854923296,1.08578091,-0.905172071,0.095797747,7
1629,0.380266925,0.393348741,-0.484679994,0.563280582,1.149944916,1.154326535,-0.777699944,-1.232003699,-1.240970055,0.836113066,1.316503679,1.337356703,-0.199254942,-0.985458257,-1.065132666,0.505121973,-1.730201619,-0.497045848,-0.739419898,0.553614591,-1.164801775,8
1630,0.887627733,-0.935033499,-0.799819158,-0.962714167,-1.572342056,-1.575124758,0.668788209,1.325962587,1.528729909,-0.715200886,-1.425289967,-1.67588673,-0.228139438,0.459994192,1.75039637,0.565736822,1.468294383,-0.562408304,1.776050039,-1.729834648,-0.543845058,8
1631,-1.649176305,2.164525062,-0.08469567,-0.213136612,0.100793709,0.115742685,0.55475038,-0.03389931,-0.093599187,-0.623817768,0.045862613,0.118583078,0.466692557,0.481100801,0.163944442,0.128223686,0.084719578,0.468362791,-0.106011798,1.185609826,1.930052603,8
1634,-1.027659315,-0.110944517,-0.496800731,-0.974864485,-0.562550431,-0.42637527,1.019630367,0.729658156,1.035417486,-1.119755088,-0.788242332,-1.146743037,-1.019230199,-1.568743452,-0.37386417,0.862416986,-1.310059107,-1.629087005,-0.78313365,0.382241356,0.256950505,7
1635,0.03779838,1.082139533,0.61830708,0.476086719,0.383154358,0.2412752,-0.287632551,-0.448514664,-0.795722075,0.325249608,0.501273533,0.916453075,1.585093676,1.972377859,0.350508553,-0.569476758,1.022530783,2.124031393,-0.368487511,-0.629592488,0.09306028,7
1636,1.115940096,0.983740848,-0.242265253,-0.819381645,-0.890172724,-0.849135886,0.22933726,0.321491587,0.626377925,-0.258381889,-0.357200323,-0.718385495,-0.234343849,0.090226592,1.854635251,1.505765633,0.67803752,-1.0683393,-0.469219514,-0.943335512,1.00658711,8
1637,0.887627733,-0.861234486,-0.811939895,0.977587473,0.655589309,0.699407621,-1.126846437,-0.761599903,-0.745295075,1.220551586,0.808187559,0.80160181,-1.141864549,-1.066129833,-0.862298983,-1.113478192,0.033745868,-0.721585692,1.244043101,0.319648254,0.122955003,1
1638,-2.181905152,-0.000245997,0.363771602,-0.617830477,-0.193141721,-0.289446836,1.273104374,0.823259342,0.647810311,-1.387010398,-0.877633825,-0.686349364,1.320312171,0.950244683,-0.544209771,0.079512521,-0.652515826,1.475332327,0.141612858,1.889178861,-2.352925973,7
1639,1.039835975,0.860742493,0.448616761,-0.189652869,-0.243660405,-0.20752204,-0.206970815,-0.180739531,-0.059974141,0.235312184,0.202829376,0.066492654,-0.251933148,0.037308121,1.141481956,0.734328821,0.599299792,-0.679214615,-0.553855173,-0.140082774,1.54084084,6
1640,1.268148338,-1.476226264,0.969808456,0.580982307,0.592853892,0.673009782,-0.931158789,-0.699743085,-0.582131972,1.014013911,0.745447391,0.623383526,-1.190494536,-1.717056827,-1.21331932,-0.178923393,-1.279823948,-1.273374619,0.684405274,-0.730468877,-0.460996766,5
1641,-1.014975295,-0.639837446,-0.121057882,0.295276338,-0.043059048,-0.019287083,0.054414631,0.320581581,0.219862129,-0.058555634,-0.350812914,-0.245883233,-0.147129046,0.042782129,-0.397058175,-0.888946621,0.395584127,0.302589232,-0.132744914,-1.415135836,0.895544155,6
1642,0.760787531,-0.024845668,-0.969509478,-0.034734516,-0.120275481,-0.248365572,-0.0226608,0.072777701,-0.074644567,0.026675374,-0.080413958,0.083348837,0.972917677,1.337688049,0.632520162,-0.135753678,0.903552741,1.190273468,-1.341907867,0.89094049,-1.726409882,1
1643,-0.888135093,0.319549728,0.484978972,0.605785572,1.122130135,1.123221157,-0.328384659,-0.778707171,-0.859264608,0.336677382,0.82381568,0.901211561,0.565911269,-0.117511484,-1.076887683,0.202737721,-1.419393981,0.542862741,2.131770693,1.410152385,1.253714958,5
1644,-0.926187154,0.959141177,-0.363472623,-0.862265425,-0.753738259,-0.71284654,1.037086581,0.703363963,0.721613037,-1.104815449,-0.716610192,-0.709991511,-0.277362213,-0.189499765,0.443947921,0.354392505,0.159056168,-0.506839427,-0.978004573,-0.555577342,0.419848809,7
1645,1.179360197,-0.000245997,1.454637939,-0.028739299,-0.295996836,-0.309947401,-0.348039424,-0.034754203,0.068928607,0.385631757,0.033294281,-0.086758524,-0.202481423,0.194739882,0.790248135,0.068915417,0.839460445,-0.269293521,-0.571126691,0.603710659,-0.524411049,4
1646,0.760787531,0.36874907,-0.121057882,0.242816363,0.591745682,0.635711123,-0.55171515,-0.848067672,-0.726149145,0.579884648,0.878830464,0.741997947,-0.258797839,-0.825295035,-0.613639456,0.556472757,-1.259884803,-0.592730346,0.612805531,-1.834383208,0.364985366,7
1647,0.126586521,-1.230229553,-0.484679994,0.57825601,-0.341029879,-0.330673818,-0.538078548,0.445858486,0.514463868,0.469508812,-0.550038819,-0.641998966,-1.055383272,-0.300717655,0.322675943,-1.226411121,1.518074155,-0.562262274,0.604326937,1.639319787,-0.851416828,6
1648,-1.902856708,0.737744137,-0.727094736,-1.248678286,-0.186657987,-0.185935042,1.638438656,0.525359801,0.429623442,-1.660459753,-0.457520035,-0.337990237,0.79508901,-0.118282951,-0.597068754,1.274099363,-1.892534949,0.237784181,-1.087126095,-0.418137272,-0.498999542,6
1649,-0.507614488,-1.107231197,1.454637939,0.588832002,0.021967564,0.053485304,-0.066184145,0.407696913,0.347577811,0.074886467,-0.455815328,-0.397500588,-0.464720084,-0.055461924,-0.561165773,-1.552682111,0.835578346,0.289753102,0.529000429,-1.269655095,0.903183322,2
1650,2.282869953,1.229737559,-2.072496552,-0.348217608,-0.390534901,-0.483197727,-0.451146561,-0.37266255,-0.403067789,0.502916971,0.411200407,0.454251563,1.401742826,1.879655974,2.014945149,1.229653617,1.198357867,0.95863602,-0.851676714,-0.414256465,0.678608029,7
1651,-1.268655699,-0.369241064,1.224343934,1.505040341,1.270036186,1.278216942,-1.10881746,-0.98119777,-0.989131587,1.099536616,0.957908583,0.930725104,-1.094314187,-1.161414927,-1.683615366,-1.778057836,-0.271004659,-0.314292375,-0.397778266,1.907751936,-0.778435673,5
1652,0.760787531,-0.123244352,-1.211924219,-1.274350575,-0.766574268,-0.782623879,0.978255298,0.694147107,0.680761868,-0.958353234,-0.645318072,-0.589295,0.740104633,0.256473233,0.702973983,1.867973211,-0.965566548,-0.140535508,1.45836375,0.229805333,-0.931572551,8
1653,-1.801384547,1.229737559,1.091015827,-0.440360076,-0.2162873,-0.208859295,0.81586739,0.391797188,0.318774287,-0.909566386,-0.422780679,-0.342289944,0.662575505,0.487521857,-0.089382304,0.235489468,-0.304307249,0.636586641,0.00259508,-1.818092161,1.159481309,1
1656,0.202690643,-0.123244352,1.539483099,-0.352760952,-0.4717264,-0.607680336,0.297009768,0.480092633,0.384018465,-0.335868626,-0.538593075,-0.440045278,1.596113831,1.703151126,0.681969353,0.453921632,0.415183051,1.593660025,-0.464899522,-1.344373383,-1.30943915,1
1657,0.760787531,0.983740848,-1.175562008,0.525446227,0.48785039,0.489409775,-0.656300856,-0.756716969,-0.867635026,0.737621802,0.842569566,0.989370724,-0.28923811,-0.015781569,0.128082419,-0.43811906,0.560749398,-0.09996522,-1.460974113,0.289842117,0.715674616,7
1658,0.760787531,-0.000245997,0.569824132,-0.465930274,-0.500146928,-0.515041871,0.249990906,0.356693646,0.472461943,-0.27757884,-0.393153254,-0.534411631,0.299503463,0.436240056,0.991506096,0.855294376,0.331238172,-0.109598469,0.587317511,-0.10913968,-0.570054193,5
1659,-0.63445469,-0.615237775,0.606186343,0.30525967,0.441822668,0.436859094,-0.037209547,-0.109346969,-0.283488306,0.041812763,0.122439692,0.327697019,0.606145337,0.13708997,-1.013177947,-0.204762801,-0.949248267,0.805335148,1.305338866,0.161411436,0.674029619,8
1660,-0.253934084,0.491747426,-0.848302107,1.26059055,1.037847814,1.043178605,-1.31164994,-1.250934971,-1.103390855,1.351201944,1.258941052,1.063800906,-1.724316092,-1.469325191,-1.022677232,-1.662831413,0.356352724,-1.099537516,-1.091509837,0.173387368,-1.578568706,5
1661,-0.786662932,0.122752359,0.727393714,-1.440227562,-0.98898939,-0.991750304,1.637749896,1.316039714,1.180523696,-1.719372939,-1.329746369,-1.148887533,1.655242748,1.137239235,0.742549172,1.923023153,-0.935442456,0.882083455,0.217646783,1.0221483,1.110653885,5
1662,-0.418826347,-0.246242708,0.606186343,0.659794999,0.780942302,0.771149481,-0.406847514,-0.580955859,-0.727960611,0.455661607,0.634799831,0.805126651,-0.176623319,-0.307650397,-0.974451482,-0.8570226,-0.304770934,0.251749899,0.947536273,-1.406152573,-0.045199601,5
1664,0.088534461,-0.123244352,0.000149489,0.237560282,0.171991523,0.155175353,-0.133224731,-0.083772314,-0.180459829,0.151532178,0.094068478,0.209468815,0.353583148,0.450859873,-0.111476476,-0.378017923,0.251734888,0.606981427,0.211563674,-0.01914108,0.416084968,7
1665,1.585248843,0.614745781,-0.024091985,0.66152209,1.137289897,1.142954492,-1.265869774,-1.606270258,-1.5019552,1.362415267,1.695995833,1.569808366,-0.127252274,-0.782638415,-0.478647616,0.907051536,-1.437864037,-0.627560966,-0.6968277,-0.114704174,-0.08137605,5
1666,-1.141815497,0.245750715,0.181960545,-0.998095095,-1.3115558,-1.276609642,1.266449372,1.427783849,1.430926573,-1.363036202,-1.494550878,-1.488754925,-0.144431683,0.355509596,1.035754484,0.127538852,1.069182217,-0.233679934,-0.506127069,-0.324897625,0.801266623,7
1667,-0.253934084,-1.427026922,0.775876662,-0.08149993,-0.209893901,-0.196613526,0.155177548,0.455481682,0.55476284,-0.176282335,-0.514763876,-0.645564991,-0.399306392,-0.453652151,-0.385723334,-0.308742327,-0.163736769,-0.29512421,0.650372961,0.55971255,-0.820471142,7
1668,-0.494930468,2.287523418,-1.030113163,0.610477699,0.980208367,1.005941059,-0.460451032,-1.282992455,-1.394215712,0.51533335,1.411061489,1.568292771,-0.482679133,-0.478027244,-0.480945633,-0.548447655,-0.045157102,-0.263757206,-0.362303455,-0.794926333,0.724501408,8
1670,-0.380774286,0.122752359,-0.727094736,-0.829813347,-1.039109612,-1.0883999,1.061353364,1.125845836,0.779322271,-0.944477726,-0.937431973,-0.494882369,0.969212268,1.43296718,1.219604828,0.343985816,1.118092267,0.931454324,1.296849328,1.52752097,1.275957956,6
1671,-0.380774286,-1.562325113,-0.436197046,-1.190580023,-1.292719583,-1.257848696,1.03609983,1.380067594,1.660768196,-1.147187743,-1.516937932,-1.870930538,-0.459037438,-0.451094383,0.696081987,0.848520853,-0.035303086,-0.977846268,-0.96493329,-0.074291123,-1.204914028,7
1673,-0.253934084,-1.230229553,-0.121057882,0.424370727,0.255197775,0.267460447,-0.19851938,0.03194809,-0.008893038,0.122803063,-0.098630958,-0.091679063,-0.26635807,-0.323183545,-0.559508726,-0.520861394,-0.153901341,-0.029762762,0.270891815,-1.399887876,0.149176675,6
1674,-1.737964446,1.229737559,0.12135686,-0.687121028,-0.509597741,-0.512012395,1.017249812,0.525737059,0.325719538,-0.888009513,-0.35323061,-0.038514574,0.02644686,0.184419638,0.295867039,-0.002685396,0.346095677,0.031822082,0.610894012,0.324702363,-0.322950184,7
1675,-0.101725842,-0.123244352,-0.605887365,-1.23848857,-1.230975125,-1.223992698,1.183489184,1.316963021,1.362974944,-1.302136628,-1.398273162,-1.440523758,0.647218404,0.551259724,1.098167172,1.47804471,-0.134295657,-0.040391295,0.388552884,0.954253021,-0.203261887,7
1676,0.139270542,-0.123244352,0.484978972,-0.117464694,0.045985227,0.123297735,-0.043110009,-0.206005266,-0.032787573,0.049010049,0.230044188,0.033340124,-1.294643149,-1.489812274,-0.351475107,0.115652165,-0.572064175,-1.549387848,-0.67967933,-0.340868332,0.006704483,5
1677,-0.203198003,0.122752359,-1.090716848,0.500211721,0.619699336,0.561474165,-0.227312924,-0.301451817,-0.648740375,0.256610726,0.331567312,0.737363151,1.856429033,1.582402702,-0.266213174,0.155729321,-0.382566815,2.051085121,0.147849505,0.405067527,2.086605172,2
1678,0.126586521,-1.746822646,0.848601085,-0.478252392,-0.849617865,-0.854513399,0.41353323,1.001641579,1.230878452,-0.46872865,-1.121002678,-1.409197161,-0.05714719,-0.023927615,-0.095845846,-0.184646869,0.065600119,0.032294567,-0.987184118,-1.736812019,-1.508499254,7
1679,-0.380774286,1.992327364,-0.484679994,0.484662708,0.353932334,0.343474028,-0.251463137,-0.593847218,-0.73260443,0.286757549,0.670431951,0.848952175,-0.66826328,0.349712787,0.653264072,-1.451067142,2.134222297,0.001888118,1.958142247,1.62514937,0.653830949,7
1680,0.760787531,-0.73823613,0.000149489,-0.037159949,0.155331272,0.218000199,-0.267915216,-0.255991417,-0.188680202,0.30305456,0.284641189,0.212054483,-0.549215744,-1.172855789,-0.436696204,0.917946993,-1.417229879,-1.118333275,-1.844747043,-0.975891151,0.571384911,1
1681,1.141308136,-0.898133993,0.606186343,-0.466837196,-0.733531206,-0.785042048,0.142509018,0.560136858,0.696753451,-0.159954714,-0.627061794,-0.80138483,0.500225247,0.772985344,1.111969317,0.679074236,0.649618715,0.214610811,0.984900372,-0.525030911,-1.603161499,2
1682,-1.268655699,0.774643644,-1.090716848,-0.23136303,-0.182374847,-0.125816328,0.312769444,0.130934997,0.248360294,-0.35612001,-0.146967562,-0.289074108,-0.882687439,-0.785029483,-0.018600699,-0.174322725,0.111028264,-0.922032477,-0.263966786,-0.422314992,0.694660919,5
1683,-0.025621721,-0.000245997,1.091015827,0.592568408,0.599077226,0.609664138,-0.408140006,-0.501813225,-0.536123076,0.463065985,0.563135667,0.619361283,-0.774600998,-0.765502351,-0.847021529,-0.97364816,-0.06892082,-0.373661914,0.449961338,2.298158911,-0.877941069,6
1684,-0.012937701,-0.369241064,-0.242265253,0.45925768,0.251062077,0.230192376,-0.233184475,-0.06688983,-0.242465767,0.260705126,0.071508954,0.276219044,0.443461746,0.597264914,-0.250671104,-0.677831446,0.384782563,0.869372546,-0.420910582,-0.522908707,1.028970803,1
1685,0.671999389,0.491747426,-0.121057882,0.783493215,1.552765802,1.534519717,-1.183208772,-1.660703467,-1.498374841,1.208454654,1.64897879,1.406874937,0.964308324,0.008983355,-0.997403555,0.877077543,-1.964270788,0.642947759,-0.213353479,-0.611826485,1.059275866,8
1687,-0.507614488,-0.221643037,0.99404993,-0.746544016,-0.714723621,-0.77451647,0.701966753,0.699028146,0.840180658,-0.79090844,-0.784861293,-0.969198931,0.931007676,1.047933298,0.684503672,0.48513572,0.360512697,0.812645996,-0.201698001,-0.242769691,-1.435922356,5
1688,0.126586521,0.516347097,0.606186343,1.017718454,1.250181768,1.26560316,-0.786463244,-1.031379891,-1.353645873,0.885210997,1.155213675,1.555137049,-0.359624754,-0.781878635,-1.242565992,-0.51060346,-0.958176215,-0.142403506,-1.081006964,0.958543497,0.817229233,8
1689,-0.253934084,1.180538217,0.606186343,0.480235999,0.551132544,0.591691369,-0.623398843,-0.946887031,-0.728674811,0.657306105,0.973544431,0.713858788,-1.070115424,-0.938066057,-0.233416393,-0.493860651,0.164258039,-0.967902228,-0.287725344,-0.39878961,-0.206820131,7
1690,1.39498854,0.491747426,-0.242265253,-1.087720772,-1.09462729,-1.134147194,0.664642665,0.796569385,0.860829604,-0.702858191,-0.806720234,-0.866105702,0.586298203,0.696079751,1.615375203,1.639314508,0.305533892,-0.195984254,1.418838808,0.548203696,-0.979050488,2
1692,0.253426723,-0.492239419,-1.442218224,0.104843261,-0.580688192,-0.531522769,-0.162189018,0.390824509,0.595505405,0.173902677,-0.436508848,-0.67658584,-1.534972726,-0.625353179,0.634922422,-1.164450139,1.799680219,-1.146364482,1.570049084,-0.237457538,-0.023603984,4
1695,0.253426723,0.14735203,0.181960545,0.056144564,-0.313161059,-0.355976222,-0.0689877,0.160716775,0.154684267,0.075697888,-0.182449901,-0.181291503,0.19550524,0.971858874,0.812583891,-0.78446472,1.708381883,0.640961435,-1.545061183,0.907707062,0.005343223,6
1696,-1.547704143,1.918528351,1.660690469,0.656475218,1.66220162,1.789061356,-0.592963294,-1.791168944,-1.458182046,0.593751008,1.757872309,1.365481297,-1.363502569,-2.220933948,-1.827998628,-0.158415164,-2.018175883,-1.483106482,1.631664994,-2.017692654,0.093982479,6
1697,0.659315369,-1.832921495,0.12135686,0.13508285,-0.387897617,-0.534289039,0.019120139,0.81517063,0.351310709,0.015210996,-0.714988279,-0.185002835,1.624800059,1.628816512,0.170810017,0.07204362,0.194737863,1.829263858,-0.130375435,-0.102037627,-0.644779037,8
1699,1.483776681,0.528646932,-0.557404417,0.821216403,1.27781601,1.228158469,-1.429368644,-1.719194839,-1.766347847,1.530848948,1.822843733,1.851976431,1.066817136,0.432086407,-0.355459816,0.917512125,-1.256303743,0.739312546,-0.766656465,-1.170670105,0.309849188,5
1700,0.126586521,0.491747426,1.527362361,-0.837735249,-1.368628373,-1.268908405,0.747612526,1.069741331,1.246523654,-0.773602957,-1.105506076,-1.270493203,-1.497843146,-0.527820261,1.701202377,-0.028840651,1.935108331,-1.706268195,1.654182583,1.466507151,1.466694092,1
1701,-1.585756204,1.106739204,0.242564231,0.008160768,0.116685079,0.144488928,0.455909579,-0.014513178,-0.025929621,-0.503100419,0.023647981,0.03940484,-0.412806892,-0.303022278,-0.416808717,-0.712801202,0.191157918,-0.096238761,-0.622459137,0.122596041,0.397166775,5
1702,1.838929247,-0.73823613,-2.20582466,0.074350676,0.369456622,0.293505465,-0.503452421,-0.37669103,-0.563027684,0.556956887,0.407800027,0.624839623,1.795200591,1.083580353,0.062055644,1.533522211,-1.339894884,1.24962412,-0.04859478,-0.238901839,-0.012287189,1
1703,-0.761294892,-0.922733664,-0.060454196,0.154354091,0.134088184,0.17377416,0.074202365,0.162675302,0.131076393,-0.081357204,-0.176405354,-0.141981786,-0.569299225,-0.761519241,-0.84242428,-0.532386149,-0.482618565,-0.37183808,0.620775355,-1.70529275,0.043135948,7
1705,0.151954562,-0.000245997,-0.484679994,-0.669774728,-1.001674623,-1.014469318,0.522859589,0.860138247,0.942647994,-0.577968715,-0.926716873,-1.035772579,0.165290264,0.440687238,0.838561684,0.371893712,0.617000135,-0.007355743,-0.809364803,-0.383231574,0.032061766,8
1706,0.887627733,0.122752359,0.000149489,0.3652122,0.137844574,0.064537846,-0.381930494,-0.177469943,-0.392387085,0.427707214,0.193646749,0.445798882,1.331813272,1.723271763,0.681787701,-0.163896513,1.00259926,1.61770947,0.121718481,0.443980851,1.351281061,7
1707,0.760787531,1.229737559,0.363771602,0.112111935,0.372434807,0.356617337,-0.362557052,-0.657725784,-0.669650021,0.395310255,0.710785122,0.727855232,0.654550129,0.337391972,0.137468579,0.825672131,-0.613832982,0.314198708,0.143513382,-0.952212294,0.437183229,7
1708,-0.380774286,-0.984232842,0.363771602,-0.175059765,-0.543328899,-0.502746411,0.228093792,0.581083989,0.71608124,-0.248188206,-0.629278032,-0.787414617,-1.35797628,-0.905433811,0.098581056,-0.793922617,0.827313938,-1.139540591,0.231933558,-0.721186268,-0.756708897,7
1709,-0.888135093,-0.492239419,-1.211924219,-0.541748504,-0.575430894,-0.549492471,0.614047173,0.672455469,0.811778078,-0.684659513,-0.746029213,-0.926158976,-0.292831177,-0.161412668,0.272180917,0.052718849,0.251875462,-0.364544303,-1.553816717,0.428845741,0.048520151,6
1710,-0.812030972,0.614745781,-1.0422339,0.153250905,0.770324422,0.860267106,0.058685513,-0.590964628,-0.617569414,-0.067510816,0.662533626,0.712284746,-0.478865828,-1.302573565,-1.408469929,0.200199622,-1.843660877,-0.65662294,0.383435936,0.774164891,0.273522411,5
1712,-1.649176305,0.245750715,-0.484679994,-1.473448882,-1.498096787,-1.483554535,1.673840224,1.610378789,1.77997698,-1.805530426,-1.712771022,-1.900234342,0.114359411,0.260271642,1.00742472,0.867758681,0.329968585,-0.32901079,1.21394688,-1.013408917,-0.839826642,7
1713,1.141308136,-1.033432184,-0.363472623,2.369342411,2.433840046,2.44817632,-2.287570039,-2.127029364,-2.129847493,2.259588149,2.059049749,1.959778534,-0.826205341,-1.261059119,-2.1369291,-1.515484466,-1.038955802,-0.145464052,-0.947551601,0.191857182,0.745463939,5
1714,0.633947329,1.401935257,0.606186343,-0.954183165,-1.370353564,-1.297990808,0.448484452,0.578639182,0.671016793,-0.32306102,-0.444715864,-0.429060123,-1.115895773,-0.42960473,1.48314433,0.31780515,1.362657993,-1.451208284,-0.780725923,0.065065629,-0.011127839,8
1715,-0.253934084,-1.390127415,-0.121057882,-0.191097168,0.175324956,0.093023075,0.456180286,0.363129902,0.099347728,-0.42221303,-0.332511312,-0.037796047,1.179538872,0.618934842,-0.538137953,0.524565639,-1.082418577,1.077377205,0.684813531,1.158730335,-1.263902766,6
1716,-1.395495901,1.635632133,-0.605887365,0.193958455,0.055434935,0.00385966,0.154654758,-0.128914906,-0.191519498,-0.153128138,0.152353824,0.225656966,0.18098864,0.815330326,0.186826383,-1.212567032,1.398314012,0.851436985,0.352501383,0.018311897,-0.52309818,8
1717,0.507107127,-0.492239419,1.57584531,-0.917024036,-0.851253531,-0.798646506,0.709441395,0.793446133,0.928038429,-0.773013689,-0.849428488,-1.000150126,0.034849082,-0.152902195,0.693926019,1.247258379,-0.403747875,-0.62176819,-0.085037043,-1.084693669,1.087127544,2
1719,0.760787531,1.303536573,2.048554056,-1.789188416,-2.138318122,-2.063145926,1.194215621,1.197654076,1.353863992,-1.173659526,-1.139107612,-1.217899119,-1.395110631,-0.780810979,1.891946401,0.988708662,1.174349073,-2.128124744,1.514771992,-1.370116168,-1.587720116,8
1721,1.103256076,1.229737559,-0.363472623,0.013482688,-0.359863265,-0.284750168,-0.633389372,-0.456096841,-0.092104052,0.670399142,0.464088865,0.051891323,-1.612466515,-1.025995972,0.899852907,-0.11765372,1.089028864,-1.790886371,-0.988048053,-0.761638926,0.129666703,6
1722,-0.761294892,0.245750715,1.333430568,-0.847592882,-0.55358262,-0.579653983,1.005659191,0.70683053,0.728809071,-1.086130712,-0.736802487,-0.769896089,0.364516699,0.203324947,0.400663823,0.812413353,-0.308326795,-0.012120785,1.354775864,0.406851877,-1.04727961,1
1724,0.316846824,1.389635422,-0.521042205,-0.48779078,-0.267468527,-0.188554724,0.013123602,-0.261942822,-0.059515922,-0.015094964,0.29732703,0.067499709,-0.992676693,-1.024968734,1.003845223,1.346789544,-0.183774981,-1.855585951,-0.217197639,0.578478378,0.733378497,7
1726,-0.761294892,0.491747426,0.000149489,-1.237890655,-0.88193289,-0.850229652,1.353552197,0.96483126,0.815664069,-1.253244744,-0.835202835,-0.596060676,0.898522861,0.763346641,0.781253731,1.168335405,-0.190693384,0.412788319,-1.408310048,1.174635912,2.177748054,7
1727,-1.141815497,0.245750715,0.12135686,-0.608001166,-0.515777191,-0.446637733,0.691939077,0.522725606,0.782562055,-0.773554885,-0.572493947,-0.88273146,-1.144539705,-1.12149704,0.046527582,0.090578504,-0.080991199,-1.363559251,1.278701494,0.659455463,-0.886268641,7
1729,-1.192551578,1.598732626,1.818260051,-0.861413803,-0.404925228,-0.47452987,0.851865716,0.200584696,0.080142398,-0.582007788,0.059625158,0.280895287,1.082251631,1.171733881,0.433725549,0.23561525,0.318229381,1.118881844,-0.740024246,1.735551694,-0.225223643,2
1730,1.699405024,-0.000245997,-1.090716848,-0.779637937,-1.161436612,-1.100801382,0.266526271,0.659642697,0.763841412,-0.268676935,-0.657969998,-0.73144945,-0.899291798,-0.529381717,1.353447333,0.855721624,0.700374534,-1.487681043,0.680854077,-1.965757838,-0.020205393,2
1732,2.10529367,0.122752359,-0.933147266,-2.042201915,-2.361206463,-2.324423735,1.004632454,1.433126849,1.780537691,-1.075551643,-1.517284347,-1.889341442,-0.511826199,0.065737391,2.899769661,2.20818756,1.195692624,-1.75998883,0.49087836,-1.046489717,-1.146447801,5
1733,-0.63445469,-0.000245997,0.812238874,1.2329437,1.842732445,1.866102929,-0.996856524,-1.49545693,-1.670642818,1.064732354,1.585958531,1.793460063,0.075329041,-0.86868212,-2.317987404,-0.658618556,-2.041475573,0.436058136,-1.662872336,1.502166688,0.718879411,8
1734,0.760787531,-0.799735308,-0.618008102,-1.171715471,-1.774794182,-1.774402472,0.989605432,1.57624897,1.708103723,-1.056584934,-1.678030442,-1.837753509,0.229555081,0.958047916,1.982457412,0.717840814,1.608341259,-0.117058972,1.470073691,-1.440505312,0.651393502,8
1736,-0.127093882,0.245750715,0.484978972,-0.156918602,-0.130474878,-0.105552152,0.159229025,0.089912147,0.094545884,-0.14552205,-0.069641362,-0.050490389,-0.444234189,-0.391745485,0.176434271,0.126741085,0.063131006,-0.577839766,-1.039838775,1.283694373,0.125679807,8
1737,0.760787531,-0.615237775,0.727393714,-1.135715246,-1.281870281,-1.282310656,1.102519485,1.321268469,1.255156407,-1.141995205,-1.339736716,-1.234892299,0.72794777,1.013160347,1.623868152,1.245458144,0.702732472,0.175811903,1.598421813,-0.08206469,0.364694968,5
1738,-0.507614488,0.737744137,-1.211924219,0.686695195,0.93076424,0.946595387,-0.702110133,-1.02455641,-1.022786336,0.751805446,1.080696587,1.075357374,-0.463262408,-0.866867405,-1.230845628,-0.530562275,-0.929541584,-0.250930635,-0.715352551,-0.869483534,0.238056926,5
1739,-1.395495901,-0.000245997,0.606186343,0.876228119,0.735651177,0.713958375,-0.494258342,-0.522821183,-0.381028229,0.466349809,0.440287599,0.225789647,-0.839531791,-0.720483243,-1.102150773,-1.52000652,0.162422676,-0.158381536,0.389030695,-0.49629217,-1.773052037,2
1740,0.380266925,-1.59922462,0.242564231,-0.408347978,-0.375370238,-0.356338155,0.514457331,0.74619269,0.457665818,-0.487197306,-0.673622734,-0.29973592,0.5477619,0.318963854,0.081616049,0.568948356,-0.434167866,0.327683079,-1.487607717,1.247667206,1.127558522,8
1741,0.887627733,0.737744137,0.12135686,-0.673914724,-0.829998815,-0.759246484,0.223487635,0.290170578,0.518189385,-0.235482594,-0.300280196,-0.543008595,-0.712441352,-0.414601383,1.096894564,0.696650273,0.565252183,-1.188514545,0.733829979,-0.869435693,0.814238956,8
1742,-0.380774286,0.737744137,-0.727094736,-0.290357924,-0.047125447,-0.167475718,0.444556137,0.187894459,-0.021728142,-0.47975121,-0.189116266,0.051138433,1.616676377,1.451515768,0.213984768,0.50349578,-0.173592316,1.590988811,0.906341979,-0.184873705,-2.18207917,5
1745,0.253426723,-0.73823613,-0.121057882,-1.244001803,-1.810977359,-1.825132258,1.357575306,1.924232698,1.777836716,-1.434159137,-1.965423773,-1.766759277,0.887568446,1.565685977,1.818127112,0.58463713,1.574274427,0.709920746,0.751085715,1.191680596,0.949117341,8
1747,0.253426723,-0.320041721,0.969808456,-1.17426935,-0.716663983,-0.787702201,0.82000243,0.57653843,0.253632817,-0.385941105,-0.171165308,0.277396556,1.723215319,1.350614825,0.359365512,1.134144446,-0.611890325,1.378805192,-0.280977599,-1.337979873,0.876967104,5
1748,-0.507614488,0.688544795,-0.727094736,-1.406118765,-1.681954254,-1.717465369,1.451520558,1.51352237,1.566465699,-1.530519789,-1.573321175,-1.600349924,0.189489456,0.842032999,1.589234083,0.421371608,1.438816024,-0.005796041,0.972252801,0.357644936,-1.993605036,7
1749,0.887627733,0.983740848,0.000149489,0.975503759,1.082154695,1.121428988,-1.237838481,-1.400025943,-1.387123437,1.329889603,1.480390702,1.464854205,-0.403391727,-0.481117262,-0.411787431,-0.287158117,-0.214978102,-0.311272814,-0.32769509,0.465501234,2.342267004,7
1750,0.507107127,-0.123244352,1.212223197,0.262472264,-0.198345485,-0.21482404,-0.368281059,0.045107654,0.130625103,0.324582958,-0.100901936,-0.202669701,-0.883273736,-0.452747818,0.246537687,-0.603748677,0.833847173,-0.694843543,0.502727321,-0.562101382,-2.061697381,4
1751,-1.141815497,-1.328628237,0.242564231,0.994907482,1.339912289,1.336450948,-0.45071145,-0.593345335,-0.539954999,0.285546321,0.421137504,0.251815521,0.219372415,-0.452955889,-1.672403203,-0.507330649,-1.434973804,0.521340182,0.124597765,0.930554618,0.240201692,8
1752,0.126586521,0.012053839,-0.484679994,-0.700244021,-0.412117565,-0.352206283,0.433954791,0.208771473,0.166036769,-0.272190571,-0.044691844,0.08642351,-0.114311513,-0.387600875,0.126291247,0.772183861,-0.606586743,-0.541123543,0.100894934,-1.128814002,0.600179014,8
1754,1.217412257,-0.861234486,1.212223197,-1.313329378,-1.577153131,-1.621457441,1.033084346,1.494940698,1.3654789,-1.049974215,-1.434199407,-1.239629847,0.401475083,0.643950057,1.563753327,1.294167059,0.572543392,-0.225271086,-0.781431084,2.247003294,-1.550769003,5
1756,0.557843208,0.860742493,-0.242265253,-1.101722653,-1.160162194,-1.109063915,0.669708212,0.558995987,0.587816721,-0.686788511,-0.488685141,-0.467813605,-0.223213999,-0.110195052,0.905728613,0.845564081,0.219887445,-0.70522963,0.047407721,-0.431059056,0.120499069,8
1759,0.253426723,0.430248248,-0.242265253,-1.371782611,-1.417200341,-1.472088473,1.105662169,1.066222734,1.180163774,-1.177948331,-1.127778087,-1.256143858,0.778036042,1.152409513,1.340625988,0.703411252,0.902096657,0.521003655,-1.149890332,-1.899251431,-0.85788716,5
1760,0.887627733,1.475734271,0.484978972,0.424045865,0.722502044,0.79273399,-0.826092516,-1.186713481,-1.010792245,0.898327513,1.280256882,1.10332668,-0.962509248,-1.195516546,-0.059446787,0.524203656,-0.616212576,-1.384430417,2.186718193,1.553753124,0.578806055,6
1761,-1.014975295,-0.615237775,-0.363472623,0.095814623,0.173760415,0.067515354,0.383148414,0.352498582,-0.012163728,-0.405948995,-0.359612107,0.048576501,1.51272914,1.339645068,-0.461037502,-0.277287467,-0.202700031,1.885815943,-1.654133674,0.419754333,-0.787678119,6
1762,-0.406142326,-0.369241064,0.848601085,-0.689240963,-1.113212085,-0.994438744,0.559256665,0.862033049,1.254117489,-0.62383827,-0.951037899,-1.421285472,-1.815343315,-1.27189007,0.671339822,-0.278852046,0.97238226,-1.938530938,0.25395019,-2.035952244,0.500357756,8
1763,1.42035658,-0.369241064,-1.490701172,0.30798972,0.320746219,0.339156114,-0.650283282,-0.457637755,-0.477810177,0.720404885,0.500822745,0.537292796,0.2083066,-0.005323392,0.007198526,0.471741471,-0.440090125,-0.010895584,0.37082703,0.223207124,0.958922873,1
1764,-1.446231982,0.245750715,0.278926442,-0.012058845,0.378972683,0.384407362,0.515358545,0.02592999,-0.104567263,-0.568410422,-0.017668309,0.135155061,0.241340931,-0.207235039,-0.92847552,-0.121864734,-0.946538025,0.342053428,0.79429951,-0.053575425,-0.120322423,5
1766,0.253426723,-0.246242708,0.484978972,-0.62128544,-1.020518214,-0.983647569,0.560941587,0.795434291,0.716992134,-0.531203613,-0.727227488,-0.563187045,-1.28708341,-0.899910609,0.671829579,0.032086432,0.693467458,-1.496357124,-0.6366351,-0.952302819,-1.856817431,5
1770,-0.127093882,-0.443040077,0.606186343,0.039068185,-0.390667931,-0.349162185,0.010127681,0.413618864,0.50771227,-0.012956326,-0.462108022,-0.581900539,-0.398141146,0.198865768,0.570281109,-0.626931381,1.250932741,-0.124946843,-0.01861925,1.666805604,1.691309962,5
1772,0.507107127,0.614745781,-0.727094736,-2.254423216,-2.112116504,-2.065999015,1.872604151,1.760964824,1.819143552,-1.882662513,-1.732938679,-1.722586255,0.544816883,0.802088926,2.383605341,2.229579581,0.621088541,-0.556869081,-1.807003281,0.220892433,1.157696496,5
1776,0.126586521,-0.123244352,-0.630128839,-0.155638732,0.210329894,0.263765923,0.026058238,-0.221525992,-0.194514654,-0.029459485,0.2418171,0.215884093,0.007876796,-0.508127217,-0.456444111,0.610881986,-1.119698992,-0.315094014,-1.110061571,-0.681742656,0.639851585,8
1778,0.507107127,-0.492239419,-0.605887365,-0.295820544,-0.38387184,-0.417651989,0.247413699,0.410178703,0.359256297,-0.253476797,-0.426117313,-0.360163227,0.304418935,0.424954482,0.380987638,0.161885383,0.296617275,0.263989193,-1.155385983,0.764614204,-1.428424355,8
1779,-0.253934084,-0.467639748,0.12135686,1.130996944,0.78902623,0.825181135,-0.924522885,-0.606847082,-0.540572989,0.816310077,0.495621329,0.337766244,-0.79697098,-0.675094978,-0.797324884,-1.165406906,0.173435608,-0.29762185,0.389987923,-0.274573403,1.512167099,5
1780,-0.127093882,1.451134599,-0.95738874,-1.381380541,-0.602326908,-0.51059261,0.996653764,0.181368799,0.44015368,-0.896234313,-0.038484996,-0.235030189,-0.700662458,-1.252489504,0.528385262,1.92135844,-1.278612695,-1.824833213,1.679980018,1.171793503,-0.391552643,5
1781,-1.141815497,-0.984232842,0.0365117,-0.617015365,-1.072258225,-1.128425244,0.993924064,1.429260034,1.390952716,-1.093606819,-1.554327851,-1.542774037,0.746104356,1.421960672,0.909540139,-0.485027484,1.553168244,1.114914013,-0.218299753,0.043656447,0.237689008,7
1782,1.014467934,-0.147844023,0.921325507,0.516869988,0.928656755,0.901954286,-0.613036625,-0.816164709,-1.0734875,0.68697672,0.909686239,1.227753156,0.847529929,-0.107252895,-0.982829717,0.902113887,-1.976462803,0.49544168,-0.579439971,0.092815951,-0.27186073,7
1784,1.889665327,-1.636124126,-1.33313159,-0.391311825,-1.384298725,-1.431842468,0.099654128,1.276001444,1.036664301,-0.07472798,-1.214618642,-0.914098626,0.347257828,1.178625809,1.658304306,0.091056297,1.845229396,0.35081027,0.094926295,1.45379617,0.424048803,8
1785,-1.522336103,0.159651866,0.424375287,-0.957404197,-0.367403143,-0.376942206,1.270561788,0.685009151,0.667462048,-1.334719107,-0.69181565,-0.66631379,0.463276325,-0.255067512,-0.654173118,0.793789646,-1.50698192,0.111272429,-0.670537362,-1.671857069,-1.441628737,7
1789,-1.522336103,1.684831475,-0.363472623,-1.519476004,-0.730944789,-0.729075459,1.599788029,0.626623421,0.5157553,-1.505803873,-0.45624162,-0.251107382,0.938227996,0.322919919,0.319137137,1.689613478,-1.228845305,0.181822549,-0.511369109,-1.777719722,0.138090982,7
1790,1.014467934,-1.107231197,-1.527063383,0.048762189,-0.459290496,-0.434357633,-0.364912863,0.288998353,0.541709183,0.399277027,-0.322912571,-0.616734197,-1.380129411,-0.795489325,0.439863352,-0.680666731,1.111652816,-1.225098723,0.189188996,2.192368128,-1.722044131,6
1792,-0.253934084,0.36874907,-0.727094736,0.113904914,0.353022658,0.370342991,-0.097620091,-0.309982061,-0.23309952,0.089073113,0.288421149,0.186786441,0.159648701,-0.0238338,-0.216258672,0.140887897,-0.380189726,0.108736771,0.090492242,1.209015786,1.056285991,2
1793,-1.014975295,-0.615237775,0.242564231,-0.970071791,-1.128559288,-1.148610802,1.339091448,1.452574089,1.275231646,-1.411697838,-1.465922394,-1.242196946,0.371780165,0.51730132,0.530605514,0.279514302,0.358590128,0.278995497,-0.564196598,-0.567559765,-0.981128143,7
1794,0.633947329,-1.168730375,0.000149489,0.32427746,-0.064938517,-0.000717395,-0.468708858,0.013099784,0.113535352,0.519764276,-0.024126212,-0.144588037,-0.916750723,-0.60828436,-0.047914217,-0.679350137,0.564939044,-0.693205105,-1.538813307,0.360638209,1.160985216,8
1795,-1.294023739,-0.061745175,-0.121057882,-0.519007009,-0.080481393,-0.082005483,0.876087887,0.565657953,0.571931045,-0.982922081,-0.626081763,-0.646168224,0.758727369,0.102317319,-0.52025924,0.792559698,-1.338656195,0.451506786,1.839284295,0.56714794,0.131965123,7
1797,-1.268655699,0.491747426,0.848601085,0.286973979,0.170952922,0.320416221,0.027187924,-0.156061181,0.012527526,-0.04479935,0.117009027,-0.048703068,-1.629877532,-1.531504544,-0.430834961,-0.611833099,0.027038971,-1.548675634,-1.451042527,0.253583188,1.648084326,2
1802,0.151954562,-0.369241064,1.091015827,-0.822869456,-1.356201194,-1.295057643,0.485632108,1.016792135,1.393938601,-0.543001822,-1.127212388,-1.588643137,-1.083509468,-0.165042374,1.640655854,-0.016964074,1.87058016,-1.236348658,-1.023253622,2.062697133,0.399340369,5
1803,1.648668944,-0.307741886,-1.99977213,0.586638229,0.728460953,0.616330258,-0.67453622,-0.662909009,-0.990262586,0.751059849,0.734449097,1.131794825,1.624622793,1.124167332,-0.516656815,0.38169152,-0.900839058,1.664754166,-0.093257951,-1.178440819,-1.036266054,1
1804,-0.127093882,0.307249892,-0.096816408,-0.299609931,-0.205535234,-0.173161914,0.203640034,0.102745951,0.252662106,-0.223131487,-0.108630729,-0.28145398,-0.53742056,-0.626423878,0.192638297,0.470348725,-0.254814257,-0.867270847,1.145352223,0.217159559,-0.207323656,8
1805,-1.522336103,0.491747426,1.733414892,-0.370989438,-0.34053937,-0.293092036,0.538540281,0.360879763,0.498817073,-0.604424275,-0.398958076,-0.569791087,-0.77460395,-0.675778638,-0.13428091,-0.32331989,0.125937346,-0.718743711,-0.151172228,-0.783186523,-0.262413237,1
1806,0.887627733,0.860742493,-0.121057882,1.253886353,1.49221056,1.518087998,-1.474242955,-1.771305138,-1.758740698,1.571182937,1.825153804,1.831933561,-0.274533575,-0.531028266,-1.113707128,-0.734700542,-0.588456961,0.07430831,-1.467401695,-0.349927231,0.59881908,8
1809,-0.63445469,-0.18474353,0.242564231,-0.277647897,-0.310028294,-0.330196935,0.569069102,0.540994974,0.354765683,-0.499377982,-0.4852081,-0.242054127,0.712263047,0.927391061,0.111365629,-0.403151626,0.548734856,1.032572805,-0.317777751,0.10581814,0.881955078,7
1812,-0.520298508,0.737744137,0.242564231,-0.471043164,0.421776192,0.416195442,0.548160397,-0.280976064,-0.37638404,-0.603879652,0.309075401,0.421981239,0.799621582,0.081953325,-0.37570837,1.099479078,-1.467008255,0.335651113,-0.021126116,-0.09579313,0.450495976,8
1813,1.242780298,-0.861234486,-0.242265253,-0.369295736,-1.122047123,-1.196627817,0.058651929,0.927790547,0.962376213,-0.060527801,-1.01314282,-1.067195752,0.886227171,1.664489055,1.415805324,-0.120397184,1.791603367,1.082485759,2.039755934,-2.071729721,-0.559028711,8
1814,-0.507614488,-0.762835801,0.969808456,0.909637197,1.298574543,1.285278216,-0.527153432,-0.66448157,-0.952548662,0.582858402,0.730879249,1.067570695,0.314273979,-0.541201885,-1.731682974,-0.174756829,-1.821848724,0.453945978,-1.248409928,1.518051051,0.044934739,8
1815,0.126586521,0.885342164,-1.33313159,-0.955320538,-1.181426007,-1.165804922,0.659026868,0.670490208,0.952975753,-0.731576244,-0.736151867,-1.065697905,-0.26513552,0.349508229,1.50166749,0.436142109,1.30446164,-0.536164596,1.004284976,0.13157549,-0.128086485,5
1816,-0.482246447,0.36874907,0.484978972,-0.043487729,-0.085382187,0.008913498,0.048981295,-0.067608485,0.094996537,-0.055847834,0.075933767,-0.112559102,-1.373803185,-1.249163391,-0.171062798,-0.379767609,0.113399027,-1.377491222,-1.62396352,-0.372853359,0.976421578,1
1817,0.228058683,-0.492239419,-0.508921468,1.772472415,1.611273581,1.552816816,-1.584355106,-1.401474881,-1.574045237,1.662609137,1.432793884,1.607175537,0.087476896,-0.117357409,-1.357597168,-1.169282423,-0.434821816,0.7209899,-0.105609957,-0.448739235,-0.802355115,5
1818,-0.00025368,0.860742493,0.133477597,-0.615550791,-0.530359078,-0.460444763,0.457148166,0.206475947,0.326350709,-0.440410577,-0.168278157,-0.266455437,-0.440615812,-0.321367924,0.591847267,0.473080771,0.208525512,-0.757456335,1.091942107,0.160724513,0.922263407,8
1819,1.648668944,-1.119531033,0.000149489,-0.101869267,-0.124792908,-0.228836425,-0.152081932,0.264242217,0.017410455,0.158307759,-0.282870451,-0.021175452,1.884356035,1.889402019,0.62358019,0.590987182,0.226688971,1.85222616,-0.582284923,1.004325508,0.627428572,8
1820,-0.63445469,1.734030817,1.345551305,-0.598206027,-0.0476882,0.05780067,0.436067959,-0.315568684,-0.032666367,-0.45147461,0.355803158,0.060230495,-1.115524846,-1.576522049,-0.131375687,0.960962378,-1.128853986,-1.792055247,1.551011001,-1.585226969,0.263561432,6
1822,0.253426723,1.67253164,-0.242265253,-0.659030239,-0.91217295,-0.900860382,0.386766752,0.318428861,0.493886915,-0.389557909,-0.306160129,-0.464905604,-1.153652346,-0.495081546,1.212718715,0.059742365,1.298135654,-1.357670691,0.562277718,0.611883554,-1.821359422,8
1823,0.633947329,-1.476226264,-1.478580435,0.484527998,0.047547197,0.0242645,-0.422150287,0.166787665,0.023612409,0.413183866,-0.216229035,-0.076549316,0.414331993,0.648700904,-0.004392185,-0.562019863,0.556411459,0.774439607,0.8213649,-0.467674595,0.597796314,4
1824,-0.380774286,0.983740848,0.097115386,0.122821067,1.034685896,1.052630596,-0.268898839,-1.071393606,-0.780797264,0.233072473,1.015448286,0.650716562,0.1246333,-0.808618122,-1.072170232,0.80184363,-2.012464153,-0.282226352,0.211426132,-0.17503009,-0.06593863,8
1826,-0.507614488,1.78323016,-0.363472623,-2.269657542,-1.669032002,-1.741687713,1.80468671,1.058485735,0.941932861,-1.276029833,-0.53598691,-0.265574127,0.821257597,0.793295235,1.514041326,1.80925968,0.033296167,-0.016106277,0.059042229,1.228360078,-1.414750453,5
1827,0.633947329,-1.353227908,0.12135686,0.039544787,-0.143154626,-0.117707714,-0.026480891,0.345520001,0.229802951,0.030094002,-0.373841648,-0.248662118,0.630583911,0.484677419,-0.014896463,0.261554405,-0.244671221,0.585985931,-0.463897319,-1.192953669,2.135962394,8
1829,-0.253934084,0.885342164,-0.605887365,0.255186118,0.722971957,0.818877205,-0.293224828,-0.810622343,-0.781483021,0.331267784,0.909640743,0.898789006,-1.513189412,-1.982793999,-0.84017421,0.163598315,-1.193073215,-1.826019014,0.724302176,0.779433764,-0.579610442,8
1830,-0.368090266,1.229737559,-0.278627464,0.808679662,0.612083422,0.492486017,-0.630707709,-0.713851137,-0.93838108,0.693329978,0.755468436,1.002202077,1.119537327,1.599982409,0.011356698,-1.148244828,1.171548121,1.896043226,-0.730451784,-1.226909941,0.401644952,8
1831,1.001783914,-0.861234486,0.763755925,-0.248227869,-0.852623834,-0.754615775,-0.122095163,0.544044127,0.851772968,0.126608206,-0.589235122,-0.93219832,-1.750078889,-1.231310128,0.852487055,-0.012048212,0.926247014,-2.005090102,0.805021307,0.815811697,-0.197802256,5
1832,-1.065711376,-0.246242708,0.000149489,0.358434475,0.205114324,0.200193526,0.207423953,0.098958111,0.006625059,-0.220223785,-0.101163303,0.003148959,-0.209107215,-0.216627116,-0.713070935,-0.819181328,-0.040270553,0.194334573,1.002154075,-0.722323591,-0.636635994,6
1833,1.699405024,-0.369241064,0.242564231,-0.393580819,0.254461586,0.211218116,-0.19606399,-0.315103088,-0.39635199,0.21142749,0.339660311,0.435811058,1.30868976,0.637730786,0.293281767,1.755435658,-1.307289458,0.572692434,-0.915257972,1.918476807,0.50323874,6
1835,1.141308136,-1.082631526,0.606186343,-1.932036345,-1.797871767,-1.781824671,1.521667601,1.686089949,1.790748867,-1.535305353,-1.707361195,-1.792254658,0.684083413,0.853029877,2.041380038,2.00820325,0.445216698,-0.279333583,-1.197868375,1.882839151,0.554788151,5
1836,-1.268655699,0.135052194,-0.605887365,0.537408998,0.430225447,0.492089518,-0.165626246,-0.215629617,-0.251892709,0.183135308,0.239875969,0.287986933,-0.991301504,-1.110398325,-1.26472356,-1.168863523,-0.372130613,-0.519144811,0.347655263,-0.814475915,0.28047475,5
1837,0.253426723,-0.098644681,0.12135686,-0.431759326,-0.244772311,-0.289879663,0.296818455,0.224240474,0.231340744,-0.330359304,-0.247518777,-0.260965897,0.610676009,0.395747824,0.242849294,0.725709371,-0.396844101,0.316813664,-0.036049381,-0.565791752,-0.997665339,5
1838,0.760787531,0.061253181,1.333430568,-0.329752314,-0.336228547,-0.340056575,-0.054505253,0.028633302,0.196495215,0.061372041,-0.033148936,-0.231185006,-0.478061919,-0.351902199,0.881836448,0.806856584,0.219248851,-0.977604409,1.010917322,0.624314208,-1.400239487,5
1839,-1.636492284,1.106739204,-1.211924219,0.73253991,0.963360929,0.971021793,-0.015921017,-0.589381802,-0.844868573,0.017187692,0.659263617,0.974523466,0.053917693,-0.100054864,-1.429529565,-1.366696824,-0.328207896,0.787170454,-1.05007601,0.937738849,1.073560812,5
1840,1.762825125,0.614745781,0.848601085,0.971449981,0.790465734,0.689850255,-1.540199854,-1.20903971,-1.177474095,1.581393501,1.181717074,1.095228679,0.936986988,1.114864774,0.078886276,-0.375459573,0.493566448,1.276169105,-1.162530579,-0.688994876,-0.778901879,6
1842,-0.507614488,0.737744137,0.41225455,-0.384592642,0.131792905,0.058014205,0.461163736,-0.074716446,-0.188154585,-0.440561937,0.133732805,0.268096887,1.534780209,0.937111536,-0.127213466,1.071672972,-1.122241655,1.195372801,2.08182839,-1.148833193,-0.970917323,2
1843,0.380266925,-0.000245997,-0.327110412,0.387388923,-0.195767001,-0.079772719,-0.530767546,-0.061783398,0.153862485,0.499702074,-0.003298488,-0.24608004,-1.974587273,-1.251493957,0.225009737,-1.202718582,1.344273754,-1.631336918,-1.991063743,-0.071463391,1.627006821,7
1844,-0.00025368,-0.369241064,0.32740939,-0.956266023,-0.61351965,-0.657358651,0.965205769,0.740653855,0.705930735,-0.963837419,-0.709063619,-0.660103214,0.624307161,0.232183085,0.401279692,1.311181191,-0.780098087,0.021816708,1.286847258,0.344134486,-1.673455173,8
1845,-1.915540728,0.737744137,0.363771602,-0.43025706,-0.367668177,-0.307552102,0.740439364,0.463339143,0.559175693,-0.827707408,-0.505604275,-0.62793706,-0.551502341,-0.413813819,-0.087281179,-0.371185168,0.235877996,-0.436919692,-0.403980307,-0.603061627,0.733804125,7
1846,0.392950945,-1.4885261,0.848601085,0.054090561,-0.028132724,-0.094873081,0.00581627,0.391370236,0.285049738,-0.00609208,-0.440108368,-0.327595906,1.03864114,0.772624029,-0.134314024,0.35726096,-0.458797791,1.004209506,0.811226558,1.247612498,-0.619423754,2
1848,-0.380774286,-0.123244352,0.242564231,-2.433596111,-1.877061459,-1.875339442,2.222831031,1.855952022,1.759718412,-2.00559677,-1.646280083,-1.473634675,1.4010043,1.231446906,1.844190634,2.477206571,-0.207832006,0.295808297,0.584164829,-0.834947497,0.722449626,7
1850,0.126586521,0.245750715,0.727393714,-1.058680595,-1.58588159,-1.598099447,1.064576613,1.382449713,1.260884002,-1.116470921,-1.415982164,-1.235767534,0.221104672,0.949190923,1.282771637,-0.116487809,1.606490839,0.31594142,-1.549314985,-0.502704591,-0.183272766,5
1851,1.39498854,0.122752359,-2.048255078,-0.282678526,-0.199153288,-0.162574419,-0.186085947,-0.150664817,-0.02499229,0.206191315,0.165094123,0.02243777,0.022935545,-0.158181672,0.713510913,1.256685304,-0.390704678,-0.640463348,0.392433028,-0.597576793,1.100330436,1
1852,-0.253934084,-0.492239419,0.594065606,1.705827225,1.694062143,1.783983073,-1.580191745,-1.482627466,-1.250846985,1.403663886,1.288437438,0.974517605,-1.554588183,-1.842701411,-1.802339546,-1.38958301,-0.803669783,-1.049449416,0.604551308,0.536924117,-0.567113263,5
1853,0.126586521,1.598732626,1.454637939,-1.484796235,-1.079941017,-1.222543306,1.291064316,0.735616507,0.453100449,-1.089518787,-0.483985967,-0.107136183,1.97886384,1.783346149,1.245817757,1.776808898,-0.198053425,1.331627383,0.00094989,-1.303938115,-1.195781502,8
1854,-0.761294892,-1.476226264,0.363771602,-0.431880124,-0.99667654,-0.914770572,0.616310837,1.205638566,1.392308536,-0.67850666,-1.31408799,-1.547082866,-1.17020739,-0.379221983,0.620175707,-0.94373092,1.583803831,-0.844233638,-0.618384533,1.234749053,1.479167697,7
1855,0.126586521,-0.467639748,-1.575546332,-0.351669525,-0.248980874,-0.243908213,0.213146931,0.251590382,0.339261191,-0.240654965,-0.283399659,-0.394539909,0.081494253,-0.136609274,0.32070067,0.865896348,-0.46432338,-0.365796726,1.5118737,0.497968374,-0.432825325,4
1856,0.760787531,1.574132955,-0.46043852,1.415058656,1.726035124,1.723306504,-1.561772405,-2.008632738,-2.041764086,1.644624073,2.08730056,2.146151221,-0.34678312,-0.67649262,-1.444039255,-0.959730278,-0.755728328,0.110672759,-0.908716452,-0.556067673,-0.187092434,8
1858,1.521828742,0.860742493,0.945566982,-1.001702537,-1.380614688,-1.46537838,0.547344265,0.842156445,0.877671157,-0.551945257,-0.822402363,-0.84720888,0.41313733,0.898718944,1.842904373,1.081779496,1.101830811,-0.099169396,1.324789278,-0.034044907,-0.830240967,8
1859,-2.270693294,0.491747426,-0.484679994,0.03049746,0.337849358,0.230405971,0.647449539,0.219618952,-0.171697245,-0.714910071,-0.229792933,0.213447501,1.657159421,1.259674308,-0.849058566,-0.248712894,-0.673494423,2.036657068,-0.524196932,-1.099214967,-1.143915813,5
1860,1.255464318,-0.000245997,0.484978972,-0.615142423,-1.050247297,-1.022605382,0.195554825,0.677879418,0.983910858,-0.21882289,-0.750748203,-1.117698038,-0.324166443,0.57326033,2.116096987,0.54070124,1.911820552,-0.659494159,0.01646504,1.461742312,1.007084992,2
1861,0.380266925,-0.73823613,0.484978972,0.745207399,0.733499462,0.692948874,-0.606723051,-0.551697471,-0.792277717,0.680218022,0.610532307,0.900797319,0.348630116,0.132862134,-1.123042233,-0.884331773,-0.428668227,0.869949779,0.725418548,0.295326017,-0.857436224,7
1862,0.507107127,0.860742493,-1.478580435,0.74375253,0.856619862,0.920489788,-1.112624615,-1.267794703,-0.965747937,1.115650961,1.239024738,0.871531657,-1.48080129,-1.762545522,-0.941592712,-0.381155677,-0.781390803,-1.499734786,-1.511460411,-1.874491334,0.355862979,8
1864,1.356936479,-1.414727086,1.030412141,0.423013736,-0.163178664,-0.27501503,-0.401015179,0.426208475,0.121531092,0.449309299,-0.467553443,-0.12812188,1.954449538,2.299695923,0.684948616,-0.103661412,0.973523452,2.301385068,0.47575435,0.630345392,1.611685488,5
1865,0.253426723,0.799243315,-0.242265253,0.268179962,0.0654793,0.075694779,-0.480989142,-0.444511087,-0.313950398,0.513561753,0.468995028,0.319320096,-1.148907238,-0.703279754,0.230279632,-0.636915199,0.836232024,-0.982555078,-0.204838431,-0.599957928,-0.992544231,7
1866,-1.141815497,-0.246242708,1.091015827,-0.532178503,-0.260542511,-0.271328444,0.86391304,0.657775095,0.604479503,-0.939731523,-0.700830121,-0.641054684,0.742970827,0.301085845,-0.28627949,0.592357759,-0.874578131,0.539628263,1.269850577,0.219528981,-0.173237752,7
1867,0.633947329,0.491747426,-1.454338961,1.130520444,0.973301188,0.959777689,-1.352602673,-1.275616769,-1.194021462,1.421566001,1.308875413,1.190778017,-0.734761597,-0.421787476,-0.366683566,-1.08405153,0.595563533,-0.269289371,-0.597818617,0.897633333,-0.29117321,5
1868,-0.127093882,-0.369241064,1.091015827,-0.982156896,-1.070879183,-1.051003159,1.047410888,1.138873327,1.149794774,-1.081411895,-1.161260214,-1.149587834,0.051091127,0.250394571,0.89745907,0.621486542,0.438674476,-0.271051892,1.007298446,-0.051149343,0.094227912,5
1869,0.380266925,-0.492239419,0.606186343,0.136804427,0.567147383,0.560409305,-0.202969848,-0.407176035,-0.526833365,0.222809644,0.447647447,0.591241906,0.562738253,-0.327439944,-0.874802114,0.907900549,-1.868765979,0.165040959,-0.624789866,-0.517534856,-0.311086308,5
1872,-0.127093882,1.598732626,0.242564231,-1.114292772,-1.424329083,-1.402993262,0.969822407,0.991666745,1.154976926,-0.975758101,-0.97925906,-1.134140701,-0.689640017,0.119259551,1.842279886,0.43971373,1.67772563,-1.025971289,1.084279265,-1.755117509,-0.501303256,1
1873,-0.507614488,-1.476226264,0.484978972,1.553160501,1.608065488,1.653575712,-1.224701669,-1.118112863,-1.188074843,1.162757148,1.03454918,1.07356557,-0.202903841,-0.773721529,-2.046391514,-1.149711014,-1.262868548,0.376850808,-0.078134466,1.574104677,1.411897928,8
1875,-0.444194387,0.122752359,-0.933147266,-0.39600373,-0.341093863,-0.43205626,0.650025257,0.633461602,0.457728564,-0.728675826,-0.699587964,-0.509559452,1.792766096,1.665060521,0.348983867,0.567474985,-0.072091943,1.75943178,1.148434616,-0.626266757,1.124277331,6
1876,1.762825125,0.491747426,0.32740939,0.473986533,0.385045492,0.350654593,-0.958521725,-0.903923502,-1.007647067,1.068113068,0.992392102,1.122181963,0.491663469,0.72601129,0.63989313,0.201868473,0.565218959,0.457986003,-0.826381253,-0.182670179,0.509770985,7
1877,-1.014975295,0.122752359,0.606186343,-0.086141571,-0.471343298,-0.376680137,0.139027674,0.306233824,0.646167929,-0.154199993,-0.33605764,-0.727200748,-2.36388065,-1.856546571,-0.063643241,-1.034399721,0.831143288,-2.168091598,-0.618565065,0.529095585,-1.264458195,7
1878,1.521828742,-0.725936295,-0.727094736,1.086123284,1.535569815,1.479853201,-1.307846117,-1.38112041,-1.416443395,1.21569165,1.268566933,1.23732238,1.074761137,0.281236756,-1.154539618,0.318270769,-1.600244864,1.06641369,-0.659727585,-1.3554619,0.372901247,5
1879,-1.014975295,1.340436079,0.363771602,-1.130744931,-1.132114085,-1.171111151,1.350082839,1.075569353,0.778443218,-1.257824091,-0.928064564,-0.511174892,1.244106966,1.549289371,1.244138205,0.707968136,0.805193275,1.054272273,1.482426951,-0.319407549,0.735438948,8
1880,-0.507614488,-1.291728731,0.606186343,0.547883398,0.655124791,0.633144122,-0.279193626,-0.185651478,-0.27314287,0.300842745,0.191728172,0.279979384,-0.111566225,-0.455054688,-1.123426892,-0.563628985,-0.75872314,0.170843318,-0.727839768,1.288640404,-1.135254638,8
1881,0.126586521,1.537233448,-0.969509478,-0.792524453,-0.982824423,-0.861551004,0.441367874,0.2889575,0.683027975,-0.481002075,-0.304541419,-0.741971074,-1.776650581,-1.212389372,1.122056083,0.210019979,1.02200045,-2.153464971,0.063092851,-0.888392834,0.741067997,8
1882,0.253426723,-0.984232842,0.363771602,1.563714673,0.705842523,0.695189588,-1.358565115,-0.563638198,-0.648884563,1.314827357,0.476202216,0.54298018,-0.36156018,0.017190401,-0.545977943,-1.47395661,0.781135612,0.366548234,0.848677277,-0.593792969,0.374417026,5
1883,1.014467934,1.352735915,0.484978972,-1.001943512,0.045388729,-0.026964122,0.533878326,-0.272827792,-0.289392161,-0.441896829,0.372108507,0.407212522,1.686625198,1.062345868,0.500498118,1.869728279,-1.16264777,0.946432837,-1.863183599,1.809474649,0.053456605,6
1888,-0.380774286,0.786943479,1.260706146,-0.808557319,-0.673821777,-0.639274844,0.732915354,0.437370386,0.453015101,-0.647834656,-0.335249447,-0.29175784,-0.111090472,-0.037979591,0.574853717,0.531260861,0.14605597,-0.409582371,0.635064072,-0.588929981,0.49443165,1
1889,0.126586521,0.983740848,-0.969509478,0.088529668,0.111466398,0.079524943,-0.148266112,-0.278717488,-0.302623116,0.153699321,0.28539074,0.303971516,0.58796657,0.744079672,0.280057806,-0.059914532,0.406342672,0.707581409,-0.313167022,-0.690063007,0.685741183,7
1890,0.253426723,0.122752359,0.484978972,-0.089780081,0.163575991,0.254151019,-0.150879541,-0.332512385,-0.058779487,0.134124447,0.304885528,0.010392048,-1.176280932,-1.427618463,-0.324505568,0.264827774,-0.680493836,-1.492502046,-0.894161097,1.673662972,-0.444956789,4
1891,-1.014975295,0.245750715,0.363771602,0.104195944,-0.340503245,-0.412749164,0.313218467,0.499512134,0.298311335,-0.301238113,-0.473041244,-0.249887702,0.246733031,0.841265391,0.399113848,-0.874691222,1.31938725,0.747717131,-0.10179846,0.017069636,-0.427747582,7
1892,1.141308136,-1.476226264,-1.272527905,0.594533571,0.828373186,0.814834408,-0.779352014,-0.602872673,-0.549913877,0.6939804,0.493046568,0.373076413,0.501088311,-0.134037041,-0.84759497,0.373297632,-1.321928256,0.377854544,0.345439235,-0.210155967,0.032784688,1
1893,-0.380774286,1.106739204,1.636448995,-0.685962412,-0.08083084,-0.013226547,0.560579631,-0.1003624,-0.0055213,-0.484281074,0.182732708,0.118064631,0.110819122,-0.299644526,0.143271888,1.082940664,-0.878712676,-0.447260148,1.136839248,0.000294077,1.509107381,8
1894,-0.63445469,-0.123244352,-0.363472623,0.358384458,-0.056320294,-0.149427029,-0.090401334,0.213214776,0.03586314,0.098508592,-0.199693335,-0.01823762,0.535106974,0.964263453,0.013324573,-0.986669801,0.993256613,1.138582946,-0.20269889,-0.459963612,-1.08084111,6
1895,-0.558350569,-0.246242708,0.727393714,-0.149722155,-0.015459052,-0.044279244,0.301428448,0.182302933,0.057437618,-0.299057242,-0.154874338,-0.007658469,0.463168754,0.214950082,-0.393380952,0.051434255,-0.486028099,0.505058798,-1.361364251,-1.518822905,-0.864137523,7
1897,0.380266925,0.03665351,1.515241624,1.043037263,1.329431431,1.476626781,-1.137643173,-1.349394412,-1.388200663,1.25146086,1.475699514,1.549529156,-1.550256297,-2.051654874,-1.508515801,-0.560754686,-1.266363512,-1.484264927,0.183997932,-1.815950418,0.384908826,7
1898,1.39498854,1.463434435,0.12135686,-0.556009918,-1.125339676,-1.222935537,0.046408671,0.3817583,0.551972769,-0.045891432,-0.410244628,-0.609923029,0.079812837,1.154150656,2.253550567,0.277729364,2.342266113,-0.055635025,-1.170303907,0.361534146,-0.282475568,8
1899,-0.888135093,0.36874907,-0.242265253,1.393441165,1.752118095,1.752703698,-1.094871292,-1.51634493,-1.406352403,0.942257816,1.331755814,1.184316845,-0.42048909,-1.064454308,-2.027898543,-0.947164453,-1.446632575,0.01928984,1.44964314,0.2498972,-1.580254459,5
1901,0.633947329,-0.332341557,-1.696753702,0.465109826,0.139183327,0.226167121,-0.608372908,-0.300816479,-0.209991399,0.68689462,0.33542767,0.237135701,-1.727188211,-1.157068095,0.125149742,-0.99781364,1.040386881,-1.455711611,0.488902633,1.520987402,1.474462108,1
1902,-1.255971679,1.168238382,0.084994649,-0.23698692,-0.007660552,-0.066348012,0.607788168,0.186335812,0.042500008,-0.686086272,-0.20468522,-0.039832824,1.368649426,1.284970696,-0.209737962,-0.166591828,-0.025034316,1.661477928,-1.310459675,-1.749394101,0.435634208,1
1903,0.494423107,-1.131830868,1.854622263,0.217738762,0.286511027,0.266710785,-0.159608082,-0.021409202,-0.112483234,0.182387229,0.023719891,0.131367706,0.572574883,0.028059361,-0.743011208,0.289698894,-1.116967646,0.50437818,1.615575076,-0.198835348,-0.557229961,3
1904,-0.00025368,0.282650221,-0.605887365,-0.100438532,0.028777687,0.081069298,-0.025841542,-0.134351602,-0.064006192,0.029392761,0.152864183,0.074425889,-0.835174885,-1.035150201,-0.06507295,0.433791552,-0.529899468,-1.190101845,-0.930381787,0.456797703,0.13678178,3
1905,0.126586521,0.356449235,-0.121057882,1.089371435,1.391626592,1.41330022,-1.035068071,-1.359891653,-1.485468976,1.137352402,1.473191211,1.631161743,-0.433790808,-0.633968818,-0.932613926,-0.632550234,-0.484387166,-0.162939904,-0.123153046,1.158017994,0.576275601,8
1906,-0.253934084,1.352735915,-0.121057882,-1.23129175,-1.378135095,-1.35793071,1.017046753,0.927440711,1.175278743,-1.117122996,-0.986732521,-1.274514428,-0.361380414,-0.000926551,1.374689371,0.861572948,0.741421394,-0.872528221,1.473992046,-1.737040351,-0.673848624,1
1907,0.507107127,-2.091218042,0.606186343,0.622204452,0.555629315,0.478884356,-0.362755563,0.089966624,-0.191295962,0.408972788,-0.103722262,0.219850258,1.075732837,0.739406572,-0.862048389,-0.357317379,-0.607241032,1.426012379,-0.137499183,2.398282576,-0.454927598,8
1908,1.268148338,1.229737559,-0.848302107,0.668812147,0.314631522,0.345247201,-1.216751723,-1.114442821,-0.905225003,1.254326988,1.137331679,0.898570819,-1.326127851,-0.766428049,0.331836352,-0.757898857,1.063672622,-1.122050049,-1.294288329,-2.285257159,-0.405529591,7
1909,-0.63445469,0.491747426,-0.121057882,-0.330281983,-0.32111444,-0.378744502,0.590216602,0.467573514,0.280586569,-0.57172089,-0.439151135,-0.221138895,1.006967771,1.342607973,0.591151095,-0.122449577,0.844189274,1.222350081,-0.071069157,0.530091935,0.441658636,7
1910,-0.761294892,-1.144130704,0.848601085,-0.045154498,-0.254616379,-0.225408557,0.2604436,0.496009462,0.578514163,-0.281061178,-0.539388984,-0.640152179,-0.862493928,-0.85118796,-0.479873134,-0.533328326,-0.074189631,-0.708326493,-0.258913216,0.421465875,-0.900496197,7
1911,0.380266925,-0.467639748,0.363771602,-0.482244164,-0.214349319,-0.178833151,0.363017679,0.284301158,0.320376474,-0.398022142,-0.309546694,-0.355940628,0.597319054,0.138547983,0.117775316,1.123943968,-0.927924441,0.090149633,1.34391654,-0.917943064,1.565338728,5
1912,-0.380774286,1.734030817,-1.090716848,-0.081365266,0.22391285,0.163898587,0.164247566,-0.272418828,-0.413621616,-0.183398391,0.30929065,0.482727366,1.195600689,1.142644855,0.468592148,0.58800259,0.021874788,1.062177095,-0.790388205,2.206149652,0.128848369,7
1914,1.572564823,0.81154315,-0.484679994,-0.758949236,-0.412868965,-0.467725598,-0.036303145,-0.155403451,-0.146347807,0.04191959,0.17724265,0.17211767,1.387053004,1.101974987,1.42323592,2.234341361,-0.460304206,0.40864273,-1.293741213,-1.207527334,-0.555113728,7
1915,-0.127093882,-0.762835801,0.606186343,1.266032712,0.647924664,0.711926547,-1.143814429,-0.603717024,-0.613401813,1.226176597,0.629433305,0.641342182,-1.71673015,-1.343695157,-0.93969926,-1.828905403,0.613576382,-1.002695991,1.175472509,0.104764339,0.531247146,5
1916,0.760787531,1.25433723,0.606186343,-0.744994036,-0.078759499,-0.152105904,0.590992315,-0.022728383,-0.149709344,-0.609690747,0.063865538,0.223135079,1.916156843,1.561430484,0.808430655,1.61594309,-0.550984319,1.344912937,-1.013948286,1.230248366,0.264603609,8
1918,0.887627733,-0.000245997,0.545582658,0.276074929,-0.029359338,-0.045899229,-0.555309447,-0.260952886,-0.14120766,0.580997858,0.243048118,0.093849147,-0.599806491,-0.197347221,0.158430466,-0.667547424,0.805347886,-0.3351826,-1.601304948,-0.104276986,-1.232820192,6
1919,-0.63445469,-1.37782758,1.454637939,0.006021198,-0.901866183,-0.778740999,0.282660173,1.042526366,1.151771113,-0.296899263,-1.099418142,-1.2083993,-1.921856512,-1.261776758,0.17676622,-1.123082083,1.213464718,-1.612986781,0.015988779,-0.669337245,0.759927495,8
1920,-0.253934084,1.377335586,-1.842202547,-1.000488052,-0.202474515,-0.280789701,0.966640648,0.20802553,0.120450168,-1.048385137,-0.200615897,-0.095212404,1.442070885,0.992280492,0.517002938,1.516794044,-0.811709702,0.852624774,0.533771062,0.511696294,-0.703497936,5
1921,0.126586521,-0.861234486,0.751635188,0.674650152,0.542334757,0.535765322,-0.484297699,-0.291038956,-0.460771894,0.541133678,0.316549803,0.514320527,0.211843474,0.249461827,-0.588432692,-0.803341821,0.105948324,0.669756667,-0.284750905,0.588636617,0.935074037,8
1922,-0.00025368,1.352735915,0.363771602,-0.333650892,0.055599054,0.045560127,0.116374292,-0.317507754,-0.305256499,-0.13023968,0.346905619,0.335138977,0.720945307,0.297968533,0.252359359,1.195122247,-0.836036957,0.194472832,0.385696855,-1.367834533,0.25233671,7
1923,-0.583718609,-0.615237775,0.727393714,1.040168467,0.916880401,1.055835737,-0.76869044,-0.855773258,-0.517323935,0.801232933,0.808248253,0.407508219,-2.345103163,-2.135606653,-1.112831644,-1.621547181,0.186482149,-1.834956086,1.101855755,0.614185294,0.005272587,8
1925,0.760787531,-0.492239419,0.12135686,-0.413353976,-1.007346824,-1.07511943,0.333860306,1.075340564,0.894194001,-0.361634557,-1.130802336,-0.933516587,1.458571931,1.845162303,1.228102134,0.490074825,1.006539189,1.41639021,-1.169286695,-0.06919969,1.94363623,5
1926,0.887627733,-0.000245997,0.606186343,0.002057236,-0.053543148,-0.098787612,-0.198042211,-0.100730047,-0.110250188,0.221343465,0.110003429,0.122349045,0.328567714,0.407662013,0.406148071,0.283017366,0.209384402,0.227469726,0.185951409,0.100673999,-1.31719777,6
1928,0.748103511,-0.578338268,1.406154991,0.016466643,-0.234282634,-0.194951295,-0.197375529,0.022068549,0.121467725,0.22556366,-0.026338395,-0.145137627,-0.788756858,-0.271685019,0.637522954,-0.337830932,1.032618858,-0.727310722,0.424556089,-0.094062485,1.064540708,5
1930,-0.152461923,-0.246242708,1.212223197,-1.244818864,-1.877231197,-1.943420836,1.360939115,1.908311429,1.784160987,-1.446230651,-1.894530563,-1.73618014,0.356014791,1.186741844,1.788603935,0.247492639,1.844840045,0.27786669,1.081577589,0.969279273,-0.795016098,5
1931,0.824207632,-1.845221331,-0.969509478,0.262735194,0.57762539,0.649632307,-0.446938208,-0.239847604,-0.25681789,0.503305102,0.26496989,0.290892443,-0.133779862,-1.045452005,-1.172493593,0.653180195,-1.995185102,-0.500353874,-0.443860266,1.294337779,0.331269901,6
1932,0.887627733,-0.110944517,0.363771602,1.192656802,0.96941874,0.927363544,-1.259413186,-1.035151877,-1.147724015,1.282912737,1.026127323,1.129805701,0.35918207,0.520404293,-0.196143467,-0.622941246,0.391245686,0.743378315,0.341575456,-0.059772876,1.112877279,5
1933,0.126586521,0.061253181,0.12135686,-1.490513972,-1.709832612,-1.780750531,1.363342138,1.451860047,1.529187063,-1.397841052,-1.493349473,-1.56852296,0.800324385,1.425960378,1.749349063,0.626728755,1.450312653,0.587310554,-1.585020299,-1.061111048,-1.649502644,5
1934,-1.776016506,-0.07404501,0.242564231,0.653643757,1.019812569,1.044028628,0.11930802,-0.198287789,-0.470850695,-0.134189906,0.225998571,0.550897941,0.071507198,-0.765924589,-2.107218077,-0.645461473,-1.810455754,0.424683999,1.320062347,-1.324785745,0.828983695,5
1935,0.887627733,2.33672276,-0.969509478,-0.171616405,0.006979766,0.026405026,-0.519627648,-1.000521823,-0.747981059,0.574611238,1.084394225,0.806871842,-0.735360772,-0.374760678,1.185259379,0.663255887,0.69892379,-1.197137582,-0.727755047,1.978183916,-0.126843621,7
1936,1.268148338,-1.722222975,0.242564231,0.3284876,-0.145063377,-0.163627425,-0.456530834,0.248020984,0.142705244,0.484585092,-0.282420939,-0.174256259,0.384671562,0.61292926,0.165680713,-0.342896662,0.539744121,0.624077318,-0.549920007,-0.770870962,0.55704403,8
1937,-0.507614488,-0.332341557,-0.605887365,-1.111276147,-1.107596589,-1.125007367,1.123649301,1.13333615,1.296577378,-1.225578577,-1.231831887,-1.436440096,0.786671681,0.950498698,1.155905751,0.954081003,0.445843674,0.397918322,-0.190039992,-0.784302904,-0.400955207,7
1940,-1.573072183,-0.123244352,1.49100015,-0.682787172,-0.48255581,-0.472234951,1.098303036,0.8972781,0.869953488,-1.207657396,-0.964418887,-0.945182799,0.573810623,0.245981086,-0.132447951,0.533251821,-0.646251383,0.376563989,2.120457853,-0.823522589,0.464825076,7
1941,-0.241250064,0.860742493,0.363771602,1.2085513,0.827331997,0.793079719,-0.908912975,-0.907689422,-1.091735575,1.01020456,0.98168058,1.196229772,-0.162221844,0.642921397,-0.266592888,-2.111160861,1.729949569,0.933775676,-1.640744278,0.545765046,1.021618508,7
1942,0.545159188,-0.73823613,-0.848302107,-1.013943865,-0.273557319,-0.173466063,0.545960054,0.201152906,0.487942039,-0.601529003,-0.20493446,-0.521801475,-0.766315968,-1.7901471,-0.272406783,2.027793569,-2.311175613,-1.956770006,-0.030560487,0.904907812,-1.36930654,7
1943,0.126586521,0.36874907,-0.363472623,1.574444236,0.821364788,0.742526806,-1.402209691,-0.849949158,-0.959530759,1.448100328,0.80197176,0.871830943,0.635037027,1.4279239,-0.053098138,-1.888992149,1.794606785,1.732231238,0.139934032,-1.021599011,2.132687202,8
1944,-0.00025368,-0.369241064,0.727393714,-0.834247397,-0.342136685,-0.378367107,0.812341994,0.506499889,0.323748334,-0.800071721,-0.442729984,-0.191713667,0.915848848,0.294398541,0.032232838,1.362326989,-1.244746402,0.329766061,0.385129148,-0.088923441,-1.344578153,5
1945,1.268148338,0.491747426,0.12135686,0.210836343,0.238281494,0.232958637,-0.630297466,-0.585970847,-0.38071051,0.637407345,0.55689479,0.289314237,0.338381091,0.327402183,0.289231219,0.344524308,0.014896803,0.206111968,-0.659537432,0.608924299,0.786735537,7
1947,1.775509146,1.352735915,-1.33313159,0.981775567,1.695421263,1.738870845,-1.600471149,-2.185999305,-2.019358823,1.704062232,2.242436152,2.054926483,-0.179729961,-1.12505915,-1.015417029,0.919762388,-2.073538375,-0.694621752,1.746995823,-0.725319201,0.60808661,8
1948,-1.014975295,-0.73823613,-0.096816408,-1.008997785,-1.620700951,-1.688009269,1.415518935,1.938453578,1.733560502,-1.493464367,-1.962757398,-1.722783975,0.723054627,1.597380843,1.606867969,-0.095146102,1.981544499,0.881541823,-0.066991927,0.914727058,-0.617120142,7
1949,-1.078395396,0.36874907,0.000149489,1.469571712,1.610202937,1.73119606,-1.057579051,-1.575280209,-1.50575104,1.139719743,1.632580303,1.553760009,-1.757372543,-2.103770449,-2.156412838,-1.666562717,-0.953461824,-1.1355516,-1.722486638,-1.254605314,0.615340914,5
1951,0.253426723,1.943128022,-0.484679994,-1.059871368,-1.135819999,-1.167297611,0.781813655,0.557479875,0.510016067,-0.712765678,-0.46696952,-0.34023602,0.291836008,0.866802519,1.464028886,0.437957646,1.282059909,0.103036808,-0.546731525,-2.017212231,-1.054345218,8
1952,-0.127093882,-0.615237775,0.12135686,-0.245110613,-0.006096515,0.050399424,0.179127604,0.061641506,0.223258622,-0.192238418,-0.060914188,-0.237658212,-0.935694065,-1.362522444,-0.393462993,0.557645912,-1.034061946,-1.371355121,-0.733863566,2.208858065,-0.477250537,7
1953,-0.888135093,0.122752359,-0.848302107,-0.888563427,-0.972995145,-0.978657564,0.992515571,1.051475738,1.156802853,-1.099372287,-1.146541221,-1.291888673,0.392127924,0.688954448,1.137162252,0.663403108,0.689508003,0.098682746,1.373063451,-0.278032153,0.226842144,6
1954,-0.342722225,-0.492239419,-0.278627464,0.838419611,1.205678044,1.320877293,-0.548883601,-0.927973138,-1.035991293,0.615925904,1.021734032,1.170506358,-0.75443485,-1.37371869,-1.90970323,-0.836010287,-1.431264077,-0.423517272,-0.958974177,0.249422199,1.722589649,5
1955,0.02511436,-1.008832513,0.278926442,-0.278587577,-0.300082998,-0.369143173,0.323551187,0.662758525,0.609429503,-0.360345244,-0.723978785,-0.675792733,0.449918414,0.131986609,-0.261560312,0.36619876,-0.63894038,0.322808362,-0.130185932,-0.306369561,-2.057267068,8
1956,0.190006622,1.992327364,-0.145299356,0.423479773,0.093244515,0.020482287,-0.485565807,-0.64232517,-0.757733517,0.541230836,0.701933476,0.843841847,0.547349935,1.441133987,1.030593025,-0.813911149,2.003685317,1.060985082,0.425369812,-0.698992199,0.831737946,7
1958,-1.154499517,-0.369241064,0.242564231,0.450300964,0.253467764,0.426121403,0.032825358,-0.14656807,0.095280568,-0.051909315,0.12102436,-0.133684179,-2.253790046,-2.368280461,-0.89835351,-0.645925305,-0.506663037,-2.247690098,-0.011788099,-0.567527417,0.30064576,8
1959,2.422394175,-1.365527744,-0.242265253,-0.350603261,0.131574198,-0.002002249,-0.347413718,-0.081686299,-0.266440511,0.338195474,0.073149831,0.232666148,2.560411701,1.815968135,0.198617181,1.712315585,-1.323571717,2.034260939,-0.461858116,-1.277678561,0.875730688,5
1960,-0.253934084,0.381048906,-0.242265253,-0.838160709,-1.359958801,-1.332275833,0.868887987,1.184443546,1.230394836,-0.86477733,-1.195183435,-1.19989518,-0.869527853,0.134764342,1.64623827,-0.218896511,2.081463376,-0.883255455,1.491362161,1.801022288,-0.160213615,5
1961,0.126586521,1.844729337,-0.605887365,1.495711907,1.228322978,1.257327066,-1.492541896,-1.533632227,-1.238586744,1.162939679,1.278409888,0.915419502,-1.450872407,-1.493478286,-1.066079561,-1.068236287,-0.258630014,-1.100755511,0.64124289,-1.528523888,-1.475055628,8
1963,-0.00025368,0.676244959,0.484978972,0.109045897,0.149171928,0.059252504,-0.045502147,-0.159659169,-0.270582399,0.05126961,0.1761749,0.304810214,0.785604762,1.021821864,0.380955399,-0.133915857,0.602930353,0.974006972,0.778220301,1.847532333,-1.164345636,6
1964,0.253426723,0.36874907,-1.33313159,0.279257649,0.67100126,0.70901332,-0.516434624,-0.843644009,-0.717514506,0.535721387,0.865097521,0.703084587,0.012497128,-0.608761052,-0.701022801,0.554303262,-1.347749462,-0.279761647,-0.296572956,-2.119989547,1.149867397,2
1965,-0.888135093,-0.246242708,0.606186343,-1.131267743,-0.988295171,-0.913459836,1.276506595,1.1939219,1.303290962,-1.380344226,-1.239969651,-1.350487256,-0.677922596,-0.82573698,0.423479971,0.88860266,-0.398619052,-1.250693956,0.111911842,2.326493598,-0.577184352,8
1966,0.380266925,-0.492239419,0.12135686,0.327002687,-0.030499252,-0.060556988,-0.306534508,0.00426082,-0.067913314,0.345623985,-0.006781622,0.076258367,-0.012731879,0.291856542,-0.044101999,-0.734543954,0.660014029,0.375131486,0.203330497,-2.289291921,-0.250522186,6
1967,-0.507614488,0.491747426,-0.484679994,1.024415252,0.380088539,0.422539534,-0.830016926,-0.540271058,-0.416658363,0.88362786,0.559112484,0.422907443,-1.324181983,-0.617419804,-0.063362673,-1.559852884,1.38326929,-0.694279183,0.378358422,2.273510846,-0.069998408,8
1968,-0.165145943,-0.123244352,-1.030113163,-0.4307719,-0.033202422,-0.094673171,0.525657198,0.202254424,0.092116804,-0.54890499,-0.194509361,-0.0685666,0.508199789,0.205602119,-0.230930422,0.364002584,-0.598967048,0.390960399,0.766669951,-1.21847807,-1.420607593,6
1970,-0.127093882,-0.369241064,0.242564231,-0.790566208,-0.858697423,-0.861171232,0.834396672,0.967492134,1.036583325,-0.919655556,-1.049770002,-1.132697777,0.525988084,0.7278649,0.651756754,0.286235674,0.498631659,0.452670504,0.203640795,-0.065368031,0.226041732,7
1971,-0.228566044,-0.246242708,-1.090716848,-0.422323223,-0.263089885,-0.219693371,0.305510405,0.274482153,0.431595634,-0.34806218,-0.309558329,-0.501474093,-0.213461037,-0.590860914,0.099717786,0.981337566,-0.844033656,-0.766064278,0.515865225,0.427986732,0.535504688,6
1973,-0.00025368,-1.107231197,0.848601085,-0.420100815,-0.553449776,-0.496590192,0.295319813,0.554833474,0.76105129,-0.313905714,-0.586254112,-0.818284788,-1.316496366,-1.343429996,-0.060169544,0.088167313,-0.209210692,-1.559921153,-0.577564869,0.332730781,-1.498430906,8
1975,0.266110743,0.737744137,-0.848302107,0.982901732,1.473250501,1.456571591,-1.039315723,-1.545995546,-1.668754794,1.143429521,1.650338742,1.796095821,0.463309991,0.107166655,-0.603705622,0.042102889,-0.720390849,0.510172561,0.156749386,0.751710578,1.188600112,8
1976,1.902349347,-1.291728731,0.000149489,-0.182176777,-0.965671156,-0.890141543,-0.436257356,0.581815647,0.75023969,0.439321399,-0.640288369,-0.824863265,-0.867883029,-0.506596081,0.701295577,0.093581594,0.685243603,-1.047172666,0.371070606,-1.882871169,-0.027094832,5
1977,-1.014975295,0.553246604,0.12135686,0.750267216,0.621575262,0.54474662,-0.282254177,-0.39639844,-0.554473119,0.259328453,0.387869826,0.546453781,0.250501863,0.521299115,-0.318457958,-1.006479839,0.616766418,0.821978825,-0.970006871,1.592748073,-0.325407138,8
1978,-0.723242831,1.352735915,0.000149489,-1.479066232,-1.224064157,-1.265519324,1.496790906,1.042693356,1.114217416,-1.545418455,-1.041242696,-1.103884271,0.392992066,0.734915953,1.202582207,0.640393123,0.787544424,0.111885564,-0.609337759,-0.195314277,-1.147151939,7
1979,0.469055066,-0.861234486,-0.848302107,-0.247306972,-0.164925132,-0.157345571,0.10241512,0.239945936,0.245302454,-0.11551046,-0.268385836,-0.281274031,0.619066489,0.211936937,0.017928603,0.887246478,-0.813285313,0.240742285,1.427592997,-1.411761246,0.594690894,6
1980,0.126586521,-0.123244352,0.363771602,0.165737364,0.05443961,0.132839036,-0.259258552,-0.173333439,-0.077116609,0.291621312,0.192192714,0.084111447,-0.965841024,-0.84734902,-0.165919312,-0.390726989,0.146753515,-0.902777638,-1.304625662,0.225992098,1.103531173,3
1981,-0.00025368,-0.246242708,0.606186343,1.587201208,1.161508475,1.103032005,-1.255729513,-0.932276267,-1.17336723,1.298858052,0.947557736,1.208794244,0.172537037,0.429806437,-0.766212458,-1.505160818,0.578462306,0.996979654,0.498560263,1.372347192,0.213927418,5
1982,-0.773978912,1.229737559,-0.121057882,-1.881380597,-1.277046217,-1.335157269,1.765879459,1.225645553,1.316024977,-1.876227315,-1.274535167,-1.366860055,1.701620518,1.486072698,1.331247101,1.94475989,-0.273292881,0.923854551,0.472627249,-0.24660369,-1.194478803,7
1983,1.534512762,-1.4885261,-0.242265253,-0.17034234,-0.366952,-0.340758426,-0.194717527,0.154491421,0.285667906,0.222414502,-0.176455164,-0.336462361,-0.378114879,-0.27207048,0.652358017,0.570237496,0.187007049,-0.737173301,-0.509025589,-1.622008739,0.352834482,8
1984,0.380266925,1.365035751,-0.690732525,1.278346159,1.862579501,1.834894325,-1.364630783,-1.945393162,-2.057597696,1.472180923,2.071437534,2.203361846,0.164669379,-0.729412439,-1.919711537,-0.301512737,-1.922816379,0.349254823,0.681296382,0.832702104,-0.299290962,5
1985,-1.141815497,-0.246242708,0.569824132,0.766231885,0.036455806,0.090623262,-0.349131283,0.112995239,0.089827086,0.318277268,-0.167049322,-0.155492961,-1.327756329,-0.493956052,-0.227385038,-2.040323607,1.658747452,-0.443439144,-1.052100013,-0.421803801,1.186275641,8
1989,1.141308136,-0.369241064,-1.12707906,-1.317074994,-1.254676383,-1.357168319,1.217796339,1.401842812,1.179387856,-1.274432137,-1.427541673,-1.178301835,2.605121951,2.698379455,1.934226529,1.904432281,0.500773999,1.983708111,1.037132903,-0.043440352,0.167920297,8
1990,-0.63445469,-1.254829224,0.097115386,0.042897655,-0.133527954,-0.112302028,0.10176094,0.327582255,0.417411474,-0.114992906,-0.369676057,-0.48461597,-0.794018822,-0.573551537,-0.353376295,-0.856287406,0.387883289,-0.458254304,0.553278575,1.219013954,-0.03980823,6
1991,0.887627733,-0.467639748,0.787997399,1.305058353,0.852874526,0.913154303,-1.502323509,-1.007957536,-1.006264356,1.538753169,1.016292134,1.010359301,-1.448463097,-1.554589322,-1.050402518,-0.907291223,-0.396300686,-1.1833873,0.327506476,-2.055268395,0.259909616,5
1992,-1.268655699,1.352735915,-1.078596111,-1.240023375,-0.581531427,-0.556611925,1.352887648,0.535477956,0.657574508,-1.371302731,-0.486555491,-0.610710472,0.130818938,-0.141919867,0.37719422,1.052132586,-0.577327326,-0.407925577,0.239179943,0.506549566,-0.073123436,6
1994,0.253426723,-0.615237775,-1.393735275,-0.579068158,-0.992310055,-0.961859703,0.542423211,0.982585283,1.118341498,-0.580119224,-1.047224882,-1.204382555,-0.555183763,0.128996271,1.228421803,-0.024217247,1.422266697,-0.625259765,-0.028359634,1.871226428,0.412442454,6
1995,-1.408179921,0.983740848,-0.16954083,0.695846735,0.871679987,0.825974102,-0.24445335,-0.665442299,-0.939715856,0.267528133,0.723457806,1.040630903,0.740533748,0.54818177,-1.217264876,-1.079058803,-0.332948805,1.423717352,0.278829637,-2.359153606,0.184905417,5
1996,0.900311753,-1.353227908,0.472858235,0.154686498,0.325218387,0.343700902,-0.35806463,-0.180428036,-0.132997037,0.374053355,0.175988845,0.11285772,-0.040986502,-0.558680882,-0.337840686,0.760060397,-1.128964066,-0.45041321,-0.589420303,2.255638132,0.082490786,7
1997,-0.507614488,0.122752359,-0.121057882,-1.501649991,-1.766865939,-1.771373909,1.394127911,1.570014242,1.809950587,-1.531206204,-1.708494542,-1.997739784,0.812878745,1.437398951,1.916758542,0.828275437,1.449326797,0.494795045,-0.8062854,-2.10680904,0.185779405,7
1998,1.268148338,-0.504539255,-0.678611788,1.071983552,1.004822076,1.056213985,-1.181811227,-1.009453976,-1.137183595,1.308194587,1.109646915,1.277540663,-1.378762337,-1.610945358,-1.130061313,-0.725140462,-0.662077276,-1.199928718,-0.580831753,1.992373056,0.519493303,5
1999,-0.761294892,1.119039039,2.254606586,-0.178303535,0.516219169,0.535208704,0.177518415,-0.593242314,-0.535749876,-0.188457797,0.650009748,0.59664815,-0.147320153,-0.865602361,-0.774722064,0.695864778,-1.57675227,-0.538566014,-0.029794041,-0.857094705,-1.08662015,4
2000,-0.507614488,-0.246242708,-0.848302107,-0.311248093,-0.917014813,-0.971190894,0.556123844,1.028077851,0.996592818,-0.610788197,-1.111124523,-1.089336597,0.25924054,1.064445354,0.864398868,-0.792067329,1.778334442,0.718250806,1.385335898,-1.034955788,-0.518872767,6
2001,1.141308136,-0.922733664,-1.199803482,1.358580566,1.41478608,1.391637772,-1.438381862,-1.233407984,-1.343740571,1.485989972,1.247202009,1.327839285,0.659625611,0.319275246,-0.882018949,-0.340651342,-0.663618203,0.938909048,0.752487592,2.130417443,1.504857702,8
2002,-1.522336103,-0.270842379,1.806139314,-1.422278325,-1.694672492,-1.588093661,1.574367283,1.680173425,1.97601621,-1.639797297,-1.752336821,-2.064700555,-1.614573348,-1.109801759,0.820826308,-0.02875198,0.911362863,-1.840481104,-0.566245772,-0.006779964,-0.343984791,7
2003,0.126586521,1.069839697,-1.211924219,-0.399317939,0.020166468,0.029890607,0.144259604,-0.259791077,-0.232777241,-0.163184677,0.296774286,0.274544833,0.137685853,-0.334817218,0.016323208,1.068326321,-1.01036723,-0.408625721,-1.703969572,-1.06539124,-0.616346407,2
2006,0.963731854,-0.246242708,0.109236123,1.096872561,1.147024454,1.144208238,-1.353932128,-1.226511396,-1.267731839,1.42742452,1.252246953,1.277566096,0.421050779,0.087622695,-0.75058961,-0.181095436,-0.67589841,0.580035124,-0.227373498,-0.243592273,1.483804755,7
2007,-0.00025368,-1.648423962,0.969808456,-0.857304848,-0.865890247,-0.85606494,0.974022076,1.23501964,1.188959186,-1.004894641,-1.268311351,-1.195819431,0.047799214,-0.198352381,0.135231782,0.709754568,-0.529092669,-0.321672453,0.74051927,0.428868493,-1.104725905,8
2008,-0.380774286,1.524933613,-0.242265253,0.705556333,1.1559027,1.154821204,-0.828768694,-1.456516386,-1.318299778,0.859787032,1.492941783,1.316658905,-0.295550538,-0.5819526,-0.744982011,-0.225565931,-0.655812631,-0.220005856,0.051117366,-1.333158419,-0.239082695,8
2009,0.887627733,0.491747426,0.606186343,-0.958073115,-1.25538005,-1.294566475,0.820993355,1.076784793,0.937533584,-0.849322325,-1.068918124,-0.88133467,0.871929007,1.33950595,1.651392632,0.858618235,1.115255052,0.546564923,-1.231404423,0.343207697,-0.094214449,1
2011,0.938363813,-0.701336624,-0.714973999,-0.687740582,-0.667713574,-0.722307727,0.19301749,0.403000913,0.527377464,-0.219941333,-0.458151457,-0.618249917,1.070899345,1.165201574,1.571738837,1.58519734,0.327397214,0.389716123,-0.658832892,0.213777329,-0.822104012,6
2013,-1.014975295,-0.898133993,1.454637939,-0.995163996,-1.575826177,-1.65551893,1.31208988,1.920961134,1.920777249,-1.437224169,-2.060258955,-2.091045707,0.945211251,1.669486927,1.603253523,0.220097705,1.681114856,0.969606085,1.624683742,2.109509461,-0.051170383,7
2014,1.648668944,-0.086344846,-0.969509478,2.444136884,2.10216535,2.09816317,-2.466637211,-2.127260864,-2.118877001,2.248089409,1.939359521,1.867173178,-1.495660918,-1.599483733,-1.756146824,-1.751999399,-0.396701837,-0.789414291,-1.403293135,-0.214565192,-1.931752873,5
2015,-0.253934084,0.983740848,0.363771602,-1.033895079,-0.208441265,-0.216041147,0.684732891,-0.100438552,-0.066907159,-0.358747333,0.36990242,0.397439753,0.805009893,0.288141946,0.130894519,1.254133575,-1.030315343,0.259781201,0.774664093,-0.830115727,0.346220563,1
2016,-0.761294892,0.860742493,-0.848302107,-1.124027888,-1.372751137,-1.370087226,1.271222374,1.269469403,1.194776915,-1.311622683,-1.237238384,-1.125847018,-0.057280708,0.363797064,1.17578442,0.465022556,0.907892614,-0.312587703,-0.964425597,-1.335215066,-0.398432064,7
2017,-0.253934084,-1.353227908,0.848601085,0.125889816,-0.161218488,-0.189796499,0.108660474,0.504736296,0.416706384,-0.121189665,-0.560398857,-0.471652799,0.409417035,0.686821352,-0.024863845,-0.68258032,0.649308336,0.832762528,0.599813827,1.119481614,0.129405153,7
2018,1.39498854,-0.000245997,-0.727094736,1.060907546,1.305097358,1.281475734,-1.374901308,-1.461866276,-1.485268927,1.438133671,1.506554909,1.509075061,0.430926372,-0.054757995,-0.828094335,0.066891521,-1.005421253,0.459798501,-0.121002119,0.145982275,0.474158292,5
2020,0.126586521,0.762343808,0.751635188,-0.011172903,0.108854896,0.054356649,-0.011855401,-0.188541032,-0.201443735,0.013711702,0.211250999,0.23198255,0.234343616,0.303665057,0.34797817,0.242566836,0.177373531,0.140635579,1.222994355,1.69478061,-1.357812858,6
2021,-1.750648466,-0.123244352,-0.363472623,-0.015924508,-0.232493125,-0.199785085,0.526839485,0.515148785,0.528950634,-0.584995763,-0.567961367,-0.596163714,-0.452725103,-0.115663246,-0.416822066,-1.219301465,0.680163603,0.126640677,0.337683634,-1.063416392,0.830668262,6
2022,0.73541949,0.614745781,-0.242265253,0.422612465,0.904561242,0.938745043,-0.841436039,-1.218155396,-1.128158065,0.918070316,1.311961053,1.23356564,-0.609903272,-1.22096995,-0.747148487,0.523472833,-1.396872239,-0.978768909,-1.503042639,0.915613913,-1.391120071,8
2023,0.126586521,-0.615237775,-0.16954083,-0.091826474,0.068406525,-0.021736483,0.320104843,0.366642364,-0.020014982,-0.337364413,-0.370652746,0.063338646,2.419273932,1.903430094,0.011009553,0.986404176,-0.843282137,2.257226299,-0.190371829,-0.899517705,1.776873449,6
2024,0.887627733,0.614745781,0.12135686,1.324136835,0.71403641,0.716245711,-1.497855281,-1.0724042,-0.711969943,1.336129746,0.865706177,0.358823215,-1.546417573,-0.69758461,-0.077668961,-1.878610835,1.666360334,-0.780569523,0.826735147,0.134756637,-0.692241805,8
2028,-1.078395396,0.983740848,-0.278627464,-0.785791114,-0.389664388,-0.396537751,1.063798355,0.533640079,0.519712539,-1.168391336,-0.566102245,-0.55488757,0.59472742,0.512769013,0.270897464,0.462335067,-0.109900836,0.438235047,-1.565403592,0.834600208,0.880149299,7
2030,-0.888135093,-0.984232842,0.12135686,0.310823634,-0.081819073,-0.084236387,0.116260268,0.458185507,0.329729429,-0.123403866,-0.494918037,-0.355639961,-0.055788636,0.377127132,-0.297455584,-1.321635326,0.933771889,0.637166989,-0.993787383,0.651712104,0.618773917,7
2031,-0.63445469,-0.529138926,-0.605887365,0.264274058,0.55804546,0.582346957,0.105015728,-0.05786305,-0.145822853,-0.112718882,0.067376032,0.168498238,0.066217074,-0.502061855,-0.905579249,0.187094763,-1.226544816,-0.023168847,1.486521505,0.320866937,0.608294039,8
2032,0.887627733,0.135052194,-0.508921468,0.021959621,-0.111521437,-0.165730047,-0.422094853,-0.259414058,-0.226994514,0.44146371,0.26018519,0.210759342,0.291128216,0.520486447,0.502987802,0.064682209,0.531424821,0.300291406,-0.551646321,0.416008088,-1.398029158,7
2033,-0.63445469,0.639345452,-0.133178619,-1.560373531,-1.54592716,-1.466244605,1.270843747,1.139650729,1.579890835,-1.384367731,-1.230133574,-1.742014375,-1.192950221,-0.866144531,1.441725749,1.080046523,0.573145652,-1.944234081,-0.678964962,-1.150741946,-0.323732858,7
2034,0.507107127,0.737744137,-0.011971248,1.276938713,2.014921074,2.104072132,-1.354722023,-2.043052634,-2.055964116,1.456429863,2.130014,2.169362495,-0.083100779,-1.00899253,-1.868745328,-0.150556721,-2.020263683,-0.015624615,0.583808289,0.262506525,1.897107168,5
2035,1.014467934,-1.722222975,1.139498775,-0.530644935,-1.210060461,-1.309179547,0.588263772,1.436908012,1.141561404,-0.601862437,-1.460512196,-1.127380103,1.311346484,1.697276959,1.036535332,0.273844995,0.988250977,1.361910399,-1.160629355,-1.026254057,0.319878559,5
2036,-0.888135093,2.213724404,-0.605887365,0.821656985,1.262962831,1.196160461,-0.840878766,-1.443097353,-1.301406663,0.856512003,1.46243481,1.255172514,0.436738137,0.293284082,-0.650176768,-0.488205567,-0.261537738,0.761025012,0.686188531,1.80204126,-0.799694732,8
2039,-0.507614488,-1.414727086,0.727393714,0.313728096,-0.219995684,-0.342949009,0.246469972,0.775997243,0.351044888,-0.213865921,-0.749545681,-0.291392156,0.973136954,1.292636204,-0.13767314,-0.954393915,0.805263004,1.624913913,0.070569197,-1.630901577,-0.408731834,7
2041,-0.837399013,0.885342164,1.915225948,-1.586475319,-1.064083501,-1.070968663,1.684134316,1.116151712,1.089082664,-1.760997439,-1.105239128,-1.033907947,0.626594689,0.352731218,0.719143649,1.425629587,-0.523010825,-0.036282905,1.08612833,1.076664443,-0.433210549,1
2042,2.485814276,-0.123244352,-1.587667069,0.474755995,0.14385165,0.071859612,-1.093034317,-0.636133793,-0.661668049,1.201554581,0.675105082,0.703414538,0.614465212,0.977889498,0.802802851,0.097830002,0.859592002,0.654335376,-0.943084034,0.083176543,-0.845876121,7
2043,-1.928224749,0.737744137,1.345551305,0.714605998,1.143107016,1.193519061,-0.47264357,-1.029533767,-0.73993012,0.440046313,0.941258356,0.557626366,-1.110813649,-1.52065927,-1.655385098,-0.974723467,-1.017229244,-0.759523102,-1.007943852,-1.974623093,-0.045698392,8
2044,1.800877186,-0.246242708,0.606186343,-0.196022821,-0.326052232,-0.257234456,-0.245266259,0.032790172,0.115956121,0.214593586,-0.050737246,-0.104987676,-0.389606629,-0.342416916,0.574974281,0.610600487,0.057877284,-0.771799028,0.552243839,1.074013687,0.932079435,5
2045,-0.127093882,-0.369241064,-0.605887365,-0.759761503,-0.753134435,-0.824450568,0.873633964,0.85156197,0.580395593,-0.819219527,-0.727274852,-0.397152899,0.919714277,0.775358295,0.514982866,0.869209501,-0.20820288,0.595867785,-0.3503286,-0.997137736,-1.031086148,8
2046,-1.395495901,0.122752359,0.000149489,0.812214957,0.104664912,0.16883227,-0.378418125,-0.010096528,0.037051884,0.382084084,-0.021737437,-0.082885217,-1.221081249,-0.395820344,-0.177853264,-1.970083205,1.65241529,-0.358101407,0.23885546,0.527114008,1.397264157,5
2047,-0.697874791,0.860742493,0.363771602,-0.538326337,0.419656266,0.356406925,0.620810668,-0.209670702,-0.35989308,-0.652700403,0.23825984,0.397332985,1.717155849,0.887582706,-0.339097073,1.324618512,-1.604986988,1.270770929,-0.1497743,-0.169560013,0.462380295,8
2049,-1.509652083,-1.008832513,1.248585409,-0.983486161,-1.413634861,-1.428443074,1.699570154,1.986738109,1.709084288,-1.722278243,-1.952380059,-1.593008649,0.141871783,0.585950976,0.400894878,-0.527341189,0.980644558,0.442881535,-0.327283346,0.607545755,-0.514712108,7
2050,0.621263309,0.762343808,-0.605887365,0.026875519,-0.147428803,-0.088637479,-0.410939774,-0.364641753,-0.246723284,0.457987623,0.40197936,0.2726148,-0.547344362,-0.194688949,0.753450034,0.150970582,0.70319548,-0.709207911,-0.208390038,-0.659978301,1.676751769,7
2051,1.521828742,-1.217929717,-0.121057882,-0.386845349,-0.231127741,-0.275190736,0.076375689,0.256150114,0.215987737,-0.08350842,-0.284713418,-0.245126586,1.21696116,0.688413112,0.326546186,1.4828651,-1.008518626,0.611894496,2.184283374,-1.71890049,-0.291416761,2
2052,-0.761294892,0.294950057,0.727393714,0.690693815,0.298478802,0.313519942,-0.511922489,-0.30550739,-0.33767954,0.549816816,0.321135293,0.35852267,-0.94951532,-0.377518684,-0.357371305,-1.637340508,1.133494049,-0.222533009,-1.577903906,0.439999136,0.062179212,8
2053,0.887627733,0.676244959,0.12135686,-0.677389776,-0.266753378,-0.365751826,0.513000414,0.171571649,0.097654188,-0.549688912,-0.168875078,-0.078637202,1.772401296,1.464523309,0.820464386,1.536178738,-0.465702046,1.222009749,1.369970521,-0.07676705,-2.092587137,8
2055,1.306200399,0.614745781,0.169839808,0.149813217,1.261001394,1.27767204,-0.746247822,-1.482519554,-1.334924812,0.751010871,1.476593457,1.308734288,0.56123793,-0.464370393,-0.756394567,1.35307482,-2.163049999,-0.072902668,-0.61689077,0.33116501,0.034911625,8
2056,-1.014975295,-0.000245997,1.636448995,-0.324730674,-0.758058042,-0.898276472,0.8748881,1.130684925,0.67286454,-0.886390806,-1.082418758,-0.553279652,1.64641412,2.092301415,0.722245789,-0.261398702,1.156818852,2.031038139,0.347041428,0.205143338,-0.256972356,1
2057,-0.00025368,-1.058031855,0.242564231,-1.110769833,-1.425813916,-1.36755692,0.799366758,1.207279465,1.592583948,-0.89746806,-1.342386975,-1.815021662,-0.858022862,-0.554191955,1.088320039,0.683998032,0.561595735,-1.349127592,-0.594201509,-2.302814224,-0.376785761,7
2058,-0.00025368,-0.18474353,-1.090716848,0.394676734,0.594227753,0.540100425,-0.12231322,-0.199245793,-0.429259222,0.139774238,0.226852449,0.504754746,1.140746141,0.59155344,-1.021204675,-0.075174996,-1.062077896,1.351025614,-0.147993374,1.122043385,-0.506380736,1
2061,-1.014975295,2.0046272,0.848601085,0.385716532,0.291703089,0.320299844,-0.15233167,-0.515367672,-0.518589787,0.172139481,0.57970828,0.598845549,-1.316595002,-0.648291953,-0.043992749,-1.451069944,1.30061658,-0.743281565,-0.180438261,-0.040651077,0.066123379,6
2062,1.141308136,-0.615237775,-1.211924219,-0.517912723,-0.533339049,-0.591195611,0.170254248,0.437535123,0.477686466,-0.192209943,-0.490660097,-0.550446709,1.320409664,1.326937257,1.263544211,1.394894317,0.165343119,0.777474028,1.123904944,-0.771436262,-0.499318646,4
2063,-0.00025368,-1.304028566,1.333430568,1.28240653,1.20227964,1.220937709,-1.094581199,-0.896576671,-1.113030553,1.197230491,0.969671731,1.228641407,-1.032990935,-1.53356983,-2.27097199,-1.512621994,-1.20536425,-0.384655509,-1.376929059,-0.182938794,-0.86430047,8
2064,0.126586521,-0.024845668,-1.211924219,-0.749319563,-0.81598894,-0.783012746,0.555047233,0.622871838,0.874758364,-0.593462835,-0.669212476,-0.963377508,-0.402480776,-0.185225409,0.92127083,0.644028033,0.425733268,-0.804333536,2.35553024,0.183781449,-0.070179441,6
2065,-1.611124244,0.196551372,1.454637939,0.311268069,0.627214056,0.56259049,0.47765356,0.113948954,-0.19273459,-0.533512608,-0.120183767,0.237565103,1.114177425,0.70140309,-1.298363848,-0.710092322,-0.768861208,1.657389425,-0.900921919,0.536676187,-0.334833559,2
2066,1.864297287,0.159651866,-1.090716848,-0.246452936,-0.46550454,-0.453790488,-0.397050855,-0.153968064,-0.033213838,0.445840975,0.168422472,0.028878125,0.309703892,0.86298228,1.746155835,0.82226804,1.237005637,-0.080349935,0.183433494,1.500368294,1.727388794,7
2067,-0.507614488,1.709431146,-0.484679994,0.44433582,0.606598655,0.60194427,-0.424519854,-0.791823473,-0.859248952,0.464097426,0.86352762,0.950147466,-0.191541962,-0.206682839,-0.379313904,-0.40470363,-0.054809989,-0.005407437,-1.10173698,-0.327543471,0.21014019,7
2068,-0.127093882,-0.369241064,0.242564231,-0.983780097,-1.03949803,-1.050778585,0.908126962,1.047516441,1.207095537,-1.007757423,-1.145745525,-1.344588085,0.553371319,0.64118534,1.126699093,1.107256701,0.254057597,0.048492178,1.386061389,-1.473324561,-0.933489037,7
2069,-0.989607255,0.36874907,-0.630128839,1.371915608,1.447633333,1.442108691,-0.986292686,-1.294043539,-1.479465676,1.089511194,1.399861891,1.618720361,-0.984676203,-1.14286125,-2.033190246,-1.999786755,-0.456259627,-0.070623865,-1.127331836,0.392483983,-0.416242399,5
2070,0.228058683,-1.93132018,0.388013076,0.273359707,0.29825012,0.41396702,-0.232401662,0.082765092,0.175379732,0.233700288,-0.104042699,-0.207598745,-1.178117865,-1.705331739,-0.898104855,0.19817137,-1.279822037,-1.459244012,-0.762366927,0.31593693,0.062385666,8
2071,1.141308136,1.315836408,0.848601085,-0.160504082,-0.506986278,-0.541725913,-0.311334763,-0.143183718,-0.008063268,0.301735049,0.123577542,-0.028264962,0.162577471,0.811294892,1.42160536,0.231728694,1.427425849,0.063900887,2.210791973,0.689996549,0.867464257,6
2073,-0.862767053,-0.443040077,1.297068357,-2.217499687,-2.040445624,-2.029100133,2.215068544,2.160298752,2.194283545,-2.229449795,-2.154295604,-2.152223933,1.040895123,0.761165271,0.9790112,1.717865688,-0.488319564,0.284833529,1.216847676,-1.493995892,0.640407253,5
2074,0.862259692,1.475734271,-1.090716848,1.842227001,2.005922044,1.924900677,-2.035407964,-2.361622482,-2.352929696,2.125881944,2.412161903,2.353491902,0.142596203,0.319541231,-0.707342079,-1.252494659,0.400594891,0.828496452,-0.131317362,0.72539044,-0.170313607,5
2075,0.887627733,-1.07033169,1.57584531,-0.631538717,-1.087382729,-0.975421093,0.388396814,0.918027665,0.895506207,-0.355791649,-0.870993827,-0.772318788,-1.308283986,-1.071823912,0.681795488,0.383462614,0.363738982,-1.707172259,0.714086968,-0.345827207,-0.083665356,5
2076,-0.380774286,0.03665351,-1.575546332,0.429866511,0.21299251,0.131560513,-0.157052492,-0.06950274,-0.259586299,0.148613283,0.055979263,0.248562073,0.587802101,0.864344185,-0.09871658,-0.782380779,0.667858263,1.090748768,-0.732421424,-0.876663722,-0.20793472,5
2077,-1.154499517,1.155938546,1.333430568,-0.690690552,-0.405137239,-0.39508238,0.971807879,0.455302479,0.471585064,-0.982936485,-0.419420971,-0.408156941,0.053095464,0.197004814,0.410348309,0.163589343,0.318605139,-0.025777902,-0.479827127,2.217825003,0.466727461,1
2078,-0.228566044,-1.463926428,0.242564231,0.567666347,0.325834565,0.33622708,-0.327489657,0.046715933,0.031761835,0.348028231,-0.066568043,-0.057617643,-0.797441984,-1.136236545,-1.166641491,-0.573851651,-0.827051983,-0.612055366,-0.069044565,-1.757401392,-2.375690871,7
2079,0.03779838,1.586432791,-0.605887365,0.362969192,0.940824928,0.855536965,-0.708757007,-1.268122898,-1.121654588,0.702858272,1.251003369,1.013274716,1.446725559,1.231508861,-0.113342263,0.237536023,-0.301755462,1.536776992,-0.242234949,-0.580869319,0.875255014,7
2080,-0.190513983,-0.492239419,-0.363472623,-1.971974545,-1.943677201,-1.77652966,1.849644646,1.903170853,2.033598421,-1.96469281,-1.934873672,-2.024864203,-1.00464958,-1.06042312,1.371157221,1.839145841,-0.236140232,-2.130602216,1.622157065,1.562135439,1.447471132,8
2081,0.900311753,-0.000245997,0.363771602,0.858228197,0.852083508,0.745013033,-0.881868116,-0.875694177,-1.118583248,0.988585571,0.961676178,1.261523505,0.542046085,0.531843459,-0.426899255,-0.528160567,0.039899249,0.903263504,-0.770405439,0.262464414,-1.485842607,7
2083,-2.00432887,0.983740848,0.242564231,-2.411838626,-1.463523574,-1.411244202,2.405888292,1.468112197,1.443805108,-2.158570753,-1.204875245,-1.099079895,0.615347674,0.107863169,0.758908869,1.997714463,-1.031650909,-0.352770604,-1.663007452,0.400884091,0.724027576,7
2084,0.862259692,-1.734522811,0.484978972,0.478995346,0.299930227,0.247596484,-0.465538405,-0.020832517,-0.162843836,0.52566027,0.021268594,0.18606186,0.369166936,0.201746858,-0.537674262,-0.294962072,-0.321320408,0.580821668,1.432417578,-0.070716692,-1.146044363,7
2085,-0.127093882,-0.123244352,-1.090716848,1.964516318,1.795578394,1.746692954,-1.678629426,-1.529465327,-1.462851137,1.605863912,1.414064858,1.212416307,0.296506943,0.432991442,-1.165698842,-1.721019267,0.330347648,1.254005802,0.019761846,-0.329211058,1.158974845,5
2087,1.014467934,1.352735915,2.254606586,-1.37487289,-0.740676561,-0.64807957,0.76214998,0.121514383,0.426635743,-0.765328405,-0.066774663,-0.360968789,-0.62733849,-1.176256165,0.742243602,2.164770979,-1.263899943,-1.869717073,0.256294698,-1.190018227,-0.132941307,8
2088,-0.761294892,-0.369241064,-0.727094736,0.608613514,0.592475666,0.54030433,-0.33304523,-0.282753042,-0.451394502,0.348648937,0.274158324,0.445125613,0.646632209,0.643752435,-0.54651652,-0.695395652,0.067775768,1.112209948,-0.610331725,0.734974664,0.427352669,8
2090,1.902349347,1.069839697,-0.75133621,0.789102606,1.082767197,0.923630878,-1.016941038,-1.285911903,-1.647298999,1.139059665,1.424475779,1.871951289,1.909086865,1.519616618,-0.074268924,0.639849267,-0.627246682,1.854723673,0.058443539,0.274734519,-1.548458802,7
2091,-2.05506495,-0.615237775,0.872842559,-0.317762987,-0.271913097,-0.230558003,0.905752864,0.91050221,0.89321869,-1.011926861,-0.998729108,-0.988928048,0.141224686,-0.04838959,-0.649197045,-0.361181123,-0.395615312,0.353969616,-0.416199172,0.530931965,1.574432296,7
2092,0.786155571,0.122752359,1.091015827,-0.630332609,-1.028708531,-1.034468105,0.072252389,0.373870781,0.708451395,-0.082140215,-0.423729912,-0.828714891,-1.058559968,-0.055621589,1.966220414,0.180716505,2.056881951,-1.312566163,-0.541830939,-0.275277905,-1.823595118,1
2093,0.887627733,-0.553738597,-0.242265253,0.177077922,0.115104187,0.115966917,-0.271587435,-0.134818786,-0.142814728,0.30940018,0.151929595,0.165586084,-0.086566626,-0.123201726,0.00896854,0.099396046,-0.089470671,-0.15223855,1.812264812,0.215361063,-0.043976532,1
2094,-1.141815497,1.537233448,-0.605887365,0.662078865,1.471131037,1.540029019,-0.405660819,-1.424954498,-1.545828788,0.4495528,1.555800378,1.726541495,-0.593329642,-1.57951211,-2.226874829,-0.404609019,-2.209610027,-0.467259192,-1.625628502,-1.054061491,0.422868831,8
2095,0.380266925,-0.492239419,-1.139199797,0.429392479,0.061851269,-0.016982287,-0.329874837,0.150529954,-0.089591539,0.365854587,-0.154755596,0.109554722,1.433565277,1.711435988,0.341443128,-0.323553479,0.767570891,1.81937736,-0.067415944,0.942106913,1.463652383,8
2096,1.141308136,-0.492239419,-0.290748201,-0.73617428,-0.98763791,-1.01021911,0.497095415,0.846397317,0.970861098,-0.546132899,-0.918436201,-1.063492137,0.33587643,0.63904493,1.324262319,0.876963625,0.696840851,-0.079290754,1.127934247,0.500793783,-1.306119847,5
2099,1.268148338,-0.246242708,0.606186343,-0.417603008,-1.014992057,-1.027201494,-0.092756168,0.471602123,0.744559237,0.103942416,-0.525518318,-0.84896452,-0.780181699,0.167898046,1.466738145,-0.31408447,1.969616162,-0.73005511,-1.789560977,1.784085568,-1.446593098,5
2100,0.887627733,-0.000245997,-0.121057882,1.155434381,0.751422812,0.801662056,-1.320776252,-0.948042003,-0.932248798,1.302760989,0.922726399,0.887653121,-0.755145653,-0.692400543,-0.461488768,-0.63480801,0.049810013,-0.531096575,1.228566792,-1.748378343,1.298625307,7
2102,-0.253934084,-0.492239419,2.07279553,-1.089650533,-1.055807031,-0.976129543,0.971606523,0.984161898,1.106533693,-0.935023853,-0.939322689,-1.027027426,-1.043104171,-1.097794758,0.589847549,0.906237542,-0.238190871,-1.679779109,-1.031799504,0.336119702,-0.613645356,5
2103,-0.253934084,-0.799735308,-1.211924219,-0.677658895,-0.721170687,-0.720540035,0.630443034,0.761588677,0.880657647,-0.690451669,-0.836365336,-0.995758266,0.008737431,0.103194225,0.709431964,0.635109942,0.206131182,-0.326960712,1.000837819,-0.775184011,-0.493141258,6
2104,-1.141815497,0.799243315,0.727393714,0.623288681,1.194633205,1.169010308,-0.150794052,-0.81701444,-1.143437332,0.168119468,0.910725028,1.312037139,0.580244905,-0.259664568,-1.925493123,-0.461324847,-1.757593642,0.911703475,-2.029199683,-0.345616731,-0.38599621,8
2105,-0.507614488,0.737744137,0.363771602,0.775197699,0.991643631,0.903199308,-0.734837482,-0.983946517,-0.937904849,0.778582703,0.988491407,0.885845018,0.848246765,0.779475836,-0.523713748,-0.535704452,-0.052237537,1.259203451,0.636189788,0.420629308,-0.619448944,8
2106,1.141308136,-1.390127415,-0.484679994,-1.329295356,-1.89620809,-1.778611705,1.019539545,1.746603321,1.943895069,-1.097231213,-1.835458021,-2.034184038,-1.033610587,-0.479056063,1.837380064,1.030088134,1.085987534,-1.734585328,0.71314764,1.734324449,1.584427553,8
2107,-0.63445469,0.774643644,-1.405856012,1.577548128,2.152747561,2.146020493,-1.387308165,-2.02503922,-2.02492516,1.455333845,2.05847325,2.034121807,-0.193696354,-0.76881108,-2.058509076,-1.155251319,-1.27114626,0.390373399,-0.920595346,-1.436287942,-0.34508172,8
2108,0.633947329,0.122752359,0.678910766,-0.506508064,-1.120044983,-1.165100998,0.480882069,0.952230043,0.719452203,-0.462117582,-0.893930111,-0.585416919,0.405792067,1.122324873,1.361935679,-0.009996476,1.602544292,0.471708411,0.995746222,0.976692114,0.317344109,5
2109,-0.00025368,0.491747426,1.091015827,-1.283957825,-1.311823826,-1.265266965,0.995188356,1.029387046,1.313681903,-1.093388054,-1.114208568,-1.457268342,-0.296465813,-0.027018417,1.573518956,1.298207046,0.551215309,-1.029605115,-1.150039203,-1.692328628,0.354887717,1
2111,1.521828742,1.598732626,-0.436197046,0.631616587,0.485790479,0.403461254,-1.169029743,-1.093144838,-0.86750562,1.138489991,1.008325473,0.687463036,0.59195258,0.988805158,0.478025294,-0.363400236,0.929610529,0.873198951,-1.717613486,0.321886881,-0.504255684,7
2112,-1.268655699,-0.369241064,-0.072574933,-0.584374971,-0.733855304,-0.613276249,0.820100882,0.758586773,0.786704779,-0.770886027,-0.668590633,-0.631877656,-1.583129053,-1.446974088,0.094386851,-0.072614941,0.114441717,-1.781065418,0.716885109,-0.448894946,0.2694656,6
2113,-0.609086649,-1.623824291,0.084994649,-0.850014004,-0.85850106,-0.922926828,1.211591186,1.503303817,1.375418877,-1.331206798,-1.634581238,-1.519597452,2.100256484,1.9953954,0.318710995,0.456817551,0.012722271,2.17156838,-0.660752177,0.259742679,1.445421121,7
2114,0.02511436,1.131338875,0.206202019,0.284948039,0.839124142,0.857287788,-0.38753645,-1.016449925,-1.104894675,0.438027371,1.136148025,1.26439422,-0.885814964,-1.52214501,-0.696002964,0.662097627,-1.48332422,-1.369450085,1.418754395,-0.67309326,-1.743521851,8
2115,1.978453469,-0.812035144,1.515241624,1.414369607,0.527141022,0.491358961,-1.652842989,-0.713715095,-0.728708924,1.648051531,0.62113819,0.570374911,0.130878502,1.076109699,0.436846125,-1.60703419,2.067732801,1.003154942,-1.351166649,1.284319269,1.767383738,6
2116,-1.395495901,-0.369241064,0.000149489,-0.530003457,-0.019471017,0.012588149,0.809769236,0.406295891,0.329252268,-0.732382629,-0.311196248,-0.167345656,-0.212353685,-0.92685898,-0.813886377,0.645533664,-1.575995356,-0.586606627,1.130736444,-0.895569015,-0.979568456,7
2117,0.253426723,2.164525062,-0.484679994,-0.709610159,-0.230383481,-0.20043692,0.352929353,-0.335581976,-0.149329342,-0.375912898,0.366276361,0.167150431,0.236348878,0.103577581,0.846825486,1.291411378,-0.261279682,-0.413599492,-1.198095936,1.276092313,1.201814764,7
2118,1.014467934,-1.230229553,-0.484679994,-0.548443018,-1.19908843,-1.244191307,0.394282696,1.145801079,1.21731618,-0.430385831,-1.23364338,-1.331485385,0.120677355,0.810764181,1.393496445,0.108579284,1.512470438,0.081088041,0.686686363,-1.408571358,-1.379430013,8
2119,-1.014975295,0.614745781,0.000149489,1.806200018,1.659766755,1.639571049,-1.511250341,-1.545144303,-1.595044561,1.521183153,1.533740526,1.551688326,-0.662881563,-0.596939381,-1.826386891,-2.27953632,0.067315923,0.447677557,-1.134204942,0.750940117,-0.173657326,5
2121,0.633947329,1.180538217,0.606186343,-1.318384726,-0.282115067,-0.152794,0.715291027,-0.252074211,0.066621143,-0.632510783,0.375125169,0.092491006,-0.386897796,-1.242005457,0.150439192,2.125980064,-1.901322809,-1.572779135,2.183947041,-0.955984512,0.257082462,8
2122,-0.888135093,-0.246242708,-1.030113163,-0.287567539,-0.832234155,-0.939803446,0.685453698,1.126135651,0.934941816,-0.728282974,-1.176326397,-0.97339177,0.614569137,1.323479487,0.894863786,-0.566702302,1.609892538,1.007070203,-0.969379577,1.480135432,-0.445144317,6
2123,0.126586521,1.352735915,0.181960545,-0.225070052,-0.062133221,-0.113280788,0.164393352,-0.083701245,-0.165423598,-0.18239172,0.096516159,0.194342259,1.094415716,1.041536859,0.592105036,0.743045265,0.010457791,0.863609378,0.07918202,-0.908438508,-0.079294228,6
2124,0.126586521,-0.984232842,0.242564231,1.848971214,1.452015594,1.483934933,-1.762934382,-1.360323131,-1.163410382,1.683335685,1.223447831,0.928732507,-1.638055771,-1.515395862,-1.613382298,-2.078390558,0.078846347,-0.779887965,-0.327785082,0.784994538,-0.403236462,5
2125,-1.35744384,0.983740848,1.091015827,-2.038242475,-1.294169205,-1.253208782,2.0774142,1.184982764,1.195259077,-2.040134097,-1.034373381,-0.975333521,-0.067192424,-0.590797064,0.485427467,1.758811519,-1.144799509,-1.010492627,1.095500431,-1.923670965,-1.509931919,1
2126,0.595895268,-0.615237775,-1.648270754,1.126292221,0.910848654,0.963697749,-1.196988803,-0.903641998,-0.866551019,1.296957854,0.908356208,0.868966595,-0.4622309,-0.263517158,-0.530666602,-1.044439648,0.378626109,0.022929522,-1.063981383,2.020962773,1.582222436,1
2128,-0.862767053,1.352735915,0.61830708,-0.403823806,-0.27551919,-0.292106919,0.421041864,-0.037581424,0.005164663,-0.406739919,0.071875884,0.048287218,-0.380020181,-0.242585336,0.0739638,-0.190967706,0.254959241,-0.335451062,-0.707151054,-1.658304156,-1.618567174,6
2130,0.545159188,1.377335586,-0.121057882,0.411927157,0.530256974,0.521258156,-0.630858466,-0.983368447,-1.019286532,0.707245431,1.087060626,1.152754438,-0.144146405,0.060443482,0.441323616,0.079494175,0.427803203,-0.207858487,1.57447867,0.985656765,0.403876219,7
2131,-0.380774286,-0.73823613,0.606186343,-0.634578825,-0.660654141,-0.708332345,0.700810251,0.941309771,0.938594891,-0.786845962,-1.03867471,-1.057233929,1.025577735,0.830351908,0.248748118,0.657176532,-0.306556627,0.830053093,-0.922676727,-0.186439698,-0.299093196,7
2132,1.648668944,0.122752359,-1.648270754,0.175414692,-0.037534957,-0.102992595,-0.469740422,-0.284303527,-0.366789384,0.532486116,0.318146526,0.421688876,0.69241629,1.143545552,0.950782526,0.072096849,1.058984258,0.757584359,0.653483471,-0.563456132,-0.797135166,1
2133,0.126586521,-0.369241064,1.042532878,0.538343254,0.598560775,0.582743523,-0.530341334,-0.51956581,-0.624115949,0.582230843,0.565553422,0.690657192,-0.349015134,-0.611444516,-0.881314989,-0.438130033,-0.609872299,-0.168665143,-0.832929503,0.603833162,-1.107037627,5
2134,-1.014975295,-0.492239419,0.969808456,0.994165248,0.797783097,0.816321416,-0.656780585,-0.49303931,-0.51443108,0.658769974,0.477364758,0.468954404,-0.95462455,-0.977480402,-1.229702234,-1.345553472,-0.158926096,-0.383233974,-0.318984821,-1.201761739,-0.214361061,8
2135,-0.380774286,0.381048906,0.000149489,-1.745891177,-1.456805088,-1.313466643,1.457106652,1.189658458,1.556538168,-1.54581278,-1.240393273,-1.643794871,-0.661576387,-0.810924133,0.974780254,1.549413656,-0.400077638,-1.582546931,0.522898915,0.124155447,1.431582086,5
2136,0.633947329,-0.246242708,-0.605887365,1.673878104,1.403202611,1.291239243,-1.480990564,-1.235058827,-1.573612046,1.568368506,1.286143783,1.658892892,0.774030069,0.956032628,-0.739773466,-1.350381409,0.483868042,1.606186631,-0.678993586,0.04444294,0.144018298,5
2137,-0.507614488,0.602445946,0.000149489,-0.858094962,-0.980710727,-0.945095399,0.899390289,0.80371439,0.928550578,-0.919700693,-0.811504958,-0.925518413,-0.478616757,-0.055417203,0.814236131,0.060240761,0.864263772,-0.582071434,-0.08684838,0.121215613,0.186734834,5
2138,-0.00025368,0.36874907,-0.121057882,-0.094062755,0.196443201,0.153712785,0.08477341,-0.159050281,-0.23533038,-0.091972989,0.17948729,0.272008927,0.54772277,0.281400526,-0.072490515,0.468968997,-0.515663273,0.380689338,0.3978175,0.612733733,-0.876503346,7
2139,-0.00025368,0.614745781,-0.727094736,0.149655678,0.196743308,0.168257188,-0.128760059,-0.221151621,-0.321419868,0.142348185,0.240452898,0.355409471,0.812641466,0.931654988,0.219916948,-0.065602307,0.351495805,0.968833408,-0.093984262,0.571333968,0.937627271,5
2140,-0.444194387,-1.611524455,1.697052681,0.945177962,0.310055977,0.458304694,-0.703150839,-0.082668149,0.1800901,0.709266145,0.037032321,-0.272612217,-2.477406895,-2.58809865,-1.184285146,-0.979099793,-0.524014319,-2.327918283,0.275829908,-0.187204186,-1.070015934,7
2141,0.101218481,1.365035751,-0.969509478,-1.832517309,-0.699551678,-0.75873361,1.377956848,0.400186239,0.45023254,-1.464362395,-0.379167832,-0.429821472,1.193738231,0.495014782,0.758137159,2.381720031,-1.380745524,0.108250737,0.436980788,-0.766660054,-0.762628553,8
2142,0.215374663,0.36874907,-0.848302107,0.260408407,-0.329091451,-0.399719013,-0.17446948,0.215381071,0.123649663,0.198500403,-0.239333334,-0.138564377,0.360862486,1.284051829,0.859358966,-1.070277666,2.046194463,0.98267622,0.248651916,-1.057110673,0.067392188,1
2143,1.141308136,-0.492239419,0.606186343,0.382602226,0.219685792,0.261141992,-0.741640009,-0.442980109,-0.337242155,0.813161133,0.473191188,0.358563243,-0.706020875,-0.697316226,-0.037239764,-0.010550909,-0.061925058,-0.805878644,-1.033137326,0.819389602,0.374642635,6
2145,-0.00025368,0.245750715,-1.090716848,-1.035702387,-0.637500994,-0.733673866,0.838209972,0.546467971,0.322670211,-0.6209424,-0.34637974,-0.047927445,0.986084473,0.985460931,0.492948089,0.515643823,0.111537826,0.859761189,-0.898914296,-0.571473275,-1.172023782,6
2146,1.014467934,-0.369241064,0.848601085,0.959692448,0.673550872,0.657606804,-0.965442364,-0.58999635,-0.433348626,0.683246871,0.328495961,0.042476586,-0.044243008,0.021095914,-0.269424945,-0.464994783,0.136830716,0.195884947,0.26989881,0.43438808,0.178945169,7
2147,-1.395495901,0.36874907,-0.242265253,-1.23272663,-0.445669666,-0.360239996,1.265700841,0.411453413,0.372439398,-0.996096297,-0.137884175,0.024510415,-0.371907131,-0.96975136,-0.217857825,1.10812999,-1.340910172,-1.015455844,1.482511029,-1.015108136,-0.1118517,6
2148,1.521828742,-0.492239419,-0.363472623,-0.949552608,-1.363271289,-1.4445936,0.602823909,1.201092283,1.161035808,-0.644962252,-1.259932759,-1.219581835,1.120573482,1.569171083,1.754881469,1.005974379,1.102503889,0.754158314,-1.569953155,-0.394534826,-0.591293571,5
2149,-1.141815497,-0.000245997,-0.921026529,0.584185356,0.35805081,0.388189912,-0.278699111,-0.22652336,-0.202208606,0.30460042,0.243920593,0.219306761,-1.134575249,-0.86355137,-0.687753804,-1.343305675,0.458687909,-0.591256121,1.088620084,1.540550154,-0.22708418,5
2150,0.887627733,-0.652137281,0.557703395,0.891606238,1.499347871,1.516149512,-1.159445709,-1.380503385,-1.275359134,1.111907014,1.314028105,1.155200965,0.108971406,-0.850141241,-1.456474643,0.401895237,-2.070419771,-0.088006252,-1.170368316,-0.490350888,-0.28839663,5
2151,-1.141815497,-0.566038433,1.091015827,-0.327115184,-0.38053002,-0.464498787,0.967479057,1.040547473,0.568341931,-0.903017142,-0.944416076,-0.371876578,1.507465457,1.416803734,-0.064584659,0.011960478,-0.024306851,1.726284752,1.845687537,-0.420845856,0.094693021,7
2152,1.39498854,1.832429502,-0.605887365,0.456785476,-0.011449756,0.061096392,-1.083280131,-0.930926992,-0.505741218,0.993801023,0.818096634,0.292246512,-1.236042771,-0.391970274,1.048159904,-0.546464948,1.691555363,-1.130700674,-1.965713503,1.013763095,2.123318284,7
2153,-1.014975295,-0.615237775,1.091015827,-0.920913624,-0.655742896,-0.643434355,1.078888773,0.79702247,0.722737552,-0.991972293,-0.67752161,-0.539335638,-0.356884631,-0.717274768,-0.216772171,0.5759689,-0.823513634,-0.715813162,1.542999409,-1.793143977,-2.246680516,7
2154,0.380266925,-0.812035144,-1.720995177,-0.090649814,0.044296463,0.034772683,0.165458607,0.293797985,0.137803554,-0.175768908,-0.310472318,-0.136189302,1.080147738,0.793243158,0.079404914,0.656263162,-0.499407008,0.893258715,-0.179657987,1.895322678,1.862012915,6
2155,-0.00025368,0.81154315,1.600086784,-0.924333526,-1.219081375,-1.295861697,0.757464846,0.87071442,1.030802126,-0.843167838,-0.962276555,-1.164465914,0.924945822,1.717998276,1.819644121,0.325960403,1.828156606,0.890140605,0.011153261,-2.043883818,-1.858074925,1
2156,-0.00025368,0.245750715,-1.33313159,0.358483968,0.466644575,0.500702762,-0.280157861,-0.406663153,-0.513517557,0.316993758,0.457406394,0.593632073,-0.3093418,-0.577705579,-0.693792034,-0.20380563,-0.618217962,-0.247403573,-1.303234623,0.582805913,1.561557161,2
2157,-0.63445469,0.245750715,-0.714973999,1.015042473,1.286738107,1.239280687,-0.897563726,-1.184620687,-1.249836568,0.972362895,1.255538063,1.312956017,-0.018164251,-0.384722868,-1.377910812,-0.823001284,-0.798131227,0.415825089,1.2139642,0.448183002,-1.354432692,5
2158,0.507107127,-1.107231197,1.563724573,-1.558944154,-2.027935859,-1.911895706,1.166385008,1.721876077,2.111880841,-1.276520496,-1.862009499,-2.317291996,-1.45814787,-0.693882683,2.333149813,1.184374601,1.492810906,-2.304402301,-0.524270949,-0.295529844,1.136086519,5
2159,-0.63445469,1.598732626,0.606186343,0.441362794,0.66425203,0.682106559,-0.153187156,-0.629175478,-0.725069342,0.173274031,0.709009595,0.842812441,-0.142673641,-0.368630691,-0.977640127,-0.650589711,-0.507042675,0.181232739,0.716291929,0.563100897,0.475824231,6
2160,0.507107127,-0.246242708,-2.036134341,0.859083138,0.96000156,0.842907064,-0.850453625,-0.843569341,-1.127042916,0.93451271,0.902001289,1.229387334,1.190698422,0.906064758,-0.830793031,-0.444565624,-0.481818879,1.604445869,-0.93555678,0.01275062,-1.65935269,1
2161,-0.812030972,-1.906720509,0.824359611,-0.291476404,-0.280583882,-0.204764298,0.778628648,1.047526852,1.047656091,-0.853317331,-1.130847124,-1.13411863,-0.396597331,-0.806105143,-0.802510139,-0.010665388,-0.93472851,-0.450176647,-0.222802345,0.726666827,1.068499856,7
2162,0.431003006,1.291236737,0.12135686,-0.821725776,-1.077308286,-1.044499328,0.233082734,0.238093108,0.571816547,-0.263368208,-0.266836431,-0.66427415,-0.693414343,0.162286706,2.121888421,0.66911511,1.778931837,-1.152034766,0.984330293,-0.61090074,0.540676298,8
2163,1.141308136,-0.369241064,-0.484679994,1.51400041,1.244205668,1.167801329,-1.495616109,-1.189076568,-1.443221725,1.592624673,1.250811288,1.549416609,0.298308032,0.278871996,-1.010321707,-1.185994141,-0.008057228,0.97217988,0.890530787,0.657982968,-1.068375346,5
2164,-1.649176305,-0.418440406,0.848601085,-1.05083966,-0.834941487,-0.784839198,1.474394969,1.210405969,1.274251529,-1.568320091,-1.275158127,-1.350603228,0.159896028,-0.062978431,-0.305127281,0.123010509,-0.46570853,0.118507172,-2.175825278,-1.76917866,1.010911483,7
2166,-0.761294892,0.737744137,0.242564231,-0.388754158,0.527156192,0.533231023,0.33364233,-0.450471661,-0.299965701,-0.264037144,0.507521244,0.342504171,0.62023369,-0.140311969,-0.504887276,1.054858442,-1.58066192,0.153145252,-0.283041949,1.569491905,0.561113217,2
2168,-0.127093882,0.504047261,0.533461921,-1.783599285,-1.571489308,-1.562749875,1.435943565,1.244983386,1.536616665,-1.551054923,-1.332687102,-1.670859222,0.530041337,0.710848717,1.662828553,1.541039211,0.453339412,-0.208497025,-1.079115814,0.764167169,0.381594032,5
2169,-0.00025368,0.491747426,0.363771602,0.212093975,0.619498103,0.630456959,-0.166165059,-0.529162493,-0.658441358,0.188846568,0.597354568,0.765414551,0.092078658,-0.594843043,-0.873007183,0.490020511,-1.481239382,-0.154183417,-0.35815049,-0.148421429,-0.334786239,8
2170,1.014467934,0.614745781,-0.799819158,1.063282161,0.999369602,0.913681413,-1.31335449,-1.303161317,-1.334273493,1.415579423,1.358198187,1.377405061,0.426470002,0.685834763,-0.181034234,-0.82999959,0.61208432,0.93058654,0.03592536,0.513441633,-0.774017098,8
2171,-0.761294892,-0.000245997,1.042532878,0.012402704,-0.129845777,-0.111359521,0.260722992,0.265785899,0.211632997,-0.264349594,-0.258626771,-0.183169055,-0.434908378,-0.194923407,0.024571545,-0.47571391,0.471382446,-0.247445185,1.992445621,-0.078942238,0.23188616,1
2172,-0.127093882,0.491747426,-0.484679994,0.550561248,0.622917009,0.602155795,-0.640093908,-0.672936114,-0.481193582,0.607981092,0.587589944,0.300860041,0.264441338,0.195705341,-0.523924308,-0.491835477,-0.118998691,0.564918845,-1.891430169,-0.483378525,0.295485123,5
2173,1.014467934,-1.808321824,1.454637939,-0.135556912,-0.136125193,-0.021297291,0.038860294,0.330159691,0.271137999,-0.046729865,-0.311600506,-0.20107076,-0.789926282,-1.111830635,-0.045172105,0.727478952,-0.78951125,-1.293931549,0.669020243,0.970148734,1.347078589,3
2174,0.380266925,0.577846275,-0.242265253,0.862168198,0.137095268,0.035025332,-0.636675219,-0.206192464,-0.171014563,0.317663443,-0.057122725,-0.196401451,-0.132536902,0.594371998,0.294335394,-1.267910603,1.563447315,0.520447541,-0.027072522,-0.127676264,-1.985648009,7
2176,-2.372165455,0.737744137,0.727393714,0.835355024,1.77499277,1.809861538,-0.030441805,-1.152836261,-1.151215648,0.012941077,1.144269199,1.104456775,0.126307734,-0.644696101,-1.912962873,-0.566460376,-1.659920993,0.445750224,0.741615851,0.246687033,0.923593808,2
2178,1.547196782,0.491747426,0.145598334,0.992307413,0.811790145,0.760322869,-1.320177251,-1.259112219,-1.394630638,1.459620796,1.373554364,1.540884682,-0.491121775,-0.008802428,0.128415364,-0.890662325,0.991221999,-0.091874313,0.171928301,0.3608418,-1.422001478,5
2180,-0.761294892,-1.611524455,0.606186343,-0.576837126,-0.344173309,-0.363162535,1.0522989,1.052297992,0.695799019,-1.04314906,-0.970958375,-0.526338203,0.712912215,0.251049002,-0.271174404,0.657465613,-0.92140592,0.47053223,0.255706216,1.531550258,-0.403362775,7
2182,1.521828742,0.245750715,2.048554056,0.441380723,0.421810055,0.385891123,-0.625649708,-0.568089273,-0.707905478,0.700497631,0.629102441,0.80763779,0.650798349,0.634153935,0.12353281,0.135620954,0.038360194,0.676042786,-0.512781209,-0.072020495,0.394827586,4
2183,-1.395495901,-0.123244352,0.000149489,1.931095972,1.803071142,1.788364057,-1.442872092,-1.427928519,-1.381441113,1.365615965,1.312145956,1.164396467,-0.31390776,-0.424622403,-2.033417088,-2.157258777,-0.276375641,0.783893433,0.539566421,-0.345937712,0.594087244,5
2185,-0.507614488,-0.123244352,0.606186343,0.913789089,0.797463749,0.754408522,-0.497146075,-0.489990974,-0.746124274,0.5557428,0.543431997,0.853261509,0.064153278,0.152137917,-1.128475646,-1.550233299,0.19841996,0.896323367,0.017747822,1.066853247,-0.564857269,5
2186,0.253426723,0.491747426,0.242564231,-0.710575297,-0.634862112,-0.614378362,0.456581908,0.396934166,0.548159412,-0.509536878,-0.438143837,-0.621690524,0.311800403,0.38550587,0.979028182,0.980758809,0.195761924,-0.162038943,-0.477533255,-1.293847172,1.017515092,1
2187,-0.67250675,0.122752359,0.363771602,-0.142044532,0.085014843,0.061116081,0.251280881,0.076745901,0.038786973,-0.285890231,-0.085436576,-0.042600467,0.429746026,-0.091792324,-0.51882071,0.516831611,-1.083420124,0.219693798,0.666683628,-0.142752102,-1.259809915,7
2188,0.291478784,0.983740848,-0.121057882,1.408592375,1.908622532,1.993562932,-1.57118634,-2.145705127,-1.929666415,1.670335735,2.155330906,1.890588773,-1.251803935,-1.580024896,-1.497664576,-0.958613314,-0.856107071,-0.9301211,0.434123296,0.021122064,1.257504968,8
2191,-0.507614488,-1.021132348,0.969808456,-1.086556358,-1.665012586,-1.604217066,1.12443246,1.73297508,1.849225378,-1.198196073,-1.829034005,-1.981976976,-0.403534062,0.265878105,1.402247508,0.205068939,1.407557096,-0.572622851,-0.986512243,0.069545982,1.307659031,8
2192,-0.888135093,1.14363871,0.000149489,0.415601458,0.621032001,0.563176347,0.008908664,-0.42807033,-0.66850815,-0.009909904,0.482125138,0.776709951,0.647478228,0.502083951,-0.693648557,-0.551744339,-0.241624698,1.036957806,0.388302629,-0.440785402,-0.099830497,8
2193,-0.291986145,-0.885834157,-0.242265253,0.482836287,0.785037235,0.747999516,-0.172163076,-0.239632204,-0.45342177,0.19249034,0.263764755,0.513360221,0.614878828,0.030344248,-0.993184075,0.077341116,-1.199033465,0.665682624,1.671137115,0.955229237,-0.541611491,8
2194,-0.203198003,0.762343808,-1.527063383,-0.775554061,-1.245593123,-1.238627168,0.515919853,0.706374049,1.065672763,-0.582103341,-0.786721109,-1.2198972,-1.055520656,-0.054814658,1.489612868,-0.383888454,2.052381868,-1.009481136,-0.54336103,0.619499623,-1.295272321,6
2195,0.621263309,-0.615237775,0.678910766,-0.23107061,-0.224289445,-0.257570229,0.019672735,0.198111012,0.196740391,-0.02220991,-0.224856011,-0.22981546,0.886552271,0.759246799,0.498304554,0.813571827,-0.174971015,0.58727503,0.356421566,-0.422816615,-0.164151835,5
2196,-0.266618104,0.860742493,-0.775577684,1.124700885,1.126336813,1.120336195,-0.795335703,-1.050487125,-1.356278754,0.892388732,1.166741443,1.54425261,-0.230911801,-0.257963584,-1.318447189,-1.496957244,-0.085184047,0.528915824,-1.258766536,-1.312817076,0.683263387,5
2197,0.392950945,0.122752359,0.181960545,-0.107721646,0.317699127,0.309424769,-0.12109047,-0.381573774,-0.331590442,0.129995767,0.407678051,0.349999734,0.336009534,-0.250844193,-0.128732954,1.136369658,-1.235996308,-0.216784285,1.628652394,0.667835733,-0.518347771,7
2198,0.507107127,-0.369241064,1.20010246,0.871093826,0.276321029,0.382558544,-0.987019414,-0.44212986,-0.204422774,0.953459272,0.35751202,0.069946973,-1.502695206,-0.998899558,-0.076834296,-1.107424776,0.922051798,-1.139524665,-0.731159956,1.057553704,1.671302071,7
2201,-1.141815497,0.454847919,-0.848302107,0.699109359,0.004295706,0.024131352,-0.319202904,-0.003482355,-0.019846445,0.318122542,-0.023651923,-0.016478047,-0.722372325,0.125431318,0.051520603,-1.784353904,1.758465861,0.116546208,0.717910852,-1.160012393,1.105980726,5
2202,-0.875451073,0.860742493,-0.484679994,-1.09385329,0.025839243,0.088244046,1.111520417,0.003515154,0.18179916,-1.18414952,0.033322938,-0.151682841,-0.269490054,-1.123498601,-0.437758191,1.411937153,-1.885494438,-1.058947748,-0.172234057,1.516341451,-1.090081322,5
2203,-0.190513983,-0.492239419,0.484978972,0.013290961,-0.296171275,-0.406582842,0.226498332,0.673732144,0.389802289,-0.253076229,-0.72860785,-0.413355109,1.583353645,1.637665692,0.180294703,-0.026239511,0.299219305,1.833777891,-0.005326488,-0.72957303,-0.083288257,7
2204,2.206765832,-1.021132348,-0.945268003,-0.293057363,-0.625189737,-0.605285265,-0.332541868,0.202063143,0.417355375,0.375641766,-0.229023321,-0.486058139,-0.145618117,0.192567277,1.323535624,0.834048237,0.717762746,-0.609932914,-0.031823878,0.682731232,0.509032178,2
2205,-2.232641233,1.389635422,1.430396465,0.32239147,0.539109225,0.571087881,0.303974381,-0.269427299,-0.395504523,-0.343258376,0.303256795,0.45793604,-0.487600349,-0.48393103,-1.033906203,-1.206466911,-0.047854344,0.079745921,-0.694800817,-0.054480492,0.986281343,2
2206,0.431003006,0.245750715,0.484978972,0.436782965,0.200084037,0.136119172,-0.487476292,-0.299866965,-0.435728605,0.547761104,0.327859266,0.486477226,0.637296788,1.044598897,0.243985563,-0.669854398,0.957494906,1.087927375,0.664650759,-0.398374694,-0.403466187,7
2207,0.912995773,-1.230229553,-0.121057882,-0.115725344,0.258393775,0.423350342,-0.37441472,-0.37368675,-0.06815282,0.402004649,0.392594865,0.048997755,-1.500609356,-2.332257639,-0.756567944,1.074149858,-1.977879676,-2.294718476,-1.448191077,0.446573066,0.509707589,2
2208,0.380266925,1.475734271,0.000149489,0.387702196,0.597036281,0.564557029,-0.628355281,-0.991374914,-0.785487752,0.616698783,0.914962167,0.673030112,-0.084528256,-0.109674273,-0.109535482,-0.068085189,-0.06428658,-0.061026508,2.1201256,-1.718617279,-0.853812983,8
2210,0.380266925,0.627045617,0.606186343,-0.666303862,-1.251907057,-1.239833404,0.506604887,0.830805159,0.93682309,-0.52671286,-0.869564473,-0.970858422,-0.690189216,0.307088784,1.506547504,-0.383631218,2.086762316,-0.589717682,0.198388497,-0.939781583,-0.267198385,1
2211,-0.63445469,1.229737559,-1.33313159,-0.080222002,0.449402639,0.499106879,0.043076285,-0.607753535,-0.452995579,-0.048424719,0.656191346,0.492531061,-0.725882354,-1.231227168,-0.610853755,0.458072383,-1.180554999,-1.077368543,0.36122949,0.903197389,-0.820531162,5
2212,-0.380774286,-1.107231197,1.333430568,-0.415110927,-0.824757539,-0.889693709,0.68162564,1.151117823,1.035248675,-0.753269082,-1.249722969,-1.139879636,1.033296563,1.486855695,0.608439997,-0.368137436,1.103286891,1.382978879,0.845099141,-1.736570345,0.170683005,7
2213,0.380266925,-0.62753761,-0.121057882,0.833958845,0.936579375,0.95893324,-0.789455594,-0.745114357,-0.909068757,0.871268757,0.813259152,1.0107688,-0.133079424,-0.562459272,-0.97479721,-0.191889839,-0.947715545,-0.05113617,-1.423644501,1.640328132,0.908932127,5
2214,-0.520298508,0.504047261,0.000149489,0.212725284,0.434227138,0.387070323,-0.125296641,-0.434084866,-0.407365761,0.132394993,0.460475751,0.426445511,-0.213200631,-0.379343838,-0.436018915,-0.132291974,-0.385219837,-0.174848781,1.633938122,-0.027397671,-2.407071848,8
2217,-0.888135093,0.491747426,0.12135686,0.351189436,0.643494843,0.736177241,-0.214320958,-0.716130852,-0.579693084,0.234967409,0.772334828,0.623074865,-1.742728626,-1.699256296,-0.879270366,-1.015937464,-0.105108005,-1.463956357,-1.142780779,-0.654253538,-0.411812997,5
2218,-0.190513983,0.491747426,-1.211924219,-0.078907129,-0.603002446,-0.618408968,0.233578788,0.507944062,0.48198532,-0.257776425,-0.544666907,-0.520181685,0.149971269,0.810388788,0.753397468,-0.591820802,1.451391616,0.486405109,0.118326757,-0.127887061,1.433128115,6
2219,0.951047834,0.122752359,-0.121057882,-0.494970008,-0.58226793,-0.60919149,0.074334468,0.321468689,0.409717886,-0.082412669,-0.354323076,-0.463624494,0.615673639,0.752843313,1.125093947,0.98997761,0.368375465,0.182331267,1.087463242,-0.734051341,0.272182168,5
2220,0.760787531,0.614745781,1.454637939,0.230219143,0.113656858,0.102180341,-0.496111593,-0.412488251,-0.31923629,0.550264497,0.449844996,0.35144582,-0.675068912,-0.383979128,0.292450596,-0.252075943,0.554871462,-0.642145008,-1.11901592,0.982891524,-1.321182839,4
2221,0.633947329,-1.230229553,-1.090716848,0.899262281,0.953532707,0.99872141,-0.930202101,-0.773401473,-0.817659832,0.931872742,0.753147499,0.79690104,-0.028422297,-0.509493049,-1.119581877,-0.256900462,-1.047990485,0.10364935,0.957703788,0.995637419,1.378228876,1
2222,-1.649176305,-0.000245997,0.969808456,-1.110905901,-0.871572084,-0.930484066,1.519434422,1.239635931,1.105420714,-1.587118713,-1.262194163,-1.109097494,1.089368049,0.792011427,0.123861243,0.732106101,-0.521050017,0.863612315,-0.40056836,-1.705568965,-1.188799774,7
2223,-0.00025368,0.245750715,0.12135686,1.825778218,1.726545101,1.691065852,-1.789681791,-1.765253096,-1.652445008,1.828854067,1.735943571,1.529777211,-0.44268906,-0.300738693,-1.312244692,-1.852380451,0.257590903,0.474101333,-1.175405441,-0.573258351,-0.166903618,5
2227,-0.127093882,1.684831475,0.060753175,0.261418122,0.772049676,0.719770571,-0.156204998,-0.778351261,-0.9688625,0.174072297,0.86878307,1.112294183,0.766036832,0.245942494,-0.528656935,0.476383645,-1.041783898,0.627677971,-0.055999368,1.233433902,-0.708625201,7
2228,-0.380774286,-0.492239419,0.351650864,0.429348717,0.057778812,0.084532179,-0.230335914,0.032330585,-0.000659947,0.251508729,-0.042419475,-0.008173249,-0.420203466,-0.044796432,-0.228738776,-1.083031444,0.767160682,0.091712124,1.348876364,-1.488347521,1.10800684,8
2229,0.126586521,-0.369241064,1.454637939,-0.267024656,-0.048398709,-0.081384703,0.329657711,0.280503906,0.145114191,-0.360718785,-0.30116838,-0.147322912,1.401544574,1.057988803,0.041421388,0.713553497,-0.585640695,1.232262168,-0.036274923,0.341185269,0.758694517,5
2230,-1.167183537,1.352735915,-0.848302107,0.496220122,0.844253035,0.821310694,-0.331532389,-0.922126073,-0.866966157,0.356410074,0.976179316,0.90286593,-0.823607153,-0.913552319,-0.80245691,-0.69466404,-0.289623755,-0.578023053,-1.585990908,1.36516833,-1.879745897,2
2231,0.367582905,-1.943620015,0.242564231,-0.683804755,-1.280159471,-1.115937197,0.573796823,1.33381705,1.613626985,-0.628976893,-1.437277396,-1.764851717,-1.370781313,-1.106272002,0.446116053,0.043759327,0.417498218,-1.598750638,1.122451926,-1.606714446,1.909857869,8
2232,0.545159188,1.451134599,-1.236165693,1.56099449,1.79900276,1.753982891,-1.688191719,-2.000786484,-1.955926796,1.69689195,1.969241812,1.89856658,0.176213819,0.045925228,-0.629050954,-0.472757914,-0.262772578,0.453390061,0.516931925,1.850551607,0.338699225,8
2233,-0.00025368,0.122752359,0.872842559,-1.932374285,-1.81370737,-1.886864374,1.809088678,1.762467427,1.610927468,-1.832849206,-1.698562413,-1.494694182,1.220145817,1.210910907,1.582268406,1.818585198,0.119633137,0.437414407,-0.47830295,-1.252370726,-1.493510907,5
2234,-0.406142326,-0.615237775,-0.605887365,0.67913437,0.590650472,0.571023253,-0.295736667,-0.237453016,-0.457606267,0.333213027,0.261908431,0.521528473,0.329497258,0.435918553,-0.772268842,-1.186110409,0.268836587,1.008089445,0.378428954,1.049782108,0.807464643,8
2236,-0.507614488,0.491747426,-0.242265253,-2.43723232,-1.794149537,-1.826844674,2.182075104,1.680337269,1.704306051,-2.053682201,-1.556785407,-1.534588242,1.106407635,1.022415213,1.541917609,1.946581193,-0.055738332,0.238770005,-0.39141943,0.048658249,-0.3706924,7
2239,0.633947329,0.614745781,1.963708896,-0.78159393,-1.337002801,-1.253914473,0.473578217,0.862974435,1.09811096,-0.501266671,-0.900182842,-1.152559112,-1.236147746,-0.367863243,1.547631874,-0.00404072,1.74412432,-1.418643491,-1.485862178,0.196074047,0.785179893,8
2240,0.126586521,-0.000245997,-0.969509478,0.036563791,0.039288178,-0.00773549,0.009773437,0.000854064,-0.092795037,-0.009777169,8.99E-05,0.107752629,0.473435876,0.456890757,0.035355338,0.043484894,0.018270475,0.521077598,0.689981525,-0.970814017,-0.571887259,5
2241,-0.507614488,-0.861234486,0.727393714,1.264973847,1.339926805,1.285587012,-1.018370925,-0.975254987,-1.05704041,1.020566671,0.952071628,1.005533562,0.02099068,-0.352608447,-1.594826497,-1.069320727,-0.808938381,0.591530968,-0.990290625,1.595618537,-1.562607983,8
2242,-0.253934084,0.491747426,-0.969509478,-1.664793959,-1.498042545,-1.509855029,1.643951262,1.483658858,1.414353959,-1.717230559,-1.508704742,-1.396480241,1.467472231,1.339277258,1.263301408,1.685489281,-0.11039606,0.792306863,-0.459912655,-1.675009765,0.419034806,7
2243,0.380266925,-1.217929717,-0.799819158,0.298332427,0.155727258,0.170253288,-0.248302143,0.017869723,0.038362794,0.279905022,-0.023320215,-0.04965422,-0.524060389,-0.431537782,-0.270612939,-0.491027881,0.140933325,-0.34178765,1.740098139,1.631360612,0.092926166,4
2244,-0.888135093,1.463434435,0.800118137,0.194008678,0.39872278,0.392180084,-0.015898516,-0.463057552,-0.569939994,0.017525433,0.516584386,0.650589473,-0.061061349,-0.042761698,-0.280006589,-0.370910992,0.032750559,0.126631577,-1.744281189,-0.145255652,0.133187945,8
2245,1.268148338,0.737744137,-0.993750952,1.090886167,0.660574318,0.717626323,-1.519506385,-1.169345633,-0.851891079,1.52503913,1.112224139,0.727751598,-1.370589211,-0.935900013,0.131395641,-0.713742586,0.787098175,-1.196582757,2.003412887,0.48111894,0.92334794,7
2246,-1.674544345,-0.984232842,1.357672042,-1.58975469,-1.015559176,-1.041714582,2.008455168,1.652348851,1.424447146,-2.078945822,-1.64820102,-1.376260875,1.741699411,0.826379832,-0.129011541,1.76596409,-1.788391796,1.064792874,-0.125963221,-1.789813673,-0.181772685,7
2247,1.293516379,-0.246242708,-1.066475374,0.256811683,-0.140104318,-0.149058063,-0.561948025,-0.233192197,-0.131815573,0.636014068,0.258239438,0.144820129,-0.984608265,-0.247663187,0.64487452,-0.807129106,1.487693319,-0.703396016,-0.567837141,0.515150663,-1.14387028,1
2251,-0.63445469,0.245750715,0.363771602,-1.234609569,-1.422964983,-1.446941422,1.518049332,1.59555961,1.385927377,-1.523569269,-1.538146511,-1.277129756,1.121045727,1.735645243,1.825806287,0.718528582,1.463062656,0.907226125,0.917834472,1.065385779,1.580714742,5
2254,-1.547704143,0.245750715,0.606186343,0.176622568,-0.052016747,-0.055087677,0.416386167,0.393565469,0.208295274,-0.428213862,-0.388521231,-0.175831813,0.106708451,0.507727187,-0.106862538,-1.034739382,0.883104917,0.671702536,-0.251649542,0.04869331,1.30287256,7
2255,-0.228566044,0.491747426,0.242564231,-0.00855482,-0.216745954,-0.196588984,0.089136606,0.058014145,0.179714054,-0.097331709,-0.063446869,-0.195304761,-0.836548122,-0.491653722,0.253002403,-0.407595762,0.653231447,-0.745221686,0.760824742,0.970493913,-0.917418819,8
2258,-1.30670776,0.36874907,1.527362361,-0.539650826,0.150336633,0.209344376,0.802812184,0.031461165,0.050190173,-0.793706301,-0.000920439,-0.003140418,-0.284703258,-0.67499026,-0.424644726,0.389191466,-0.880176665,-0.533742073,-1.836471318,1.270549429,0.069548771,2
2259,0.240742703,-0.492239419,0.727393714,-0.764564061,-1.38754121,-1.504622618,0.879292907,1.585477224,1.219612104,-0.938772315,-1.574427974,-1.138487343,2.026151395,2.27907954,1.25368886,0.777313442,0.781245647,1.916332295,1.903370489,-1.513330665,-0.57682365,5
2260,-0.456878407,-0.492239419,-1.211924219,-0.060651548,-0.488535403,-0.358604481,0.172304032,0.38992443,0.719302025,-0.195683092,-0.437870527,-0.833381734,-2.207045362,-1.382066238,0.395305063,-1.210082194,1.538925163,-1.894609309,0.030621262,1.706163311,2.019177827,6
2261,1.648668944,-1.008832513,-0.121057882,0.299232181,0.135187233,0.095598553,-0.800153826,-0.331284976,-0.355723913,0.892192952,0.35965541,0.395761684,0.068826578,-0.11021294,-0.091147871,0.287267323,-0.380938718,-0.073323319,-1.551477416,-1.303451538,-1.677511742,5
2262,-1.014975295,1.377335586,-0.363472623,0.680574561,1.464848409,1.386026891,-0.377720455,-1.226991651,-1.461660266,0.400415731,1.305154043,1.560302068,1.767989971,0.960903016,-1.197905723,0.244384724,-1.550334211,1.902393676,0.926585752,0.026555766,0.715916202,5
2263,-0.393458306,0.245750715,1.333430568,-0.808696026,-0.658972586,-0.574029184,0.885328661,0.638935002,0.712264321,-0.963740067,-0.652162794,-0.706777515,-0.985997729,-1.064938991,0.346575765,0.66565417,-0.284317988,-1.486484041,0.46694842,0.403815743,0.071512451,1
2264,0.773471551,-0.246242708,-0.363472623,1.310276728,0.625704394,0.537186784,-1.446990432,-0.772979882,-0.750675365,1.515162457,0.735152881,0.665493137,-0.063186419,0.667162791,-0.185037681,-1.853556642,1.578858196,0.910913305,-1.922198019,0.50193713,-1.152311705,7
2265,-0.380774286,-0.615237775,0.606186343,-1.835467736,-1.678316856,-1.561893502,1.735976802,1.707766916,1.882853193,-1.839360884,-1.764279179,-1.945155586,-0.28158148,-0.483082992,1.16813001,1.868547772,-0.469835704,-1.315132818,0.388330799,-0.708993244,1.617643212,8
2266,-0.228566044,1.106739204,-1.454338961,0.899227394,1.020490394,0.974111354,-0.627220444,-1.018159644,-1.229666969,0.702463547,1.116456511,1.382740035,0.121929862,0.190945534,-0.688770202,-0.986788864,0.163839794,0.663753933,0.907553374,0.385375342,-0.170041082,5
2267,0.0504824,-1.722222975,0.12135686,0.79555464,1.071283826,1.095261942,-0.725941475,-0.617135181,-0.564446166,0.762317239,0.606761741,0.525774253,-0.445348312,-1.04064418,-1.357384908,-0.253359219,-1.343783843,-0.377430766,-0.293445835,0.536790973,-1.160876552,8
2270,1.648668944,0.36874907,0.484978972,-1.800026402,-1.40726484,-1.437546165,1.219202435,1.025300206,0.854940229,-1.094698963,-0.837596897,-0.573530834,1.244453412,1.055311724,1.622556857,2.268187636,-0.268285766,0.226783871,-0.517513508,-0.831924669,0.213079141,5
2271,-0.127093882,0.245750715,-1.211924219,0.664335704,0.583443415,0.524507829,-0.592053409,-0.521654574,-0.589774026,0.610530934,0.512035075,0.562986712,0.750270256,0.929024498,-0.280195038,-0.792265043,0.474093559,1.282729131,1.410042164,0.603195237,-0.010908327,2
2274,-0.253934084,0.614745781,-0.121057882,-0.894859712,-0.849859771,-0.935568292,0.962366258,0.792117925,0.455516787,-0.909333641,-0.633743635,-0.197660858,1.148193514,1.153125201,0.777364083,0.830694895,0.142161128,0.878910999,-0.325163926,0.336805766,-0.952716575,8
2275,0.507107127,-0.615237775,-1.236165693,0.83917904,0.506814454,0.513565794,-0.890908021,-0.485731555,-0.333836383,0.874893755,0.404725232,0.181609468,-0.396391176,-0.111168428,-0.299577491,-0.967288052,0.574034521,0.057665209,0.863526203,0.205789882,0.643354599,1
2276,-0.989607255,-1.156430539,1.478879413,-1.612503656,-1.806367348,-1.804964916,1.920060743,2.175790013,2.146942509,-2.017303439,-2.245218764,-2.18034099,0.489010548,0.704181749,0.867298527,0.516729093,0.523269567,0.28786489,-1.18655325,0.751212574,-0.710800545,7
2277,1.750141105,1.278936902,-0.121057882,0.816747511,0.476190243,0.511190649,-1.408431697,-1.213997625,-1.111473271,1.533977822,1.316110022,1.223355196,-1.566167125,-1.074887279,0.608902669,-0.255345805,0.88760477,-1.664608943,1.007431366,-0.522082126,-0.237039283,6
2279,0.126586521,0.03665351,0.230443494,-0.153742342,-0.111330533,-0.018770821,-0.100249751,-0.131726847,0.032037544,0.113773247,0.149002549,-0.039686819,-1.482584491,-1.606009794,-0.21225248,0.135369076,-0.437775311,-1.775863673,-0.172203305,-1.837595,-0.351093967,5
2281,0.126586521,-1.476226264,1.091015827,-0.329876198,0.208153802,0.270798149,0.264642004,0.093322284,0.201803505,-0.28419419,-0.088850767,-0.20162244,-0.720755774,-1.653284676,-0.831726929,1.151472415,-2.107679505,-1.439409445,0.41121304,2.104985466,-1.401682288,8
2282,0.760787531,0.860742493,-0.363472623,1.200219541,0.271372914,0.276177857,-1.276186667,-0.664613217,-0.511692798,1.125064573,0.488044938,0.263262788,-0.683403456,0.254124272,0.41119324,-1.558763123,1.957780115,0.041632342,-0.086512271,-1.487375355,1.205548995,7
2283,-0.253934084,-0.123244352,0.363771602,-1.259540605,-0.573160683,-0.576823475,1.147751335,0.624362844,0.536170265,-0.987695362,-0.450709447,-0.299065929,0.607258114,0.071264494,0.238460616,1.440484492,-1.094490003,-0.066390066,-1.182909819,1.180525094,-0.524491534,8
2285,0.126586521,-0.492239419,2.060674793,-1.280742132,-1.069313853,-1.121411166,1.263602165,1.283695211,1.122543037,-1.328271248,-1.3259581,-1.125012478,1.660962827,1.575216715,0.606607225,0.79115936,0.003941494,1.489249613,0.348224981,-1.400687805,0.283610171,1
2286,0.748103511,1.229737559,-0.605887365,-0.233413647,0.209054708,0.214770264,-0.194570576,-0.579508024,-0.55206897,0.217226997,0.642408875,0.620452221,0.482008211,-0.016852525,0.549478705,1.738280907,-1.028188138,-0.368365478,-1.184482495,1.666892308,0.545306908,7
2288,0.557843208,1.635632133,-0.121057882,0.737890625,0.559104575,0.580822505,-1.012579993,-1.187220288,-1.138455091,1.126168851,1.307622685,1.282857564,-1.006594508,-0.620019178,0.285905608,-0.448853676,0.724281735,-0.918775061,-0.126075971,0.362214203,-0.401540279,7
2289,0.760787531,-1.107231197,-1.211924219,-0.084307709,0.186637087,0.117643152,0.088380833,0.183484589,-0.164013806,-0.09085145,-0.191965248,0.20018373,2.117457019,1.603672469,-0.138904154,0.825543238,-0.873363538,1.995684194,0.658886484,-1.775507193,1.707422851,4
2292,-0.253934084,-1.107231197,1.212223197,-0.299756592,-0.082922501,0.037855134,0.190396388,0.206944434,0.417408541,-0.215746867,-0.231640466,-0.483702672,-1.160230584,-1.748617722,-0.692916233,0.579083055,-1.41062358,-1.640805031,-0.85037815,1.350559292,0.629066381,8
2293,1.014467934,-0.258542543,-1.33313159,0.201608515,-0.205348819,-0.332187559,-0.228997047,0.092225411,-0.033995117,0.259193419,-0.106809407,0.03730206,1.116539096,1.920193317,1.07558757,-0.601199062,1.873114929,1.602322708,0.461772803,-0.439977603,-1.045803362,2
2294,-1.953592789,0.627045617,0.848601085,0.746175042,1.263530364,1.296307764,-0.075104369,-0.705244407,-0.994061277,0.082667201,0.785227992,1.133306647,-0.211304394,-1.049557053,-2.140497617,-0.661967529,-1.844616143,0.108388127,-0.48527725,-0.882869155,1.005371677,5
2295,0.811523611,0.122752359,-0.242265253,0.414485408,0.604037257,0.650364035,-0.898153072,-0.98966745,-0.734274545,0.96157885,1.009658995,0.695777785,-0.530008901,-0.718542786,-0.192834201,0.232408756,-0.470115271,-0.73249598,-0.50722379,-0.136313448,0.485929597,8
2296,-0.532982528,0.491747426,-0.484679994,0.67670284,0.218652244,0.212943453,-0.450091528,-0.285276262,-0.120124597,0.416778336,0.194000185,-0.010080083,-1.175524619,-0.633221155,-0.14339164,-1.298033207,1.04313499,-0.662344542,-0.427526085,1.351887917,-1.995982291,5
2298,-0.253934084,2.053826542,-1.660391491,-0.677763338,-0.872254755,-0.766206158,0.412031634,0.25407838,0.565755385,-0.397391894,-0.222774978,-0.528519652,-1.516422841,-0.92177683,1.118779588,0.118288194,1.117779017,-1.805692871,-1.358045992,0.39727197,0.821332304,7
2299,-0.00025368,-0.246242708,2.387934694,-1.194825147,-0.976680565,-1.085323314,1.222601602,1.16306476,1.052508627,-1.325111439,-1.242994821,-1.140493448,1.97921799,1.943008712,1.316663459,1.504282904,0.147955614,1.476642684,-0.415742284,-1.750057379,-1.501935305,2
2300,-0.761294892,-0.861234486,-0.363472623,1.521269165,1.790856951,1.814217477,-1.104598736,-1.348607238,-1.583523205,1.211703158,1.450179368,1.718887722,-0.1832464,-0.869759204,-2.467508198,-1.394923002,-1.511871991,0.529559269,1.642784983,0.608345192,1.897225612,5
2301,-0.68519077,0.737744137,-0.484679994,-0.335728777,-0.553573503,-0.546485355,0.579143681,0.459028975,0.475588223,-0.623878355,-0.473440289,-0.474973095,-0.904230848,-0.434923721,0.253950847,-0.680245009,0.915668666,-0.678340332,-1.904680324,-0.188568083,-1.406463537,6
2302,0.304162804,-1.685323469,0.484978972,-1.035992376,-0.792086097,-0.781099431,0.753535507,1.126762124,1.274545693,-0.848247014,-1.245244914,-1.436483226,1.252252847,0.314763477,0.139462711,2.173451928,-1.892572046,0.286017125,0.049634845,0.547952516,0.233769109,8
2304,-1.776016506,-0.639837446,0.606186343,-1.59604989,-1.909485224,-1.976750596,2.063376957,2.2229642,2.101811139,-2.034233226,-2.180004659,-2.005418572,0.749981757,1.464507229,1.251730884,-0.163210628,1.637589568,0.948607508,1.068097739,0.626916729,-1.301260674,7
2305,0.507107127,1.500333942,0.727393714,-0.51635153,-0.348180091,-0.315863322,0.040357125,-0.171749936,-0.005913298,-0.045813881,0.195945718,0.006663025,-0.561973997,-0.5788708,1.203760415,1.518497797,-0.101032259,-1.451662587,-0.005936997,-1.414843877,-0.177969727,4
2307,-0.63445469,0.946841341,-0.25438599,-0.233662155,-0.389122011,-0.480807222,0.525003876,0.437429412,0.281864901,-0.563379307,-0.456491237,-0.276811266,1.21970631,1.681577629,0.77379079,-0.203347913,1.142679517,1.509791191,1.196900133,1.11699187,0.496170817,1
2311,0.253426723,0.737744137,-0.727094736,-2.028391638,-1.370549638,-1.32033552,1.601211946,0.988161709,0.984720759,-1.378889555,-0.7286279,-0.601179115,0.081970753,-0.466583308,1.026227724,2.449517075,-1.181904956,-1.205552853,-0.664853971,-1.213579934,-0.644880516,5
2314,1.42035658,0.36874907,0.000149489,-0.688995255,-0.314160241,-0.403323568,0.21150592,0.150172218,-0.000962284,-0.193183102,-0.115242703,0.055275504,1.815089736,1.63664543,0.844730802,1.271774423,-0.179725018,1.411373152,-0.623647435,0.084928621,0.119402584,8
2315,0.126586521,-0.246242708,-0.969509478,1.509946092,0.633296348,0.725254745,-1.176269236,-0.568700914,-0.267264695,0.654800665,0.169028119,-0.230006365,-2.000984276,-1.635572881,-0.594271665,-1.377629388,0.564477429,-1.568865264,-0.314165969,0.244719456,0.258216336,5
2316,0.380266925,-1.107231197,1.212223197,-1.569269182,-0.4425478,-0.40728928,1.020699048,0.423873142,0.339178766,-0.513507748,-0.042278372,0.123990736,0.694402979,-0.225791074,-0.184302773,1.790126799,-1.918877468,-0.151756478,0.088288384,-0.293149019,-0.016302521,8
2317,-0.253934084,0.245750715,-0.969509478,1.380834304,-0.031581183,-0.0107764,-0.904938108,0.069640511,0.062024153,0.502926599,-0.352138721,-0.3982031,-0.758009049,0.280154418,0.434146749,-1.751297029,2.167788523,0.058045827,-1.236198608,-0.14421507,1.561050657,5
2318,-0.63445469,1.106739204,1.091015827,-1.959755541,-0.709452979,-0.805058482,1.717999057,0.600987838,0.478312901,-1.341468868,-0.306229232,-0.109981615,1.345106963,0.739953093,0.464645798,1.809877856,-1.160211939,0.585660947,-0.040587925,-0.452822085,-2.002768398,5
2320,-1.141815497,1.869329009,-0.484679994,0.372118355,0.113842442,0.091917965,-0.165934917,-0.32974425,-0.308457942,0.17646509,0.343544105,0.313828397,-0.318886383,0.492125736,0.315552298,-1.416996884,1.724759201,0.385372015,0.805681102,-0.472885537,0.276315156,8
2322,2.257501913,-0.049445339,-1.211924219,0.593882446,1.017298794,0.946980103,-1.080471923,-1.220973217,-1.525237757,1.187586301,1.334876732,1.700336399,1.808946843,1.084206019,-0.095185494,1.37404685,-1.366814992,1.350044724,-1.770744934,-0.261583252,1.305507681,7
2324,-0.127093882,1.389635422,-0.060454196,-1.377931035,-0.769787365,-0.817089737,0.964631795,0.328935059,0.179290397,-0.570118837,0.048424591,0.333378007,1.447636846,1.232520414,0.879770408,1.423664655,-0.301433383,0.908438599,1.344278864,0.534944013,0.833858622,1
2325,-0.761294892,-0.861234486,1.030412141,-1.627972607,-2.067729665,-1.964935564,1.578615356,2.022227839,2.253964314,-1.708775592,-2.142844473,-2.410557996,-1.140236585,-0.414352463,1.898584514,0.727194589,1.445855227,-1.696415805,-1.414081186,0.500014643,0.767157477,7
2326,1.39498854,-0.000245997,-0.121057882,1.354781738,1.421694013,1.376973348,-1.390233537,-1.427394005,-1.654720887,1.51957453,1.546118254,1.837544598,0.230094141,-0.210650582,-1.429358971,-0.736949814,-0.930818576,0.655504335,2.083388108,-0.732875222,-0.793513448,8
2328,-0.63445469,0.799243315,-0.024091985,-0.142792203,-0.010508576,0.048971959,0.117248333,-0.174496959,-0.021646896,-0.093273662,0.197477059,0.064378716,-0.999921034,-0.992825953,-0.035716214,0.017128149,-0.099067728,-1.158364939,-0.066495134,0.16309654,-0.058602754,8
2329,-0.00025368,-0.123244352,0.0365117,-1.73762554,-1.884351443,-1.934614454,1.743964722,1.892347973,1.796410123,-1.805292987,-1.925886675,-1.782798334,1.710320891,2.031723911,1.756756028,1.248707893,0.893793966,1.303194889,1.401697493,-0.411695152,-0.124806253,5
2330,-0.00025368,-0.000245997,-0.011971248,0.074040805,-0.021540547,0.011732192,-0.082313724,-0.027423193,0.036866198,0.093263354,0.030228892,-0.044940878,-0.706540027,-0.398820968,0.227254412,-0.364859207,0.587382121,-0.618471607,-0.725089814,1.565194267,0.982942011,5
2331,1.014467934,-0.689036788,0.375892339,-0.089602233,-0.013507827,0.002621814,-0.212628461,-0.112983402,-0.057256763,0.239245999,0.125138541,0.062351949,-0.327673949,-0.822299137,-0.251642833,0.833025129,-1.111686367,-0.818639021,-0.235453598,-1.688668742,-1.002157704,5
2332,-1.014975295,1.795529995,0.606186343,0.909165081,0.758634597,0.807549852,-0.687558091,-0.946476553,-0.953783062,0.745869477,1.02603621,1.053921531,-1.089126931,-0.608700426,-0.426933935,-1.504593352,0.918648661,-0.45343655,0.387476865,0.783502579,1.26949918,8
2335,1.077888035,-1.119531033,1.212223197,-1.029605735,-2.015096965,-2.112666119,0.730250208,1.787162056,1.676063173,-0.732092699,-1.770569833,-1.63115032,0.243737686,1.015243151,1.688630722,0.269321898,1.703375055,0.137235995,0.202542737,-0.489598989,-1.374572546,5
2336,-0.253934084,0.196551372,-0.242265253,0.506219654,0.437665141,0.38602929,-0.207663221,-0.259938922,-0.481525687,0.223910513,0.282689287,0.540722307,0.664507585,0.80431912,-0.23222782,-0.641166923,0.379703523,1.10398037,1.316772051,-0.18923363,0.409440929,5
2337,0.253426723,0.430248248,-1.684632965,-0.793674632,-0.54703707,-0.518044929,0.565503175,0.372391457,0.50698663,-0.617048618,-0.399111789,-0.556510361,0.309796024,0.189648049,0.718926951,1.104758041,-0.225457136,-0.230139414,-1.861546995,-0.019882973,1.064316124,4
2340,-1.395495901,2.139925391,0.606186343,0.613728784,1.129661787,1.112232262,-0.250996479,-1.130643744,-1.272558837,0.272167366,1.222638693,1.402302659,0.046908826,-0.220548496,-0.991228453,-0.588141304,-0.575464041,0.365996104,-0.507625715,0.430538344,-0.068170522,8
2342,0.380266925,-0.492239419,2.121278479,-1.288857978,-1.221789826,-1.16089092,1.102837718,1.111384244,0.988706341,-0.978886603,-0.937225111,-0.703679165,-0.220933038,-0.272125347,0.902018811,1.209085612,-0.136467364,-0.895500445,-0.17401555,1.11312225,0.210146335,1
2343,-0.507614488,-0.123244352,-0.484679994,-0.382395904,-0.182751505,-0.225431757,0.609061878,0.480637855,0.302378705,-0.660499,-0.506327228,-0.30542657,1.247120801,0.846218117,-0.07718045,0.71211629,-0.727859632,1.055535174,-1.323926881,-0.559668787,0.407999492,6
2344,0.887627733,0.860742493,-1.551304857,0.923722385,0.234895697,0.266534782,-1.337641016,-0.868786712,-0.544898597,1.351799616,0.841160143,0.472420959,-2.019845352,-1.120587737,0.270580144,-1.53977375,1.721666633,-1.50450622,0.257252309,-0.124433105,-1.534352049,8
2346,-1.281339719,1.807829831,1.454637939,-1.79076336,-1.304125287,-1.34896891,1.880428297,1.087428729,0.896242554,-1.634762009,-0.828758684,-0.496879134,1.398093094,1.714949066,1.204271043,0.622513192,0.848173764,1.276603128,0.3660466,0.08309242,1.148534773,1
2348,-1.154499517,1.401935257,-0.848302107,-1.666440406,-1.184628567,-1.298639636,1.904597875,1.210774979,0.92888731,-1.816964461,-1.070064829,-0.701446901,1.773957069,1.867722698,0.959094546,0.801277362,0.406721505,1.613752648,-0.04079659,-0.845933228,0.303842317,7
2349,2.295553973,-1.4885261,-0.290748201,1.150344974,0.496942074,0.558547832,-1.781950902,-0.83034564,-0.571683969,1.746957946,0.730140847,0.406730108,-1.541321827,-1.418357854,-0.18836384,-0.383996948,0.090581275,-1.567787462,0.527238986,0.272712939,-0.924671192,5
2350,-0.253934084,0.25805055,0.291047179,-0.059741479,0.507957601,0.44298869,0.098875307,-0.397678006,-0.43688,-0.040089991,0.447503242,0.476935333,0.738040962,0.344241547,-0.422909924,0.32170795,-0.770715582,0.677574747,-0.47158128,0.703252066,-0.748858588,8
2351,-0.507614488,0.36874907,1.697052681,-1.640017883,-1.872066245,-1.898070244,1.71601594,1.770044533,1.750888928,-1.742591917,-1.783393318,-1.735469464,1.143353215,1.838948787,2.048331907,0.801104392,1.641514854,0.889049088,0.718125856,-1.901146142,0.600631933,1
2352,-0.888135093,0.245750715,-1.575546332,-0.408222042,-0.323892973,-0.315080916,0.380394953,0.301984496,0.432521577,-0.433606971,-0.341760294,-0.505038045,-0.189550616,-0.198009826,0.4771995,0.603400799,-0.040071501,-0.53804091,0.130907452,0.876646452,-0.384197702,4
2353,0.253426723,0.245750715,1.333430568,0.922429514,0.913034795,0.917549764,-0.647302781,-0.750282107,-0.988105319,0.73333817,0.84295751,1.142790338,-0.289791071,-0.369866889,-1.236206074,-1.275381803,-0.207076611,0.343669151,0.402744024,0.963857101,0.772910318,6
2354,0.887627733,0.36874907,-0.727094736,1.055055795,0.670443056,0.735057672,-1.385822292,-1.04659833,-0.82606225,1.381990043,1.020978749,0.765295131,-1.407299435,-1.275811432,-0.303480704,-0.550776974,0.124436392,-1.325249402,0.483572161,0.329787912,0.247712425,7
2355,-0.253934084,0.36874907,-0.121057882,-0.00312794,0.397855794,0.308823649,0.029394768,-0.323499763,-0.435348461,0.00609369,0.342508984,0.433295432,1.192868657,0.902088687,-0.52394123,-0.064370625,-0.494918293,1.405200485,-1.973457516,-1.649029759,-0.804110866,8
2357,0.887627733,-0.861234486,0.775876662,1.37052996,1.042951635,1.048264863,-1.441558113,-1.111288866,-1.199291879,1.566025425,1.184854467,1.302697102,-1.010636588,-1.073363774,-1.438769619,-1.501692415,-0.251926822,-0.36476163,-1.796279144,0.113798005,-1.040057262,7
2361,0.126586521,1.832429502,1.830380789,-0.65200845,-1.000809947,-0.967406945,0.376137358,0.369957755,0.431016885,-0.305296858,-0.287476362,-0.272009693,-0.985988493,-0.266716699,1.258002523,-0.034931341,1.449154407,-1.114727429,-1.31609898,0.543999883,-0.436556056,4
2365,1.077888035,0.983740848,0.606186343,-0.83596062,-0.908487842,-0.866606167,0.384294309,0.45261826,0.645277387,-0.419561735,-0.478985022,-0.687772687,-0.125437746,0.200137971,1.628126023,1.224667616,0.692688789,-0.794009447,-0.4043959,1.581269517,1.208467665,8
2366,0.253426723,-1.107231197,0.727393714,-0.340164912,-0.508591305,-0.542249297,0.310616764,0.610017537,0.622355388,-0.34743172,-0.676553053,-0.704490148,0.684104159,0.764601394,0.284521195,0.10765369,0.253134763,0.729163432,-1.077418692,-1.176149166,-0.989638534,7
2367,-0.380774286,0.245750715,-0.242265253,1.030214195,1.148353207,1.249401646,-0.986346499,-1.209901899,-1.188755507,1.071529989,1.296691302,1.283215901,-1.587924887,-1.897991085,-1.452095521,-0.919426186,-0.855161386,-1.337241022,-0.219734845,-0.309678156,1.673761368,5
2368,-0.00025368,-1.119531033,-1.090716848,0.11752717,-0.341525969,-0.430875317,0.123918326,0.643074392,0.490874159,-0.129231637,-0.688812854,-0.524279933,0.426019008,0.894422547,0.232859524,-0.80412687,1.066000116,0.916339551,1.314170332,0.943768114,-1.843692216,6
2369,-0.748610871,0.381048906,1.091015827,-0.504079983,-0.389630998,-0.371465225,0.667856964,0.43124251,0.528649591,-0.724054931,-0.45824913,-0.567892636,-0.271577588,-0.270937065,-0.002246551,0.016440877,-0.029700564,-0.320866242,-1.092425262,-0.259956078,-0.251439921,1
2372,0.126586521,-0.000245997,-0.121057882,-1.416949808,-1.345964327,-1.482565429,1.227329115,1.19653043,0.787206827,-0.975326669,-0.871627974,-0.348694106,1.104497863,1.360941314,0.993638386,0.528540182,0.683364218,0.989018556,-0.801638149,-0.058151162,0.00504897,5
2373,0.811523611,-0.123244352,0.12135686,0.241904202,0.20591696,0.089904774,-0.464329243,-0.255302499,-0.342674315,0.476076845,0.243941343,0.316977059,1.176888301,1.268532912,0.220072858,-0.031637325,0.333759844,1.369464185,0.861346531,0.537956459,-1.567669155,7
2374,-0.507614488,0.245750715,-0.242265253,-0.871134664,-0.639264387,-0.615384928,1.000335009,0.754427664,0.729712428,-1.055448982,-0.768126926,-0.710546229,0.255765709,0.035577531,0.37416797,0.92125064,-0.44889911,-0.194867044,0.192797828,-0.00397654,0.368843964,7
2375,0.633947329,-0.984232842,-0.484679994,0.052893209,-0.222586961,-0.102421078,-0.409969686,-0.004662039,0.295837493,0.443915068,-0.009580639,-0.358958551,-1.778919475,-1.768803773,-0.184305691,-0.108179371,-0.181691578,-1.987229228,0.144223329,-1.001175269,0.076328344,6
2376,0.126586521,1.229737559,-0.121057882,0.281108083,0.968780626,0.861599482,-0.337402656,-1.051332769,-1.157532354,0.354492765,1.106275018,1.221414256,1.310616871,0.703308675,-0.431791726,0.746389165,-1.16883907,1.110329532,0.663701027,-0.18315383,-0.936284922,8
2377,-0.888135093,0.614745781,-0.75133621,0.146308842,-0.263599046,-0.204208099,0.12137718,0.21019498,0.285509098,-0.127675489,-0.219589207,-0.290988848,-1.24316339,-0.521449952,0.286387616,-1.181674836,1.425014211,-0.80182862,-0.765662138,1.711784771,0.546439716,5
2378,-0.482246447,-0.000245997,0.072873912,-0.23984252,0.285124467,0.357671106,0.346278949,-0.214103825,-0.121947551,-0.376287537,0.205850174,0.103908334,-0.255658846,-0.714928008,-0.586223447,0.348605582,-1.026659382,-0.478823622,1.283660122,-1.36507584,0.143160979,5
2380,0.887627733,-0.000245997,-0.484679994,-1.179131272,-1.430390153,-1.447737556,1.060183825,1.239966235,0.935717788,-0.983154143,-1.120700014,-0.68683958,0.861936614,1.199113576,1.535706847,1.013499245,0.830922734,0.452896743,-0.715091474,-0.605711685,0.268330047,5
2382,0.849575672,-0.000245997,0.0365117,0.610653022,1.204204678,1.04052557,-0.91610267,-1.137240396,-1.368092305,0.970619364,1.189655056,1.426463189,2.115136494,1.395614522,-0.669468699,0.653098627,-1.320427116,2.084519943,-0.38491973,-0.720218031,-1.442612726,5
2383,0.126586521,-0.504539255,0.024390963,-1.65418634,-1.921144096,-1.875023875,1.454611337,1.753308292,1.998250109,-1.574314597,-1.877298266,-2.148050958,-0.232019898,0.192040772,1.858969297,1.287731777,0.894365512,-0.949974692,-0.482085326,0.754325828,0.018426209,8
2384,-0.127093882,1.734030817,1.030412141,0.273814329,0.257416322,0.297368417,-0.367126844,-0.64046084,-0.562365131,0.414673751,0.719593958,0.64842412,-1.476334006,-1.197429552,-0.187126667,-0.73702391,0.436675796,-1.305768769,-0.914683008,-1.318573821,-0.661678027,6
2385,1.268148338,-0.615237775,0.242564231,1.030760179,1.441349902,1.382303477,-1.144724938,-1.278756897,-1.495215159,1.215151815,1.324290154,1.550118555,2.058949083,1.198875887,-1.080571047,0.481314357,-1.632093422,2.111092468,0.331368051,0.230145797,2.077706695,8
2386,-1.014975295,0.491747426,0.000149489,-0.831520209,-0.653755567,-0.540181829,0.904444369,0.560926034,0.704622112,-0.949633092,-0.545572805,-0.670601628,-1.69284432,-1.71019002,0.039145483,0.213812589,-0.23147491,-2.059153251,-0.347683478,-0.4451424,-0.85468407,7
2387,0.507107127,-1.353227908,-0.605887365,-0.116251773,-0.819994282,-0.869421432,0.157790513,0.974737368,0.960998901,-0.173115499,-1.068235073,-1.076852322,0.454845039,1.294193324,1.300510333,-0.362417744,1.874877272,0.71509072,1.957345027,1.048914158,0.921393144,6
2388,-1.014975295,0.614745781,0.12135686,0.23772643,0.585046953,0.573677476,0.049062232,-0.381920169,-0.511644363,-0.054756753,0.428428836,0.590480259,-0.024462996,-0.519226872,-1.111284754,-0.216591027,-1.077274427,0.086810974,-0.481007317,-0.038556738,-1.114142853,2
2389,0.380266925,0.245750715,0.242564231,0.739838487,0.463408893,0.402898476,-0.777214835,-0.581987782,-0.715573038,0.843323485,0.611876355,0.757123964,0.44715067,0.859570813,-0.049760376,-1.017856004,0.946840794,1.054036942,-1.311280374,-0.48031922,-0.084110506,7
2390,-0.964239215,0.737744137,-1.187682745,-1.056323258,-0.527600936,-0.467048633,1.124039697,0.606846849,0.710551318,-1.235288262,-0.638549351,-0.749491483,0.09095912,-0.570825105,0.168619551,1.678132222,-1.426776737,-0.785908243,0.020104183,-0.017737262,0.75541645,6
2391,0.71005145,-0.861234486,0.460737498,0.916909378,0.331260864,0.289369395,-0.931148842,-0.413799551,-0.43178599,1.030244248,0.437603923,0.458173277,-0.825443036,-0.166696098,-0.200025102,-1.65323552,1.336093244,-0.071494162,1.666946692,-0.285356786,-1.776907777,6
2392,0.126586521,-0.615237775,0.484978972,0.812732722,0.505475413,0.557990645,-0.764146579,-0.40647206,-0.349450757,0.732593929,0.353482294,0.262561817,-0.573222174,-0.558136193,-0.464930354,-0.545851131,-0.032863314,-0.369202174,-1.328885897,1.031757964,1.139683418,5
2393,1.141308136,1.352735915,0.727393714,-0.880801452,-0.441717839,-0.394824808,0.302281214,-0.113975767,0.074990232,-0.267151171,0.164404109,-0.018416861,0.081250647,-0.085565615,0.768204192,1.285550068,-0.352971226,-0.588754163,0.208186862,-1.422968283,0.960406578,6
2395,2.473130256,-1.611524455,-0.399834835,-1.17199022,-2.021129371,-2.050864228,0.742356209,1.738470888,1.543069073,-0.753509687,-1.741954278,-1.460559976,0.914566065,1.653874743,2.086628832,0.766181541,1.710253457,0.644619488,-1.599167638,-1.113370119,-0.471121232,5
2396,-0.888135093,1.611032462,1.49100015,-0.084488245,0.459718129,0.524754354,0.029082374,-0.621855606,-0.459226308,-0.033362093,0.688640373,0.517009459,-1.231505258,-1.760519001,-0.563860267,0.605553562,-1.289842851,-1.736771629,0.142860528,1.94671925,-0.132921774,6
2397,0.507107127,-1.427026922,-0.848302107,-0.01172747,-0.568345616,-0.600117286,0.087453823,0.709070661,0.632273344,-0.096105662,-0.784481805,-0.713802003,0.773780531,1.352883561,0.68557995,-0.537776962,1.346218607,1.174714126,1.47904755,-2.207146021,0.965493146,6
2398,-0.507614488,-0.123244352,0.363771602,1.808191157,1.653897624,1.604528201,-1.504957333,-1.362776529,-1.48272355,1.489690675,1.340549335,1.402410041,-0.277946815,-0.323609687,-1.683950542,-1.888322984,-0.130986369,0.682522548,-0.94674206,1.470117897,-0.805247583,5
2399,-0.253934084,0.122752359,-0.121057882,-1.631258692,-1.335008603,-1.269233985,1.481187033,1.229375955,1.335420844,-1.463442282,-1.19092955,-1.232837547,-0.325478723,-0.534145869,0.874982455,1.537726125,-0.490422822,-1.190045662,-1.079410352,0.627477666,0.129313883,5
2400,-0.913503134,0.81154315,0.242564231,-0.14216313,-0.261784384,-0.175940468,0.24712817,0.07276982,0.271600555,-0.277112688,-0.078934627,-0.31180249,-1.189214411,-0.874307045,0.119681164,-0.472943868,0.547733876,-1.115889591,1.484907053,-1.216343906,0.680782711,1
2401,0.659315369,-0.246242708,-1.430097487,-0.366032455,-0.303938198,-0.42618404,0.238540091,0.382187713,0.245695053,-0.269627333,-0.429273624,-0.28063713,2.210889892,2.242941274,0.987608701,0.940612432,0.322719583,2.042014636,0.589344554,0.125429383,-0.469658275,4
2402,0.126586521,1.106739204,0.097115386,0.786270635,1.477764748,1.51475301,-0.951155181,-1.703521536,-1.694942114,1.049209877,1.833217314,1.844115441,-1.138479912,-2.054203332,-1.748348772,0.050380669,-2.11900639,-1.335264472,-0.978637575,-0.59042276,-0.842842466,8
2403,-0.63445469,-1.93132018,0.606186343,0.180403493,-0.259773956,-0.213315307,0.345560484,0.959917326,0.796991069,-0.37039358,-1.006390914,-0.821407819,-0.27427116,-0.096827596,-0.425757991,-0.885657484,0.353952463,0.154710979,0.45906558,0.535309541,1.13210876,7
2404,1.648668944,1.930828186,-0.121057882,-0.333504657,-0.568872663,-0.672992766,-0.189610716,-0.150970279,-0.146024372,0.210202844,0.164488163,0.160617659,1.364370289,2.202422986,2.122813038,0.553992425,1.976190733,1.274201865,0.2033231,0.225513276,-0.335163721,7
2405,0.126586521,-1.476226264,-0.605887365,-0.529782349,-0.609785342,-0.5969741,0.477720876,0.697512572,0.827259294,-0.529172309,-0.770298702,-0.934170685,-0.025090519,-0.132887681,0.225812541,0.51332452,-0.236974509,-0.301219437,-0.466067479,-1.117729549,-0.474547137,6
2406,-1.649176305,-0.307741886,1.818260051,0.559445728,0.769774184,0.815722581,0.012140779,-0.166508819,-0.346867427,-0.013889649,0.18799435,0.403258117,-0.218779096,-0.762647984,-1.719926334,-0.818910771,-1.206161586,0.183074466,0.555545928,1.178603833,1.928137765,2
2407,1.39498854,0.553246604,-0.484679994,0.893877304,0.775755402,0.811928947,-1.47504005,-1.400138465,-1.16447517,1.508704147,1.408165178,1.123388332,-1.400621382,-1.302470711,-0.199565387,-0.352404993,0.052802576,-1.422834379,-0.297730067,-0.909478226,-1.066258907,8
2408,-0.380774286,0.122752359,0.363771602,-1.582052814,-1.576209181,-1.605527465,1.633385142,1.616121732,1.614448768,-1.687037707,-1.650014232,-1.644041406,1.30287503,1.576585635,1.791638012,1.428142723,0.743574347,0.739677965,-0.957237499,-0.142271271,0.928444826,5
2409,-1.154499517,0.983740848,-0.848302107,1.70790273,2.181530295,2.144255652,-1.4521861,-1.999100286,-1.9681816,1.525994043,2.032491849,1.95115783,-0.371483259,-0.832149166,-2.23887669,-1.613837148,-1.042952848,0.429366645,0.321862559,1.677328369,-0.838638474,5
2410,1.915033368,-0.000245997,-0.121057882,-0.345020744,-0.63828373,-0.636809665,-0.030993536,0.308594572,0.214357516,0.045805456,-0.269603069,-0.127593532,0.463837124,0.734279229,1.120734574,0.69749697,0.640418857,0.163011994,1.042687072,-0.334274791,0.995617963,5
2412,0.202690643,-0.369241064,0.000149489,-1.560141964,-1.207478189,-1.130954134,1.133880419,1.05681262,1.335570515,-1.238209512,-1.135235499,-1.460200982,-0.115713042,-0.687576464,0.482185172,1.866797271,-1.25515751,-1.123560234,-0.116873602,-2.036698535,-0.247997286,8
2413,0.253426723,0.245750715,0.363771602,-0.357282541,-0.55396515,-0.584306169,0.127980628,0.282137108,0.408301857,-0.145551894,-0.319884282,-0.478221194,-0.016383788,0.651400472,1.629063003,0.450373133,1.448344721,-0.257808822,0.920080005,2.105430186,0.025374712,1
2414,0.253426723,1.229737559,0.12135686,0.770714655,1.423206894,1.460836748,-0.664702247,-1.427984547,-1.652492374,0.744592778,1.57266471,1.868654241,0.493241027,-0.436389359,-1.667701832,0.054367403,-1.962400301,0.53806649,-0.604223078,-1.603317794,1.740935679,8
2415,0.633947329,-0.615237775,-0.727094736,0.331600923,-0.094642705,-0.192737741,-0.327811193,0.165734252,0.051062391,0.358884237,-0.181509474,-0.056687921,0.494759903,0.953345218,0.424242587,-0.558684936,1.052547786,0.865111216,1.261587487,1.135262711,-1.533147791,4
2416,-1.395495901,0.614745781,0.969808456,0.106595563,0.514819168,0.609363199,0.14023667,-0.465624387,-0.306955609,-0.159381985,0.473855212,0.293673811,-1.13175222,-1.347493982,-0.863013367,-0.461669964,-0.598092985,-1.055826617,-0.103847877,-0.168068341,0.538922335,2
2418,0.456371046,-0.369241064,-1.187682745,-0.16794122,-0.437270557,-0.510080355,0.078586381,0.493221712,0.419898024,-0.083922119,-0.528189785,-0.445431729,0.81379005,0.914764207,0.464380968,0.266800118,0.312451392,0.793773556,-0.033052206,0.862877828,-0.913294415,6
2419,0.621263309,-0.369241064,1.066774352,-0.410153047,-0.766875043,-0.752750405,0.152111866,0.526902858,0.72996463,-0.171223701,-0.589017773,-0.838119811,-0.187334954,0.333776129,1.020679933,0.065320037,1.110244685,-0.249976878,-0.657825618,0.215052667,0.385674221,5
2420,-0.380774286,0.245750715,0.242564231,-0.331927825,-0.362334234,-0.334887439,0.211095593,0.201409261,0.357090221,-0.240574356,-0.227800019,-0.417633267,-0.675190211,-0.470445891,0.520196773,0.21357816,0.367341989,-0.889370678,-0.133986941,-0.003885354,-0.272237873,7
2421,0.887627733,-0.123244352,-0.605887365,2.207833143,2.669655371,2.736929451,-2.156686662,-2.426727198,-2.343384663,2.162961576,2.356425346,2.231424836,-0.453486674,-1.142581006,-2.265001542,-1.126751734,-1.548416753,0.076656441,2.212820975,1.252451529,1.754820174,8
2423,-1.230603638,1.844729337,-0.072574933,-0.777100361,-0.778158804,-0.778445879,0.933830466,0.569749392,0.764506151,-1.026470842,-0.608642192,-0.829435924,-0.614846838,0.000280273,0.983166635,-0.157892717,1.265474621,-0.622903414,-0.201387479,1.771541098,-1.034091106,1
2426,0.380266925,-0.369241064,1.212223197,-1.147497129,-0.75669571,-0.826431586,0.892998615,0.662975451,0.404001014,-0.631275175,-0.389435823,-0.008604492,1.041823354,0.759747666,0.606426532,1.277945864,-0.493307725,0.519331488,0.047405119,0.393113309,-2.0363931,5
2427,0.126586521,-0.861234486,-0.242265253,1.044247722,0.873182204,0.935648443,-0.855609147,-0.58774713,-0.355366462,0.589652111,0.315612849,-0.028898186,-1.07654818,-1.172431173,-0.864918696,-0.736823012,-0.331476848,-0.846374683,1.015497766,0.508405698,0.707687257,8
2428,-0.507614488,-0.369241064,-0.121057882,-0.546019412,-0.35847432,-0.423053809,0.564628165,0.428399117,0.147790809,-0.318651774,-0.188100361,0.167441444,1.464579582,1.242095625,-0.062327268,0.313421027,-0.31549367,1.517031575,-0.924512889,-2.190086925,0.014082268,7
2429,-1.014975295,0.737744137,-0.727094736,-1.289290035,-1.492505106,-1.452590363,1.562070735,1.522858036,1.545230295,-1.636364338,-1.567397539,-1.542704574,-0.043506275,0.643875354,1.517039414,0.274664442,1.48779901,-0.195747643,2.054325804,1.289414379,1.255668574,7
2430,0.760787531,-0.873534322,0.848601085,-0.670021159,-0.733762238,-0.680264775,0.169307565,0.415209724,0.70701367,-0.192277781,-0.470604501,-0.826984894,-0.783671316,-0.67748522,1.244652702,1.308208825,0.140884607,-1.594890268,-1.255847963,0.32046257,0.118979087,2
2431,-1.34475982,1.119039039,-0.848302107,0.767123523,1.418841923,1.372171086,-0.195406545,-0.968423668,-1.346534395,0.219801385,1.084303366,1.550848338,0.404591375,-0.672264775,-2.484717803,-0.584921178,-2.292278086,0.775395998,0.484278734,-1.500002484,-1.9003667,5
2432,-0.00025368,0.491747426,-0.242265253,0.611942714,-0.092159475,-0.054446253,-0.454213485,-0.187329954,-0.039157212,0.506501854,0.196813301,0.027835489,-1.334077489,-0.263509491,0.495084114,-1.70752906,2.172209873,-0.627292543,0.344750496,1.402721294,0.702858811,7
2433,2.232133872,-1.107231197,1.454637939,0.112257354,0.135514709,0.091144087,-0.800696561,-0.296111894,-0.3322012,0.83381754,0.278330049,0.305597656,0.846772661,0.579857547,0.314845483,0.910388656,-0.482714051,0.490180528,-1.603658626,0.398183238,-0.194586378,5
2435,-1.141815497,-0.000245997,0.484978972,-0.116091227,0.253951742,0.259257436,0.556578098,0.024773701,0.003151867,-0.495102115,0.037107412,0.07755356,-0.133089905,-0.366171973,-0.491933607,-0.055093059,-0.521418813,-0.123735579,1.128585042,1.579109462,-0.533019216,6
2436,0.760787531,-1.230229553,0.12135686,-1.241172855,-1.187732689,-1.132471273,0.830066813,1.198935423,1.246348078,-0.872785091,-1.226042263,-1.272267306,0.158243101,0.017886742,0.699824473,1.138713875,-0.28669403,-0.422347072,-2.015553798,-0.065184053,0.806014528,8
2437,1.521828742,0.245750715,-0.872543581,0.923056854,1.152211332,1.087973311,-1.224457684,-1.288692455,-1.352934492,1.243747052,1.287720277,1.332765818,1.080072922,0.761438642,-0.287980651,0.288502663,-0.568322649,1.088314489,0.555074899,0.396702955,0.914613758,8
2438,-1.522336103,0.737744137,0.99404993,-1.501950384,-1.520252182,-1.475001632,1.657659389,1.472463785,1.610026518,-1.728671522,-1.487124734,-1.621726236,-0.65319228,-0.357635204,1.136140639,0.744167725,0.567077582,-1.145629408,1.45704997,-0.688484766,-0.849181335,5
2439,1.521828742,-0.861234486,-1.211924219,1.623042791,1.861009188,1.826819714,-1.797495808,-1.752903074,-1.790166294,1.838808167,1.726666025,1.726369977,0.68948982,0.099055105,-1.529901297,-0.556270136,-1.203304885,1.087646037,-0.804646844,0.188874113,0.979118028,8
2440,-0.888135093,0.614745781,0.484978972,-0.729535327,-1.176508332,-1.226608937,0.978823308,1.126649507,0.855108316,-0.931169225,-1.047328021,-0.682550294,0.189944663,0.949249515,0.991580652,-0.531985506,1.670720606,0.500599299,-1.049188514,-1.315440933,-1.35037989,5
2441,0.507107127,-0.123244352,1.333430568,0.050800727,0.145609982,0.225889263,-0.340421537,-0.354037008,-0.100885549,0.348759508,0.357614745,0.073946776,-1.158101873,-1.422752211,-0.223079278,0.414464857,-0.70732389,-1.551008344,1.014629379,0.580195489,0.043071355,4
2443,0.760787531,1.106739204,-1.33313159,1.660475461,1.568749504,1.64988938,-1.94772475,-1.998774147,-1.686947363,1.872042556,1.832985072,1.447229569,-1.116550483,-1.031486119,-0.811332303,-1.075422368,0.056905054,-0.712683791,-0.711546779,-1.157120338,0.884131233,8
2444,-0.507614488,-0.615237775,0.969808456,-1.646406834,-1.160118281,-1.199644987,1.774749948,1.446494001,1.154331955,-1.678238353,-1.222688708,-0.846668413,1.041089081,0.561627565,0.620026013,1.736744432,-0.922052622,0.275038982,1.366953398,1.131938481,-0.299497246,8
2445,0.253426723,1.106739204,0.484978972,0.283161529,-0.451634723,-0.46131341,-0.353919644,0.037789518,0.102793174,0.392177539,-0.047659423,-0.124750179,-0.464899752,0.684255254,1.108128994,-1.217133701,2.442384384,0.111497271,-0.790853897,-1.1430792,1.183655464,6
2446,-0.253934084,-0.369241064,-0.605887365,0.317956706,0.786964743,0.686639099,-0.149373233,-0.423911497,-0.678217851,0.162698398,0.454272374,0.740662828,1.521177364,0.882490031,-0.787009116,0.376432682,-1.212878792,1.548647844,0.158771019,2.118740322,-1.315920383,1
2447,0.633947329,-0.246242708,0.848601085,0.957309095,0.536037067,0.601216001,-1.158954691,-0.771396487,-0.475709389,1.084054143,0.636488071,0.24862116,-1.453203434,-1.257354231,-0.58473311,-1.027583849,0.258953644,-1.125005792,-0.92032523,-2.276702403,0.333474382,7
2449,1.103256076,-1.955919851,0.727393714,0.390550228,-0.825838334,-0.830618445,-0.484915463,0.945434986,0.782329725,0.492399203,-0.977122961,-0.789075121,-0.212855134,0.462689422,0.61847849,-0.759444435,1.442704638,0.158329135,-1.190087926,0.786906655,0.433764816,8
2450,1.268148338,1.340436079,0.000149489,-0.833087012,-0.064023171,-0.063053122,0.204891183,-0.506122411,-0.335653891,-0.18431208,0.571299395,0.403199495,0.361583879,-0.172741181,0.383843388,1.629025066,-1.118992445,-0.448803709,-0.051997651,-1.565767443,-0.523274957,6
2451,-1.268655699,-0.615237775,-0.484679994,-0.548016133,-0.931399632,-0.966843334,0.933874596,1.233703654,1.21216634,-0.996042948,-1.308642476,-1.30264063,0.054724603,0.663998877,0.654760978,-0.587793872,1.329420018,0.374794946,0.10518741,0.723162419,-0.638330086,6
2452,0.380266925,1.475734271,-0.605887365,0.916690494,1.610954215,1.631105185,-1.154780595,-1.829715809,-1.754051125,1.204002155,1.85985381,1.759751384,0.371547544,-0.428029364,-1.17160693,0.364688759,-1.693896544,0.233532701,0.280178642,-0.75546843,1.451884567,8
2453,0.126586521,-0.73823613,-0.896785055,0.358515747,-0.371466906,-0.367914032,-0.193595854,0.438920018,0.297624877,0.179530197,-0.440643052,-0.275582126,-0.384359523,0.271492447,0.389146995,-0.976284587,1.380303752,0.076267755,-0.473913203,0.070390488,0.511699488,6
2454,0.633947329,0.737744137,0.775876662,-0.795603044,-0.276232061,-0.358516374,0.647930661,0.240250965,0.122957663,-0.620095934,-0.176160304,-0.021642468,1.737868873,1.324600776,0.76164542,1.704786863,-0.698530141,1.092852156,1.868462548,1.340816899,-0.992955612,8
2455,-1.776016506,-0.615237775,0.484978972,0.438018136,0.055443829,0.066812871,0.154166093,0.302069832,0.184266534,-0.162782886,-0.318562767,-0.185468123,-0.906031722,-0.400243373,-0.823187427,-2.048695303,0.994688398,0.045719462,-1.23762803,-1.214472381,-0.147903577,7
2456,0.075850441,-0.369241064,-1.24828643,-0.781973106,-0.634303977,-0.615923909,0.721254409,0.740808306,0.779644546,-0.796223396,-0.800339597,-0.843325832,0.665444681,0.38978718,0.38735842,1.030342808,-0.522459152,0.218117809,-0.326502666,-0.417326938,0.834933001,6
2457,-0.203198003,0.122752359,0.521341184,-0.316397378,-0.032750423,0.080773864,0.129603442,-0.169452841,0.11187745,-0.147619269,0.188440617,-0.134583924,-1.703659476,-2.084434925,-0.379250114,0.529525865,-1.021969847,-2.239108207,0.405678973,-0.143142478,-0.713226478,1
2458,0.380266925,-0.935033499,0.606186343,1.847989265,1.470087662,1.476558348,-1.688688128,-1.226922398,-1.275003209,1.742513425,1.198250009,1.228343024,-0.434403298,-0.33206731,-1.01322779,-1.406980227,0.172509344,0.247285614,-0.56465682,0.873963326,0.320105027,5
2459,0.507107127,1.918528351,-0.363472623,-0.666200292,0.025763455,0.003832933,0.127041386,-0.573861932,-0.300919424,-0.120567063,0.505660409,0.206042959,0.163976202,-0.065323568,0.299442157,0.85935486,-0.479195196,-0.267523628,-0.13698579,-0.132942896,-0.834797224,7
2460,0.253426723,-1.353227908,-0.678611788,0.259392422,-0.651709701,-0.673043797,-0.059182462,0.787548166,0.504409696,0.068863263,-0.700228409,-0.374706754,0.067349131,0.623275667,0.508206281,-0.644237179,1.215010589,0.419255215,0.030360352,-0.615513701,0.783488853,6
2462,0.887627733,0.737744137,-0.266506727,-0.874887282,-0.674157715,-0.6921106,0.53481217,0.378611147,0.389503506,-0.534305168,-0.357196029,-0.334421429,0.596964691,0.632020483,1.136736636,1.234220226,0.144473866,0.031227343,0.836956673,0.85000936,-0.418982275,8
2463,0.126586521,-1.267129059,-0.508921468,-0.142998603,-0.424926509,-0.372230024,0.068949751,0.47312867,0.630179318,-0.078055835,-0.521281175,-0.706109388,-1.113226304,-1.01903636,-0.043887858,-0.179303831,0.077103554,-1.184363185,-1.071753093,0.28550598,-0.326943374,6
2464,0.126586521,0.405648577,0.533461921,-0.517279271,-0.104645287,-0.100444455,0.46140829,0.120693866,0.150400709,-0.49822804,-0.116557907,-0.14750792,0.583931184,0.132511571,0.248025117,1.264080123,-0.91349206,0.000402744,0.963203485,1.017749504,0.369433341,8
2465,-0.00025368,1.598732626,0.242564231,0.245925063,0.351367015,0.343348582,-0.290443777,-0.595721762,-0.632898426,0.31846726,0.648034771,0.701340002,0.114017423,0.271206175,0.163610209,-0.165558252,0.354418539,0.218896708,-0.907946744,-0.139627927,0.73318752,7
2466,-0.63445469,-1.943620015,0.848601085,0.349248545,0.53174612,0.497543498,-0.012615745,0.106653108,-0.148376244,0.01491122,-0.112633473,0.17248122,0.83299975,0.088657009,-1.437440554,-0.111648226,-1.521115662,1.016665523,-0.800771385,-0.989045074,-0.678635599,7
2467,0.507107127,0.713144466,-1.151320534,-0.972191026,-1.40057932,-1.375547638,0.669655618,0.918756099,1.259522406,-0.743666198,-1.014024868,-1.420601518,-0.35001154,0.744732967,2.388194762,0.425375926,2.337374632,-0.628005531,0.210846962,1.343794323,0.88767624,8
2468,-0.761294892,-0.123244352,0.303167916,-0.251580503,-0.29151176,-0.272787034,0.199015062,0.207605931,0.350002646,-0.226306942,-0.234854465,-0.409443543,-1.077002812,-1.030753704,-0.055312148,-0.088221288,-0.022862031,-1.191059485,0.660603592,-1.458093093,-1.687732017,7
2469,0.507107127,-0.95963317,-0.618008102,0.687568564,0.626426078,0.615442733,-0.485468652,-0.316671183,-0.508914728,0.547526036,0.353495248,0.587951967,0.374900323,0.086391219,-1.177841612,-0.788716868,-0.583631851,0.84940853,0.760068343,0.611728439,0.482317521,1
2470,-0.380774286,0.836142821,1.951588159,-0.316083819,-0.241898851,-0.25871794,0.363373227,0.177058538,0.151874058,-0.408175233,-0.19503038,-0.168575688,0.926196161,1.067834599,0.533434714,0.249624613,0.413630431,0.932083142,-1.338427913,-0.905101942,1.108480531,4
2471,-0.989607255,0.491747426,0.12135686,1.168132805,1.752377145,1.749029615,-0.800258121,-1.391436535,-1.609681984,0.88371268,1.512033383,1.763401926,-0.017999648,-0.804201929,-1.866208541,-0.465608422,-1.70944835,0.226373811,0.06268278,1.225067728,0.530376212,5
2472,1.496460702,-1.144130704,-0.484679994,-0.086939855,-0.91101059,-0.910799806,-0.232526043,0.645343865,0.708235149,0.246690382,-0.705676391,-0.773397485,-0.808776751,0.053116963,0.990956745,-0.687101558,1.779173109,-0.564990295,-0.398750303,0.36439381,-1.074057005,8
2475,-1.395495901,1.980027529,0.278926442,-1.634458176,-1.428616387,-1.546956641,1.708855688,1.136037738,0.758006928,-1.399896141,-0.788224915,-0.273595394,1.819194744,2.082724784,1.286637439,0.808576626,0.780576223,1.661874194,-1.95683006,-1.756447817,-0.027395196,8
2476,-0.00025368,-0.984232842,-0.096816408,-0.21074364,0.017478238,0.135871235,0.105379642,0.02672852,0.299816137,-0.117853401,-0.02932889,-0.338303959,-1.55088742,-1.894303904,-0.542709124,0.238932685,-0.92334763,-1.90932193,1.248687598,1.663231043,-0.494816933,7
2479,1.521828742,-0.246242708,-0.484679994,0.626023895,1.000415409,1.114284388,-1.037101687,-1.307599616,-1.084671411,1.137370861,1.390223085,1.152372771,-1.47868524,-1.859023937,-0.760540278,0.056005945,-0.99526516,-1.72927019,2.082171471,1.561901239,1.310727787,8
2480,-1.268655699,-0.123244352,0.727393714,1.275054663,0.429187875,0.384652706,-0.842535998,-0.284273049,-0.289996679,0.771563507,0.166700457,0.135044886,-0.897511486,-0.183445933,-0.614411342,-2.266838395,1.447977365,0.171263836,-0.770023122,-1.280248952,-1.661083599,5
2482,1.128624116,-0.246242708,0.484978972,-0.593971521,-0.680017113,-0.692089458,0.107116409,0.354093184,0.498920776,-0.121353625,-0.399194354,-0.578519124,1.051615742,1.137120068,1.378023537,1.374958206,0.306083211,0.479109664,0.346879478,-0.526264438,0.652812319,5
2483,-0.799346952,1.475734271,-2.084617289,0.653680963,0.9675816,0.987093222,-0.388376536,-0.927093606,-1.090510251,0.437375106,1.031027785,1.240452075,-0.691679739,-0.835733077,-0.855838816,-0.647125908,-0.392026214,-0.451614794,0.434907851,1.68154818,0.739082141,2
2484,-0.076357802,-1.59922462,1.842501526,0.006219282,-0.43713581,-0.391582456,0.103709871,0.583964306,0.769367722,-0.115400144,-0.645705059,-0.871553278,-1.375033477,-1.119325194,-0.35316498,-0.891050119,0.397898304,-1.107607595,0.717078237,-0.837566777,-1.30283638,5
2485,1.001783914,1.352735915,-1.33313159,0.519097372,1.032846222,1.035214352,-1.002162973,-1.442569016,-1.429521203,1.079101029,1.516878659,1.506746279,0.536003819,0.121411132,-0.137319972,0.724797967,-0.839002362,0.231471515,-2.223577896,0.978256091,1.528414566,7
2486,-0.862767053,-1.107231197,0.242564231,-1.431523906,-1.84645336,-1.868295504,1.471558501,1.950635117,2.104103716,-1.612198213,-2.089562838,-2.291050901,-0.017097151,0.554102847,1.634044872,0.672899766,1.238511973,-0.376706238,0.743939521,-0.703820451,-1.635026934,7
2487,1.115940096,-0.824334979,-0.363472623,0.0648388,-0.044681374,-0.061199603,-0.221625252,-0.005938736,-0.012154001,0.253383403,0.005628981,0.012883912,0.34322288,0.463352889,0.50326536,0.30593586,0.300179045,0.232152837,0.99770933,0.275429733,0.150608923,1
2488,0.380266925,1.438834764,-0.702853262,1.913110297,1.977809486,1.996895759,-1.887486902,-2.116309256,-2.214760151,1.935644769,2.168195053,2.278729848,-0.735878828,-1.17814079,-2.307925704,-1.709996527,-1.044703043,0.061566626,-1.593576257,-1.756573385,0.392604557,5
2489,0.253426723,0.737744137,0.145598334,-1.63479106,-1.588545057,-1.630184093,1.524241063,1.454990499,1.455026168,-1.525038305,-1.421905872,-1.395178375,0.795495376,1.210096634,2.157298238,1.587545232,0.991457774,0.07193001,-0.259631982,0.045900803,-0.896085718,5
2490,-0.380774286,-1.734522811,1.28494762,1.356290468,1.867237307,2.01188651,-1.249597602,-1.444734924,-1.4112588,1.290346575,1.460353292,1.417985017,-0.918328107,-1.960851414,-2.705289307,-0.825238029,-2.369172343,-0.61760679,0.33712333,1.442918194,2.127531906,5
2491,-0.761294892,1.611032462,0.848601085,-0.742375927,-1.104285045,-1.253283206,1.019264491,0.988114749,0.718550083,-1.034529118,-0.959232085,-0.636395653,1.309885029,2.032877404,1.392639058,-0.05624483,1.720077628,1.535383533,0.522099605,-1.089642594,-1.143793762,1
2492,1.268148338,-0.615237775,-0.605887365,-0.424085068,-0.489966648,-0.469614872,0.151136536,0.392783514,0.508721211,-0.167064339,-0.430509635,-0.569755329,0.296855192,0.316239749,0.922164712,1.035734052,0.076082743,-0.208387545,-0.831493513,1.070094423,1.001876524,8
2494,0.354898885,0.983740848,-0.605887365,-0.973260317,-0.707021445,-0.626601932,0.632221174,0.348329901,0.469349256,-0.690417437,-0.357623652,-0.479724277,-0.017738636,-0.330419364,0.7203587,1.562882329,-0.681076429,-0.849687756,-1.236822206,-2.169284409,1.95552877,8
2495,-0.00025368,-0.492239419,-0.860422844,-0.246043562,-0.601949014,-0.555235085,0.152918811,0.494862476,0.780402423,-0.170507456,-0.543165171,-0.883461528,-1.336845744,-0.74323042,0.633771453,-0.472411823,1.136099586,-1.285854509,1.64744272,2.19107163,-0.850446739,6
2496,1.39498854,0.245750715,1.345551305,0.079602113,0.013771901,-0.09504594,-0.285523807,-0.123497638,-0.316723341,0.320170667,0.135584894,0.363105514,1.405913784,1.535716657,0.663203327,0.394866978,0.442847764,1.406386035,-1.908593817,-1.00993408,-1.104904388,4
2497,-0.00025368,-0.861234486,0.727393714,0.177883756,0.285564372,0.284973655,-0.09316834,-0.098670719,-0.235279125,0.103323824,0.108489692,0.267529804,0.53842948,0.042748361,-0.808421932,0.104664863,-1.014823598,0.56331568,-0.3173216,-1.139382372,0.459465646,1
2498,-1.014975295,-0.000245997,-0.363472623,0.129689588,0.288398047,0.387572735,-0.008880438,-0.225030296,-0.063632983,0.007633712,0.244733309,0.063735115,-1.512085571,-1.682596496,-0.782377767,-0.437942039,-0.543408123,-1.505559824,0.514962968,0.852045824,0.564645118,5
2499,-0.989607255,1.106739204,-0.727094736,-0.575457054,-0.595331125,-0.657906,0.781662267,0.709290071,0.63501598,-0.878403711,-0.780462297,-0.709480049,1.607895127,1.797287654,0.985635206,0.631181582,0.59538187,1.513143052,1.699933794,-0.40610002,1.118710863,5
2500,1.242780298,-1.722222975,0.363771602,1.977234176,1.022317818,1.111095358,-2.058154108,-1.141902316,-1.053318369,2.092088956,1.110950137,0.99232125,-2.358527857,-1.970525245,-1.188494223,-2.111093241,0.572605143,-1.590622139,-1.006778881,-0.420856896,-0.36053271,5
2501,-0.253934084,0.737744137,0.242564231,-1.147531291,0.006167544,-0.005348844,1.009170858,-0.022452055,-0.047954943,-0.925308399,0.148298538,0.210972374,0.796665148,0.00598916,-0.166136747,1.513735268,-1.625896886,0.11243969,0.191208552,-0.167575649,-0.357946814,1
2502,0.380266925,0.36874907,-0.605887365,0.774584654,-0.027375171,-0.088456871,-0.82469064,-0.191572876,-0.131790002,0.804000671,0.125047964,0.039834502,-0.527054384,0.293269905,0.491401442,-1.212034498,1.721150215,0.037353033,0.083589508,0.792993135,-1.293258438,7
2505,0.887627733,1.807829831,0.848601085,-1.961586313,-1.466688685,-1.615748512,1.435725539,0.899942147,0.591102909,-1.06592425,-0.542153398,-0.101491779,2.579447973,2.726551971,2.037449942,1.908979703,0.614772601,1.951786323,0.512790878,0.156492412,0.599428365,8
2508,-0.63445469,0.663945124,0.727393714,-1.396807102,-0.569817309,-0.572670723,1.311280877,0.494035188,0.429471269,-1.063810675,-0.269735963,-0.155013178,0.68990432,0.338583966,0.322722541,1.120893504,-0.683975156,0.198182735,-0.272915071,-0.116392171,0.593186868,5
2509,0.380266925,0.36874907,-0.484679994,0.303395472,0.053264938,-0.00495697,-0.386666522,-0.234176434,-0.245223337,0.399967962,0.226846689,0.23628925,0.070791036,0.309848348,0.222897062,-0.274990217,0.527262897,0.227280715,2.06935034,-1.816471335,-0.976253413,7
2510,-1.636492284,0.122752359,0.727393714,-0.636689367,-0.423116437,-0.502135679,1.221243558,0.959629376,0.728832444,-1.322073875,-1.007607122,-0.749661006,1.376645652,1.272847374,-0.035575934,0.085969202,-0.067812292,1.536654121,0.059836992,0.426299853,-0.770536685,7
2511,1.889665327,-1.427026922,-1.224044956,0.179869037,-0.072726469,-0.018281298,-0.731175542,-0.201555857,-0.020239697,0.812019215,0.211529576,0.001642458,-0.944297509,-0.948748916,0.243350905,0.372189355,-0.117775055,-1.282836331,0.022754226,0.263802279,0.191786312,2
2512,-0.761294892,1.67253164,1.466758676,0.367957887,0.312184472,0.294834908,-0.128839632,-0.411080407,-0.547765002,0.140885502,0.449304976,0.61123832,0.448990087,0.917874506,0.214654092,-0.828693125,1.069674288,0.955777144,-0.454505726,-0.566244398,1.846756007,6
2513,0.507107127,-0.73823613,-0.848302107,-0.271220321,-0.149498643,-0.042868473,-0.071697807,0.014360865,0.285902738,0.071686965,-0.021354984,-0.327964001,-1.16958828,-1.549274655,-0.290245248,0.592980552,-0.958461531,-1.658934774,-1.561857259,1.208841283,-0.329160371,6
2515,-0.127093882,-0.615237775,0.242564231,-1.794970849,-2.247193765,-2.404687405,1.912387131,2.341435801,2.061067095,-1.918204148,-2.255105721,-1.92420449,2.018689381,2.656029916,2.45251803,1.348290601,1.615215907,1.604782732,0.358665107,-0.065824176,-1.398000491,8
2516,-0.127093882,0.122752359,-1.090716848,0.018393924,0.06548993,0.045249201,0.021026035,-0.021397295,-0.081325667,-0.023769945,0.024618314,0.095976399,0.371669812,0.253266337,-0.254841501,-0.067149927,-0.214584997,0.462816287,-1.605093563,-0.0635738,-0.581648415,5
2517,1.014467934,-1.291728731,-0.884664318,2.172106419,1.645208055,1.637605135,-2.028896441,-1.426671447,-1.545411896,2.003595491,1.370274846,1.432687417,-1.377003087,-1.178863613,-1.502048873,-2.134358727,0.272651204,-0.450144655,2.048854641,1.691117634,-0.204368232,8
2519,0.887627733,1.106739204,-0.605887365,-1.734341628,-1.987399419,-1.961003977,1.275914774,1.407068084,1.533740345,-1.316693854,-1.419312074,-1.538239693,0.171879628,0.842449461,2.409851313,1.362644436,1.475947474,-0.52549615,-1.109399705,-2.007541874,1.215815983,8
2521,-1.395495901,1.709431146,1.951588159,-0.533611327,-0.474854754,-0.444591949,0.60547933,0.220725299,0.427463229,-0.675342249,-0.237548806,-0.482294594,-0.964433738,-0.610558511,0.507513115,-0.11399554,0.658094026,-1.047999909,0.103017481,-0.809824734,-0.959836411,2
2522,-0.050989761,0.245750715,-1.927047707,1.967002151,1.757768455,1.713795761,-1.664707358,-1.645792163,-1.791957456,1.73894292,1.670505518,1.827886479,-0.006309287,-0.170417095,-1.632774443,-1.582222674,-0.357113609,0.832310273,0.838372426,-0.300544343,-0.279606339,5
2523,1.192044217,-0.123244352,-0.157420093,-1.903343428,-1.592706185,-1.661006106,1.529216756,1.56720863,1.478982317,-1.584751133,-1.581825254,-1.461939375,2.134396906,2.224969577,2.251485701,2.325102599,0.441052379,1.219455345,-1.139435748,1.577463979,-0.215941668,5
2526,-0.507614488,-0.861234486,-0.242265253,-1.032685229,-0.824423123,-0.847097924,1.301936098,1.227405136,0.941728911,-1.338371949,-1.202946066,-0.877453114,1.377752469,0.959305838,0.203701788,1.077112211,-0.751004271,1.0120041,-1.320957505,-2.060123836,1.04121324,7
2527,1.014467934,0.860742493,-1.284648642,0.550101486,0.621396006,0.665216634,-0.92880414,-1.043922585,-0.866368331,0.993616064,1.075498885,0.874779232,-0.56195763,-0.429605402,0.044015801,-0.201576815,0.223092245,-0.538934559,-0.395570051,1.152785199,1.118695598,8
2528,-0.507614488,-1.771422317,1.163740249,0.089105584,-0.351555032,-0.339257567,0.132007072,0.738227626,0.715662283,-0.138126209,-0.77165833,-0.750470544,-0.649562718,-0.489786572,-0.27104895,-0.632815112,0.272619021,-0.410800495,1.863281225,0.609623907,-1.477235235,8
2529,-1.230603638,0.540946768,-0.484679994,0.486030529,1.121703658,1.084055875,-0.037022189,-0.794475653,-0.891409835,0.035760388,0.822138002,0.913742933,0.400853823,-0.066687117,-1.11631006,-0.315822399,-0.969462213,0.628310481,-1.459594091,-1.528877136,-0.402495114,5
2532,1.902349347,1.475734271,0.787997399,-0.22942078,-0.672435884,-0.629207787,-0.479080006,-0.195855288,0.114123284,0.507638993,0.18966444,-0.157583678,-0.781783992,-0.087252933,1.468285371,0.256286575,1.418803568,-1.034548084,-0.055802454,-1.838876489,0.729775893,6
2533,-0.761294892,-0.000245997,0.484978972,-0.367399118,-0.358010482,-0.393953214,0.573329788,0.536198665,0.500060112,-0.609682789,-0.556628246,-0.522718412,0.232435438,0.430142989,0.431294374,0.054431129,0.45596991,0.238271303,0.196063081,1.681454683,-0.827917073,7
2534,0.507107127,-1.230229553,0.363771602,-0.182004919,-0.080830619,-0.046473951,0.051333189,0.162777016,0.192073798,-0.056428719,-0.178296207,-0.216346299,0.022005761,-0.450012798,-0.416380878,0.559067987,-1.022558666,-0.271361005,-1.311631851,-0.54913572,0.239684544,8
2537,-0.317354185,-1.291728731,0.509220447,-1.114502279,-1.182719697,-1.177958663,1.449883468,1.644180615,1.365029428,-1.501479776,-1.644019361,-1.253914461,0.187912083,0.042413463,0.302704454,0.673575959,-0.294464772,-0.141434166,-1.191127179,0.826838603,-1.261371981,8
2538,-0.266618104,0.184251537,1.454637939,-0.200735561,-0.215908023,-0.135438873,0.19293583,0.119955042,0.27373384,-0.218210102,-0.133643915,-0.314717076,-0.792787388,-0.745957513,0.104667449,0.080079019,0.010937639,-0.953695443,1.287296762,-0.979754453,1.439009424,8
2539,1.851613267,-0.000245997,-1.575546332,-0.063338902,-0.075649927,-0.156072435,-0.401029136,-0.256267301,-0.350459388,0.451371496,0.284355337,0.398351789,1.432788271,1.363926582,0.894831126,1.114909594,0.014486641,1.055204323,-0.616380231,0.284464608,-0.568421684,1
2541,-2.232641233,0.614745781,0.242564231,-0.650848586,-0.176935419,-0.136987186,1.223270764,0.504184082,0.343965035,-1.193390257,-0.406104415,-0.166241288,-0.129359507,-0.459061167,-0.365559135,0.312198061,-0.730819541,-0.314340685,0.604664751,-0.206994537,0.567316969,7
2542,2.358974074,0.122752359,-1.745236651,0.017065359,-0.264849437,-0.3099681,-0.729258012,-0.245273282,-0.127588647,0.766170791,0.230717201,0.089676194,0.278297365,0.519252693,0.887076998,0.498507714,0.555141182,0.055346746,-0.883245672,-0.120733597,-1.311064279,7
2545,0.03779838,0.491747426,-1.575546332,0.052226695,0.75711982,0.636675855,-0.109374213,-0.549181059,-0.844825995,0.119288049,0.593408293,0.92848781,2.115747978,1.45453319,-0.23115146,1.045976069,-1.193731976,1.876753396,-0.639079028,1.019446035,0.138433046,2
2546,1.597932863,0.122752359,1.57584531,0.471968065,0.084392299,0.202545836,-1.110314469,-0.722001004,-0.286790796,1.096424902,0.636243351,0.138491054,-1.88759679,-1.552618094,0.146650646,-0.432847117,0.51136822,-1.939863556,0.099774624,-1.040178075,0.192654663,6
2547,-0.761294892,-0.246242708,0.000149489,-1.370460492,-1.481632437,-1.582797669,1.682793229,1.788540156,1.566452846,-1.731987272,-1.799427572,-1.552515297,1.890901515,2.232158514,1.501329229,0.885382419,0.957584443,1.703536767,0.118568761,0.028840865,0.157094366,7
2548,1.141308136,-0.123244352,-1.70887444,1.092952054,1.608146138,1.633027979,-1.369333379,-1.688654532,-1.656940043,1.466695909,1.771317123,1.724544796,-0.069182434,-0.90993142,-1.340527403,0.288553608,-1.833766547,-0.232628871,0.48889387,1.101970808,1.200156582,8
2549,0.253426723,-0.000245997,1.587966047,-0.569579918,-0.986194659,-1.016203884,0.613348317,0.919923682,0.775223789,-0.627250202,-0.927357024,-0.737766112,0.199350875,0.736359703,0.98267582,-0.044996169,1.189039419,0.253003294,-1.310531648,-1.121605987,-0.926578317,1
2551,0.507107127,0.135052194,-0.799819158,-1.451705241,-1.03228612,-1.059547148,1.219189677,0.948832301,0.989388908,-1.263552239,-0.964453621,-0.983109429,1.444018914,1.075144177,1.002523611,1.915278604,-0.635762962,0.643419151,-0.35980145,1.341943082,0.141429998,8
2553,-1.420863941,1.647931968,-0.363472623,-1.316890078,-1.624005901,-1.607753207,1.341966291,1.262806176,1.570467756,-1.47890141,-1.358896856,-1.721947955,-1.091633911,-0.202648317,1.607225125,0.009804135,1.805625349,-1.259890422,-0.235779038,-0.154277966,-1.681405929,7
2554,0.367582905,0.122752359,-0.121057882,-0.002563434,-0.1081488,-0.178108373,-0.018241276,0.151665882,0.030477823,0.021221904,-0.170937156,-0.033108008,1.431147696,1.646330637,0.708805852,0.256031985,0.631155712,1.509057947,0.354974247,-0.104043125,0.07360129,8
2555,0.291478784,-1.107231197,-1.53918412,0.54760529,0.361122618,0.462997331,-0.467120842,-0.297195149,-0.274390843,0.529726403,0.332270775,0.313852226,-1.378644826,-1.412350724,-1.013939342,-1.031367011,-0.231033031,-1.03730315,-1.128917756,0.075683775,2.085243617,8
2556,1.39498854,-0.000245997,1.78189784,1.226856954,0.99898619,0.918057799,-1.484960061,-1.176020601,-1.253949262,1.507873609,1.176049656,1.254119898,0.000688443,-0.02352589,-0.504360924,-0.548303777,-0.052507209,0.291733252,0.637687976,0.117301864,-2.199338988,6
2559,-0.253934084,-0.787435473,-0.363472623,-1.844380485,-2.172214772,-2.109539945,1.760226581,2.093566225,2.106489909,-1.709654419,-2.030509452,-2.01867208,0.096180454,0.712666639,2.073672178,1.088002807,1.349828127,-0.466771436,0.548134177,-0.464212054,2.176291881,7
2560,0.633947329,1.278936902,0.484978972,0.541558287,0.520543241,0.45510149,-0.677677688,-0.768538896,-0.804479209,0.740258867,0.841676677,0.905798232,-0.154175383,-0.073838222,-0.181431851,-0.385173842,0.156816631,0.027177548,-0.094041826,0.271183464,-2.14849575,6
2562,-0.850083033,1.684831475,-0.121057882,-1.463592109,-1.261953336,-1.227738152,1.444640628,0.849330137,0.985984842,-1.524976341,-0.838555714,-0.951705686,-0.552933073,-0.28609303,0.98112566,0.615765965,0.516191274,-0.962261989,-1.864669209,1.863848227,-0.879275327,1
2563,0.72273547,0.491747426,-0.727094736,-0.181029364,-0.607313858,-0.635075698,-0.050400568,0.347368895,0.346659178,0.058912202,-0.379983217,-0.386634471,0.649612525,1.188962695,1.217534577,0.196240668,1.245672332,0.642513692,0.714839258,-1.957858666,1.486923858,2
2564,1.521828742,-1.353227908,0.363771602,1.639592263,1.277010967,1.203810217,-1.741572153,-1.17627843,-1.282352921,1.755034961,1.131072504,1.197978674,0.203569421,0.273676012,-0.890559725,-1.236483175,0.175555447,0.89008102,1.153264026,1.396393689,-1.070399935,5
2569,-0.127093882,-0.246242708,0.606186343,0.845188916,0.353695487,0.451486968,-0.716327101,-0.388864407,-0.162107346,0.640268982,0.269595088,-0.010984119,-1.555874038,-1.265875462,-0.412883389,-1.025573052,0.451662643,-1.244078981,0.007237118,-0.379260975,0.30676554,6
2571,-0.00025368,0.381048906,1.321309831,-0.107726684,-0.28231552,-0.30071808,0.009612203,0.068124636,0.125965454,-0.010502039,-0.073464126,-0.132456629,-0.656817792,-0.357010593,0.185248774,-0.401068951,0.575892463,-0.54210882,-0.986461707,-0.790582459,-2.028108557,4
2572,-1.268655699,-0.40614057,0.000149489,0.373363114,0.486726922,0.603887355,-0.02590596,-0.10989322,-0.056962761,0.018257865,0.106851609,0.046146718,-0.935677941,-1.180392265,-0.917950078,-0.477194331,-0.638564824,-0.822227718,1.085797073,-0.362894376,1.586288899,8
2573,-0.507614488,0.270350386,-0.242265253,-1.714859462,-1.77674256,-1.849347287,1.541113983,1.584420781,1.801156626,-1.670178787,-1.699670221,-1.965326725,0.644968238,0.932182921,1.696573395,1.334109429,0.697580504,0.033397647,-0.321966646,1.635189629,-1.791688092,7
2574,-0.545666548,-0.049445339,-1.199803482,0.284103084,0.425526005,0.500283858,-8.58E-05,-0.145959794,-0.17352821,2.05E-05,0.166010927,0.203536317,-0.671605128,-0.869496375,-1.018875822,-0.722724983,-0.506647221,-0.388427172,-0.998078827,0.393263577,0.840820793,5
2575,0.456371046,0.012053839,1.684931944,0.559670993,-0.064217637,-0.082344627,-0.646968506,-0.273137168,-0.248311032,0.729419598,0.302160021,0.280445791,-0.745550354,-0.050315898,0.308574739,-1.133482195,1.424479344,-0.255460625,-0.951948806,-1.021656665,-0.798890019,6
2576,0.469055066,-0.209343201,-1.405856012,-0.156818401,0.052512372,0.020163832,0.074139349,0.027294076,-0.05037972,-0.081547311,-0.029183417,0.060882246,0.784562943,0.589915113,0.215809865,0.63477788,-0.332893998,0.564923829,1.994008499,0.215279357,0.564838184,7
2577,-0.888135093,0.405648577,0.315288653,-0.263110026,-0.142856148,-0.109812565,0.479557565,0.218688504,0.2598444,-0.540978251,-0.242264091,-0.29596222,-0.193589999,-0.31339695,-0.312629814,-0.090245695,-0.282346727,-0.174619642,-0.443269618,-1.566145668,0.184359915,7
2579,-1.395495901,-0.123244352,0.606186343,-1.752598801,-2.102768383,-2.096217543,1.995868449,2.244632148,2.273471812,-2.111104743,-2.330441176,-2.339621646,0.836084209,1.633345916,2.268552969,0.859540828,1.827124472,0.50487654,0.970162369,1.327168263,0.826167742,7
2583,1.433040601,-0.123244352,-0.484679994,-1.247117625,-1.387547313,-1.315420468,0.667830692,0.958871228,1.252401224,-0.707511772,-0.994959995,-1.310807244,-1.0221935,-0.774674556,1.646927314,1.490006712,0.420508517,-1.965505763,-0.234346515,0.04404362,-0.467498325,5
2584,-0.127093882,-1.574624948,0.606186343,1.052819089,0.512201942,0.559187363,-0.955193854,-0.32442521,-0.37058633,0.957135812,0.2828351,0.330714417,-0.682981886,-0.801066098,-1.277080253,-1.209237805,-0.334633545,-0.1433489,-0.316199141,-1.540913777,-0.1299286,1
2585,-1.268655699,1.328136244,0.484978972,-0.57411011,-0.286412734,-0.324589393,0.913762575,0.272151251,0.297881408,-0.913311783,-0.227733455,-0.250907125,-0.064869497,0.125072724,0.270507648,-0.097736189,0.405069036,-0.022697908,0.261041406,0.806588036,-1.153445191,1
2586,0.633947329,-1.205629882,-0.484679994,-0.884187047,-0.573704303,-0.594617722,0.659210801,0.770151041,0.754293064,-0.734330418,-0.853995289,-0.858432968,1.463419859,1.094664196,0.830621955,1.708180477,-0.633283249,0.775608756,0.170840025,0.765159831,1.422326584,6
2587,0.887627733,1.205137888,-0.121057882,0.791542192,0.799468877,0.711649901,-0.783265186,-0.925176829,-1.199207174,0.872922041,1.024841576,1.363977516,0.843614448,1.006029048,-0.154701816,-0.612781489,0.449295437,1.294777979,0.797049143,0.114163927,-1.092806858,7
2588,0.126586521,-0.246242708,0.000149489,-0.157422334,-0.247170428,-0.123491706,-0.097605142,0.007120104,0.295930418,0.101427712,-0.013868373,-0.344008743,-1.616696801,-1.716838808,-0.173740833,0.139334302,-0.402565065,-1.932111989,0.009115716,-1.786376046,1.28401593,8
2589,-0.507614488,-1.094931362,-0.727094736,1.693041478,1.052600549,0.993820725,-1.164003656,-0.594030536,-0.833141231,1.022436075,0.456674751,0.65830997,-0.031147153,0.16666292,-1.240829236,-1.92344641,0.426016278,0.984823226,-1.616204869,-0.005674889,-0.651450746,1
2590,-1.699912385,0.135052194,1.333430568,-1.896423869,-1.428782275,-1.385304328,2.167965341,1.606188679,1.789241072,-2.136892082,-1.574180386,-1.739130188,0.178801938,0.273309614,0.70115495,0.612232467,0.225711532,-0.119354869,1.125588351,0.773272264,0.865215514,7
2592,-0.127093882,-0.40614057,1.697052681,-0.13957633,-0.912413055,-0.960056277,0.323744984,0.882109429,0.536006509,-0.179204703,-0.749047812,-0.342523339,0.612070175,1.374499754,0.792841869,-0.808372171,1.72583362,1.132433296,-0.147407656,-1.606901418,1.217946955,1
2594,2.320922014,-0.037145503,-1.514942646,-1.29756053,-2.038094591,-2.016329295,0.295292254,0.994165746,1.363699266,-0.319517905,-1.080948419,-1.505975428,-0.463704685,0.485280253,2.585620187,0.996599221,2.007813859,-1.061784267,-0.586083476,-1.328256135,-0.179079103,5
2595,-2.359481435,0.442548083,1.151619512,-0.251947032,-0.086026372,-0.073596767,0.756114839,0.42264818,0.454294888,-0.853585657,-0.470957547,-0.520119376,-0.430023111,-0.570295306,-0.893998388,-0.7209993,-0.353858961,-0.111676428,-1.094715294,0.43015009,-1.037562923,7
2597,0.380266925,0.946841341,-0.848302107,-0.898325244,-0.096121891,-0.063715298,0.390821415,-0.286167268,-0.090828374,-0.251740411,0.405558566,0.25836459,-0.098350582,-0.771872157,0.000665003,1.518130156,-1.473939766,-0.918593995,-0.818361932,0.040109789,-0.728489887,6
2598,-0.507614488,-0.000245997,-0.484679994,0.208798449,0.183193743,0.13756569,-0.047729856,-0.044170819,-0.096076685,0.047561996,0.039532625,0.070143766,0.586653003,0.618694681,-0.17536862,-0.325749111,0.13674761,0.847129282,0.607565838,-0.313085808,-0.110416065,5
2599,0.380266925,-0.492239419,1.454637939,-1.35936687,-1.435601081,-1.350446383,1.230885759,1.334152435,1.317461446,-1.237417752,-1.299256048,-1.224405186,-0.425529584,-0.471343571,0.962220191,1.284437806,-0.148210569,-1.170640512,-1.644958943,-1.292264447,0.674033042,5
2600,-0.380774286,0.737744137,-1.611908543,1.459384623,1.30316421,1.180320947,-1.29337549,-1.243644424,-1.289835283,1.297231326,1.207162818,1.194426589,0.702628767,1.090731242,-0.737413024,-1.804187307,0.923278793,1.764919657,1.735077097,1.117666782,-1.319225091,5
2602,1.915033368,0.860742493,0.800118137,-0.173615068,-0.163882281,-0.225106881,-0.309775539,-0.230572539,-0.227037151,0.3482386,0.256144005,0.258031662,0.982246112,1.226539884,1.572952014,1.257109818,0.64298288,0.461911426,1.680489312,0.242267129,-0.152694256,6
2603,-1.776016506,-0.492239419,0.848601085,-0.139696285,0.072334494,0.076643504,0.527701636,0.362488071,0.264253768,-0.595524538,-0.403121838,-0.297035801,0.666237101,0.037778835,-1.155455382,-0.021937194,-1.288542337,0.777391378,-0.474935931,-0.65262341,0.405003718,7
2604,1.141308136,-0.95963317,0.12135686,-0.079037528,-0.3890242,-0.333589772,-0.373834163,0.016771017,0.291357705,0.423118612,-0.022634332,-0.346760043,-1.888843652,-1.449058624,0.524174861,-0.216696414,0.738832334,-2.055990947,-0.540383641,-0.096689526,-1.306324918,5
2605,-1.217919618,1.820129666,0.242564231,1.106462993,1.294311658,1.311579655,-0.581150528,-1.218923192,-1.430410993,0.636016751,1.322452513,1.590855183,-0.034367534,-0.105785787,-1.266498634,-1.350316855,-0.159032879,0.677006746,0.377968477,0.026823006,1.705548425,8
2606,1.344252459,-0.861234486,-1.211924219,-0.666851746,-0.819525955,-0.898654692,0.348826867,0.81589341,0.789193716,-0.376437852,-0.871756744,-0.850382646,1.075167626,1.322097108,1.268923803,0.880958805,0.659344947,0.768306316,-0.259658516,0.784805552,-1.07818213,8
2607,0.126586521,-0.885834157,0.242564231,1.060488836,1.517783106,1.505503428,-1.055190414,-1.255148867,-1.331735713,1.096426979,1.29146241,1.338131739,0.838539198,-0.190864482,-1.888544998,-0.01193469,-2.139545479,0.970122199,-1.368121202,-0.648639073,1.064911424,5
2608,-0.00025368,0.639345452,-0.933147266,-0.420519654,-0.643912806,-0.676980813,0.441762184,0.519066247,0.42804417,-0.435270187,-0.504873667,-0.362816637,-0.163077768,0.37526452,0.895981825,-0.124115707,1.150442607,-0.121577716,0.34319842,1.915527716,-1.761934552,5
2609,-0.253934084,-0.123244352,1.418275728,0.026485005,0.173243765,0.287726152,-0.118400162,-0.250397532,-0.029396306,0.113566346,0.248973391,0.005019829,-1.500637136,-1.7415818,-0.521468721,0.030783519,-0.695057694,-1.741117405,-0.014430001,-0.449507858,0.939823124,3
2610,-0.00025368,-0.62753761,-0.242265253,-0.144751226,-0.841227162,-0.893330697,0.257661814,0.861247156,0.799730267,-0.265304395,-0.915271252,-0.854861972,0.051768633,0.846595701,0.798683846,-0.831601827,1.732044758,0.500767284,0.136442346,-1.401808502,-0.705199793,7
2611,-0.507614488,0.873042328,-1.260407168,-0.924167342,-0.445837072,-0.472083124,0.980012268,0.531655712,0.519974281,-1.076916017,-0.570825309,-0.56168248,1.742644749,1.296279834,0.608670989,1.595870245,-0.769859406,1.156134931,0.105002557,-0.311987946,0.763784217,6
2612,-1.116447457,0.983740848,0.654669292,-0.14377736,0.131335759,0.22228685,0.225534903,-0.195170714,-0.069938992,-0.258232959,0.219242505,0.077922341,-1.318323325,-1.583264508,-0.462938322,0.140699243,-0.72629848,-1.589895591,0.625032635,0.070445328,0.8200858,4
2613,2.384342115,-1.722222975,-0.242265253,1.456209879,1.290316639,1.174772485,-1.685100655,-1.207971963,-1.448129509,1.82532065,1.264970061,1.522592539,1.144852775,1.067598646,-0.742557993,-0.800584798,-0.036703454,1.740663952,0.06962403,1.526167261,-1.009758192,8
2614,-0.888135093,0.983740848,-0.121057882,-0.494807744,-0.808835769,-0.747851327,0.628277212,0.657427374,0.736582523,-0.644492806,-0.666857917,-0.729448897,-1.029888366,-0.281422527,0.888465331,-0.538522238,1.507528942,-0.897968155,-0.886820613,-0.171892804,1.252744076,7
2615,-0.63445469,0.491747426,0.363771602,-0.217961325,0.409947024,0.380658892,0.319788684,-0.215097114,-0.368544424,-0.349323757,0.243378219,0.421681217,1.46878651,0.458337909,-0.6465576,1.381597948,-2.026227006,0.955068842,0.222890301,-0.836976211,0.17069447,8
2616,0.760787531,-1.476226264,0.606186343,0.400818575,0.013333718,0.005728951,-0.386896404,0.127135222,0.117397204,0.422214864,-0.148268093,-0.143442461,-0.424725678,0.004393065,0.015766276,-0.911001071,0.88328814,-0.004768637,1.378246668,1.418440329,-0.366782168,8
2617,-0.507614488,0.860742493,0.12135686,-0.570443194,-0.652449203,-0.575742211,0.426941988,0.326179097,0.649821171,-0.466195327,-0.348952518,-0.718388441,-1.68903761,-1.348475737,0.519159979,-0.01537753,0.546225209,-1.933164654,-0.725986512,0.057882286,-0.623143988,1
2618,-0.253934084,0.122752359,0.363771602,-0.578556664,-0.480797999,-0.466842023,0.496956062,0.456123748,0.539875397,-0.558036366,-0.50523068,-0.615949247,0.245682172,0.197103403,0.580000959,0.783201308,-0.077371085,-0.133204732,-0.877475234,-0.037228288,0.553926806,5
2620,1.623300903,-0.947333335,0.157719071,-0.969701549,-0.530519063,-0.551161597,0.261208056,0.384221538,0.49065218,-0.285879587,-0.423094401,-0.556166459,0.847818209,0.298612983,0.75644543,2.070700439,-1.095640974,-0.124304567,1.008575997,-0.206435063,-0.378234158,5
2621,-1.268655699,1.069839697,1.006170667,0.907113429,0.605635035,0.616640914,-0.423896775,-0.56658465,-0.635486324,0.460869504,0.618865751,0.712296653,-0.763683376,-0.326746076,-0.57690841,-1.61090575,0.861462024,-0.022970742,1.069970371,0.4714396,0.029161333,8
2622,1.141308136,0.122752359,0.242564231,0.121299502,0.303807952,0.205096259,-0.385471262,-0.35386024,-0.536964188,0.406293619,0.367373715,0.570351821,1.380264299,1.364486329,0.402257056,0.411430076,0.123754814,1.368116616,-0.124149482,0.650623545,-0.02984359,7
2623,-0.253934084,-1.021132348,-0.848302107,-0.627889414,-0.59628014,-0.588437761,0.733171625,0.841562312,0.903341592,-0.782274766,-0.898671977,-0.971945545,0.137446462,0.055036697,0.19177254,0.403440192,-0.163232894,-0.056097746,-0.015271289,1.16424279,-0.306011622,6
2627,1.141308136,0.122752359,-1.636150017,-0.742453411,-1.203778995,-1.145130232,0.405312612,0.818248282,0.966141565,-0.413909763,-0.827310331,-0.965106302,-1.10279748,-0.477071141,1.393427522,0.34540626,1.232629788,-1.45079929,-1.200105136,-0.645588906,-0.077269907,8
2628,-0.127093882,-1.894420673,0.424375287,0.983122581,1.110480381,1.068070575,-0.663889588,-0.493874459,-0.749166868,0.648220455,0.45901732,0.70715952,0.916981726,0.325878528,-1.475848428,-0.507420252,-1.178712193,1.323196938,-0.079896495,1.141537924,0.326261958,8
2629,-0.507614488,0.430248248,-0.642249576,-0.714965565,-0.892670995,-0.898535466,0.786811176,0.776695618,0.78993081,-0.777920731,-0.765152441,-0.744761151,-0.124249816,0.303255789,0.780272642,-0.016815437,0.914184911,-0.133886017,1.147479913,-0.74523743,-0.707486048,7
2630,-1.014975295,1.217437724,2.097037004,-0.314212392,-0.089518003,-0.074267604,0.539346317,0.142852175,0.081480711,-0.59078772,-0.143808416,-0.068781133,0.643756329,0.62066661,0.095861486,0.117545513,0.023556788,0.677540142,-1.967991437,-0.36346875,1.953327767,4
2631,0.887627733,0.614745781,-0.242265253,-0.046367013,0.017054279,-0.026497081,-0.240499045,-0.273464477,-0.250486754,0.268028226,0.299755019,0.27662188,0.300618241,0.276459707,0.512380866,0.643514943,-0.018048544,0.00405762,1.190240109,0.200566048,-1.758433922,7
2632,-1.167183537,-0.861234486,0.000149489,0.231946931,0.559990481,0.604218432,0.104964915,-0.158922917,-0.18043258,-0.118851002,0.170877874,0.195174486,-0.719251826,-1.285328513,-1.298386632,-0.227643271,-1.3116867,-0.705891908,-0.030410167,0.866260491,0.254906342,8
2633,1.800877186,-1.328628237,-1.454338961,-0.714555928,-1.208492527,-1.124994376,0.053427474,0.779201392,1.155352024,-0.058013867,-0.861690127,-1.312493722,-0.917918317,-0.553609333,1.31685498,0.82597318,0.686078231,-1.493304578,1.060755735,-1.277130156,0.521204191,8
2634,-1.826752587,0.59014611,0.012270226,1.271123319,1.507432912,1.445400481,-0.487176581,-0.961425164,-1.333107492,0.531527674,1.04727542,1.487042717,0.188100431,-0.030042153,-1.88736707,-1.779955956,-0.452203383,1.160680017,-1.905067164,0.039130534,-0.807192172,5
2635,-0.152461923,0.614745781,1.321309831,-0.454812158,-0.310860424,-0.182150498,0.363769605,0.069857327,0.281305964,-0.397323255,-0.070264616,-0.302689705,-0.719084831,-0.66110895,0.322081013,0.309245386,0.043581155,-0.990584834,-0.027474294,0.883850911,1.863791538,8
2636,0.278794764,0.737744137,-0.605887365,-0.339173784,-0.801136148,-0.845846835,0.148528091,0.459650961,0.533892441,-0.162435699,-0.493780685,-0.587146504,0.013688515,0.624932467,1.082684441,-0.077883779,1.328999528,0.057059967,0.744687086,-1.834520635,-0.045245109,8
2637,1.318884419,-1.525425606,-0.363472623,0.141141702,0.459704291,0.414864341,-0.448682989,-0.278326237,-0.391409366,0.491914152,0.297313819,0.431270092,0.676109341,-0.103252268,-0.640763305,0.930485145,-1.615127403,0.283362082,-0.788500447,0.803325123,-1.45414575,1
2638,-1.826752587,1.770930324,0.000149489,0.306230445,0.446946548,0.364674531,0.259701752,-0.254603532,-0.491072618,-0.285081929,0.275263732,0.538679357,1.183183829,1.473342677,-0.088939658,-0.84630186,0.765591978,1.808978879,0.190511257,0.393383193,0.751016214,2
2642,1.826245226,0.836142821,-0.739215473,-0.399148032,-0.610193241,-0.676771398,-0.312034339,-0.109343435,-0.027439272,0.350879743,0.119999583,0.026573516,0.910401076,1.565497108,2.148555979,1.029264695,1.526892867,0.500234708,0.359778318,1.951894874,0.944145987,7
2643,-0.127093882,-0.639837446,0.145598334,1.76395849,1.588828758,1.603215159,-1.598152387,-1.396707446,-1.41106548,1.52275679,1.310849664,1.263038413,-0.883877181,-1.235677585,-1.995810378,-1.528718416,-0.865192185,-0.204727947,-1.266807286,-2.04538996,-0.786601668,5
2644,0.253426723,1.377335586,0.339530127,-1.759255668,-1.524712349,-1.584712286,1.603097839,1.275039725,1.162186829,-1.527208393,-1.17333758,-0.974149797,1.79119038,2.129873739,2.104657879,1.619467699,0.940579856,1.199410359,0.23801895,0.366118848,0.403028668,1
2645,-1.014975295,-0.984232842,-0.145299356,-0.281016315,0.129506346,0.239922743,0.325826616,0.125593715,0.341722512,-0.367012342,-0.137636369,-0.391341181,-1.542054363,-2.383208299,-1.274444804,0.479915429,-2.003267841,-2.027040219,0.861938677,1.545471323,-0.770398605,6
2646,0.380266925,-0.84893465,1.006170667,-0.101502181,-0.705592936,-0.725981728,-0.01359448,0.545179825,0.641840307,0.015513937,-0.617659911,-0.749865704,-0.161526916,0.820027727,1.354150778,-0.570467699,2.113140007,0.117048912,0.214117968,0.255980257,0.825337789,2
2647,1.141308136,0.467147755,0.484978972,0.791377802,1.164419474,1.161257955,-1.000435509,-1.281494492,-1.375145758,1.088368608,1.397982373,1.539649498,-0.167934937,-0.970830108,-1.459577957,0.068946122,-1.762865483,-0.229603216,0.534885559,-1.259524752,-1.626102295,8
2648,-1.141815497,0.504047261,-1.357373064,0.297462195,-0.19564832,-0.200150821,0.041338698,0.229097318,0.166803869,-0.043309787,-0.246949395,-0.18197006,-0.254381361,0.428661668,0.261733866,-1.199295609,1.454234864,0.343994909,-0.797541331,-0.403000241,0.897319974,5
2649,-0.63445469,-0.492239419,0.266805705,-0.503932061,-0.453002092,-0.44871111,0.722335224,0.685428577,0.716297901,-0.779125683,-0.737487893,-0.785539905,0.12367686,0.106584525,0.027967019,0.062364784,-0.022960098,0.109057999,0.602194001,-0.199620671,-0.011717578,7
2651,-0.888135093,-0.369241064,-0.121057882,-0.586936885,-0.082522374,-0.073548568,0.802625558,0.480752191,0.42703634,-0.87923209,-0.512328709,-0.449200025,0.787054487,-0.20521095,-0.79483946,1.215302916,-2.064786956,0.259748244,-0.243760567,-1.317642683,-0.108224081,7
2652,-0.812030972,0.737744137,-1.575546332,0.091695147,-0.109240411,-0.078904205,0.148282348,0.003696486,0.113046576,-0.168416769,-0.004948973,-0.132818442,-1.151333671,-0.549860305,0.127445418,-1.108955199,1.174403178,-0.73486919,1.561788117,-0.223836723,-0.035054317,5
2653,0.190006622,0.122752359,1.333430568,-0.60583795,-0.384102289,-0.344013812,0.217347744,0.168380053,0.396491037,-0.247564149,-0.188085594,-0.459603469,-0.371193332,-0.614008608,0.534064188,1.210461689,-0.569815615,-1.068934864,0.185462288,1.620909556,-0.426273679,5
2654,1.38230452,-0.123244352,0.363771602,1.324698859,1.143988863,1.052997333,-1.425751262,-1.215842119,-1.547045293,1.566000426,1.301867138,1.681783153,1.406240532,1.523035636,-0.515656831,-0.984322859,0.414636329,2.138589883,-2.04657472,-1.312190918,1.099272199,7
2655,-0.127093882,-0.246242708,0.000149489,0.156162687,0.599113284,0.643400855,-0.223245318,-0.512635455,-0.327159915,0.2125581,0.497412766,0.264224911,-0.300928521,-0.905048698,-0.689862441,0.552945167,-1.346413593,-0.639282151,0.104010399,0.361857621,0.627609255,8
2656,-0.761294892,0.245750715,0.000149489,-1.055893428,-1.331730786,-1.341313271,1.310050845,1.428474504,1.31948477,-1.392703498,-1.463240098,-1.303872369,-0.062226814,0.270781765,0.895339248,0.327795189,0.716067365,-0.245456751,1.538043468,-0.45894655,-1.325206097,8
2657,0.633947329,-0.812035144,-0.605887365,1.191565916,1.362717886,1.460003383,-1.407121714,-1.364188508,-1.171541683,1.472553763,1.373801241,1.140329585,-1.314740063,-1.519010952,-1.167484735,-0.837268342,-0.594131179,-1.066846115,-1.486027633,1.287675485,0.537311133,8
2659,-0.190513983,0.860742493,-0.339231149,-1.304803367,-1.176014562,-1.138216978,1.095443674,0.735591556,0.650139036,-0.942051202,-0.532565693,-0.325245878,-0.40052459,-0.246295074,0.768547141,0.602718857,0.289084612,-0.780165608,-0.659924985,-0.057891262,-0.641453453,5
2660,-0.418826347,-0.246242708,1.794018577,-0.246577775,-0.199761158,-0.17147225,0.518281273,0.384512556,0.398863732,-0.557522715,-0.391087403,-0.405657988,-0.222733286,-0.234580297,-0.067856963,-0.03764418,-0.051227676,-0.236027492,0.672859105,0.75357451,-0.095405004,1
2661,1.889665327,-0.861234486,-0.242265253,-0.335558437,-0.326535734,-0.425818791,-0.361689855,0.165832544,0.072977263,0.396122924,-0.182132583,-0.081064451,1.135865133,0.922496272,0.618579614,1.13131897,-0.333331416,0.705223455,-1.926142843,-0.113009542,-0.970772125,5
2663,-0.545666548,-0.775135637,0.339530127,-1.041460828,-1.078277556,-1.149916751,1.495493653,1.697319327,1.308999446,-1.559194753,-1.704840781,-1.231135132,1.849038192,1.619976842,0.243507598,0.664425209,-0.285762958,1.77266517,-1.051451068,-0.672639484,0.708979652,5
2664,-0.190513983,-0.258542543,-0.327110412,0.086535802,-0.129498303,-0.12853141,0.098984344,0.237942131,0.323927272,-0.112196144,-0.26831586,-0.374245234,-0.51926974,-0.212200109,-0.067587557,-0.729814277,0.607411417,-0.20957615,1.141831736,0.316734358,-0.629777371,7
2667,0.342214865,0.442548083,1.139498775,-0.008117995,0.107940815,0.065268592,-0.083305137,-0.169709938,-0.273026522,0.094515497,0.191910188,0.317989897,0.781589183,0.811677667,0.326366035,0.263268751,0.154823163,0.758636758,-1.42187577,1.385133861,-0.107146249,6
2668,0.887627733,1.475734271,-0.727094736,1.22687489,1.520346182,1.537607534,-1.672745055,-1.981197861,-1.722892648,1.687131328,1.949685538,1.607479619,-0.649135577,-1.084819682,-0.887582129,-0.034495876,-1.020487167,-0.72779083,1.714074927,-1.721449637,0.280933224,5
2670,1.509144722,0.614745781,-0.08469567,0.602624136,0.715872298,0.638825715,-0.888226434,-0.885472887,-1.14227883,0.997837843,0.979166439,1.296020826,1.2834508,1.12173521,0.053343796,0.329090892,-0.204260162,1.300533335,-0.824616108,0.140620489,-0.006725893,7
2671,-0.253934084,-0.615237775,0.945566982,0.582984832,0.65291432,0.740618621,-0.62063893,-0.67409193,-0.49259203,0.644184189,0.677409335,0.465253785,-1.386329027,-1.762303363,-1.125412937,-0.396665379,-0.975213711,-1.382921687,0.310356573,-0.198765946,0.032817499,5
2672,0.253426723,-1.513125771,-0.363472623,-1.248357824,-1.317742551,-1.380704619,1.302855835,1.662191951,1.626289146,-1.406368298,-1.773378911,-1.750619968,1.97605406,1.935710413,1.24316554,1.425986488,0.138614823,1.514551957,0.056587402,1.016907659,0.658779614,7
2673,0.507107127,1.266637066,-0.618008102,1.859848732,1.575716169,1.542904405,-1.963104597,-1.90901625,-1.892959283,1.977088538,1.91602394,1.862661499,-1.6202932,-1.296174531,-1.192729354,-2.02882913,0.518385878,-0.785770628,0.400616996,-0.962395412,-2.31909318,5
2674,-1.141815497,-0.492239419,1.345551305,-1.802633507,-1.521860115,-1.425148893,1.903365737,1.682259633,1.789167485,-1.909409691,-1.659115534,-1.74300537,-0.111025599,-0.292649597,0.890233153,1.479084633,-0.407141799,-0.912443834,1.062618746,0.036698682,1.415127483,7
2675,-0.697874791,1.352735915,-1.611908543,1.549691317,1.187955237,1.20505294,-1.157689837,-1.400929432,-1.386028332,1.247886499,1.475634575,1.482592848,-1.243866583,-0.948572442,-1.106281091,-1.889433884,0.498883169,-0.427084415,-1.901707725,0.331628054,-1.175903585,5
2676,0.951047834,-0.000245997,1.248585409,-0.692626483,0.287633498,0.163628731,0.203347618,-0.164875287,-0.358000994,-0.204875014,0.191703237,0.390324064,2.47770492,1.547190324,0.14581184,2.072624269,-1.737129013,1.748012817,-0.441836092,1.038585274,-0.055686502,6
2677,0.760787531,-1.230229553,0.242564231,-0.389713884,-1.241520903,-1.177672483,0.363415192,1.178443632,1.222203264,-0.384019806,-1.24178871,-1.281993431,-0.851401074,0.168584931,1.240696091,-0.739932098,2.117620717,-0.585948253,0.039957711,-1.683061978,1.696567991,8
2679,1.648668944,0.81154315,0.363771602,-0.112119502,-0.399144009,-0.49898057,-0.50731092,-0.342861526,-0.271360123,0.557071613,0.36651039,0.285680938,0.44059625,0.946196413,1.296994088,0.382651458,1.148448533,0.303363612,0.75120629,-0.038244601,-1.980212697,6
2680,-1.014975295,0.122752359,-0.242265253,1.351937596,0.831957173,0.910189859,-1.047430896,-0.797068543,-0.649312373,0.97486324,0.706866499,0.499148467,-1.49638012,-1.197183068,-1.047629761,-1.808998204,0.47845005,-0.759996104,-2.284154637,-0.713637594,0.86030575,5
2681,1.521828742,-0.725936295,-1.62402928,-0.276284428,0.291683993,0.292007395,-0.160209938,-0.275642126,-0.142570917,0.081897415,0.191459288,0.036690642,0.170813157,-0.410659618,-0.155226619,1.105162773,-1.24322307,-0.390096514,1.707302114,0.948798662,-1.028239427,2
2682,-1.014975295,0.47944759,0.654669292,-1.935931478,-2.103127645,-2.085803733,1.951627225,1.929115146,1.925428031,-1.878784168,-1.837185944,-1.812817277,0.597965,1.127301137,2.060282596,1.229389325,1.218012085,0.034940447,-0.831658195,-1.011134256,1.914262278,5
2683,-0.888135093,0.491747426,-0.16954083,0.208855527,0.10712432,0.100852016,0.049055652,-0.046117185,-0.033559584,-0.055709796,0.052189118,0.039040779,-0.572170828,-0.237792631,-0.185349601,-0.927713603,0.660660772,-0.165369211,1.396829404,1.081637126,-0.787070349,5
2684,-0.469562427,0.122752359,0.654669292,0.384140804,1.091429897,1.039262871,-0.093450306,-0.671900199,-1.025641933,0.103635949,0.744315705,1.17029978,1.284830568,0.188838004,-1.51425168,0.55070494,-2.233062188,1.184525934,-2.207641289,-0.175423492,-0.338743051,8
2685,1.103256076,-1.537725442,-0.605887365,-0.216583801,-0.851083825,-0.789336505,-0.092023738,0.723446395,0.973610419,0.105643309,-0.804799532,-1.111651362,-0.6516444,-0.057155904,0.877498941,-0.235075478,1.216441175,-0.624242463,1.315384578,0.618860238,1.344528947,8
2686,-0.964239215,0.799243315,0.242564231,0.957469046,0.685347399,0.696100976,-0.456763008,-0.630241454,-0.723273608,0.5029636,0.694044419,0.81672699,-0.866694254,-0.572618055,-0.770697451,-1.514353429,0.539418786,-0.192600832,0.383971105,-0.485755558,-0.655809683,8
2687,0.836891652,1.229737559,0.12135686,-1.246710135,-0.70921818,-0.74946365,0.562140146,0.245006245,0.440810293,-0.621339533,-0.259112017,-0.488805151,0.515067595,0.309406924,1.324841883,2.004774776,-0.387663673,-0.471775585,-0.492812666,0.812697417,-1.221554445,8
2688,0.126586521,0.36874907,-0.799819158,0.262538235,0.264720172,0.293333015,-0.229599542,-0.326291813,-0.370769597,0.257313186,0.357838554,0.418750238,0.053294619,0.040388621,-0.169976196,-0.178164504,-0.021926385,0.155793066,0.958759793,-1.161977441,1.44651689,2
2689,0.633947329,-0.492239419,0.436496024,0.393378427,0.444492394,0.364536274,-0.430110144,-0.365164401,-0.557763558,0.472773788,0.389104458,0.612536619,0.878418789,0.592851988,-0.41091769,0.082772606,-0.519596722,0.965704725,-0.008577882,-0.985901959,-1.138431754,5
2690,-0.761294892,-0.246242708,1.454637939,-0.532229045,-0.537048499,-0.509153856,0.644129227,0.681862008,0.796795455,-0.712190376,-0.735777611,-0.877342822,-0.372076477,-0.304336685,0.273182137,0.202668391,0.104512622,-0.535192754,-0.543911717,1.742081117,-0.191294172,1
2691,-0.127093882,-0.984232842,-0.121057882,0.138892766,-0.188784459,-0.171181878,-0.028163575,0.33081858,0.359087367,0.031817581,-0.37208306,-0.415585746,-0.302682237,0.076548599,0.046757802,-0.771378817,0.788919225,0.061417459,0.421360904,0.423991499,0.687958003,6
2692,-0.609086649,-0.590638104,0.242564231,0.059900847,0.365233218,0.387218815,0.176770288,0.063735203,0.011666787,-0.199967854,-0.070443687,-0.010842615,-0.123505095,-0.811916497,-1.290282841,0.011183031,-1.509155672,-0.147886656,-1.257691662,-0.615525036,-1.018933082,6
2694,0.253426723,-0.787435473,-0.969509478,-0.326576209,-0.622844843,-0.552206722,0.26757679,0.571775456,0.462136411,-0.225956864,-0.517294711,-0.327123153,-1.122604778,-1.030564924,0.198551749,0.115856791,0.071360532,-1.351761178,-0.277364457,-1.207164974,-0.445095353,6
2695,-0.761294892,0.294950057,-0.399834835,-0.141113851,-0.102690479,-0.167763293,0.413786943,0.269534668,0.095266347,-0.369617444,-0.219044636,-0.008284366,0.850051211,1.023482221,0.095504181,-0.33905653,0.473956577,1.156931731,-0.041672035,0.505211991,-0.271156289,6
2696,0.507107127,-0.566038433,0.278926442,-1.332291796,-1.252081527,-1.252860114,1.140133589,1.197647397,1.348499815,-1.229726571,-1.283961193,-1.451535061,0.87643953,0.681034288,1.045628267,1.620862874,-0.324020362,0.147285489,0.979367081,-1.242218775,-0.435525176,5
2697,-1.3320758,-0.024845668,1.212223197,-0.08056593,-0.194279019,-0.109063614,0.217138906,0.239247197,0.475838841,-0.246716473,-0.270928997,-0.556764393,-2.143869678,-1.853117074,-0.377109742,-0.94001036,0.38598343,-1.965303278,-1.045321661,1.796101536,-0.58201939,7
2698,1.585248843,-0.012545832,-0.969509478,1.041380293,1.230127979,1.229860035,-1.304290687,-1.330318186,-1.562629752,1.416339347,1.439188675,1.728453687,0.495868233,-0.028083797,-0.749849693,0.241237714,-1.081091884,0.44192864,0.064713884,-1.287511842,1.140996859,8
2699,0.126586521,-0.110944517,0.727393714,0.321086943,0.285851741,0.219810231,-0.253310452,-0.210538453,-0.312608249,0.247761642,0.199702786,0.293173033,0.622230903,0.640555089,-0.138824353,-0.254033374,0.111030608,0.849967413,-0.126467617,-0.331592423,-0.518406198,6
2701,0.633947329,-0.73823613,-0.484679994,-1.427229683,-1.336605251,-1.340233589,1.197762774,1.304604785,1.282500768,-1.184729733,-1.278938508,-1.205647989,0.279574837,0.25122198,1.067958112,1.318231418,-0.029566468,-0.378148297,1.300024289,0.337217899,-1.033279493,8
2705,0.760787531,-0.861234486,-1.090716848,0.318389099,-0.130779238,-0.099181066,-0.328442415,0.195342119,0.140212528,0.316330158,-0.228826244,-0.173239243,-0.191654542,0.217534586,0.308366495,-0.534413612,0.866690364,0.063290121,-1.079711067,1.160914583,1.697131258,6
2706,-1.014975295,1.475734271,0.969808456,-0.174248565,-0.372278442,-0.396367861,0.326659414,0.179189511,0.192646178,-0.311140846,-0.15152731,-0.146806962,-0.453371529,0.06679425,0.445273277,-0.599829424,1.077734557,-0.202807718,1.348376867,-1.061142473,-1.255624215,4
2707,0.633947329,-0.000245997,-0.363472623,-0.816909385,-0.584969086,-0.594837844,0.74030558,0.668405662,0.583768333,-0.784983733,-0.681639026,-0.578431468,1.370810063,1.129765207,0.935355843,1.554012156,-0.366537407,0.750971184,-1.263811421,1.009754152,1.391470875,5
2709,-0.799346952,0.553246604,1.333430568,-0.075745837,-0.395037206,-0.340078543,0.160973261,0.179976472,0.431028608,-0.180160542,-0.200399133,-0.494524161,-1.790280034,-1.061510905,0.267356172,-1.178806903,1.37770029,-1.432188295,-0.529848117,0.960742135,-0.821104123,1
2710,-0.177829963,0.860742493,-1.211924219,0.388230514,0.692545197,0.638175996,-0.312812099,-0.681661824,-0.939071567,0.346169098,0.74337928,1.043521879,1.313453458,0.998226515,-0.404759404,0.123685561,-0.534204377,1.444009965,-0.339765501,-2.408794459,1.096770851,5
2711,0.215374663,-0.984232842,0.848601085,-0.229148434,-0.120920527,-0.070524826,0.177843984,0.281960862,0.397698072,-0.195978477,-0.301805294,-0.4300658,-0.826935266,-1.143200133,-0.282429007,0.434199284,-0.781501012,-1.180847851,0.627822514,1.097907574,-1.060217996,2
2712,0.887627733,0.245750715,-0.484679994,0.302067878,0.082053494,0.137362193,-0.712479512,-0.517765131,-0.302639315,0.758126159,0.527384006,0.284269825,-0.773632501,-0.469261287,0.350950943,-0.204500509,0.572430551,-0.780675324,0.410036352,0.881433078,0.464873089,7
2713,0.126586521,0.36874907,-0.363472623,0.368225633,0.082942887,0.007717145,-0.301622808,-0.133767391,-0.243161712,0.298570931,0.115245142,0.223901032,0.472875635,0.829922926,0.274252176,-0.508587918,0.829533247,0.813375586,-0.186330174,-0.600124221,-0.034905809,8
2714,-0.00025368,0.491747426,0.727393714,0.083992948,0.765004278,0.748669192,-0.219732341,-0.731877926,-0.561616907,0.194721954,0.678408943,0.435730998,0.906888139,0.186189821,-0.663070281,0.75485386,-1.461308189,0.641805446,-0.450616119,-0.356564074,0.719607443,8
2715,0.126586521,0.122752359,-0.727094736,0.434972487,-0.34282429,-0.337662905,-0.353758581,0.170080712,0.175160904,0.252447137,-0.247297797,-0.235226084,-1.397086898,-0.679090161,0.29035197,-1.156953519,1.399320747,-0.991860913,0.413671452,-0.647574513,-2.03612671,5
2717,-0.964239215,1.414235093,-0.605887365,0.067510119,0.858765111,0.77501376,0.344894358,-0.617751211,-0.912392851,-0.367918096,0.687131481,1.031745978,1.466739611,0.958129166,-0.565781499,0.353239453,-0.936624424,1.498385715,0.219224463,-0.357521996,0.468232384,5
2718,0.963731854,-0.246242708,-1.575546332,-0.788945177,-1.208414103,-1.199496329,0.31798915,0.806413062,1.040825985,-0.349588121,-0.874522655,-1.148566966,-0.537372691,-0.04675013,1.189177626,0.361465244,1.003958969,-0.809439874,-2.039130508,-0.934811506,-1.179817906,6
2719,-0.00025368,0.860742493,1.697052681,0.280110625,0.32166705,0.309373798,-0.271348793,-0.422379148,-0.440506038,0.301240437,0.464207368,0.494889011,-0.129722478,0.010107976,0.092530607,-0.19310688,0.288817114,-0.046632018,0.582623655,1.579502698,-0.114611261,7
2720,1.39498854,-1.648423962,0.000149489,0.253107909,0.417581408,0.402727182,-0.444907942,-0.260490802,-0.405105242,0.47969616,0.271314876,0.433499665,0.97350917,0.230903153,-0.594986926,0.880258231,-1.501257805,0.651835167,1.648629535,-1.715723273,0.389679258,1
2721,-1.395495901,0.663945124,-0.727094736,-0.574468477,-0.583709072,-0.573107821,0.816704475,0.68940732,0.778161875,-0.893489468,-0.741201567,-0.847341388,-0.163918809,0.108872488,0.399367415,-0.122024701,0.573651882,-0.123653917,-1.140611269,1.313699117,-0.019112595,6
2722,-0.507614488,1.106739204,-0.54528368,1.411605748,1.608097464,1.606916287,-1.365826969,-1.701382097,-1.567315924,1.427697471,1.701663167,1.506185805,-0.549921767,-0.582637889,-1.202226123,-1.32126383,-0.134007118,0.069029489,-0.984522419,0.978183509,0.477648078,8
2723,-0.050989761,-0.615237775,1.878863737,-0.510430457,-0.417183947,-0.454169039,0.602548572,0.575243881,0.325067553,-0.592606889,-0.499664504,-0.178306902,0.666942394,0.427663596,0.058996294,0.556398306,-0.443284425,0.471324553,0.015748276,-1.068516173,-1.02766449,1
2724,1.445724621,-1.451626593,0.000149489,-0.777380772,-1.254704156,-1.26163225,0.570865479,1.233804811,1.273003888,-0.618916729,-1.325956412,-1.366963054,0.614064508,1.069559545,1.342837269,0.536609932,1.059495256,0.421048595,0.18199476,0.341680758,0.001262662,8
2725,-0.761294892,1.451134599,-1.090716848,0.434468863,0.987487569,1.115386048,-0.536322858,-1.254428714,-1.048865797,0.580411857,1.345673814,1.128893812,-1.836388693,-2.336464233,-1.105367574,-0.060436922,-1.296248178,-2.078615646,0.29109848,-0.020561679,0.876330819,5
2726,-1.217919618,0.245750715,-0.121057882,-0.293401509,-0.203415698,-0.310544067,0.767377197,0.687522184,0.344316092,-0.842742093,-0.716342408,-0.331325292,1.917390663,1.687199392,0.113560964,0.506542617,-0.280391461,1.935003209,-0.015567028,0.263725363,0.059962588,7
2727,0.963731854,-1.353227908,0.12135686,0.856374257,0.646751666,0.757125796,-1.07940059,-0.712077089,-0.505272852,1.165807687,0.72738144,0.481036148,-1.698740892,-1.561238012,-0.686093158,-0.999284633,0.104133139,-1.422234656,-0.700210279,-0.213605483,0.87049045,8
2728,-0.380774286,0.737744137,-0.121057882,-0.856677616,-1.030485128,-1.103637913,0.991962412,0.976025283,0.878563611,-1.064489426,-1.015129263,-0.895313678,0.949865587,1.231978585,0.953602972,0.434873209,0.721407428,0.860991046,2.337955435,-1.561225556,-0.390143,8
2729,0.887627733,0.614745781,0.969808456,0.303408427,0.190221225,0.18641906,-0.665931655,-0.601132694,-0.45177632,0.729940824,0.641151164,0.475282518,-0.819032067,-0.486861291,0.385367867,-0.22226781,0.627605007,-0.823428374,-1.045788325,1.954090399,-1.117617791,6
2730,-0.380774286,-0.246242708,0.12135686,-0.596562745,-0.792573976,-0.782254113,0.622145797,0.79427144,0.909756327,-0.680638204,-0.857402951,-1.00462657,-0.258048978,0.073805031,0.648731062,0.050598259,0.691141282,-0.323441556,-0.085500998,-0.988074544,-0.310707291,7
2731,0.380266925,0.245750715,-1.939168444,0.623671732,0.770734874,0.708740304,-0.528396309,-0.63869765,-0.907443627,0.582902518,0.695657824,1.014534279,1.253718001,1.072429174,-0.370256688,-0.130833594,-0.250171127,1.510405426,0.939339244,1.344227225,0.409747122,1
2732,0.760787531,-1.783722153,1.939467422,-0.441206808,-0.725228243,-0.689287269,0.23904438,0.714352495,0.88085109,-0.261827874,-0.787304723,-0.991919993,-0.534819079,-0.43100082,0.351135135,0.227235783,0.164232272,-0.735279746,-0.926971336,-1.57983221,-0.093575134,2
2734,0.088534461,1.094439368,2.266727324,0.726302343,0.365803198,0.329413006,-0.695651125,-0.768402932,-0.839809148,0.771040574,0.847270477,0.9487315,-0.342510904,0.130680969,0.24921898,-0.737133471,0.988413681,-0.00253163,0.578058329,-0.886967814,-0.439726429,6
2735,0.113902501,0.737744137,0.000149489,0.387696476,0.834096978,0.768071575,-0.498376494,-0.826534136,-0.907540075,0.52386489,0.853099296,0.931439068,0.897572909,0.698688723,-0.150763656,0.197791913,-0.329156095,0.926688082,0.456626177,1.76880366,0.403941187,7
2736,1.39498854,-0.984232842,-0.969509478,-1.112137418,-1.349911972,-1.332361497,0.637454989,1.147583631,1.245139953,-0.672908994,-1.203799348,-1.308075799,0.196653881,0.494339231,1.443781288,1.042579325,0.668994243,-0.327187889,-1.029650161,-0.565597712,0.372345854,8
2737,-1.3320758,-0.467639748,-0.363472623,-0.522153236,-0.23474638,-0.201442249,0.75496999,0.567168818,0.663504444,-0.847150806,-0.630905118,-0.758661953,-0.094254222,-0.662098147,-0.678021323,0.470120722,-1.243971694,-0.357789042,0.572027204,-0.0051018,-0.565852622,6
2738,0.951047834,0.959141177,-0.569525154,1.565160434,1.613644892,1.495922916,-1.710610207,-1.849735881,-2.078286343,1.837103141,1.956934454,2.20176836,0.967894492,0.955407639,-0.836445212,-1.044544243,0.083691908,1.666724137,-0.529958259,-1.396751722,-0.910844286,5
2739,-0.253934084,-0.836634815,1.903105211,-1.103652053,-1.189234095,-1.041203731,1.068083833,1.225795714,1.462990233,-1.11427683,-1.260100378,-1.496185898,-1.634760297,-1.661776611,0.511562513,0.795467751,-0.245826729,-2.301032338,1.686077841,0.686751969,0.357753046,5
2740,-0.380774286,0.344149399,-1.696753702,0.839705956,1.003076214,0.982424244,-0.537364198,-0.808829373,-1.031845877,0.578369486,0.862673146,1.123019122,0.493730592,0.362939423,-0.671649639,-0.546560381,-0.227513089,0.857494608,-0.572805749,-0.121455867,1.381532646,1
2741,-0.532982528,-0.000245997,-0.508921468,-1.197591693,-1.34188086,-1.401682879,1.237359608,1.414155789,1.495334335,-1.366535606,-1.537761343,-1.648779198,1.187112483,1.492424105,1.044590636,0.47360383,0.798948878,1.113123514,-1.6036522,0.213285608,-0.135752644,7
2743,-1.750648466,1.475734271,1.091015827,-0.702917922,-0.18879997,-0.200795554,1.145603843,0.316858076,0.220414126,-1.148044515,-0.247640524,-0.121092562,0.404966063,0.327709899,0.094051901,0.254891521,-0.121413865,0.330203663,-0.343377123,0.760073318,0.374738411,1
2744,0.862259692,-0.246242708,-0.727094736,-0.367888595,-0.637087752,-0.6644919,0.061248957,0.449149928,0.53217446,-0.063749849,-0.473765548,-0.571220309,-0.025554913,0.183746055,0.720049661,0.392934774,0.45161117,-0.237871764,0.235992682,-0.961535522,-1.211560887,8
2745,1.014467934,-1.230229553,-0.242265253,1.505612532,0.924155247,0.9332071,-1.512555769,-0.778875834,-0.807424464,1.424966227,0.656512918,0.646901212,-0.352410202,-0.11205949,-0.589387806,-1.216246365,0.481621534,0.240318223,-1.510539133,2.296287186,1.035475639,5
2746,-1.890172688,-0.639837446,0.848601085,-1.12513186,-0.807913477,-0.841326042,1.803371705,1.447826133,1.25781889,-1.749138768,-1.398279763,-1.151586503,1.195350868,1.072934471,-0.204671933,-0.060578107,-0.12900062,1.406041062,1.560630124,-1.066107931,0.329118655,7
2747,-0.342722225,1.992327364,-0.605887365,0.354365352,1.24155861,1.283993397,-0.630580647,-1.653618643,-1.483553862,0.675016286,1.726399768,1.521580251,-0.599183237,-1.249332468,-0.549378529,0.846541828,-1.480520148,-1.137875127,-0.72839572,0.737748103,-0.068627423,8
2752,-0.406142326,-1.107231197,0.630427817,0.351651652,0.399898201,0.399698924,-0.00720302,0.08401718,-0.10030349,0.008230855,-0.093920618,0.118972472,0.438101374,0.044575413,-1.010442879,-0.35809366,-0.804460332,0.693551647,0.613184082,-1.190539134,0.538666001,7
2754,-0.127093882,-0.123244352,-0.605887365,0.630991452,-0.076129856,-0.117167067,-0.415170326,0.165312544,0.065590817,0.395771849,-0.217477303,-0.129555967,-0.011439165,0.958947102,0.509534241,-1.565814927,2.106068568,0.817707852,1.049120828,1.208893895,0.353876395,1
2757,1.826245226,-0.504539255,1.212223197,-1.675077911,-2.185233915,-2.310430355,1.024840834,1.676613754,1.40247805,-0.997399653,-1.620872824,-1.271998162,1.877222248,2.421993357,2.136117018,1.188532872,1.397987936,1.526956004,0.207564338,-1.295846016,1.36691317,5
2758,-0.507614488,0.491747426,-0.121057882,1.415786405,1.061543629,1.085049307,-1.203142498,-1.028701537,-0.987252567,1.147009094,0.986010173,0.89909126,-1.129769758,-0.936570543,-0.786098608,-1.286691074,0.290227022,-0.615773794,-0.198901899,1.622844441,-0.206073638,5
2760,-0.596402629,0.442548083,0.848601085,-2.138256509,-2.053731236,-2.103419,2.132385188,1.956821556,1.674496104,-2.09108995,-1.847474805,-1.409315827,1.297058563,1.358337143,1.058067985,1.028450059,0.281571942,0.945078378,-0.737751898,-0.480876139,-0.67849477,5
2761,0.304162804,-0.307741886,0.000149489,-0.4027235,-0.69179498,-0.688755298,0.102952315,0.363081912,0.610967521,-0.117196747,-0.411457803,-0.713293935,-0.679705409,-0.11444651,0.869642165,-0.176810688,1.149750982,-0.687411435,-0.744272268,1.048365614,-1.031975659,5
2764,0.760787531,-0.492239419,-0.121057882,-1.645275346,-2.002415714,-1.966712492,1.454016747,1.797824245,1.811307548,-1.498930158,-1.826097889,-1.805519981,0.34716061,0.861518071,2.12878908,1.363797507,1.156769685,-0.324645798,-0.103323323,-2.108871985,1.138621658,8
2765,0.380266925,0.122752359,-0.969509478,1.143472229,1.277702802,1.258838163,-1.204714729,-1.311980634,-1.414181464,1.273172374,1.378700976,1.497340243,-0.435826192,-0.855947976,-1.50615708,-0.824513275,-0.96226989,-0.063419519,0.199823447,-0.240454367,-1.2703484,5
2766,-1.014975295,1.106739204,0.727393714,-0.243559632,-0.214219698,-0.247241681,0.444323095,0.228996643,0.195765441,-0.443098087,-0.206186725,-0.154772412,0.040579067,0.380820122,0.401599444,-0.286048141,0.743543806,0.198423646,-0.945553426,2.294355493,-0.82302602,1
2768,0.887627733,0.996040684,-1.33313159,0.755118316,0.772867629,0.78729298,-1.047258379,-1.246792613,-1.246817234,1.156406772,1.363118486,1.380646418,-1.28379111,-0.952045462,0.04286806,-0.595296232,0.573473782,-1.1596701,0.937196184,0.497461418,-0.36639839,7
2769,-0.127093882,-0.123244352,1.697052681,-0.719658822,-0.892517895,-0.877000117,0.72306329,0.887228287,0.980279277,-0.789365412,-0.958692273,-1.075702511,0.242090287,0.516399843,0.858554248,0.392401203,0.623431056,0.070033958,-0.987887902,-0.494162105,0.741284682,1
2771,-0.862767053,-0.984232842,2.000071108,-2.088617726,-1.411355544,-1.449119227,2.240382438,1.892153841,1.68221231,-2.172359853,-1.825784205,-1.589496089,2.243271987,1.802447083,0.888762607,1.880160727,-0.700513867,1.580688674,0.957532889,-0.91416608,1.98614053,7
2772,0.608579289,0.983740848,-0.848302107,0.227421775,0.357805157,0.398999403,-0.476543451,-0.734653918,-0.660691571,0.538479388,0.818369878,0.752299473,-1.103572901,-1.058472236,-0.097524446,-0.134064091,-0.028397972,-1.197273078,-1.932729311,0.641294209,-0.618872913,7
2773,-0.380774286,-1.353227908,0.363771602,0.220017512,0.105576625,0.072134379,0.086849201,0.340080795,0.180263196,-0.096761942,-0.376038891,-0.199266674,0.46295926,0.283749342,-0.684327778,-0.45083232,-0.336186462,0.771331645,0.828124402,-0.936858023,-0.403518514,7
2774,1.268148338,-0.000245997,-0.121057882,0.884068118,0.645538531,0.624774705,-1.169909647,-0.887660562,-0.904260775,1.237379419,0.915670137,0.924476542,-0.033410662,0.282863796,0.237032947,-0.423318004,0.683025062,0.186220677,0.469249207,1.87438977,0.623067593,7
2775,-0.127093882,0.614745781,-1.260407168,1.317338156,1.038307958,1.011138188,-1.006647096,-0.925458524,-0.658976634,0.562895128,0.543076658,0.116027831,-0.724976431,-0.633401852,-0.780591691,-1.082937927,0.115872613,-0.258633526,0.282330465,-0.418879489,-1.557798341,5
2776,-1.141815497,0.737744137,1.018291404,-2.1645537,-1.242553312,-1.196464621,2.025987223,1.160376892,0.874950527,-1.633735557,-0.744650995,-0.275971462,1.212791743,0.53615058,0.700392339,2.261788945,-1.330608303,0.193788275,-0.393351849,-0.741671985,1.861082924,5
2777,-0.558350569,-1.759122482,0.727393714,0.369126813,-0.110329808,-0.120282926,0.143497041,0.692034612,0.686916225,-0.158800602,-0.759087078,-0.763898523,-0.852318219,-0.509741265,-0.69740294,-1.536608705,0.646393231,-0.164268354,0.776161134,0.939397665,-1.862501833,7
2778,0.811523611,0.651645288,-0.363472623,-1.072268769,-1.049928606,-1.09068068,0.406181988,0.470877338,0.65740341,-0.459513226,-0.528136637,-0.758758706,1.220190692,1.437163789,1.946739375,1.746887722,0.610891948,0.475510234,-1.911999537,0.262343475,0.113153178,1
2779,0.507107127,-0.418440406,-1.369493801,2.37082142,2.365242325,2.409027464,-2.178178098,-2.138987994,-2.157817379,2.181007917,2.106617253,2.054405037,-0.881302181,-1.221012073,-2.242825172,-1.85111399,-0.838640542,-0.030698182,1.589039034,-1.642860924,2.010067931,5
2780,-1.002291275,-0.51683909,0.400133813,-0.380545144,-0.267080275,-0.318329002,0.812211061,0.759125881,0.429284665,-0.687576767,-0.615665527,-0.167637415,0.261902138,0.123480966,-0.329652828,-0.103337653,-0.270623989,0.355854927,-1.600370787,1.060734145,-2.005756459,7
2781,1.889665327,0.934541506,0.848601085,-0.47735896,-1.03835296,-0.992916949,-0.303545117,0.065906407,0.311472409,0.285923465,-0.104725353,-0.373510644,-0.583795903,0.2239495,1.782899377,0.363348905,1.687336717,-0.863796699,0.999491132,-1.265464159,1.227574626,6
2782,-1.014975295,1.352735915,-0.727094736,-1.298855728,-0.581554208,-0.518822805,1.288618704,0.519473758,0.723721572,-1.347697348,-0.496596502,-0.717297304,-0.096172614,-0.587047591,0.447503485,1.642326829,-1.077038624,-0.98199218,0.093832272,1.860292617,0.21034821,6
2783,1.014467934,-1.968219686,0.727393714,1.725683921,0.701059884,0.666087195,-1.65528401,-0.533114853,-0.673295655,1.621274165,0.426934507,0.557441001,-0.502595388,0.003860672,-0.722015473,-1.959870473,1.0423259,0.462283525,0.523545358,-1.268645964,-0.54916364,7
2785,0.494423107,0.713144466,0.12135686,-0.743594148,-1.212155333,-1.194935553,0.404404113,0.600015709,0.615290021,-0.396840991,-0.591890795,-0.566434988,-0.287412045,0.354359567,1.184553765,-0.001826202,1.360824618,-0.329372934,-0.879418842,-0.048220339,0.34402439,8
2786,0.760787531,0.36874907,0.606186343,-1.396108099,-1.223747745,-1.242359761,1.043952658,1.009870784,1.188969568,-1.138522297,-1.091052655,-1.308629038,1.306648413,1.509983251,2.121733749,1.979973291,0.591171994,0.451201597,2.113220515,0.56920809,1.149140394,2
2787,-0.253934084,-0.750535966,-1.33313159,0.246523075,0.312599988,0.397309299,-0.244190444,-0.205357685,-0.151793227,0.274652648,0.228978957,0.17197504,-1.262109454,-1.696430089,-1.31955058,-0.507196624,-1.087702501,-1.181497495,-1.995313387,0.166743367,-0.168894282,4
2788,0.887627733,-0.07404501,-0.363472623,0.220152361,-0.067140352,-0.137533201,-0.301446712,-0.068620882,-0.140822665,0.333782449,0.07031458,0.154349267,0.52637679,1.049144281,0.803070068,-0.252394773,1.195551242,0.738926367,1.86403373,-0.626119284,-0.201641954,7
2789,-2.067748971,-0.246242708,1.818260051,-0.301922757,-0.060908452,-0.004708039,0.76744553,0.514894683,0.599828779,-0.861075673,-0.57232544,-0.685313541,-0.624916968,-1.184643528,-1.327747669,-0.284096973,-1.287096262,-0.567510953,-0.010616685,-0.536710184,-0.827696275,7
2790,1.306200399,0.577846275,-2.169462449,1.535876164,2.028974273,1.951097958,-1.79146334,-2.113233106,-2.252815047,1.903469797,2.210307444,2.342402066,1.404726257,0.907069646,-0.729859865,0.137361965,-0.919935698,1.541658922,-1.228890017,2.064683868,1.659713702,8
2791,-0.253934084,0.860742493,0.836480348,-1.419535726,-1.37734304,-1.284816481,1.266049894,1.00517179,1.128210748,-1.310167217,-0.974994392,-1.05441816,-1.29890447,-1.211403936,0.831363303,0.895368835,0.04131885,-1.968020389,1.06953954,-1.396195545,-1.47138695,1
2792,-0.735926851,0.737744137,0.848601085,0.593051638,0.822519433,0.741884069,-0.376708611,-0.684438031,-0.868982552,0.405769416,0.701544406,0.896258137,1.033991626,0.89426041,-0.481787758,-0.34060233,-0.185076269,1.369167033,-1.620903691,0.160486679,0.485979548,8
2794,0.633947329,-0.824334979,0.884963296,0.005256443,-0.42954793,-0.484020252,0.047054839,0.585738869,0.410824671,-0.049169508,-0.639184757,-0.450505804,1.293237728,1.809205763,0.755980436,-0.351465128,1.268579067,1.672900019,-0.122913577,0.252692848,1.621378296,5
2795,-0.900819114,1.315836408,-0.824060633,-0.185480258,-0.080472079,-0.032168975,0.225317306,-0.18596936,-0.013380981,-0.248877087,0.210656331,0.018975186,-1.325018341,-1.3612972,-0.270237424,-0.141195188,-0.230481273,-1.448011271,-1.439642349,-1.610938008,-1.152295569,5
2796,-0.355406246,-0.492239419,0.70315224,-0.568181943,-0.566786118,-0.5095137,0.536886042,0.632643244,0.805419853,-0.605113054,-0.702669892,-0.92180537,-0.299891516,-0.217327867,0.460705545,0.387996427,0.144969545,-0.550564841,0.558754182,1.242631437,0.911886043,7
2799,1.268148338,-0.061745175,1.697052681,-1.053433973,-1.493471542,-1.501667511,0.701879494,1.060924568,1.277675024,-0.765518034,-1.154678671,-1.404753402,0.279851307,1.052495126,2.073668863,0.724021805,1.709981682,-0.062529915,0.508965118,0.434747885,-0.227805956,1
2803,-0.507614488,-0.836634815,0.242564231,-0.914231145,-0.751167052,-0.653963401,0.728686868,0.748374484,1.059523099,-0.812475816,-0.831137377,-1.212853174,-0.733077796,-1.126139915,0.378633983,1.388995483,-0.937535558,-1.579606907,1.074745959,-0.078779925,0.752763869,7
2804,0.380266925,-0.160143859,-0.521042205,1.422783281,1.446941154,1.405263219,-1.147389276,-1.126842526,-1.451053627,1.250572139,1.222832554,1.615651292,0.305167772,0.083758455,-1.411794521,-1.213352688,-0.445895249,0.994581283,0.992618424,1.333320301,0.18149176,5
2805,-0.63445469,0.873042328,2.097037004,-0.862401407,-0.654425924,-0.663422072,0.917497808,0.582622717,0.613654948,-0.990255552,-0.608830466,-0.640810228,0.617615903,0.493074705,0.463329983,0.785953215,-0.199757071,0.292823449,-1.364441139,-1.24790518,0.103758412,2
2806,1.268148338,-0.885834157,-2.351273505,-0.140571701,-0.402084493,-0.423307741,-0.148128829,0.232438853,0.341000675,0.16591751,-0.264585052,-0.399372138,-0.023306259,0.341019147,0.814916282,0.158565698,0.788533633,-0.110925877,-0.717146549,1.133467361,-0.720294181,4
2807,-0.00025368,0.405648577,1.260706146,0.900501564,0.565329748,0.556937407,-0.84635609,-0.661628863,-0.760652791,0.902420395,0.700638574,0.81807484,-0.563411602,-0.154792686,-0.36237028,-1.306286209,0.822891402,0.045577261,2.081268606,-1.322547347,0.023851443,6
2808,0.126586521,0.356449235,-1.163441271,0.544398926,0.910236114,0.864087611,-0.562236476,-0.863675025,-0.884051374,0.531049846,0.852263391,0.828638794,0.853883868,0.355529033,-0.894024429,-0.015488763,-0.984515261,0.989644726,-1.179094306,-0.091883271,-0.253031241,5
2809,-2.02969691,1.229737559,-0.157420093,-1.80731562,-1.703135725,-1.582179033,1.93003139,1.602252182,1.892138425,-2.022824717,-1.634784384,-1.929449692,-1.377604328,-0.948404102,1.628393543,1.087482681,0.774374702,-2.160415229,-0.152431809,1.885015211,1.078165864,7
2810,1.648668944,-1.476226264,1.20010246,1.535304268,1.092729388,1.099297866,-1.628038471,-1.008460155,-1.190893209,1.737568006,1.04701128,1.266192569,-0.042606464,-0.1188543,-1.053956024,-1.084952116,-0.170464468,0.526728855,0.885607709,-0.135813112,1.121555254,8
2811,-0.888135093,1.229737559,0.000149489,0.236129751,0.68096694,0.582437849,-0.087588823,-0.6718655,-0.712665853,0.098220675,0.697001677,0.719583582,0.805214439,0.529509377,-0.665155008,-0.237517816,-0.506560889,1.051519157,0.009922675,-1.055613011,-1.879239491,8
2812,-0.127093882,0.122752359,0.727393714,-1.13639736,-1.257886692,-1.263458414,1.251061791,1.326046735,1.191454761,-1.3087533,-1.347898777,-1.161900656,0.869084553,1.272064515,1.249210186,0.523178648,0.974644785,0.721287182,-1.618161246,-0.485135333,0.532713996,5
2813,-1.002291275,0.491747426,-0.242265253,1.13059348,1.967411122,2.144152022,-1.006401035,-1.903946646,-1.424794292,1.014328642,1.756813145,1.181188691,-2.265220628,-3.089400389,-2.103223786,-0.493488528,-2.049196946,-2.341714322,1.131489214,0.992746695,0.37325649,5
2814,1.889665327,-0.984232842,-0.363472623,-0.645457977,-0.98497668,-1.163497938,0.241282107,0.882269735,0.399086813,-0.182527525,-0.665002475,-0.093367768,2.774531493,2.512210854,1.064280131,1.649454152,-0.252036644,2.313718841,-1.218962881,-0.921931772,-0.122047128,5
2816,1.471092661,0.122752359,-0.484679994,0.720292207,0.429766184,0.361433335,-0.869125732,-0.677595557,-0.8743737,0.976773105,0.751325092,0.996833687,0.636164124,1.068191864,0.545125375,-0.365441386,1.011061642,0.925097324,1.932365748,-0.022112339,0.609029688,7
2817,-0.253934084,0.860742493,-0.605887365,0.889434772,0.576914598,0.597997468,-0.862240755,-0.796298899,-0.742514282,0.88367257,0.803738593,0.732215487,-0.745653451,-0.32939494,-0.244246399,-1.168498597,0.818618259,-0.236998649,-0.472315107,-0.438767234,0.730994,8
2818,0.887627733,0.737744137,0.12135686,0.767981459,0.705733621,0.71522371,-0.834693574,-0.783737455,-0.561046202,0.526705691,0.496102075,0.157739345,-0.047287148,-0.083685806,-0.310984408,-0.286339687,-0.084460276,0.097587807,-0.780781009,-0.802957079,0.92129695,7
2819,-0.63445469,-0.369241064,-0.242265253,-1.731043753,-1.234690787,-1.284829661,1.733978451,1.34599662,0.996648785,-1.449513142,-1.038899289,-0.540210734,1.534413229,1.15309822,0.882388178,1.792803579,-0.652430575,0.812303334,1.241445105,-0.514842355,-0.876814459,7
2820,-0.127093882,0.614745781,0.363771602,0.015975479,0.260914343,0.314613481,-0.14043998,-0.448124251,-0.261635784,0.150247504,0.473068402,0.265022855,-1.031773987,-1.181168054,-0.27590776,0.083409599,-0.442560338,-1.230146062,-0.208328807,1.1291716,-0.127206787,6
2821,-0.761294892,-0.000245997,0.606186343,-0.548078037,-0.650952195,-0.636751506,0.702527351,0.793589969,0.784961497,-0.779808132,-0.849588713,-0.851167624,0.284739152,0.381445723,0.432010152,0.277748783,0.24261508,0.179890243,-1.573183087,-0.434643885,0.858052162,7
2822,1.39498854,-1.59922462,0.000149489,1.353300041,1.457247101,1.355330009,-1.517805207,-1.287129457,-1.362294641,1.614177964,1.312470139,1.360984806,0.842429167,0.396465185,-1.271956012,-0.583566619,-0.872049957,1.277913606,1.229018738,1.068295797,-1.766841933,8
2824,-0.291986145,-0.51683909,0.884963296,0.138684268,0.363254197,0.35595816,0.08280623,0.079952398,0.021603611,-0.093832839,-0.089712048,-0.023303409,0.16687181,-0.255027273,-0.672154301,0.130183609,-0.897129699,0.122718702,-1.679200404,2.234867917,-0.478702549,2
2825,1.762825125,1.524933613,0.727393714,-0.292463641,-0.666620583,-0.658924091,-0.493087025,-0.404688795,-0.178569999,0.552465905,0.448367645,0.193679023,-0.643994458,0.304500275,2.099492297,0.430594704,1.986108797,-0.968669031,1.333324298,-1.601573591,0.221578557,6
2828,-0.253934084,-0.246242708,0.12135686,-0.950700192,-1.51744343,-1.422325434,1.102666014,1.390587655,1.373527522,-1.121210623,-1.361947198,-1.274063373,-1.472196811,-0.832983484,0.99089714,-0.137745172,1.219628631,-1.619004019,0.998389664,-0.770321192,0.019018391,8
2829,-0.520298508,-0.000245997,1.442517202,-0.725970569,-0.411127471,-0.416630739,0.743922616,0.597635775,0.585448942,-0.836625502,-0.660187607,-0.660728798,0.901417403,0.527179646,0.129813256,0.925796955,-0.709529558,0.544811416,-2.041363105,-0.074985872,0.739854325,1
2830,1.280832358,0.983740848,0.484978972,0.607490572,0.729516723,0.64622571,-0.848005587,-0.987747206,-1.204434251,0.952825702,1.087346696,1.353684975,1.236147346,1.181031899,0.26951865,0.351951038,0.021826767,1.234034206,1.567296558,0.141889136,-0.257176479,7
2832,-1.268655699,1.229737559,0.497099709,-0.630821593,-0.236837026,-0.196763775,0.720469257,0.237313482,0.373574854,-0.80112696,-0.251750844,-0.406862058,-0.301556038,-0.708412928,0.042498508,0.985686298,-0.918090718,-0.869625308,-0.098205791,0.709200146,0.160951113,1
2833,0.380266925,-1.525425606,1.236464672,0.377315989,0.381740793,0.423445843,-0.365990089,-0.135311296,-0.13903139,0.411201838,0.147566696,0.153756378,-0.741985885,-1.027769969,-0.966470181,-0.457753435,-0.705580759,-0.609920202,0.417542681,-0.705612375,-0.453206447,1
2834,-0.00025368,0.786943479,-0.727094736,1.219776996,1.158825552,1.082667712,-1.245739621,-1.334001605,-1.257270519,1.279854689,1.323592937,1.17754095,0.456802848,0.743974944,-0.361935431,-1.110747744,0.675945887,1.114421228,0.505139869,0.019976692,0.19560816,5
2835,0.887627733,-0.935033499,-0.242265253,-1.321183234,-1.881672038,-1.76276089,1.016699727,1.626981097,1.763966728,-1.028719366,-1.659128442,-1.771426807,-1.009895901,-0.348241774,1.818429782,0.765559617,1.321289654,-1.566963831,0.288290685,0.555487061,1.752829576,8
2836,-1.649176305,0.270350386,-0.121057882,-0.100567289,0.207939694,0.20189226,0.62363898,0.230085995,0.168572843,-0.694379338,-0.247786301,-0.180494574,-0.007794333,-0.381267691,-1.018522172,-0.378941253,-0.811960701,0.192115968,-0.741777605,0.755635069,-1.13194257,6
2839,0.887627733,0.528646932,-0.242265253,1.039232278,0.77321124,0.899251404,-1.243327577,-1.033609197,-1.037681548,1.364305708,1.132953627,1.165087789,-1.735639713,-1.796265625,-1.048398136,-0.985156941,-0.33036555,-1.472141411,-0.529945107,-1.540539463,2.188396565,7
2842,-0.482246447,0.92224167,-0.363472623,1.524725564,2.042305486,1.999908468,-1.23976813,-1.842707002,-2.075621944,1.349606094,1.969910807,2.225477009,0.740684342,0.120098773,-1.73575614,-0.738478842,-1.262922185,1.243171264,1.274568088,-1.85619591,0.915954194,5
2843,-0.380774286,0.36874907,0.363771602,-1.026414283,-1.497798997,-1.398070665,1.128885061,1.251334995,1.429065392,-1.224286731,-1.305077574,-1.477682243,-1.680570021,-0.976265259,0.946695539,-0.320696011,1.33713143,-1.761423621,-1.691455885,0.568134964,-0.354688057,8
2849,1.242780298,0.073553017,-1.078596111,-0.402675826,-0.623941037,-0.712188252,-0.090597775,0.094370572,0.14624157,0.103430868,-0.107425616,-0.171629764,0.999442728,1.355524084,1.500682601,0.91886762,0.887719617,0.661155361,1.788994855,-0.532198142,-0.650772196,2
2850,-0.507614488,2.164525062,-0.193782304,1.28150765,1.553300516,1.548238475,-1.251412472,-1.831590026,-1.875212194,1.352325866,1.939227149,1.988257317,-0.638100648,-0.619827547,-1.080936399,-1.283995973,-0.033369496,-0.05209556,-0.993543121,-0.278902494,0.237197793,5
2851,-0.609086649,-0.000245997,1.394034254,-1.297348436,-1.485316758,-1.527845692,1.45253012,1.666033914,1.611453451,-1.581613894,-1.750544116,-1.678480426,1.127493979,1.46931469,1.42428839,0.849878008,0.871409874,0.844940657,1.126145661,-0.018828983,-0.919210824,5
2852,0.02511436,-0.369241064,0.12135686,0.014409861,0.104632639,0.142650203,-0.016581374,-0.056313473,-0.034217115,0.018961921,0.063530976,0.039179528,-0.395496432,-0.675198761,-0.352800292,0.235501462,-0.6527052,-0.579532827,-0.811671733,0.276376462,0.834186974,8
2855,-2.308745354,1.475734271,0.533461921,-1.189133666,-1.506780024,-1.419182295,1.720723784,1.449404837,1.473190667,-1.77829358,-1.43350813,-1.402168808,-1.530472317,-0.691253099,0.894474749,-0.696894259,1.647307757,-1.389287236,-1.044508064,-0.769810378,0.107366527,7
2856,0.532475167,-1.59922462,1.091015827,1.250216392,1.698442108,1.674211452,-1.250984992,-1.18025883,-1.309857956,1.34620745,1.221855969,1.344600953,0.790170863,-0.074402761,-1.430102242,0.169892638,-1.787123146,0.818047667,0.237754215,1.808271895,0.67241092,7
2857,-0.431510367,1.352735915,0.242564231,-1.271542015,-1.079364528,-1.08266722,1.205908853,0.830575437,0.766380392,-1.297020817,-0.838503797,-0.732340141,0.648471327,0.482063085,0.932015025,1.437388819,-0.287146825,-0.017378321,1.429380931,-1.223521234,0.036609845,1
2858,1.192044217,-1.550025277,-0.727094736,-0.204336828,-0.598020339,-0.589738111,-0.110974244,0.53464649,0.736265503,0.127807503,-0.589103498,-0.832120863,-0.710648948,-0.47764763,0.353463637,-0.046271207,0.424647933,-0.792244026,0.435465677,0.816849918,-1.604497554,8
2861,-0.380774286,-0.246242708,-0.230144515,-1.849565003,-1.360924085,-1.322528145,1.809662318,1.435315574,1.342988122,-1.708680904,-1.263916402,-1.093542236,0.50220747,0.165526588,1.019509034,1.934701384,-0.673671251,-0.449374116,1.321251366,1.195884694,0.480308442,7
2862,-0.253934084,-0.73823613,1.684931944,-0.517033312,-0.83251483,-0.881217597,0.453782005,0.847374657,0.943505723,-0.512867499,-0.948621265,-1.087317442,0.259905811,0.797350466,1.125771294,0.120391359,1.196918537,0.234844908,-1.461014012,0.462727064,-0.949579145,2
2863,0.253426723,0.614745781,0.606186343,2.046677171,1.761519348,1.751265139,-1.767809718,-1.714802278,-1.970980054,1.877512997,1.802446896,2.092418673,-0.083960216,0.001074966,-1.665798665,-2.174320989,0.175057865,1.057241165,1.660637688,-1.402891823,1.764624653,5
2864,-0.850083033,-0.000245997,-0.121057882,-1.248119427,-0.42267983,-0.280310053,1.314473006,0.556871098,0.711502086,-1.36697,-0.520563505,-0.659730028,-0.723148677,-1.474844032,-0.293378866,1.389401563,-1.715239045,-1.568410179,-1.514517317,1.81152535,0.218948415,7
2865,-0.342722225,0.36874907,-0.363472623,0.111236232,-0.140699532,-0.274590612,0.133919038,0.285917535,0.06193795,-0.149427184,-0.30801383,-0.056609163,1.016062017,1.32676817,0.318884557,-0.392504648,0.791081398,1.376099837,0.325615072,-0.529096734,-0.916198101,5
2867,1.356936479,0.786943479,1.333430568,-1.010804156,-1.776613917,-1.746461896,0.465311208,0.95847034,0.996765839,-0.455942998,-0.95305332,-0.941538134,-0.575141884,0.398872364,1.987749371,0.234679041,2.049411864,-0.785575009,0.069473927,-1.30067399,0.383635489,8
2868,0.507107127,0.983740848,-0.933147266,0.353927716,0.477476278,0.405369354,-0.484179538,-0.612337609,-0.609633206,0.478381452,0.610218028,0.597202865,0.33226134,0.383768909,0.04901191,-0.082071632,0.149897442,0.425439265,-0.831085947,2.164352398,-1.549633021,7
2870,1.39498854,-0.664437117,0.339530127,1.36492041,1.087197706,1.069382928,-1.504926929,-1.170721389,-1.308014465,1.610142819,1.230364537,1.379149803,-0.512677054,-0.345284115,-0.677154461,-1.145407766,0.304831701,0.018524262,1.626741128,-0.064842019,-0.184945408,5
2871,-1.890172688,1.401935257,0.727393714,-1.013083402,-0.205937669,-0.08856172,1.198994861,0.145488229,0.331354824,-1.267301042,-0.104274527,-0.286744578,-1.000542037,-1.682148561,-0.664526187,0.809887215,-1.594785232,-1.579734001,-1.489960932,-1.859556772,-0.593320959,1
2872,1.762825125,0.491747426,0.727393714,0.482290803,-0.060705717,-0.213675119,-0.823706979,-0.219287977,-0.32949621,0.900019666,0.221254503,0.339954501,1.144885264,1.855839699,1.248599959,-0.188842906,1.675044942,1.416097666,1.58870566,1.341954501,-1.107197052,6
2874,-0.609086649,1.180538217,0.363771602,0.508224878,0.670784694,0.682891709,-0.190231607,-0.576739149,-0.711631754,0.217039434,0.653675753,0.830620959,-0.959236677,-1.122953828,-1.07076221,-0.83954596,-0.465361197,-0.657033655,-0.750945915,0.873048875,-0.949647769,7
2875,1.3696205,-1.402427251,-0.121057882,-0.509549886,-0.687326395,-0.712511895,0.032325478,0.499159634,0.657299226,-0.036357606,-0.565649037,-0.767668525,0.774895016,1.045432793,1.58342815,1.22648992,0.676238116,0.239836479,1.268700796,0.881454897,0.07775873,8
2876,0.633947329,1.278936902,0.12135686,0.311074467,0.399400993,0.359190751,-0.294184285,-0.471396928,-0.661792033,0.333882597,0.533970856,0.772668761,0.821888772,0.766944542,-0.085411539,-0.041087517,-0.025227832,0.966453873,-0.256259256,-0.47562851,-0.30136685,6
2877,0.253426723,-0.73823613,0.242564231,1.438350993,0.999803165,1.115215757,-1.525034551,-1.063117109,-0.940771159,1.541052331,1.05454261,0.909260589,-2.350412564,-2.392120969,-1.422487377,-1.427928434,-0.359664907,-1.943796879,0.739326138,0.472967084,1.463335359,5
2879,-0.64713871,1.709431146,0.969808456,-0.242551047,0.184125081,0.273443272,0.121252805,-0.60587703,-0.372073117,-0.136721338,0.667793799,0.412787795,-1.408305512,-1.576158624,-0.137342653,0.318834147,-0.525754906,-1.787840436,-1.013997199,0.266450931,-0.667125789,6
2880,0.646631349,-0.73823613,-1.53918412,1.285765107,0.3820146,0.327781844,-1.312745696,-0.416188909,-0.470383714,1.339533612,0.363960845,0.404612585,-0.257948618,0.258283145,-0.063374244,-1.213461258,1.091564101,0.347411425,0.57549968,-0.505897922,-0.661564243,1
2881,1.014467934,-1.021132348,1.297068357,-1.079439781,-0.669826316,-0.701442074,0.83606172,0.795076849,0.717587013,-0.816001825,-0.78955267,-0.692326747,1.246298886,0.936598383,0.646961452,1.372819317,-0.52989086,0.704007013,1.276177825,-0.072325487,0.457407298,5
2882,-1.395495901,0.196551372,-1.090716848,-0.492554074,-0.335437086,-0.330416687,0.866281499,0.661540681,0.708730867,-0.960792583,-0.726826668,-0.792597845,0.701934382,0.659543516,0.003940368,0.046596362,-0.011698803,0.782055256,-0.092162246,1.249881425,1.331705259,7
2883,1.014467934,-0.123244352,-0.630128839,1.9295703,1.155270017,1.240838344,-2.098521342,-1.440829575,-1.38798082,2.017023611,1.371844193,1.282973268,-2.101875808,-1.91395586,-0.846126612,-1.272972226,0.167470449,-1.740360055,-0.85780821,-1.439845525,-0.702489498,5
2884,0.507107127,0.946841341,1.842501526,-0.456953608,0.410529027,0.297292254,0.181282081,-0.574353003,-0.582238131,-0.046438832,0.67592025,0.669701575,1.660649847,1.272810436,0.058118755,0.813158976,-0.652147343,1.477216407,0.834410031,-0.109998554,-0.06165036,6
2885,-0.00025368,0.737744137,-1.090716848,-0.064760678,-0.055941538,-0.106828629,0.00453958,-0.05543547,-0.039651895,0.005509772,0.060988064,0.04029737,0.310367525,0.486671517,0.259956319,-0.10817588,0.418410076,0.414126719,-0.313541321,1.227027271,-1.35408595,1
2886,-0.00025368,-0.861234486,-0.37559336,0.204382257,0.05928933,0.063018703,-0.059808142,0.137352505,0.064200714,0.036770203,-0.154762301,-0.082712587,-0.070263724,-0.028663409,-0.131428708,-0.24495073,0.082298842,0.049217401,0.591083561,0.395440241,0.205447593,6
2888,0.380266925,-0.73823613,0.000149489,-0.31358682,0.271352569,0.256873645,0.091030303,-0.174267509,-0.160403827,-0.060382688,0.185254587,0.150349963,0.578968175,-0.074740788,-0.593405861,0.712729041,-1.353370017,0.28725737,-2.326209007,-1.318486883,-0.460146141,8
2889,0.253426723,0.122752359,0.12135686,0.122270978,-0.559116972,-0.598517806,-0.061616096,0.41607325,0.276096111,0.046044235,-0.402648653,-0.232768994,-0.179311985,0.483940087,0.663348339,-0.680823053,1.419849365,0.155164303,0.965042358,-1.05364319,-0.799748833,8
2891,-0.964239215,2.152225226,-1.066475374,-1.701327228,-1.21770403,-1.258363403,1.550945679,0.879454182,1.083328597,-1.688472298,-0.918949971,-1.151162987,0.547310981,0.515614973,1.461888742,1.776065595,-0.006174958,-0.313358004,0.831725728,1.609174957,-1.077634145,6
2892,0.443687026,-1.734522811,1.430396465,1.055859612,0.682263548,0.585950479,-0.607836389,-0.12201495,-0.483082035,0.690105755,0.134726104,0.556361601,0.941616084,1.168602824,-0.897344946,-1.652156673,0.600745839,1.958933043,1.222699184,0.249991094,-0.659523629,6
2893,1.534512762,1.488034106,0.242564231,-0.090751215,-0.06140222,-0.042978866,-0.584647984,-0.692210038,-0.555990031,0.639643357,0.747067559,0.594378244,-0.10166519,0.063055071,0.999688274,0.832707622,0.346082199,-0.558703505,-1.906558907,-1.286614252,0.959140304,7
2894,0.253426723,-0.615237775,-1.62402928,-0.186955182,0.032659367,0.145696474,-0.043936481,-0.144877991,0.120185652,0.041960428,0.149328268,-0.144379078,-1.3478741,-1.788224874,-0.561397651,0.418542392,-1.110616867,-1.771289932,0.627355376,-0.001215389,-0.059761409,4
2895,-0.00025368,-0.73823613,2.230365112,-0.099581228,0.012700497,-0.036904545,0.197829812,0.239958875,0.139741795,-0.209269321,-0.246553057,-0.136054626,0.469292093,0.165628462,-0.18161321,0.428254691,-0.605736336,0.312147599,1.234440297,0.468550349,-1.150833964,5
2896,-0.888135093,0.983740848,-0.727094736,0.498430835,-0.042112965,-0.123600253,-0.127570458,0.075204041,-0.166728123,0.140015594,-0.086424556,0.18168452,0.848302599,1.902959103,0.558967568,-1.760764499,2.387505011,1.909311281,-1.219738147,-0.446790448,0.85383075,5
2897,0.253426723,-1.390127415,-0.848302107,-0.570476843,-0.347247062,-0.297112368,0.537345951,0.618379521,0.696702526,-0.588637701,-0.671244826,-0.764637973,0.206099963,-0.470853477,-0.185321306,1.280585658,-1.446537667,-0.442622237,-1.01566553,1.029637336,1.036265781,6
2898,0.887627733,0.405648577,1.091015827,0.016152995,-0.037998946,-0.046826322,-0.299931065,-0.279423269,-0.169438856,0.330519469,0.305235943,0.182744961,-0.532325097,-0.324857338,0.562844898,0.247606341,0.389612379,-0.743222309,2.031754518,0.376170699,-1.202651207,6
2899,-0.888135093,0.36874907,-1.090716848,-0.15312968,-0.288426437,-0.251426311,0.203261551,0.20198269,0.316318252,-0.223526677,-0.22052754,-0.357030802,-0.840857221,-0.557981469,-0.043786386,-0.622795961,0.518052842,-0.635984491,-1.77067093,-1.183598214,-0.102261354,6
2900,-1.420863941,0.860742493,0.242564231,-0.32311375,0.06428641,0.069839611,0.656521138,0.214865104,0.112584858,-0.740736142,-0.235646766,-0.121051005,1.017681725,0.553743697,-0.206375831,0.716455001,-0.891020211,0.789523226,0.418760875,0.439427781,1.724441168,7
2901,0.278794764,-0.984232842,-0.242265253,0.64161062,0.647001942,0.658456154,-0.530257505,-0.505756389,-0.521109585,0.599650865,0.559480752,0.589174005,-1.111547428,-1.197091752,-1.049149075,-0.977441235,-0.313031355,-0.758924376,1.327516406,0.16652066,-2.112216575,1
2903,-0.00025368,0.774643644,0.484978972,-1.880283715,-1.595370556,-1.55598351,1.465171252,1.102013991,1.000607132,-1.193839134,-0.818085353,-0.528800024,-0.016919792,-0.02775536,1.209745332,1.470794653,-0.025468557,-0.799882867,-0.358749954,0.034610526,-0.285541805,5
2904,-0.507614488,1.475734271,-1.24828643,-0.196832576,0.310242274,0.326688135,0.160286501,-0.496635241,-0.435121745,-0.177555455,0.52653492,0.459317275,0.160874921,-0.214694262,-0.15414659,0.645614095,-0.797202071,-0.157672615,-0.047595443,-0.707796617,0.452108479,2
2905,1.268148338,-0.123244352,0.642548554,0.890355052,0.372584068,0.341412038,-1.096429959,-0.49727256,-0.426497286,1.099989011,0.420435148,0.29558957,0.26046084,0.831209365,0.253638767,-0.996204166,1.269307759,0.82797285,-0.011523878,0.807593571,1.199003836,6
2906,-1.014975295,-0.615237775,0.727393714,-1.171402629,-1.061592062,-1.071723242,1.46538139,1.365146424,1.166459959,-1.50346242,-1.342744114,-1.075896832,0.656104019,0.395110739,0.405380398,1.019705927,-0.491682381,0.213026125,-0.361731888,-1.26634384,-1.05249351,7
2907,-0.127093882,0.245750715,0.12135686,0.586766871,0.749187532,0.767478217,-0.630452484,-0.857341289,-0.767856472,0.687927297,0.907876098,0.805948345,-0.972138516,-1.042990869,-0.688058112,-0.5895544,-0.265164711,-0.804513593,0.807574593,0.830354419,-0.518813633,8
2910,-1.585756204,-0.123244352,0.12135686,-0.571755852,-0.418462932,-0.428869583,1.109937235,0.781330943,0.522165875,-1.132099564,-0.714358785,-0.381055637,0.103852619,0.045617433,-0.080359562,0.02668663,-0.114579199,0.105204276,-0.187778016,0.292636883,-0.825605182,7
2911,1.458408641,0.122752359,-1.442218224,0.030090231,-0.544946043,-0.537857735,-0.508189158,0.09908167,0.311660172,0.549065862,-0.114690182,-0.350903572,-0.923995169,-0.20693681,1.085147585,-0.241163912,1.451444824,-0.934042827,-0.448903251,1.115459249,-0.829539327,1
2912,-0.380774286,-0.861234486,1.078895089,-0.836715533,-0.690603775,-0.69434747,0.940247167,0.947351452,0.966098965,-1.026276821,-1.018896133,-1.05828216,0.728588397,0.574709241,0.565227524,0.965052983,-0.250765326,0.325337332,1.260319534,0.309535518,0.261621481,7
2913,0.380266925,-1.168730375,0.848601085,0.211168976,0.391027578,0.362523753,-0.109404651,-0.059050402,-0.27559312,0.123780314,0.066235945,0.320951209,1.220753877,0.407684062,-1.035899092,0.492768513,-1.625977497,1.141620627,-0.491387905,-1.23887732,-0.027346503,6
2914,-1.014975295,1.168238382,-1.454338961,0.180308509,0.389992679,0.396600534,-0.002055457,-0.400505278,-0.470507605,0.001413494,0.445707976,0.534483677,-0.311746795,-0.314259323,-0.351892309,-0.391153953,-0.041146791,-0.150756674,-0.486150884,-0.099975451,0.224839296,5
2915,0.887627733,-0.246242708,-0.327110412,-0.261932363,-0.537999468,-0.480574149,-0.036189122,0.262812741,0.506375517,0.041301733,-0.291985079,-0.579553855,-0.842655413,-0.365872634,0.939402098,0.117209013,0.938952932,-1.0307141,0.378095618,1.115888232,1.077552883,2
2916,-0.507614488,-0.971933006,1.054653615,2.187723892,2.133791448,2.092293868,-1.791854373,-1.642114466,-1.626446732,1.728175077,1.529559496,1.406181993,-0.47932926,-0.792521228,-2.299961578,-2.009252098,-0.735031925,0.515227818,-1.359496134,-1.4549254,-1.324190879,5
2917,-0.127093882,0.233450879,-0.363472623,-1.347463236,-1.44147249,-1.340723643,1.153443784,1.136663623,1.151210774,-1.033184709,-0.990948235,-0.894389781,-0.842583458,-0.590543397,0.970667426,0.65837929,0.450889649,-1.317788182,1.002021666,1.776948052,0.22162192,5
2918,0.253426723,1.475734271,-0.921026529,-0.260859419,0.141580851,0.016554862,0.203033958,-0.260921179,-0.507481035,-0.213672786,0.293637646,0.575279072,2.204628183,1.982830808,0.624669474,1.076575051,-0.229278103,1.962672893,0.830033842,-0.722243416,0.512411729,7
2919,0.507107127,-1.673023633,1.28494762,0.326632822,-0.508958527,-0.451816999,-0.435301927,0.445128253,0.627120779,0.454231289,-0.509384585,-0.727175622,-1.793993687,-1.115439268,0.079185581,-1.290753286,1.268224345,-1.377055445,-0.473805219,-0.967158364,-0.682162652,2
2921,1.433040601,-0.123244352,-0.969509478,-0.784350161,-0.836008054,-0.849477463,0.508371425,0.677641033,0.477678989,-0.511015643,-0.633444747,-0.358498916,1.243068052,1.061371442,1.087945442,1.612928543,-0.252275965,0.572886393,0.440208854,-0.049717795,0.569406012,5
2924,-0.976923235,0.860742493,0.848601085,-1.827375969,-2.041758699,-2.005384596,1.811412547,1.865585914,2.033871708,-1.946086931,-1.964265689,-2.147627514,0.222544612,0.913414185,2.21555649,1.08118668,1.525832601,-0.317915839,-1.410796525,0.046050653,1.128417256,5
2927,0.253426723,-0.246242708,1.224343934,-0.102920327,-0.702893636,-0.801871681,0.243745421,0.741056382,0.381198198,-0.185778089,-0.633515605,-0.224084996,1.101316991,1.810936547,0.958885912,-0.528658914,1.667158085,1.546335531,-1.939148255,0.421514717,0.242364826,5
2928,-0.63445469,0.614745781,0.606186343,-1.049487937,-0.631721152,-0.502094716,1.005521234,0.501641422,0.703907895,-1.043359101,-0.477671618,-0.679723142,-0.862762448,-1.25627933,0.176336295,1.158158145,-0.953370122,-1.606174843,-0.133059782,-0.8703665,1.327669806,5
2930,0.228058683,2.029226871,-0.048333459,0.308143877,0.175410845,0.175712956,-0.593345971,-0.962891842,-0.854159976,0.662547247,1.054180739,0.945470574,-1.03261533,-0.461722152,0.605993483,-0.477691363,1.121583971,-0.933380632,1.437004766,-1.709584036,-0.937579066,7
2931,1.471092661,-1.59922462,1.975829634,1.020898796,1.040157047,1.097668996,-1.39760448,-0.93110241,-0.747278465,1.310829187,0.780725307,0.532212416,-0.346272517,-0.83879013,-0.882718676,0.075793488,-1.109238629,-0.438211931,0.095888172,0.554754771,0.399176932,6
2933,0.633947329,-1.500825935,1.139498775,0.481144922,0.201623776,0.184922761,-0.476942528,-0.014823813,-0.064415309,0.537580616,0.011578782,0.068410148,-0.035016966,0.029768619,-0.294477833,-0.494382254,0.13668529,0.222082689,1.054111694,1.454863511,-0.370988578,5
2934,-0.418826347,1.131338875,-1.175562008,0.567989603,1.182050513,1.144667448,-0.370372888,-1.025259859,-1.288797956,0.406655899,1.120337629,1.434008558,1.159223564,0.52639892,-0.82586597,0.344272299,-1.241585161,1.149695047,0.249085241,0.330107472,1.152647821,5
2935,0.291478784,-0.000245997,1.297068357,-1.13591636,-1.385262285,-1.349705402,0.742017104,1.007273687,1.343632494,-0.824022395,-1.09475892,-1.491402374,-1.027423245,-0.693352205,1.145114119,0.696880249,0.60787411,-1.550666409,-1.020920809,-1.393304553,-1.874156201,1
2936,-0.571034589,-0.615237775,0.606186343,0.188383207,0.192301525,0.186065491,0.150788229,0.17810555,0.074728384,-0.171706718,-0.200854589,-0.084938896,0.414931844,0.289482995,-0.608316718,-0.476910305,-0.224932507,0.729968062,0.456949327,0.567783109,0.683087246,7
2937,0.69736743,0.491747426,-1.211924219,-0.175546706,-0.297059834,-0.280032947,-0.203568727,-0.107019505,0.023768229,0.231778743,0.120322951,-0.030219216,-0.555399511,-0.167342467,0.922067691,0.273656764,0.779154653,-0.783566207,-1.524211722,0.351399799,-0.063484932,2
2939,1.39498854,-0.123244352,-2.278549082,0.171487043,-0.071729485,-0.072446429,-0.512473389,-0.172189606,-0.074851625,0.507302035,0.136493481,0.011788534,-0.120802803,0.125129417,0.514960206,0.073016279,0.52025843,-0.177590806,0.28356792,0.532103621,0.149029359,1
2944,-0.127093882,0.245750715,-1.975530655,-0.345068678,-0.036345727,-0.081597509,0.396199058,0.179288862,0.039414105,-0.430815568,-0.18151843,-0.022062462,1.133346226,0.76395838,0.074517857,0.831306935,-0.672444666,0.861521255,-1.106829461,0.490213597,-0.17204156,3
2945,-0.380774286,-1.759122482,0.763755925,-0.347977067,-0.861213752,-0.741164828,0.391941246,0.988835053,1.259333665,-0.439205071,-1.098571733,-1.436937031,-1.293232021,-0.747968277,0.319799917,-0.742406149,1.03608806,-1.092461433,-0.778273404,0.322433683,2.088132775,7
2946,-0.127093882,1.266637066,-0.399834835,0.434159636,1.068469079,0.953910682,-0.28657117,-0.92024348,-1.320098857,0.321681469,1.025255639,1.509832461,1.905710384,1.027409635,-0.841893989,0.818913643,-1.689221564,1.75582738,-0.048559403,-0.883536707,-0.971095768,5
2947,-0.266618104,-0.73823613,1.49100015,-0.419364783,-0.518892057,-0.499655096,0.477690772,0.714996263,0.855715903,-0.538852549,-0.791094902,-0.964039298,-0.191641052,-0.251396477,0.117332759,0.288639159,-0.151710305,-0.373424176,1.092776899,0.860974136,-0.333402376,5
2948,0.773471551,0.122752359,-0.605887365,0.079297725,-0.295380469,-0.301441569,-0.231736298,0.011761841,0.09037395,0.263808003,-0.014400616,-0.107502127,-0.260448236,0.65742676,1.131317638,-0.686430242,1.963522541,0.06488426,0.703216478,1.499415836,0.711072833,7
2949,-0.00025368,0.737744137,0.727393714,0.384805324,0.793663287,0.783355163,-0.402620127,-0.818771101,-0.999170128,0.450018231,0.904819319,1.126800409,0.521218626,-0.192862811,-0.852895667,0.542443598,-1.491091779,0.311239117,-0.343540488,-1.582593094,0.199507087,7
2950,0.507107127,-0.123244352,-0.363472623,1.03643946,1.135967124,1.210547632,-1.285072304,-1.279094201,-0.846548651,1.265808362,1.152635764,0.607996216,-1.577890127,-1.566687256,-0.892072167,-0.971369602,-0.15631572,-1.298145086,0.336534337,1.166344603,0.256192511,8
2951,0.633947329,0.245750715,-0.484679994,-0.475560848,-0.709337261,-0.79193063,0.361168844,0.510471617,0.273341443,-0.297983469,-0.391335026,-0.093048814,0.890973676,1.10183685,0.764881217,0.373601995,0.559932651,0.825814465,-0.76104339,-1.295157074,-1.094510087,5
2952,-1.141815497,-1.230229553,0.969808456,-0.8115158,-1.207345494,-1.124478741,1.103125643,1.460517604,1.538531931,-1.166931261,-1.525976912,-1.607598733,-1.059354164,-0.654147083,0.393075526,-0.358597114,0.758703927,-1.02730738,-0.5903529,-0.569929211,0.451168978,7
2953,-0.127093882,1.106739204,0.000149489,0.034403174,0.158110429,0.10093911,0.057157713,-0.180687834,-0.291802505,-0.063378812,0.203969258,0.33910351,0.753733853,0.908499861,0.423008614,0.101331666,0.42239508,0.812548115,1.074007776,1.084512041,-0.064815482,7
2954,-0.964239215,0.36874907,0.000149489,-0.275410304,0.386136251,0.469371411,0.355558709,-0.327751184,-0.249865777,-0.404612459,0.358458133,0.275187917,-0.604203184,-1.496193074,-1.075011037,0.761129287,-2.006297804,-1.098323128,-0.56595617,-0.832215157,-0.151759254,5
2956,-0.215882024,1.365035751,-0.205903041,-0.1926252,0.357221133,0.418558058,-0.0021693,-0.606847373,-0.540617132,0.001334482,0.678497682,0.616707936,-0.722075486,-1.296865641,-0.122216099,1.197216757,-1.330932921,-1.465199228,-1.073262689,1.135149138,0.088335665,7
2958,-0.253934084,1.512633777,-1.454338961,-1.935930476,-2.00672137,-1.960915465,1.694603466,1.508664763,1.642384522,-1.781180742,-1.531663412,-1.626958988,-0.469830063,-0.15358639,1.899255298,1.595566033,0.632994695,-1.386649469,0.9567371,-1.479948146,-0.808440617,5
2959,1.014467934,-1.353227908,-0.557404417,0.308920485,0.537547585,0.598671111,-0.504154334,-0.423256405,-0.414440288,0.565916164,0.466960937,0.467516959,-0.459397007,-0.990650452,-0.935895034,0.107668139,-1.206311915,-0.585146889,-2.258715764,1.777619128,0.310338808,8
2960,-0.253934084,-0.566038433,0.678910766,0.035934381,-0.321281474,-0.366884622,0.230714206,0.558986964,0.431015714,-0.256581207,-0.622257097,-0.488716811,1.063868689,1.427860879,0.447170133,-0.362323375,0.912275308,1.415032408,0.481684961,-0.238465233,1.674973167,7
2961,-1.471600022,1.918528351,-0.884664318,0.353256292,0.233530766,0.254175777,0.045001146,-0.395866379,-0.410974861,-0.051184313,0.442360548,0.470034809,-1.079696458,-0.450071374,-0.147948396,-1.506488106,1.243741378,-0.441592076,0.858755934,-1.480623391,0.061364047,8
2962,0.456371046,-1.427026922,1.975829634,-0.493973073,-0.26903523,-0.262871673,0.220656285,0.472238394,0.586137763,-0.248922127,-0.526012657,-0.670431621,0.201310819,-0.41709983,-0.171935255,1.165699595,-1.319949151,-0.387165667,-1.279653874,2.056774555,-1.179908483,2
2965,-1.141815497,1.057539862,1.551603836,0.350120851,0.372281728,0.44001868,-0.105861409,-0.400005801,-0.320831038,0.113945332,0.441572951,0.360246778,-1.159522704,-1.162528669,-0.494956789,-0.496776263,-0.139276078,-1.06911693,0.966271075,0.830085035,0.450173283,4
2966,-0.520298508,0.737744137,-0.484679994,-0.827581278,-0.088863598,-0.090949463,0.76350972,0.129899231,0.173557763,-0.849644848,-0.133019863,-0.18278489,0.475399768,-0.254965459,-0.09757803,1.484757682,-1.531700701,-0.241436036,-0.031426255,0.469279415,-0.926621352,5
2967,1.534512762,-1.451626593,-0.121057882,1.054705206,0.282909845,0.250349874,-1.30944829,-0.373485192,-0.408526312,1.412251365,0.364695491,0.398442054,-0.407311324,0.149239701,0.036511367,-1.173211976,1.162025241,0.15438169,0.117068125,0.162285193,-0.489066284,7
2968,0.507107127,-0.430740241,1.333430568,-1.011964828,-0.923247679,-0.953379871,0.87260924,0.854158391,0.920131005,-0.919359447,-0.904704669,-0.98948598,0.858574237,0.938733403,1.058515236,1.019855015,0.272374803,0.445659626,-0.057167752,-1.38949081,-0.096329554,2
2969,-0.127093882,0.282650221,-0.363472623,1.100690535,0.740613983,0.750350714,-1.041427868,-0.78661109,-0.861725188,1.077869077,0.81154543,0.898513557,-0.862345749,-0.706893287,-0.833546775,-1.279001161,0.238868837,-0.312485865,0.045475493,-0.547473911,-0.29727216,5
2971,0.253426723,-0.172443695,1.636448995,-0.5382819,0.072149909,-0.112807973,0.603344506,0.267062183,-0.095722349,-0.625202711,-0.254812597,0.163548954,2.431200403,1.813674078,-0.121993498,1.054559257,-1.062739577,2.234769616,-0.539877215,-0.823013332,-1.767888411,5
2972,-0.253934084,0.03665351,0.242564231,-1.132850543,-1.501530786,-1.434774829,0.762484109,0.994321524,1.503368575,-0.856755605,-1.112987928,-1.728389966,-1.386745444,-0.44393998,1.996544051,0.376593962,1.888719556,-1.793708623,0.823791477,1.441629175,0.155696259,5
2973,1.521828742,0.319549728,-0.242265253,0.160570343,0.245784489,0.218686896,-0.351095305,-0.380704907,-0.509719313,0.398852446,0.431201836,0.595676143,0.962372027,0.732883292,0.170974551,0.645859535,-0.388201157,0.763411577,-1.915337515,-0.644151781,0.659629689,6
2974,-1.522336103,0.799243315,-0.484679994,-0.083116815,-0.08003025,-0.039890984,0.288027936,0.109866315,0.194500624,-0.326648177,-0.122373405,-0.224828272,-0.898223546,-0.663765738,-0.153358548,-0.640810718,0.406336484,-0.692360435,0.899124653,0.288857602,0.279420185,5
2975,1.648668944,-0.615237775,-1.017992426,1.601662998,1.62383516,1.653452826,-1.865569816,-1.703046628,-1.745352725,1.922553302,1.732265327,1.789074622,-0.639027213,-1.224124401,-1.728921717,-0.705415967,-1.343808815,-0.360167731,-0.134603143,-0.530008203,-0.603980609,8
2976,-1.014975295,-0.000245997,1.624328258,-1.357619861,-1.456380949,-1.486403078,1.556091653,1.539180911,1.542262006,-1.571907653,-1.549058278,-1.554928532,0.599878391,1.022484208,1.339280483,0.607165341,0.986445966,0.367305293,1.053017117,-0.795627176,0.287568769,5
2977,-0.380774286,-0.123244352,-1.090716848,0.178817631,0.210918259,0.244315862,-0.108030682,-0.134330594,-0.106689956,0.120660509,0.149779379,0.121469248,-0.623934358,-0.780541271,-0.669781325,-0.401838736,-0.41153285,-0.503905218,-1.084644183,0.682835457,-0.602856028,8
2978,-0.253934084,0.36874907,1.333430568,-0.348403726,-0.112596605,-0.174042803,0.444759458,0.263926282,0.123520165,-0.501988469,-0.293397292,-0.135568738,1.716303743,1.36900989,0.241921149,0.937630743,-0.557723419,1.475135723,-0.916429241,-0.542045503,0.868993469,1
2980,-0.507614488,0.799243315,1.866743,-2.036535252,-1.677893791,-1.774393547,1.960458324,1.513096869,1.346926966,-1.809410958,-1.320194775,-1.066231496,1.45112601,1.301288884,1.280701885,1.756031341,-0.15926751,0.736087895,1.186726719,0.034174716,-0.126703232,1
2981,0.633947329,1.475734271,-0.363472623,1.158081411,1.357673678,1.332610418,-1.490632265,-1.7820964,-1.527261981,1.534065628,1.732111968,1.402576342,-0.355593105,-0.245691824,-0.526281018,-0.848175418,0.197961408,0.041353404,-0.183512041,0.346341589,-0.203868163,8
2983,-1.294023739,-0.000245997,2.15764069,0.385945818,0.546070055,0.609108152,0.116084309,-0.312835748,-0.331155614,-0.129091385,0.331298239,0.357423985,-0.527695256,-0.725926103,-1.039027832,-0.756933434,-0.490909188,-0.204870144,-0.54566625,0.592159304,0.514779627,6
2984,1.927717388,-0.000245997,-1.817961073,-0.66886769,-0.861412648,-0.920106553,0.078690935,0.59530707,0.581020356,-0.082164038,-0.636050473,-0.631004698,1.196872957,1.505469195,1.780063547,1.344134457,0.807199475,0.662419289,0.809707797,-1.889094181,1.30120531,2
2986,0.177322602,-0.147844023,0.242564231,-0.260347822,-0.591136064,-0.606452657,0.047333066,0.288170048,0.448460444,-0.053671085,-0.326493232,-0.524111683,-0.402930705,0.073060147,0.713320644,-0.184394692,0.987575032,-0.365271451,1.3579924,-0.53756007,-0.953682506,5
2987,-0.101725842,1.131338875,-0.363472623,0.258808191,0.62000854,0.532655638,-0.124395033,-0.53996512,-0.864625821,0.141230249,0.609093755,1.004547941,1.537695943,1.171077908,-0.248537693,0.40854662,-0.620137483,1.550593398,0.079854763,-0.627974924,-0.178415934,7
2988,1.534512762,-0.369241064,-0.363472623,0.057113613,-0.247923709,-0.150700478,-0.644138095,-0.279627226,-0.001158178,0.715243506,0.300022442,-0.018794837,-1.435719814,-1.12761898,0.584800036,0.116631797,0.504731007,-1.712056543,-0.667807516,-0.420963405,1.054203836,5
2989,-0.507614488,-0.000245997,-1.175562008,0.331133709,0.91592723,0.859379023,-0.083332127,-0.533605869,-0.777760886,0.091113674,0.580616737,0.862125876,1.260348956,0.50665668,-0.894437955,0.525655833,-1.492494841,1.169679176,-0.660815307,1.42760381,0.183824868,5
2992,-0.431510367,-0.000245997,-0.714973999,0.537701669,0.450124407,0.33943013,-0.27980085,-0.195737856,-0.264635824,0.284474361,0.179332728,0.207660967,1.135482287,1.182615041,-0.325984556,-0.581064271,0.232353516,1.613411429,-0.69968286,-0.800070854,-0.045999304,5
2993,1.153992156,-0.135544188,0.836480348,-1.433207225,-1.764664339,-1.724658796,0.897880013,1.245585908,1.357665263,-0.945318156,-1.279540001,-1.350526914,-0.957034023,-0.665663806,1.424048719,1.120506544,0.523199675,-1.694548729,1.429244398,0.768136978,-2.088111902,5
2994,-0.380774286,-0.197043366,0.12135686,1.397765831,1.354833527,1.337353346,-1.116568814,-1.087878815,-1.186093109,1.153779526,1.099059924,1.17357203,0.087758831,0.061668659,-1.032446439,-1.181568038,-0.046612689,0.727832961,-0.167891224,-0.286544699,0.927810879,5
2995,0.126586521,0.577846275,-0.121057882,-0.694666387,-0.295021486,-0.223907851,0.470455417,0.055214006,0.150188067,-0.462175052,-0.014393893,-0.085246284,-0.206438203,-0.458536515,0.297463288,0.936143591,-0.571113484,-0.734011552,0.456535065,0.312516206,0.832938897,8
2996,0.253426723,0.614745781,-0.727094736,-0.798544507,-1.297448382,-1.390789043,0.784304956,1.144802544,1.079572272,-0.844548373,-1.207013809,-1.133122628,0.962064557,1.807817037,1.697024941,0.058521094,1.946854272,1.074712805,-1.164550313,0.753672466,-0.570335867,8
2999,0.887627733,0.750043972,-1.078596111,1.18832017,1.210731553,1.172455958,-1.046323819,-1.157145493,-1.506274946,1.15790041,1.276006235,1.707136231,0.939684447,0.743442636,-0.982534446,-0.80499518,-0.318596531,1.507190466,-0.022853625,-0.331140876,1.621923201,5
