V1,V2,V3,T1,T2,T3,xA1,xA2,xA3,xB1,xB2,xB3,F1,F2,F3,Ff1,Ff2,FR,Q1,Q2,Q3,x1,x2,x3,x4,x5,x6,x7,x8,x9,x10,x11,x12,x13,x14,x15,x16,x17,x18,x19,x20,x21,x22,x23,x24,x25,x26,x27,x28,x29,x30,x31,x32,x33,x34,x35,x36,x37,x38,x39,x40,x41,x42,x43,x44,x45,x46,x47,x48,x49,x50,x51,x52,x53,x54,x55,x56,x57,x58,x59,x60,x61,x62,x63,x64,x65,x66,x67,x68,x69,x70,x71,x72,x73,x74,x75,x76,x77,x78,x79,x80,x81,x82,x83,x84,x85,x86,x87,x88,x89,x90,x91,x92,x93,x94,x95,x96,x97,x98,x99,x100,x101,x102,x103,x104,x105,x106,x107,x108,x109,x110,x111,x112,x113,x114,x115,x116,x117,x118,x119,x120,x121,x122,x123,x124,x125,x126,x127,x128,x129,x130,x131,x132,x133,x134,x135,x136,x137,x138,x139,x140,x141,x142,x143,x144,x145,x146,x147,x148,x149,x150,x151,x152,x153,x154,x155,x156,x157,x158,x159,x160,x161,x162,x163,x164,x165,x166,x167,x168,x169,x170,x171,x172,x173,x174,x175,x176,x177,x178,x179,x180,x181,x182,x183,x184,x185,x186,x187,x188,x189,x190,x191,x192,x193,x194,x195,x196,x197,x198,x199,x200,x201,x202,x203,x204,x205,x206,x207,x208,x209,x210
0.624011459,1.239479628,-0.530062713,-0.400599928,-0.617576528,-0.603595464,0.189134842,0.230858732,0.349008152,-0.20385931,-0.244198647,-0.371488006,-0.287726314,0.28385292,1.206380854,0.143050139,1.225642908,-0.416578863,-2.08382857,0.998543332,0.380176016,0.0053499555,0.003682828,0.9617749,7.963652e-06,1.5469217e-05,0.9942173,0.94432056,0.9526909,0.9948526,0.95274186,1.4158947e-05,0.029736215,0.0047278465,0.0028599126,0.99265975,1.3208821e-05,0.96501464,0.01929904,0.9472281,3.316403e-05,0.005797995,0.0001228667,0.02653949,1.0418698e-05,2.4060584e-05,0.085852206,1.6831576e-05,2.5645999e-05,0.07213521,0.96414334,0.97682244,0.970037,0.0070728245,1.09409075e-05,0.9866496,6.7376345e-06,7.791761e-06,0.028250568,3.5448215e-06,2.9097006e-05,4.367602e-05,0.014823172,2.6927975e-05,2.1411639e-05,0.017129008,5.7498232e-06,7.4791938e-06,0.026892439,0.005067996,0.029664805,0.99999535,1.6512893e-05,1.1723597e-05,0.017982697,1.7848038e-06,1.1330592e-05,0.018253304,0.00748068,0.0054918863,0.9601054,0.95791215,0.9271646,0.96907055,0.9509593,1.4950623e-05,0.015351748,7.63809e-06,8.943023e-05,0.9756025,1.563372e-05,0.9431354,0.04683546,0.96641415,0.004876762,0.9636553,2.6076124e-05,0.015272922,1.8300156e-05,3.494635e-05,0.017100668,7.5319176e-06,0.0050096903,0.02168636,3.742082e-05,6.573341e-06,0.020415781,9.967084e-06,0.9519672,0.038296204,0.9566613,3.8154813e-05,2.445689e-05,0.018307023,3.6822457e-05,1.3902462e-05,0.018939873,8.160337e-06,0.006802659,0.016518762,1.4549638e-05,1.2599278e-05,0.01726159,0.9634756,0.007149911,0.9999877,0.9647473,0.9522567,0.99999,0.96820116,0.007663246,0.021106511,1.460363e-05,1.1296175e-05,0.99998665,0.003953989,0.98112905,0.019074716,0.9511944,6.0651046e-06,0.95122373,0.94401574,0.9999567,0.008648862,0.033698104,0.016909285,4.063544e-05,0.95390886,0.050817363,0.9582556,8.6743654e-05,0.96230114,9.8292105e-05,0.9533476,0.96008706,0.03514313,5.843174e-05,0.043479763,0.022440258,0.95802975,0.005769454,0.9337634,1.848159e-05,0.9536824,0.015576847,0.95799387,0.0033282342,0.023281144,7.871061e-06,0.00014992758,0.9999851,0.0072983517,0.9779588,0.018142346,0.9534288,1.552264e-05,0.0044539855,0.038872093,0.021509953,2.218944e-05,0.95367324,0.03643558,0.95463514,3.797125e-05,0.96670336,1.0530948e-05,0.9521323,0.9699479,0.019295061,0.00505424,0.9422876,0.03436508,8.188604e-06,5.523428e-06,0.024443867,0.9272149,0.0074585783,0.018757178,0.96763647,7.901573e-05,0.026483092,0.0054249386,7.0807628e-06,0.04197731,8.000785e-06,0.94123495,1.796081e-05,7.768582e-06,0.021946918,0.003936598,1.4163862e-05,1.7804885e-05,0.018820427,2.9374052e-05,7.8664256e-05,0.016890066,0.0049597337,0.9786952,0.022325203,2.7530494e-05,1.6077058e-05,0.0040237657,6.2237536e-06,0.016254654,1.2503187e-05,0.022615062,1.9563611e-05,0.02533926,0.0045889253,0.94425017,0.0049433936
1.023432085,-0.992477081,-0.481969985,0.769079285,0.995288744,1.024925447,-0.93153885,-0.978476777,-1.061500106,1.032067076,1.06216733,1.159105223,-0.301965662,-0.820538775,-1.02597273,-0.016907987,-1.171308209,-0.344328856,0.022977199,-1.169963529,1.37110559,0.000117306074,6.99477e-05,0.9995345,7.2294704e-09,1.1054893e-08,0.9999274,0.002931815,0.0023789722,0.9998795,0.0027620436,2.4119135e-08,0.008267409,6.0224906e-05,6.8843314e-05,0.9999012,8.606244e-09,0.9878221,0.99887484,0.0021452245,3.1836954e-08,0.00012085207,7.2575723e-09,0.038049757,4.7649024e-08,1.4755069e-08,0.039962444,3.9112496e-08,1.9139728e-08,0.040695652,0.0028995313,0.99451965,0.96801823,9.524901e-05,2.0661103e-08,0.11848544,1.7676928e-08,3.2428492e-08,0.034205545,1.2892473e-08,7.580569e-09,1.1571627e-08,0.99801445,3.7249862e-08,2.8564658e-08,0.99861276,2.0741373e-08,1.1004027e-08,0.9984848,6.198597e-05,0.06243983,1.0,4.7315183e-09,3.1034627e-08,0.0061339256,1.0152825e-08,1.37152e-08,0.99879277,0.00012017967,0.00015036137,0.99960965,0.0022623064,0.0029285846,0.99946517,0.0021202848,1.8361195e-08,0.007277597,9.758217e-09,2.1023405e-08,0.9993593,1.4921795e-08,0.9924711,0.99768317,0.0018030858,9.7959746e-05,0.00216401,4.487117e-09,0.9977998,3.010143e-08,2.6657556e-08,0.9981244,7.990307e-09,0.036377735,0.007941934,1.15382806e-08,1.7807519e-08,0.99815756,1.7569164e-08,0.0020825684,0.9974413,0.0019873788,2.229303e-08,1.7363342e-09,0.9982405,2.1454458e-08,2.4791856e-08,0.9985044,2.5853756e-08,0.04390915,0.9980501,1.9487494e-09,1.5609716e-08,0.0076170852,0.001634279,5.4809607e-05,1.0,0.0023561309,0.0013433946,1.0,0.0016312227,8.986056e-05,0.0060472097,9.012525e-09,1.35556455e-08,1.0,5.592683e-05,0.9921038,0.99831223,0.0019027251,6.722651e-09,0.0012156513,0.0021456308,1.0,7.391902e-05,0.03367912,0.007924228,3.4246614e-08,0.002072188,0.9974718,0.0021693336,1.24406405e-08,0.99941814,2.1131024e-08,0.0016356263,0.002114394,0.99788433,9.117301e-09,0.051242657,0.998538,0.0013244849,8.106444e-05,0.035628464,3.561553e-08,0.0029126864,0.9980623,0.0024597826,8.293454e-05,0.0066128457,1.3387219e-08,3.0839605e-08,1.0,0.00016639633,0.9934909,0.99779785,0.0022818237,7.0733646e-09,8.887356e-05,0.030943144,0.0055310167,7.0408572e-09,0.0015227289,0.99643445,0.002627943,1.8667139e-08,0.99925,4.5379926e-09,0.003289871,0.15676779,0.9983216,8.613632e-05,0.0017468942,0.007613558,2.6647898e-08,6.2126224e-09,0.99854636,0.95518863,5.5210763e-05,0.006443348,0.15892226,6.1850415e-08,0.0070344745,0.039709155,3.638739e-08,0.05348438,5.150936e-09,0.04828854,6.9140182e-09,2.1532102e-08,0.00764595,0.037412267,1.9873717e-08,1.617498e-08,0.005258913,5.221643e-09,4.4816773e-09,0.9975815,0.00014052486,0.9931942,0.99809843,1.8010866e-08,1.8423217e-08,4.994195e-05,1.635934e-08,0.9983675,1.04513616e-08,0.96567076,3.1437967e-08,0.0058849617,0.00019524586,0.0022463228,6.2754705e-05
-1.023598621,-0.124493916,0.876649584,-1.632165017,-1.764002826,-1.895978832,2.012018575,2.087836565,1.626174691,-2.009433074,-1.953421357,-1.413636702,2.641160972,2.705258755,1.444262331,1.329610741,0.419156617,2.354702177,0.302543537,-0.951343691,-0.459188845,5.270976e-06,1.6975941e-06,0.9998814,5.8580443e-09,4.06248e-09,0.99999547,0.0020455916,0.0028659578,0.99999213,0.0025906072,5.4876628e-09,0.0033014682,2.9279747e-06,8.065358e-06,0.99999607,1.6932966e-09,0.99792767,0.998486,0.002066539,2.9753178e-08,8.105447e-06,1.8545979e-08,0.014099203,4.4478607e-09,4.6799546e-09,0.012559938,9.7478406e-08,4.536694e-09,0.008650121,0.002728999,0.99893206,0.99102825,6.1111573e-06,1.9871823e-08,0.057183936,1.8872129e-08,5.3136365e-08,0.027502155,1.3804722e-08,5.666127e-09,9.704779e-09,0.99757034,2.1634278e-08,1.1101147e-08,0.9985184,2.401617e-08,1.17480035e-08,0.9982774,3.362292e-06,0.045367096,1.0,1.4660111e-08,2.2054076e-08,0.0016953569,1.1232667e-08,4.2896806e-09,0.9983367,3.0551553e-06,2.0783605e-06,0.9998951,0.0028285712,0.0035643326,0.9999169,0.0021585668,5.114559e-08,0.002276844,4.101643e-09,2.4388555e-08,0.99990046,1.3261192e-08,0.99799144,0.9969963,0.0029176206,6.696055e-06,0.0043538143,5.3609095e-09,0.9975115,1.8972571e-08,1.2303586e-08,0.99754447,5.2230953e-10,0.033499572,0.0037022633,1.662844e-08,1.7537458e-08,0.9986847,3.7915187e-09,0.0021910488,0.9964455,0.0026165135,5.1686733e-08,4.605053e-09,0.99816567,1.8805295e-08,2.1755023e-08,0.998741,7.3885573e-09,0.028219655,0.9984456,2.879862e-09,8.082736e-09,0.0024908504,0.0028684374,3.774471e-06,1.0,0.0028327168,0.0033994769,1.0,0.002813588,4.19918e-06,0.0021547363,7.917321e-09,4.6199298e-09,1.0,7.0041056e-06,0.997566,0.99829894,0.0024753204,1.0719391e-08,0.0019585392,0.0029067586,1.0,4.3220593e-06,0.01347048,0.0011610123,3.8228396e-08,0.0033272316,0.99638593,0.0018070292,3.0407442e-08,0.99995196,1.6498438e-08,0.003533033,0.002054638,0.9971951,5.8205107e-09,0.012730467,0.9982875,0.0021636456,3.085084e-06,0.0135122975,7.2447515e-09,0.002208887,0.998718,0.0042336495,3.8055516e-06,0.0028010907,2.5988829e-08,6.1058635e-08,1.0,6.656034e-06,0.9975834,0.99787915,0.0032990181,1.6905126e-08,3.3371641e-06,0.0146665275,0.0012968632,3.105107e-09,0.0041315816,0.9969139,0.0023190824,5.4304394e-08,0.9999243,1.1531872e-09,0.002287432,0.05907334,0.9984464,4.058102e-06,0.0026523115,0.0028129043,2.5071753e-08,5.9406107e-09,0.9987967,0.98793775,3.3729611e-06,0.003201966,0.04599296,7.324032e-08,0.0013684194,0.027636614,3.4681626e-09,0.03949318,4.3098387e-09,0.0143101765,4.761348e-09,3.105843e-08,0.003843177,0.029514339,2.0877312e-08,6.735845e-09,0.0018218195,2.8709401e-08,3.3685776e-08,0.9981681,2.18775e-06,0.9980483,0.9976653,2.628956e-08,3.45757e-08,5.112071e-06,1.0100733e-08,0.99840313,2.0835305e-08,0.9920106,4.260028e-08,0.0011933333,7.297451e-06,0.002090205,9.314623e-06
-0.748996941,-0.372489106,-1.600125914,1.206136324,1.54172794,1.637318023,-1.210355034,-1.434455868,-1.034721737,1.116801539,1.240082871,0.762825691,-1.904543387,-2.498536736,-2.154892023,-1.030254305,-1.505904042,-1.658242773,0.793097772,0.657230553,-1.406073852,2.5539844e-06,1.1840029e-06,0.9999614,3.906806e-12,5.97313e-12,0.9999993,7.508292e-08,9.725389e-08,0.99999917,5.5198505e-08,8.556216e-11,0.18095846,6.590067e-07,1.476103e-06,0.9999988,7.621935e-12,0.8582355,1.0,1.448111e-08,7.833641e-12,4.1606645e-06,2.2019398e-12,0.6773933,2.2515471e-10,1.6685061e-11,0.70448184,1.10325964e-10,1.350695e-11,0.69202584,8.1103984e-08,0.7949333,0.65061706,1.7368058e-06,1.9922192e-11,0.38129765,1.3802127e-10,4.2005827e-10,0.71941847,6.783141e-11,2.3575922e-12,1.2699404e-11,0.9999999,9.620228e-12,2.1560108e-10,1.0,1.05987386e-10,1.775499e-11,1.0,1.5283516e-06,0.3389961,1.0,3.7093527e-12,2.5475672e-11,0.19107895,5.5406537e-11,1.8531735e-11,1.0,1.3848507e-06,2.2806955e-06,0.99997544,4.8527323e-08,8.024828e-08,0.9999596,4.1398742e-08,9.8228384e-11,0.16790983,8.681895e-11,3.3306916e-12,0.99991715,5.932848e-11,0.8136124,0.9999999,9.1504404e-08,1.1396625e-06,5.449001e-08,2.6459338e-12,0.9999999,3.726359e-11,1.8688093e-11,0.9999999,1.4815565e-11,0.4250386,0.21501273,1.6628469e-12,5.785915e-11,1.0,9.108775e-11,4.2665654e-08,0.9999999,4.5764487e-08,3.050033e-11,3.1222983e-14,0.9999999,4.364731e-11,5.827025e-11,1.0,2.6350665e-11,0.39365166,0.9999999,7.563237e-13,7.746399e-11,0.20992862,7.841385e-08,1.3760605e-06,1.0,3.3570966e-08,1.8603622e-08,1.0,1.591668e-08,7.416261e-07,0.21304713,1.625797e-11,4.561975e-11,1.0,3.6390136e-07,0.7991586,1.0,6.1328016e-08,1.4124201e-11,8.3516145e-09,6.6357195e-08,1.0,6.0757225e-07,0.30943084,0.19805574,3.0626366e-11,8.011263e-08,1.0,1.04259804e-07,1.7230888e-12,0.9999721,1.4202217e-11,1.8923673e-08,2.7286392e-08,1.0,1.7689303e-12,0.26947573,1.0,3.0498516e-08,1.9258505e-06,0.004067966,2.0125882e-10,1.4574275e-07,0.99999976,7.497015e-08,1.243332e-06,0.17188577,3.318613e-11,9.937219e-12,1.0,4.5426636e-06,0.76263994,0.9999999,4.031867e-08,1.810679e-12,1.0519249e-06,0.32444453,0.17899124,7.0445004e-12,2.5992449e-08,0.99999964,9.0711644e-08,1.2813417e-11,0.99990296,9.11009e-12,8.0828165e-08,0.0750777,0.9999999,4.8971214e-07,7.591163e-08,0.20329452,8.3504904e-11,5.364034e-11,0.9999999,0.34239775,1.3785075e-06,0.19091778,0.091106996,4.0780962e-11,0.2137604,0.36536083,2.795252e-10,0.33162665,3.6494076e-12,0.004776911,9.0431265e-12,7.6050936e-11,0.23562384,0.39334276,4.8217888e-11,1.915292e-11,0.17636144,2.5698348e-12,4.5822195e-13,1.0,3.7731252e-06,0.8233833,0.9999999,2.8651482e-11,3.758409e-11,9.674535e-07,3.716578e-11,1.0,3.4781735e-12,0.99400723,5.831739e-11,0.19729777,4.81976e-06,2.6504141e-08,1.953283e-06
0.998468296,1.487474818,0.720348217,-1.685739674,-1.496207638,-1.539465356,1.345594116,1.093789745,0.90562731,-1.20776737,-0.929021057,-0.654121238,1.713017291,2.092599811,2.238669339,1.602296519,1.01458557,1.115852554,-0.782705177,-0.30615431,1.63623527,6.767533e-07,3.882364e-07,0.77601033,1.1599375e-09,3.3545027e-09,0.9999994,0.0014492383,0.0013325993,0.9999993,0.0016171773,6.982002e-09,0.0017700107,1.05667006e-07,1.0663841e-06,0.9999995,1.5052795e-09,0.9977406,0.8334055,0.0009959054,1.1709771e-08,1.2202016e-06,6.356034e-09,0.50688624,1.4211391e-09,4.600988e-09,0.9844476,1.2346771e-08,3.7456314e-09,0.9851837,0.00076986244,0.9988493,0.0055253673,8.857903e-07,4.184328e-09,0.9928122,4.480489e-09,1.0354534e-08,0.5473971,4.512479e-09,2.425281e-09,1.0148567e-08,0.8224172,1.7452725e-09,1.8581812e-08,0.8477452,9.949656e-09,1.9885766e-09,0.86887485,3.493706e-07,0.636257,1.0,2.5033084e-09,6.1829746e-09,0.0022037043,7.666679e-09,1.2340102e-09,0.90174896,2.6120426e-07,7.0573833e-07,0.82456553,0.0022036594,0.0011491304,0.8419148,0.0010127443,9.101073e-09,0.0018205747,3.9620502e-09,4.876771e-09,0.81403416,5.3141505e-09,0.78198564,0.9990068,0.0006154121,3.9034398e-07,0.001149034,3.4789482e-09,0.83589005,5.6817004e-09,4.501063e-09,0.79433256,2.4019306e-10,0.7520873,0.0045367475,5.9745264e-10,3.5986363e-09,0.8565057,2.1690376e-09,0.00090972055,0.9991322,0.0008467367,1.93714e-08,1.5109866e-09,0.8754943,5.0312696e-09,1.226109e-08,0.8484227,8.839214e-10,0.7216149,0.88908476,2.9311331e-09,2.2143718e-09,0.0012145824,0.0002846224,3.5411512e-07,1.0,0.00094965,0.0010600444,1.0,0.0012491714,6.507348e-07,0.0029186069,1.6262207e-09,1.2989545e-09,1.0,5.8631326e-07,0.9977984,0.86454535,0.00147932,5.606506e-09,0.00048435462,0.00084056926,1.0,4.8670864e-07,0.99113244,0.0017411377,1.621894e-08,0.00079463195,0.99863094,0.0007110721,7.229691e-09,0.81359273,8.121633e-09,0.0016823955,0.00070818944,0.99855536,2.5845461e-09,0.9940844,0.8710094,0.0006083174,2.756458e-07,0.0038140519,5.379069e-09,0.001153303,0.84965163,0.0011904701,1.8832114e-07,0.0026089028,2.3315339e-09,1.4417805e-08,1.0,1.0309897e-06,0.9965533,0.86356425,0.0011217614,4.0506576e-09,3.3437095e-07,0.99136645,0.0019818877,3.875544e-09,0.0012829902,0.9991611,0.0006790891,1.5355404e-08,0.82141066,3.7233931e-09,0.001416089,0.99251515,0.8652963,3.6741326e-07,0.00071535306,0.0028485833,9.348406e-09,4.445757e-09,0.8824935,0.008796757,1.328943e-07,0.002291,0.99076253,5.3815836e-09,0.002439631,0.748173,1.0107993e-09,0.6193985,1.3932691e-09,0.008040551,1.1252154e-09,1.3528911e-08,0.003047002,0.7552523,8.906829e-09,5.5635443e-09,0.0029107025,3.975699e-09,1.1069833e-08,0.8752198,1.994835e-07,0.9979462,0.8283711,7.3022415e-09,8.046588e-09,3.8077442e-07,1.5366236e-09,0.8256441,3.9918686e-09,0.7572597,2.3217499e-08,0.002564237,5.377051e-07,0.0015098297,7.0555535e-07
0.87364935,-0.000496321,-0.722433626,0.54110183,0.885172212,0.858587809,-0.482593501,-0.672492017,-0.913521006,0.53484128,0.747624612,1.044988869,0.869547256,0.141887282,-1.076466354,0.306122791,-1.507298448,0.848414236,-0.45063363,0.76969952,0.431298628,0.00017027245,0.00012575965,0.9987564,4.9928033e-08,5.413593e-08,0.9998747,0.0013754959,0.0010260151,0.9997962,0.0010812866,1.5926159e-07,0.03024765,9.793939e-05,0.00011656634,0.99986327,5.5352228e-08,0.9594312,0.9994918,0.0009310113,1.5428613e-07,0.00020929257,4.430877e-08,0.17979957,3.0712027e-07,9.5156416e-08,0.16478257,2.881669e-07,1.0889571e-07,0.17912509,0.0012339983,0.96858996,0.8879491,0.00016123925,1.2851405e-07,0.13963614,1.2847103e-07,2.2023417e-07,0.15876038,1.1163854e-07,3.740821e-08,6.582963e-08,0.9991166,1.3784008e-07,2.7678453e-07,0.99924433,1.4532083e-07,8.720626e-08,0.9992231,0.00011430536,0.13645871,0.9999999,3.911242e-08,1.1271454e-07,0.033959363,7.642476e-08,8.505722e-08,0.9993099,0.00020896933,0.00025011282,0.99877113,0.00093415944,0.0011833052,0.99852896,0.0007828354,1.422046e-07,0.033790566,9.1842395e-08,1.00450976e-07,0.9982899,1.1965308e-07,0.9724237,0.99898416,0.0006924929,0.0001745821,0.0007002632,3.525139e-08,0.9989754,1.7115534e-07,1.6385157e-07,0.99903107,5.8031098e-08,0.11080525,0.03514643,4.1623608e-08,1.2766044e-07,0.9992077,1.1406015e-07,0.0008313618,0.9989887,0.00080216804,1.3532582e-07,8.598893e-09,0.99902916,1.5927071e-07,1.3083073e-07,0.9993267,1.2986757e-07,0.13635893,0.9990627,1.5279735e-08,1.2425681e-07,0.031831678,0.0007459038,0.000105047824,0.9999999,0.00085095235,0.0005579157,1.0,0.0005378636,0.00014808438,0.03033226,6.0002385e-08,1.0920229e-07,0.99999976,8.4230574e-05,0.96485347,0.99925727,0.0008108427,5.4536905e-08,0.0005601093,0.0009422173,0.9999999,0.00011705733,0.11653268,0.03323598,1.7730403e-07,0.00094106403,0.9988397,0.0009459903,6.1053626e-08,0.99835265,1.182823e-07,0.0007194946,0.00080454693,0.99913687,3.950017e-08,0.13134624,0.99938285,0.0005718264,0.00012821011,0.033836514,2.1418363e-07,0.0014139303,0.9989968,0.0010033767,0.000111235866,0.02902022,8.9772556e-08,1.2275088e-07,0.9999999,0.00024808742,0.9712412,0.99898,0.0010320909,3.5211876e-08,0.00014994545,0.0944868,0.030959003,4.6666578e-08,0.0006908308,0.99833053,0.0010953862,9.953171e-08,0.99813396,5.1442225e-08,0.0014613194,0.12672794,0.9990233,0.00014470128,0.0008271005,0.031162834,1.3125087e-07,6.283628e-08,0.9992244,0.8100584,0.00011802967,0.03344579,0.12176698,2.00194e-07,0.037386786,0.12849188,1.9870541e-07,0.11945179,4.0648384e-08,0.04766357,5.5956015e-08,1.4884846e-07,0.02970881,0.12443157,1.384873e-07,1.0253677e-07,0.02811506,3.992076e-08,1.826472e-08,0.99901843,0.00023114451,0.9691872,0.99907815,1.19193075e-07,9.752602e-08,0.00010344808,8.3706276e-08,0.999193,4.5919247e-08,0.96878135,1.572885e-07,0.030847017,0.00026032116,0.0009886228,0.00012867835
1.347961343,-2.096055676,-0.241506345,-0.733045987,-1.282051759,-1.310983574,0.183864651,1.130921681,1.340698888,-0.203181949,-1.248169928,-1.518948827,0.076847469,0.489017488,1.567556617,0.874779277,0.913781221,-0.396321337,0.853080628,-0.322400866,-1.019513472,0.0017239781,0.0046066022,0.99097836,5.383657e-06,2.161256e-06,0.9985154,0.014454937,0.018048162,0.9987457,0.021658093,4.8378533e-06,0.1326045,0.0016793868,0.002745958,0.9983297,2.5552902e-06,0.84314626,0.98322046,0.024232741,9.681359e-06,0.002367741,9.122485e-06,0.055524766,2.9939413e-06,1.2450822e-06,0.05248346,2.5887075e-05,5.6957006e-06,0.03245077,0.024296528,0.9062038,0.98257196,0.0012561525,8.773496e-06,0.041597255,7.0407514e-06,2.2078835e-05,0.05755972,3.6244326e-06,3.7519656e-06,8.952212e-06,0.97950065,7.974148e-06,6.4543833e-06,0.9849338,1.1892519e-05,9.825333e-06,0.97751653,0.0011146405,0.019350253,0.99999225,4.9318974e-06,8.433458e-06,0.10270729,3.2071719e-06,3.72466e-06,0.9728449,0.0016147186,0.0007042563,0.98894763,0.025191765,0.021069538,0.99015146,0.019228278,1.2492078e-05,0.13453525,2.5926008e-06,9.708328e-06,0.9875848,2.673904e-06,0.89903164,0.97946197,0.023921696,0.0017451572,0.02496427,4.725064e-06,0.97313404,5.2915752e-06,1.1046211e-05,0.97711664,1.3590992e-06,0.010244655,0.1327761,1.5421228e-05,8.11496e-06,0.98099595,4.214578e-06,0.032078434,0.9738244,0.018027019,1.0253114e-05,7.794882e-06,0.971457,4.6259374e-06,5.721391e-06,0.9786542,6.2247395e-06,0.018275538,0.9818193,9.919558e-06,6.002155e-06,0.09974757,0.03262744,0.0021582886,0.99999344,0.020675745,0.023956036,0.99998474,0.023662334,0.0010212979,0.10249988,3.8100395e-06,4.141283e-06,0.9999715,0.0031628099,0.9306517,0.9713336,0.02266113,5.0759954e-06,0.025835196,0.02956129,0.99999356,0.0018113143,0.017001638,0.07115479,1.6925627e-05,0.038530137,0.97749025,0.02536969,1.8358363e-05,0.99371135,2.9949671e-05,0.019376528,0.01907311,0.984686,9.601101e-06,0.009113335,0.975838,0.041674204,0.0031350907,0.12272702,2.6594869e-06,0.024629865,0.9730306,0.020658093,0.0016640819,0.08166395,1.4888944e-05,8.9111645e-06,0.99999607,0.0027456447,0.89089733,0.9742784,0.025560463,8.283247e-06,0.0020033543,0.013591895,0.09220933,3.5268588e-06,0.021466158,0.98218936,0.015401107,1.7786455e-05,0.988313,2.9227606e-06,0.016406026,0.028486216,0.9816985,0.0012052549,0.025082761,0.15240698,1.4258962e-05,2.7158408e-06,0.9800642,0.9652674,0.0017554848,0.10105808,0.018166663,2.2897637e-05,0.09655715,0.012209714,4.454627e-06,0.01985182,3.1374586e-06,0.103583984,8.176001e-06,1.1304593e-05,0.0919706,0.014460915,5.5237338e-06,7.966417e-06,0.10365274,1.2590871e-05,2.2070055e-05,0.98263955,0.0010285596,0.9082254,0.96891934,7.442004e-06,1.0438658e-05,0.0039920565,4.275007e-06,0.9818102,7.432897e-06,0.9047038,1.2343153e-05,0.1181612,0.0034785694,0.024304938,0.0032736468
-1.472946825,0.991484438,0.960811858,-0.207814787,-0.029846378,0.072400354,0.44621815,-0.08507564,0.119280632,-0.492902969,0.092193634,-0.135540525,-1.687880831,-1.678030247,-0.594154017,-0.587849699,-0.15621443,-1.650398802,-0.856756324,-1.484726969,-0.52209262,0.015105807,0.013009575,0.96317756,0.00072189356,0.0013447559,0.98116827,0.07408408,0.059410032,0.9879931,0.0758873,0.00096865965,0.49421775,0.015959146,0.018117739,0.98567384,0.0009609117,0.48941612,0.9104122,0.07015328,0.002625361,0.014532165,0.0027166798,0.902824,0.00090001745,0.001367204,0.86154443,0.0021377353,0.002433421,0.8409957,0.05865446,0.41354325,0.6935534,0.012470712,0.0010611174,0.8774044,0.0011726745,0.0017871914,0.8728828,0.00062813354,0.00081246725,0.0020690223,0.9132606,0.0012260024,0.0021639585,0.9227138,0.0008668726,0.0008942309,0.9123889,0.021952897,0.50434035,0.99923944,0.0038256973,0.0008637173,0.54758215,0.0014896833,0.0011660841,0.89279956,0.011376238,0.014476254,0.9569229,0.06585978,0.09166614,0.9666104,0.10626325,0.0025506625,0.59955776,0.0020727452,0.0029442008,0.95954376,0.0017018911,0.60253346,0.92625827,0.11005647,0.011653676,0.087761275,0.0015230798,0.9018392,0.0009638265,0.0023017083,0.92071825,0.0007532613,0.38490984,0.5055061,0.0013858639,0.0009021496,0.9027319,0.00088675914,0.120438844,0.9389915,0.10873593,0.0026983453,0.0016899366,0.9060056,0.0010478073,0.0008424681,0.91008633,0.0005822953,0.4021811,0.8944822,0.0011822263,0.0010015954,0.61568266,0.10241071,0.017756646,0.99908006,0.08737434,0.109727174,0.9990049,0.10442833,0.019459445,0.5585749,0.0018354852,0.001662993,0.9988752,0.016895806,0.39420468,0.8954595,0.066381656,0.0016623907,0.09437504,0.11682712,0.99680233,0.013424578,0.37784034,0.62931615,0.0015219172,0.10834762,0.9181992,0.11574034,0.00268892,0.9712441,0.0055929846,0.08840545,0.12696004,0.94566655,0.0008538113,0.30822378,0.9058302,0.09840424,0.01708571,0.57870203,0.0010774666,0.066564344,0.9090109,0.10045576,0.01882513,0.5398307,0.0010214798,0.005024679,0.99925,0.012098665,0.47337487,0.90308833,0.089386895,0.0019481694,0.015096609,0.35869598,0.5547013,0.0018868464,0.10806059,0.9116178,0.11753906,0.0043182825,0.96541584,0.0009755038,0.052778028,0.49502093,0.9006642,0.014218228,0.10547264,0.47168264,0.00064195733,0.00110674,0.8773027,0.14769052,0.016377872,0.5291965,0.5443215,0.0026359616,0.5389964,0.38814506,0.00048167494,0.440322,0.0006451338,0.48797294,0.0012093536,0.00093721546,0.58812183,0.40559286,0.0014897742,0.001690544,0.5310853,0.0023975086,0.0051647923,0.9067802,0.011692817,0.37469643,0.9222347,0.0033186546,0.00092924153,0.011560324,0.0003610162,0.91150504,0.00065087265,0.45159128,0.0016840445,0.47196713,0.010545766,0.09502529,0.014607577
-0.374540105,-1.116474676,-0.121274525,-0.789519495,-0.802498293,-0.896667253,1.129458462,1.234856341,0.809694123,-1.059086318,-1.107391023,-0.596533575,1.74393612,1.725808388,0.716286572,0.740502614,0.143933403,1.631194281,0.270677382,1.536220749,0.080323025,0.0014905568,0.0011128135,0.99799514,1.6342428e-06,3.2170663e-06,0.99907935,0.60637033,0.60267216,0.9985455,0.5997934,2.7497128e-06,0.0065725255,0.0012607421,0.001596638,0.99848,1.0083784e-06,0.9961165,0.43216598,0.6010535,1.3284365e-05,0.0012779337,1.0631979e-05,0.0024930728,2.1702301e-06,2.6253088e-06,0.0030032105,6.2226204e-06,3.3111373e-06,0.0021066011,0.59521025,0.9990369,0.99626946,0.0012966328,5.389626e-06,0.5129662,2.8702668e-06,3.8522244e-06,0.0039732056,1.0616767e-06,4.466951e-06,3.8824005e-06,0.4172174,2.5479863e-05,1.2290918e-06,0.41524395,2.4220292e-06,1.5888021e-06,0.4213443,0.0014330872,0.007307955,0.9999957,3.984803e-06,1.0981991e-05,0.0014246893,1.087004e-06,3.2787937e-06,0.4536885,0.0011861688,0.0006205959,0.9979849,0.59606683,0.63543516,0.99758554,0.61375445,3.960061e-06,0.0016369062,1.0192e-06,1.1238516e-05,0.9974904,2.3130658e-06,0.9933814,0.379586,0.574543,0.001375027,0.5981466,2.8117568e-06,0.4395382,6.307358e-06,5.2994433e-06,0.45227692,7.9584134e-07,0.0026309532,0.0026013176,1.6197326e-05,1.8677576e-06,0.4205834,1.6643565e-06,0.58330053,0.38799646,0.5981193,1.11516965e-05,5.2548094e-06,0.43634224,4.8246393e-06,3.498328e-06,0.4333737,3.4383745e-06,0.0028658393,0.42437866,2.6178434e-06,2.2597746e-06,0.0020593961,0.5999126,0.0011155275,0.9999956,0.5773009,0.6096575,0.999997,0.5884928,0.0011061518,0.0026183508,2.9991108e-06,2.0364944e-06,0.9999927,0.001282565,0.9980586,0.46326613,0.5807062,1.5711923e-06,0.5908405,0.5617587,0.9999975,0.0015909729,0.0038996208,0.0012134961,1.666413e-05,0.58619547,0.37910995,0.58580196,2.040348e-05,0.9983553,1.6555436e-05,0.5996679,0.5900507,0.3855928,1.0088863e-05,0.003371406,0.44839507,0.5775394,0.0009818854,0.5392805,3.0780016e-06,0.56687474,0.43744305,0.6073618,0.0012935792,0.0021673134,2.6106534e-06,2.37401e-05,0.9999907,0.0013970055,0.99817073,0.44912517,0.628713,5.3729577e-06,0.0013117308,0.003998219,0.0014522508,2.6340463e-06,0.5959656,0.40975282,0.60091066,1.39611475e-05,0.9981542,6.2590647e-07,0.6192133,0.5315937,0.44121048,0.0010045144,0.5901945,0.003727332,3.9692563e-06,1.0471645e-06,0.44050255,0.9972922,0.0011963996,0.0021161886,0.5198809,4.9975926e-05,0.0013234005,0.0027042672,1.8884624e-06,0.0076904166,1.5770921e-06,0.5668957,1.8136884e-06,2.726096e-06,0.0019106669,0.002781766,4.520813e-06,4.573898e-06,0.0018860848,4.852362e-06,3.060307e-05,0.44790286,0.0010396106,0.99799865,0.43625385,7.093212e-06,4.9461123e-06,0.001246945,3.764244e-06,0.43836364,5.4720626e-06,0.47815666,6.9532052e-06,0.0016123333,0.0016430364,0.58578837,0.0018225645
2.071911227,0.371496464,0.359652757,1.222098127,0.813495004,0.916104451,-1.867478323,-1.458230303,-1.043185983,1.878981855,1.345768832,0.845200668,-1.471461039,-0.99838531,-0.114842588,-1.064107271,0.884460352,-1.132099986,0.086395211,-1.436144925,1.95649139,0.0018300968,0.0009374084,0.9987783,3.9909033e-08,1.8241539e-07,0.99832386,0.96681935,0.9615181,0.99835443,0.9635255,5.8785297e-08,0.0009767965,0.00093629083,0.000874536,0.9984711,7.952451e-08,0.99920815,0.0128080575,0.96862835,1.0948838e-06,0.0011348277,6.8505005e-07,4.880502e-05,9.471424e-08,3.0054278e-07,0.00020939458,2.219962e-07,1.7030004e-07,0.00018870657,0.9638954,0.9999616,0.9997631,0.0013718943,1.76552e-07,0.8697535,8.741209e-08,6.1751514e-08,6.007778e-05,1.7647517e-08,5.623628e-07,2.6815138e-07,0.013432217,1.8243901e-06,4.5470923e-08,0.016201153,9.196388e-08,6.486011e-08,0.016156677,0.0013297505,0.0031620266,0.9999999,4.3304905e-08,5.36127e-07,4.3831864e-05,1.1712564e-08,1.3037287e-07,0.023940098,0.0013477625,0.0018811274,0.9991079,0.9617036,0.97108465,0.99922204,0.9704715,1.4636242e-07,3.8626906e-05,2.8187639e-08,1.418231e-06,0.99924374,1.07687e-07,0.99893814,0.045509502,0.9817313,0.0012293685,0.9865106,1.8124196e-07,0.023786373,3.6018935e-07,2.608411e-07,0.016244555,6.432382e-08,5.4517794e-05,5.6229776e-05,7.916718e-07,7.820579e-08,0.016735403,1.01981094e-07,0.97434074,0.034397677,0.9774369,3.2160003e-07,3.0634948e-07,0.01964241,1.6507038e-07,1.21467e-07,0.01992274,1.6982209e-07,4.6639205e-05,0.017744865,1.1801055e-07,4.9578148e-08,6.790131e-05,0.97946596,0.0008994199,0.99999976,0.9794478,0.9800498,0.9999999,0.98465836,0.002193138,0.000114149814,1.359441e-07,6.306128e-08,0.9999999,0.0015417323,0.99985826,0.016706457,0.96616614,2.503052e-08,0.9759878,0.9801338,0.9999999,0.0016945774,0.0003121057,8.304169e-05,9.0595773e-07,0.9776589,0.053700306,0.9809018,1.0726814e-06,0.999171,5.6038834e-07,0.9860772,0.98678756,0.038802255,6.830701e-07,0.00043980626,0.020055955,0.9766842,0.0010527791,0.9085232,1.3581246e-07,0.9731901,0.028681522,0.9812408,0.0013209928,6.3982894e-05,9.070767e-08,2.7466226e-06,0.99999964,0.0019686634,0.9999232,0.01959195,0.96418244,1.2892404e-07,0.001218801,0.0004579941,4.129584e-05,1.04588445e-07,0.972234,0.031102257,0.98241144,7.611264e-07,0.99892277,5.7931896e-08,0.9552336,0.91937447,0.018414145,0.0017337706,0.9775959,0.0005035736,8.366238e-08,2.0261712e-08,0.016190888,0.9998022,0.0011056745,4.9404927e-05,0.95123345,2.755241e-06,6.2224826e-05,6.174757e-05,6.276657e-08,0.0025252046,3.6343273e-08,0.87250936,5.549875e-08,8.566484e-08,8.2842605e-05,4.0987616e-05,2.1920826e-07,1.2409328e-07,4.2620635e-05,9.134381e-08,1.196101e-06,0.011603234,0.0010265245,0.9999299,0.021470385,4.2163603e-07,1.7005968e-07,0.0007714223,1.1667839e-07,0.019770088,2.7388543e-07,0.08506583,2.0758833e-07,5.6717206e-05,0.0017028498,0.9798553,0.0007853759
-1.697620927,0.495494059,-0.241506345,-0.644609934,-0.110039611,-0.204731566,1.160910815,0.616853963,0.379945932,-1.256919377,-0.633771163,-0.365352944,1.38942851,0.821738575,-0.260098666,0.850245174,-1.101005399,1.154904058,0.615735832,0.732253811,-1.533378502,0.0047404235,0.0030549718,0.99435884,2.1849477e-05,5.183795e-05,0.99653095,0.6211568,0.5654343,0.9953799,0.58219063,3.6898804e-05,0.015822103,0.0051960777,0.0041797427,0.99421126,2.155756e-05,0.9907794,0.42552942,0.59939724,0.00013553785,0.0033367025,9.2037844e-05,0.015057791,3.2809414e-05,4.686328e-05,0.015398272,8.769587e-05,4.764165e-05,0.014592161,0.6154115,0.99596715,0.98027873,0.0049159704,7.407497e-05,0.5287912,5.4888485e-05,4.78417e-05,0.019116327,1.5036732e-05,4.146339e-05,4.7814425e-05,0.44376096,0.00016157646,2.5359817e-05,0.46783668,3.0871717e-05,2.9019995e-05,0.44456905,0.0043858667,0.025420379,0.9999497,5.7924324e-05,0.00010469343,0.005120269,1.9572568e-05,5.454099e-05,0.4739408,0.0041116104,0.003049915,0.9929095,0.607806,0.6022679,0.9926565,0.575054,5.7963665e-05,0.005709642,2.310792e-05,0.00012703153,0.99314994,4.2554802e-05,0.9832296,0.44360033,0.5358029,0.004549976,0.52166474,3.8400623e-05,0.49339104,7.31419e-05,6.472199e-05,0.45297647,1.5053834e-05,0.014800251,0.0069237375,0.0001097461,2.6510204e-05,0.4575421,1.7132472e-05,0.5430384,0.40734985,0.58332324,0.00011873996,6.900204e-05,0.4913607,5.45503e-05,2.8240323e-05,0.42884898,4.0388684e-05,0.015126828,0.4975303,2.779236e-05,2.6395574e-05,0.0071754246,0.6109788,0.0030445377,0.99994457,0.5904354,0.58983505,0.99996793,0.55896986,0.0041522454,0.008383077,4.952791e-05,3.2222742e-05,0.9999392,0.0047382778,0.9939844,0.5076521,0.58659595,2.4368794e-05,0.5988716,0.5452834,0.99994934,0.0049194377,0.017403465,0.0047909864,0.00011498501,0.5272511,0.45452914,0.57412666,0.00014231565,0.9946726,0.00013278579,0.60674953,0.5680318,0.36313424,7.1251394e-05,0.016852789,0.4754595,0.565102,0.003121986,0.5456631,3.7416394e-05,0.56455934,0.5015225,0.5486496,0.004518458,0.007075413,3.4399425e-05,0.00022756656,0.9999219,0.0035487707,0.99435693,0.48659816,0.5675576,5.29789e-05,0.004230346,0.01931453,0.0053462368,3.6802903e-05,0.5901923,0.44945127,0.56605613,0.00011653156,0.99465454,1.3943358e-05,0.6217703,0.50368685,0.40102488,0.004720217,0.6260028,0.010878993,4.625161e-05,1.612066e-05,0.46928394,0.9825378,0.0045541287,0.007071264,0.4877717,0.000300797,0.004786373,0.018547857,3.1463e-05,0.03148331,2.6375998e-05,0.50051206,2.5479085e-05,2.9427827e-05,0.005920261,0.017693749,4.7803027e-05,6.714729e-05,0.0068494226,5.3866035e-05,0.0001815245,0.4540205,0.0043629394,0.99241513,0.4546992,7.610698e-05,5.3061416e-05,0.004459647,2.8501028e-05,0.4444662,4.8712074e-05,0.54202926,7.210016e-05,0.0062878635,0.0034764954,0.5604172,0.0045682187
-0.848852097,-0.236091752,-2.189261833,0.924137732,0.411938245,0.500369822,-0.409273203,-0.233919084,-0.160219522,0.444577617,0.242548731,0.156516602,-1.532369532,-1.014174426,-0.609112843,-1.717520905,0.977185393,-0.84017779,0.440181728,0.404620259,0.481138701,0.0018703912,0.0014993736,0.90853643,1.5734837e-06,1.341889e-06,0.99732155,0.0009013501,0.0011162014,0.99776196,0.0006811851,4.015229e-06,0.15769193,0.0025581233,0.001798679,0.9978828,1.4003374e-06,0.79911506,0.99458057,0.00051989226,5.502645e-06,0.0022148413,1.944935e-06,0.75538653,8.180252e-06,3.7163397e-06,0.9315401,2.4882206e-06,2.6913262e-06,0.9465595,0.0008686987,0.9175356,0.11502408,0.00265779,1.3067626e-06,0.821566,4.9292453e-06,3.6937686e-06,0.7748636,3.1885595e-06,1.0415463e-06,2.289159e-06,0.99130124,9.3271586e-07,1.3797314e-05,0.9918778,3.2995592e-06,1.4269028e-06,0.9930352,0.001542631,0.7405549,0.9999976,3.6887839e-06,2.7895564e-06,0.07875483,5.5163846e-06,3.45144e-06,0.9937086,0.00224542,0.002595949,0.91113317,0.00081731967,0.0008899833,0.92698276,0.00073997193,2.7607564e-06,0.0839012,1.112164e-05,1.5157032e-06,0.92188615,9.182379e-06,0.5358554,0.9990477,0.0017133426,0.002704927,0.0011774983,6.81881e-07,0.992897,1.7024238e-06,2.9205064e-06,0.9921802,2.7629533e-06,0.6377284,0.09524751,5.1863304e-07,4.7581466e-06,0.9945128,2.671656e-06,0.0010271017,0.9990928,0.0010391031,4.3643904e-06,1.6045682e-07,0.99043286,9.721846e-06,3.769302e-06,0.9963737,9.92284e-07,0.6987949,0.986728,3.079165e-07,3.3783951e-06,0.09766548,0.0017391349,0.0019177181,0.9999987,0.0010605732,0.0010158248,0.9999987,0.00087560114,0.0026147221,0.10109659,2.889255e-06,5.298241e-06,0.9999982,0.0007108116,0.8969126,0.9936579,0.00069077977,2.1825215e-06,0.0005111551,0.0009009998,0.99999726,0.0019545867,0.8692494,0.06938464,4.093797e-06,0.0014180337,0.99904245,0.0018687779,8.3795544e-07,0.92518896,2.3359787e-06,0.0011190568,0.0011036157,0.9993567,8.2439635e-07,0.9096834,0.9930454,0.00087037194,0.0017212156,0.115040146,8.633771e-06,0.0013070325,0.99011725,0.0010733104,0.0014909634,0.099461004,2.4759993e-06,2.8747374e-06,0.999997,0.0018086393,0.89227086,0.99291784,0.0006306505,9.026719e-07,0.0018892625,0.9017734,0.08171784,2.0002503e-06,0.001048694,0.99867094,0.0016899044,3.7424848e-06,0.905546,2.0186087e-06,0.0010920053,0.6195373,0.9929501,0.0021848744,0.0012341617,0.23644033,2.1418086e-06,4.2434544e-06,0.99167985,0.05511819,0.0022322193,0.09415159,0.617455,2.9162788e-06,0.08102971,0.7340331,7.124744e-06,0.71508014,9.2992883e-07,0.06841593,2.5724228e-06,4.5510633e-06,0.09317957,0.64521945,1.8787872e-06,2.0273558e-06,0.11279984,1.393983e-06,6.993513e-07,0.9929639,0.0024219782,0.90268886,0.99190897,9.337766e-06,1.1058268e-06,0.0012219795,1.893391e-06,0.9924529,8.588256e-07,0.7392219,2.812186e-06,0.099488005,0.0025780776,0.0010244313,0.0013588469
-8.33e-05,-1.240472271,0.359652757,-0.517680609,-0.650617896,-0.599865955,0.592584226,0.851238432,0.870198164,-0.642857754,-0.898940054,-0.908605557,-0.651989457,-0.834161995,-0.1824065,0.229756399,-0.469000649,-0.891489669,-0.571521784,-1.729795138,-0.664773536,0.0076697064,0.009939848,0.9937589,6.0968487e-06,8.78769e-06,0.9956964,0.7160134,0.7356422,0.9955318,0.71081996,9.641371e-06,0.017627165,0.007816788,0.011216106,0.9913464,3.871117e-06,0.9833376,0.29257986,0.69927335,5.156933e-05,0.006598121,4.4828914e-05,0.0033441796,7.574699e-06,5.68943e-06,0.005336152,1.2196421e-05,1.537905e-05,0.0034273164,0.695629,0.9967642,0.99529296,0.0050925557,1.5849651e-05,0.6501006,7.290397e-06,1.1688053e-05,0.004635356,2.0141206e-06,1.6600334e-05,2.212607e-05,0.22623892,7.522604e-05,4.059666e-06,0.29576597,6.3990146e-06,5.770192e-06,0.25026637,0.007936717,0.0053757257,0.99998987,1.1641498e-05,4.1304032e-05,0.0042851893,3.8212984e-06,1.477608e-05,0.22991927,0.006511197,0.0031474286,0.9946255,0.708923,0.7467711,0.99303985,0.7264924,7.999503e-06,0.0054447777,3.7533252e-06,2.9091983e-05,0.98979807,5.3834724e-06,0.9784393,0.2679396,0.75031954,0.0048820153,0.73919046,1.0399342e-05,0.21834245,1.7178707e-05,1.8853418e-05,0.22102794,3.7825753e-06,0.0014690624,0.007022989,6.761146e-05,5.2201804e-06,0.22035967,9.109731e-06,0.7755434,0.3026314,0.7020056,2.1983155e-05,3.3180888e-05,0.20128526,1.07033775e-05,9.476819e-06,0.27224582,1.1108761e-05,0.0021664556,0.27657074,1.8420305e-05,7.1053446e-06,0.005556961,0.79087895,0.007914694,0.99998426,0.72767025,0.7026497,0.9999815,0.7444491,0.0045727203,0.0058585694,9.303295e-06,5.965416e-06,0.99996626,0.007936748,0.99620986,0.22262332,0.7233774,4.2793595e-06,0.7388386,0.7351892,0.9999932,0.0065524345,0.0036300507,0.0036085013,6.4814456e-05,0.7781695,0.2532299,0.78050625,8.382784e-05,0.9950854,0.00010403878,0.70541584,0.696021,0.31678182,5.423819e-05,0.002432914,0.23388784,0.7752104,0.007286932,0.7928338,1.024716e-05,0.7285456,0.23736612,0.7326579,0.008620673,0.004719581,7.981877e-06,6.428637e-05,0.9999839,0.0075229607,0.99563485,0.26109144,0.7237427,2.4191037e-05,0.0073760934,0.0034201366,0.0041132174,1.192135e-05,0.7358854,0.28788424,0.774868,6.414901e-05,0.9930555,3.0109668e-06,0.6838744,0.6534392,0.27404466,0.005326121,0.7457938,0.015276457,1.070109e-05,2.733239e-06,0.20765024,0.9964972,0.007636039,0.005729676,0.6413396,0.00018683617,0.0044435863,0.0016070419,8.839474e-06,0.0071177175,6.26819e-06,0.76324594,9.109601e-06,7.476391e-06,0.0042251004,0.0014651685,8.663034e-06,2.348896e-05,0.0050104177,1.7646662e-05,0.00014949105,0.27472863,0.0062073455,0.99565256,0.23532115,2.1888454e-05,1.1457692e-05,0.009517261,1.2448837e-05,0.27022633,1.8094011e-05,0.23048964,2.3771729e-05,0.006226005,0.010641697,0.7723244,0.010517339
-0.124902214,1.797468806,0.119189116,1.030958173,1.354549561,1.297240797,-0.96825357,-1.492113555,-1.68230393,1.064698502,1.614078506,1.83718511,0.510261025,0.59451689,-0.375249579,-0.639475378,0.238908482,0.953253237,1.10996168,1.736832888,0.728400993,0.00025890584,0.00017806319,0.9999012,7.4105566e-10,4.0803254e-09,0.9999038,0.025624609,0.02415933,0.9997857,0.031528566,5.8761613e-09,0.00087649893,0.00010070325,0.000108460925,0.9997973,1.7334256e-09,0.9990907,0.9882004,0.028959468,9.52054e-09,0.00012293432,1.6032758e-09,0.00011978119,5.6323906e-09,5.039721e-09,0.00022860452,2.1043585e-08,2.426822e-09,0.00016987353,0.021585317,0.9998865,0.9996728,0.00012140393,6.1263457e-09,0.027627282,2.834165e-09,7.844792e-09,0.00010676175,1.1978929e-09,2.4899276e-09,1.918098e-09,0.98605716,2.8957704e-08,2.2974147e-09,0.9900081,5.073981e-09,3.6442103e-09,0.9818018,0.00013676209,0.0013723916,1.0,3.9585207e-10,1.8996433e-08,0.000105158666,7.6016177e-10,4.1830113e-09,0.9875909,0.0001433543,0.00017021532,0.9999229,0.020293592,0.03526343,0.9999107,0.024834342,4.2490464e-09,0.00016074785,7.395645e-10,1.039381e-08,0.99982435,2.2424067e-09,0.9992747,0.976255,0.014927083,0.00015818668,0.022156617,1.3751892e-09,0.9780964,1.2429352e-08,5.5785905e-09,0.98641634,1.4339526e-09,0.00013274339,0.00018514275,1.2310768e-08,3.1735632e-09,0.9790501,3.889399e-09,0.024857506,0.9781738,0.018044027,5.8107164e-09,8.275182e-10,0.983584,2.6935787e-09,3.2328185e-09,0.98512506,9.186145e-09,0.00018915802,0.98833126,5.9132166e-10,1.6488049e-09,0.00014727483,0.02390558,5.944775e-05,1.0,0.015782636,0.016726563,1.0,0.02157301,0.00018598548,0.00016943272,2.6475633e-09,2.604618e-09,1.0,0.00021182273,0.99974126,0.98608065,0.016529473,4.9379073e-10,0.02538365,0.02642163,1.0,0.00019035123,0.00030845893,0.00015216139,1.4292295e-08,0.024290243,0.97396165,0.02321699,7.0323884e-09,0.9998696,6.6393127e-09,0.015114465,0.021341871,0.981585,4.524182e-09,0.00035262833,0.98660254,0.026472624,0.00012610933,0.051170677,3.8404e-09,0.020411767,0.98462534,0.02732723,0.0001691946,0.00017108521,2.016374e-09,2.2417192e-08,1.0,0.0002838942,0.9998573,0.98359364,0.027397186,1.9891002e-09,0.00019358456,0.00021384982,0.0001362182,2.1023476e-09,0.016427739,0.9784694,0.025958696,4.1250856e-09,0.99980706,6.386971e-10,0.022375412,0.05486445,0.98632556,0.000116969415,0.02461319,0.00063660427,8.272709e-09,4.3711737e-10,0.98464286,0.99984574,8.076468e-05,0.00015156825,0.05053266,5.2701733e-08,0.0001559773,0.00018228385,5.136367e-09,0.0012694787,7.4653733e-10,0.072222374,6.4773015e-10,3.769763e-09,0.00020808734,0.000110179986,7.250392e-09,5.1543756e-09,0.00015756482,9.169895e-10,3.3214216e-09,0.9817892,0.00021255309,0.9997714,0.9796942,5.9722396e-09,5.0973195e-09,0.0001070178,5.685386e-09,0.98821867,3.871953e-09,0.9551425,8.952834e-09,0.00014863057,0.00033413872,0.029934539,0.00012086958
-0.748996941,-2.170454233,0.720348217,-1.092357578,-1.341573974,-1.319362493,1.377554021,1.843109245,1.810885034,-1.479632548,-1.939663032,-1.910395909,0.552246992,0.34807663,0.270918665,0.714937473,-0.390441802,0.249437419,-0.417127677,-1.202359486,0.028729479,0.00014696592,0.0001375355,0.999801,1.8810569e-08,2.7894282e-08,0.999941,0.063311175,0.0824573,0.99987614,0.07788778,4.888153e-08,0.0034539206,0.00010455385,0.00019335323,0.999859,6.653663e-09,0.99783474,0.9567233,0.08370269,1.5348631e-07,0.00015529287,1.0129792e-07,0.0005240561,2.4688466e-08,1.37216105e-08,0.00050139264,2.473108e-07,2.5676643e-08,0.0002765476,0.0709962,0.9996031,0.99963117,8.581346e-05,7.500234e-08,0.060230464,4.927488e-08,1.2673331e-07,0.0012152832,2.1931506e-08,3.266763e-08,4.086075e-08,0.9391308,3.1353062e-07,1.5689592e-08,0.9577751,7.166171e-08,3.1689254e-08,0.94053864,0.00010952926,0.001786983,0.9999999,4.6989012e-08,2.0626261e-07,0.0007565157,1.6973006e-08,3.36563e-08,0.9383373,9.558084e-05,2.3428021e-05,0.9997824,0.07348503,0.10947821,0.9997383,0.08376382,1.2307099e-07,0.0009873093,8.020723e-09,1.4404341e-07,0.99970263,2.4886752e-08,0.9979395,0.8971238,0.10371611,9.2433285e-05,0.09780559,4.0192976e-08,0.93856114,1.0897426e-07,8.4000554e-08,0.9446068,4.806918e-09,0.00030815587,0.0016651809,3.3339975e-07,3.4553675e-08,0.94153744,1.929389e-08,0.08850233,0.9092527,0.06982044,1.5760021e-07,6.456228e-08,0.92995983,5.4017008e-08,4.734202e-08,0.95538163,6.619943e-08,0.00056432665,0.949784,2.9333103e-08,2.4738572e-08,0.001277332,0.106713824,0.00011168024,0.9999999,0.07053488,0.08183041,1.0,0.086667284,6.68669e-05,0.0012349101,2.7318729e-08,2.3253573e-08,0.99999976,0.0001955007,0.9992567,0.9499019,0.075363696,1.8929375e-08,0.092001885,0.08079172,1.0,0.00014889298,0.00034762456,0.0005047539,2.7707108e-07,0.09602377,0.89761424,0.08609764,3.0327342e-07,0.999876,2.6817287e-07,0.07636942,0.07524174,0.91915596,1.2042557e-07,0.00029722758,0.93871987,0.09887971,0.00010132831,0.13732918,1.9968635e-08,0.06432776,0.9391685,0.09070712,0.00014110291,0.0010009573,6.084542e-08,2.853349e-07,0.9999999,0.00015002955,0.99910694,0.9520681,0.091180615,8.004664e-08,0.00011633881,0.00046859778,0.0005586796,2.1043505e-08,0.08291906,0.9250463,0.08287119,2.3766323e-07,0.99978703,5.5381975e-09,0.06506697,0.05081134,0.95427656,5.998646e-05,0.10299262,0.0025977658,1.249651e-07,1.4209961e-08,0.93073267,0.99966776,0.00013377403,0.0011500589,0.038445614,1.132287e-06,0.00053155224,0.00043406282,2.6275524e-08,0.0015956486,2.212334e-08,0.138068,2.3359418e-08,8.1799975e-08,0.0009665218,0.0004489933,8.331952e-08,5.9422227e-08,0.00091835065,8.8594085e-08,5.7024283e-07,0.94974494,7.551036e-05,0.999131,0.93601483,8.282517e-08,1.3542781e-07,0.00014918589,6.9028346e-08,0.9507689,1.1140073e-07,0.90922225,1.366911e-07,0.0008451109,0.00023394726,0.092501044,0.00024744085
-8.33e-05,0.495494059,0.828556856,-1.446216763,-0.193114465,-0.233170695,1.05870125,0.125673673,-0.018952416,-0.569137161,0.207006448,0.405245885,1.585676427,0.92019547,0.255397791,1.633473398,-1.295207362,0.949349657,1.268094433,0.246868963,0.979355801,0.00021102466,0.00013077105,0.9794257,1.1041734e-05,1.119325e-05,0.99980444,0.015293151,0.01283871,0.99980336,0.016004737,1.5852796e-05,0.041955385,0.000119820594,0.00024014871,0.99983406,1.0544193e-05,0.9602168,0.9651378,0.011726097,3.7380447e-05,0.00025484068,2.1925704e-05,0.7165826,1.1488493e-05,1.528926e-05,0.8038415,4.5526547e-05,1.667968e-05,0.8104353,0.012472051,0.9503841,0.2337429,0.00022319387,2.063684e-05,0.80959916,1.6486552e-05,3.1380867e-05,0.71845895,1.8848132e-05,1.0560375e-05,2.6121026e-05,0.9612138,1.4063038e-05,3.9498183e-05,0.96636224,2.0386191e-05,1.176129e-05,0.9685006,0.00014273722,0.6265956,0.999982,2.1492406e-05,1.6693937e-05,0.059955258,2.1868756e-05,1.0243252e-05,0.9756718,0.00013344699,0.00023236425,0.98001695,0.016275933,0.013079639,0.9825707,0.012698683,3.4412915e-05,0.055673253,1.7327744e-05,2.7588761e-05,0.98316354,1.9371424e-05,0.91526353,0.98749954,0.0101290345,0.00019643722,0.011798645,1.5922584e-05,0.9665368,1.8293229e-05,2.2264137e-05,0.9621819,2.762342e-06,0.70711195,0.0625467,8.247012e-06,1.4381092e-05,0.9721653,9.2301225e-06,0.011410478,0.98782027,0.0124635855,4.0383602e-05,1.3826185e-05,0.97022074,2.0036976e-05,2.4418994e-05,0.96596056,9.628968e-06,0.6964997,0.97048855,1.3678719e-05,1.4666771e-05,0.059669748,0.007205022,0.00016617784,0.9999883,0.010295009,0.013077694,0.99998486,0.012829769,0.0002041533,0.06897834,1.4303594e-05,1.2318387e-05,0.9999814,0.00018929894,0.9312279,0.9677853,0.01274484,3.0931158e-05,0.008783243,0.011060717,0.99998236,0.00016837334,0.773964,0.06409708,3.200219e-05,0.011619553,0.98688406,0.011990025,2.7020531e-05,0.9831677,3.2521482e-05,0.016145516,0.012201998,0.98565465,8.586982e-06,0.7717731,0.9699284,0.009062177,0.000122416,0.050485566,2.0565209e-05,0.01246429,0.9729322,0.013105012,0.00011849428,0.07083277,1.6936008e-05,4.4662844e-05,0.9999727,0.0002049096,0.93612266,0.97023934,0.014366831,2.0522344e-05,0.00015308973,0.7722192,0.06487707,1.2875911e-05,0.015062948,0.9862071,0.011399693,5.335958e-05,0.9844965,1.2287248e-05,0.014119712,0.76419353,0.9700445,0.00019036268,0.00873191,0.045920666,2.0797463e-05,1.9207704e-05,0.9757711,0.15615544,0.00010820484,0.064991616,0.7689739,2.3631228e-05,0.060659107,0.7192009,6.7946753e-06,0.6123676,8.523881e-06,0.072622225,1.399095e-05,2.8090873e-05,0.0760537,0.704961,2.9986968e-05,1.6603675e-05,0.06360021,2.405003e-05,2.7681817e-05,0.96726674,0.00010828989,0.93824065,0.9712063,3.0994495e-05,2.7136039e-05,0.0001432477,7.1342697e-06,0.9659516,1.7002229e-05,0.8864375,4.3256543e-05,0.05101942,0.00016252008,0.012604055,0.00019773384
-0.49935905,1.797468806,-1.443824548,0.744129445,0.592929676,0.661516233,-0.78011719,-1.027845343,-0.877003892,0.851202301,1.109663456,0.951029144,-2.1346396,-1.599825557,-0.212168996,-1.266597375,0.950239153,-1.796385138,0.286912118,0.432241094,0.004176319,0.07105928,0.049993057,0.9720125,8.650226e-07,3.998286e-06,0.94739664,0.0513273,0.049944695,0.94360715,0.035693828,2.5796774e-06,0.43316483,0.044822827,0.08912006,0.94054365,1.4400127e-06,0.5482411,0.86098635,0.04229049,3.2399148e-06,0.04837838,2.6555713e-06,0.14072794,4.4519134e-06,2.7979224e-06,0.20900925,2.025578e-06,4.2307784e-06,0.20504473,0.032131195,0.8698048,0.99174374,0.059933767,1.1332431e-06,0.45385832,8.611401e-07,1.8339233e-06,0.16137137,5.696384e-07,9.1553693e-07,1.2201598e-06,0.8914703,3.4813975e-06,1.938443e-06,0.8214122,2.1490905e-06,8.56497e-07,0.86393934,0.041642394,0.10150235,0.9999981,1.4469784e-06,2.8158358e-06,0.11944564,1.5186737e-06,5.081275e-06,0.88079447,0.049518727,0.05674591,0.9709725,0.041998174,0.045877367,0.968597,0.042924423,1.5213133e-06,0.18347533,1.3806165e-06,4.9276096e-06,0.95658594,1.3957376e-06,0.68702835,0.9629743,0.12257806,0.061640743,0.13002416,6.811485e-07,0.84182894,1.0929684e-06,4.7535564e-06,0.86383516,1.295345e-06,0.0040695346,0.1964741,6.62657e-06,1.461839e-06,0.86884475,1.84335e-06,0.14754997,0.95831615,0.15633382,4.125378e-06,1.2085673e-06,0.8685501,2.5570648e-06,1.3225092e-06,0.8390605,8.6013216e-07,0.004099748,0.87691975,7.259755e-07,5.906188e-07,0.17577094,0.113477066,0.045099158,0.9999987,0.14723995,0.1622387,0.99999833,0.11772213,0.05320343,0.14947096,1.3166438e-06,3.462947e-06,0.99999785,0.054513488,0.8237775,0.8078338,0.03496349,1.1109342e-06,0.12295394,0.1710705,0.9999993,0.04404936,0.0056970464,0.17799175,4.295674e-06,0.123246305,0.9532664,0.13805313,3.8946455e-06,0.9636904,7.0763076e-06,0.163102,0.12206563,0.9610222,4.815795e-06,0.0064411047,0.85844123,0.14043218,0.03662138,0.725403,3.2719934e-06,0.043890677,0.86311156,0.16701595,0.051715612,0.13366416,6.0559034e-07,8.436112e-06,0.9999982,0.06253425,0.85644007,0.8657641,0.034328643,2.9191838e-06,0.041225486,0.0061553195,0.13958831,1.9934994e-06,0.13294181,0.969911,0.17200743,4.423697e-06,0.9673061,8.563205e-07,0.047226116,0.14194569,0.89339286,0.05752997,0.1539516,0.44287023,1.4916694e-06,8.0712067e-07,0.8648762,0.82469803,0.032759555,0.17324214,0.120672725,1.06025755e-05,0.14072621,0.005128466,2.7961514e-06,0.08961105,1.4058462e-06,0.50934577,1.0120114e-06,1.3161554e-06,0.17447592,0.003588924,2.635956e-06,2.8670852e-06,0.14461207,2.1081526e-06,4.996852e-06,0.8312324,0.065945655,0.8699744,0.8679205,3.4293528e-06,1.2948016e-06,0.047346316,3.4596592e-06,0.8695308,2.431875e-06,0.26860708,1.6022273e-06,0.12490853,0.08211252,0.17008626,0.050294224
-0.624177996,-0.682483094,1.441739139,-0.739365971,-0.777828221,-0.81356711,1.084660064,1.19162436,1.032158547,-1.162853272,-1.266762793,-1.095420947,1.895815622,1.853034001,0.537091909,0.581683168,0.105764311,1.897406394,-1.142363248,-0.061277897,1.653108874,1.3630435e-05,8.890851e-06,0.996347,1.6692509e-07,1.0016399e-07,0.9999844,0.00044376677,0.00060081953,0.99998724,0.0006802635,1.9052665e-07,0.026235024,6.846347e-06,2.688456e-05,0.9999906,8.0384e-08,0.9779164,0.99843043,0.00039781962,5.2380153e-07,2.9897908e-05,3.0088978e-07,0.4799378,9.6957365e-08,1.239159e-07,0.63453907,1.2294141e-06,1.3621302e-07,0.55603355,0.0004548216,0.9839631,0.45236254,1.6851041e-05,3.4013567e-07,0.52967674,3.2201524e-07,1.2205799e-06,0.47360018,3.951129e-07,1.4026426e-07,4.2664072e-07,0.99738973,2.3967897e-07,5.961919e-07,0.9984445,5.529735e-07,2.5609253e-07,0.99829453,8.225522e-06,0.45094475,0.9999995,2.3511267e-07,4.258696e-07,0.025371335,5.052072e-07,1.4978488e-07,0.9985885,6.5187605e-06,1.0074422e-05,0.997581,0.00078061514,0.00077523885,0.99803895,0.00043123934,7.8183103e-07,0.023143345,2.3817125e-07,3.0131133e-07,0.99709904,2.4195583e-07,0.95493776,0.9994679,0.0004890845,1.1813044e-05,0.0008298485,1.8368345e-07,0.9972832,2.463264e-07,2.436652e-07,0.9974716,1.829659e-08,0.4852458,0.040043153,1.1690639e-07,3.5751896e-07,0.99839896,1.6662767e-07,0.00057832786,0.9994092,0.0004967992,7.8135395e-07,1.4463367e-07,0.99809283,2.3754066e-07,5.1379374e-07,0.99862003,1.3355167e-07,0.49441007,0.9986941,2.3276766e-07,2.2390321e-07,0.020174302,0.0003423091,1.2509556e-05,0.99999976,0.00055279495,0.0007751635,0.9999995,0.00066663686,1.2602932e-05,0.025300168,1.9313595e-07,1.14276375e-07,0.9999993,2.1391597e-05,0.97184587,0.99834037,0.00068802026,6.346018e-07,0.00031202537,0.00061130885,0.9999999,1.0226085e-05,0.55207855,0.018256132,8.3051356e-07,0.00077313406,0.999265,0.00045220353,4.835787e-07,0.99785346,4.4998e-07,0.0008885653,0.00043070407,0.9994056,1.0322002e-07,0.52448136,0.9983358,0.0005023101,8.634907e-06,0.008311438,2.1021327e-07,0.00059372315,0.9984175,0.00096905977,9.0646845e-06,0.029200668,3.4035796e-07,6.014756e-07,0.9999993,2.1377891e-05,0.9701398,0.9982653,0.00070471247,6.2282624e-07,9.472347e-06,0.55408245,0.022699937,1.291533e-07,0.0009519455,0.9994991,0.00043986095,1.107263e-06,0.9980027,1.03592e-07,0.00065917533,0.46447232,0.998464,1.0674162e-05,0.0004352972,0.027111072,6.752479e-07,2.5364298e-07,0.9989359,0.3682282,6.5359477e-06,0.03273316,0.42436638,5.0880845e-07,0.028865682,0.52645713,9.934679e-08,0.4870919,1.0347904e-07,0.012574767,1.8915776e-07,9.3552916e-07,0.037404515,0.4843003,5.5554983e-07,2.0145649e-07,0.026798354,4.848056e-07,5.6841304e-07,0.99853647,3.6285103e-06,0.9793692,0.9978033,5.3097455e-07,6.790846e-07,1.7316279e-05,1.6591665e-07,0.99825007,3.0222824e-07,0.979875,1.2001917e-06,0.024691505,1.9616238e-05,0.0005101689,2.271984e-05
0.624011459,-1.240472271,-0.842665446,-0.325218639,-0.894598157,-0.872719453,0.306706182,0.858960594,0.721467103,-0.283610035,-0.791384813,-0.590935174,-0.599078187,-0.244410246,0.57175991,-0.084933702,0.716203448,-0.654553238,1.81618628,-1.441283101,-0.881470012,0.01870089,0.018655382,0.95826393,3.1635154e-05,5.221242e-05,0.977765,0.9126675,0.9291914,0.98750025,0.9259851,3.1858952e-05,0.024834106,0.020996239,0.024620598,0.9798892,2.5288164e-05,0.9778867,0.042001035,0.923965,0.00028374023,0.015860522,0.00027448923,0.01240357,4.259203e-05,3.8624657e-05,0.041067682,2.6391597e-05,0.00015000194,0.029869871,0.9175502,0.9941222,0.9471442,0.0166092,5.747506e-05,0.9491315,2.8159619e-05,2.5375251e-05,0.016713182,5.103196e-06,0.00012886143,0.00018609068,0.03349821,0.00026279144,2.5002924e-05,0.040129967,1.939675e-05,1.7402364e-05,0.031926475,0.016450552,0.017005177,0.9999671,6.118696e-05,0.00011219365,0.0056988266,1.5517948e-05,6.70797e-05,0.02472096,0.020772235,0.01701248,0.9610037,0.9259314,0.9140802,0.9609272,0.93065554,2.4620183e-05,0.008582101,3.313447e-05,0.00015082922,0.94653803,2.7798826e-05,0.94155073,0.08582566,0.93531185,0.015865846,0.9236426,4.253553e-05,0.031843733,5.5333574e-05,8.196926e-05,0.028200462,2.3744447e-05,0.008184979,0.009473221,0.00020269337,1.8432307e-05,0.037322674,5.1225936e-05,0.93730813,0.07225285,0.940303,9.697123e-05,0.00016205122,0.03228384,4.8797672e-05,4.3730826e-05,0.03370493,2.8206572e-05,0.00826161,0.047267254,7.675426e-05,3.4741464e-05,0.006019116,0.9198501,0.024189156,0.99996805,0.93743384,0.9209086,0.9999157,0.92713344,0.018817963,0.009036576,3.4341705e-05,2.7713777e-05,0.99990714,0.01629471,0.9941854,0.023260633,0.93206114,1.4179053e-05,0.92015886,0.9436016,0.9999628,0.014583258,0.036269575,0.008351895,0.00038896428,0.9441169,0.07323809,0.93635416,0.00030371,0.9573174,0.00045519046,0.933653,0.9212969,0.0858721,0.0002385003,0.030031838,0.035428,0.94016796,0.02500729,0.92163575,7.99412e-05,0.9389327,0.027248655,0.9322438,0.01773124,0.005895192,2.2975288e-05,0.00036203105,0.9999391,0.02198093,0.9936051,0.022539036,0.92979753,8.392166e-05,0.017104989,0.02944537,0.0072985175,8.648893e-05,0.9208445,0.058566216,0.9288028,0.00022621038,0.94427556,1.5726251e-05,0.9296886,0.9605247,0.035443645,0.018694159,0.9244237,0.021398254,2.3175407e-05,1.05237195e-05,0.029330945,0.97441214,0.016625235,0.007664627,0.9637272,0.000637783,0.008200283,0.0064492817,3.37178e-05,0.021865953,1.8956145e-05,0.8923642,5.6217927e-05,1.6622418e-05,0.007415948,0.008146114,2.128866e-05,8.83677e-05,0.006168121,7.3528696e-05,0.0007096765,0.03358227,0.025647199,0.9912512,0.036714323,0.0001269527,2.407897e-05,0.021348879,3.3572065e-05,0.0386313,5.826687e-05,0.04414534,7.860824e-05,0.008887915,0.02193396,0.9331841,0.022182232
-0.624177996,1.487474818,0.359652757,-0.619500743,0.218884236,0.179792666,0.463144161,-0.373662424,-0.27189393,-0.352652882,0.444420903,0.332007004,0.815806207,0.274618512,-0.208783166,0.886799765,-1.103215776,0.462627779,-1.715743891,-0.087548636,-0.36874492,0.07500345,0.06623502,0.96961516,0.00029891418,0.00070355623,0.9497544,0.6265659,0.59020406,0.9365463,0.63916236,0.0003533003,0.3566511,0.059210673,0.063751556,0.9310589,0.00042549844,0.71343994,0.35381418,0.6312794,0.00080092496,0.061058532,0.0020086828,0.15061024,0.00035361975,0.0005906986,0.14975972,0.0007658504,0.000697319,0.12990484,0.6995076,0.80292034,0.98049104,0.06885193,0.00047882894,0.74449384,0.00030573664,0.00039173657,0.1367046,0.0001656144,0.0004804699,0.0007143186,0.34410396,0.0008589743,0.0005342059,0.3144258,0.0003070485,0.0004962152,0.30076426,0.07202197,0.11039466,0.9997744,0.0005658182,0.00042308218,0.246979,0.00018341203,0.00053096004,0.3308002,0.062226307,0.06460769,0.96280354,0.61190706,0.6348154,0.9619736,0.6107501,0.0006368992,0.19834614,0.00029007095,0.0017643018,0.96315986,0.00035484968,0.77980405,0.4190494,0.7356668,0.06307643,0.71906364,0.0006434691,0.3221871,0.00038993737,0.0009853228,0.33950827,0.00031205956,0.014223991,0.20384681,0.0018130583,0.00035042473,0.31510663,0.000291252,0.713706,0.38297948,0.7640813,0.001015374,0.00090925395,0.3557925,0.00043378526,0.00023288238,0.34225816,0.00027796207,0.018602936,0.3417735,0.00053818745,0.00034384863,0.23273776,0.7660797,0.06971934,0.9995266,0.7128886,0.7240228,0.9995889,0.7497318,0.07056007,0.17959543,0.00053423614,0.000623391,0.9995302,0.08216891,0.8192108,0.35251525,0.6033744,0.0002988099,0.7846774,0.7572731,0.99917716,0.07966412,0.022832735,0.23138398,0.0009376344,0.74572736,0.39484626,0.72879106,0.0014627763,0.9626838,0.0022565115,0.6740713,0.71271116,0.34551522,0.0010962668,0.016050017,0.32246134,0.71146405,0.070586056,0.81408376,0.00041544545,0.59445083,0.35264787,0.73069185,0.059046548,0.19762099,0.00030434103,0.002143798,0.99970275,0.07659209,0.76589,0.31505802,0.5791292,0.00072435965,0.06495441,0.021734998,0.2419547,0.00060725614,0.75038636,0.37640393,0.71403193,0.0010880874,0.968597,0.00033921914,0.60059416,0.4446627,0.30111772,0.056410737,0.74848884,0.32236037,0.00034691938,0.00021182718,0.33066502,0.9020664,0.09382638,0.23951915,0.4529075,0.0020894741,0.23806909,0.017436193,0.0003632493,0.09362152,0.00034532594,0.79633576,0.00045453987,0.00031883863,0.1897906,0.013940941,0.0005451852,0.00070885586,0.20686093,0.0010480953,0.002114081,0.34123623,0.071209475,0.81971467,0.3272466,0.0007434931,0.00047057515,0.071652584,0.00030232593,0.30764565,0.0004146407,0.13975729,0.0004687434,0.23075143,0.045026552,0.68089974,0.071008764
1.510225972,-0.124493916,0.600116397,1.194055001,0.772547363,0.790510274,-1.600162577,-1.09855394,-0.849287066,1.515969827,0.973459634,0.641900888,-0.935374045,-0.599967841,0.008758779,-0.659157287,0.638441579,-0.729252157,0.659833659,1.590262786,-0.080241075,0.0065048584,0.004529079,0.99387,3.2404062e-06,6.837382e-06,0.9919544,0.8323267,0.8424071,0.9928556,0.8254466,4.141066e-06,0.009788894,0.0045991717,0.0039799064,0.9945674,4.3788236e-06,0.99087685,0.09004311,0.8387045,2.4314775e-05,0.00482205,1.9823383e-05,0.001970345,5.1718075e-06,1.0561554e-05,0.0046791923,1.1340085e-05,7.843621e-06,0.0049502333,0.8478837,0.9984236,0.99575496,0.006589831,7.007753e-06,0.7665456,4.882362e-06,4.0331856e-06,0.0022101938,1.3625124e-06,1.4558271e-05,1.1814846e-05,0.09971839,2.770836e-05,4.336725e-06,0.11813301,4.954374e-06,3.78971e-06,0.11106059,0.005678219,0.01964688,0.9999958,3.1234242e-06,1.3959497e-05,0.0018071515,1.0440652e-06,5.644773e-06,0.12454764,0.006184746,0.008385852,0.9936737,0.82272977,0.84598315,0.9948212,0.8480057,7.142207e-06,0.0014001528,2.5792249e-06,3.3445045e-05,0.9955356,5.19855e-06,0.9916686,0.18589725,0.8944385,0.006011489,0.89484286,8.002036e-06,0.13835949,1.1433778e-05,1.2307185e-05,0.11133242,3.9474e-06,0.0013842151,0.0017278806,1.836001e-05,4.1258695e-06,0.11527815,4.7040535e-06,0.84878516,0.15391251,0.8761749,1.12397165e-05,8.991562e-06,0.11757317,8.19286e-06,5.0913545e-06,0.11517312,5.813662e-06,0.0014319761,0.119962186,5.268513e-06,3.3862302e-06,0.002335985,0.89563894,0.0041689947,0.99999213,0.8790419,0.881781,0.99999464,0.8929772,0.008658431,0.0027469557,6.117198e-06,3.9340207e-06,0.9999933,0.0057310397,0.9971161,0.11730737,0.8389148,2.2656895e-06,0.86747533,0.88551813,0.9999931,0.0070650764,0.0043976507,0.002251841,1.8357032e-05,0.89545697,0.19998762,0.8832136,2.4642288e-05,0.9953153,2.0433097e-05,0.9134217,0.90270525,0.16377002,1.4228848e-05,0.0056636455,0.11749698,0.8689611,0.0048513063,0.78124565,6.5788345e-06,0.8503739,0.15880945,0.8968507,0.005130189,0.0017319277,4.849304e-06,4.7649784e-05,0.99999034,0.0077696773,0.9977028,0.12642002,0.81869566,5.417061e-06,0.005071618,0.0059520057,0.0015982533,4.9648224e-06,0.86799407,0.13861604,0.8887678,1.974642e-05,0.9946814,3.0805152e-06,0.81587094,0.81414664,0.10970512,0.007948786,0.8771354,0.0071328874,4.276989e-06,1.6776054e-06,0.11416369,0.9959245,0.006051576,0.0017580554,0.837367,4.560354e-05,0.0021273124,0.0016659334,3.731654e-06,0.02122698,2.4316778e-06,0.74376935,3.930166e-06,3.97282e-06,0.0023467937,0.0011460655,8.09119e-06,6.260758e-06,0.0016190931,5.263672e-06,2.0220758e-05,0.090951696,0.004823897,0.9982299,0.1197747,1.4168239e-05,6.4928886e-06,0.0038275733,4.3260843e-06,0.11984238,9.9699655e-06,0.22032025,8.266911e-06,0.0018233965,0.006101051,0.86778134,0.004091556
-1.510392508,0.842687325,-0.361738165,-0.631473665,0.029683586,0.063812079,0.950198446,0.21631639,0.213231617,-0.99476462,-0.185255069,-0.158270206,0.055279002,-0.641995849,-0.645808424,0.778629371,-1.526334708,-0.368131618,-0.506451854,-0.169070195,-0.02384897,0.030665724,0.02293956,0.9859049,6.821075e-05,0.00020731184,0.98115313,0.4706518,0.422421,0.97443974,0.45589402,0.00013387357,0.039048344,0.03473245,0.028022492,0.9566292,9.8407094e-05,0.9756001,0.44352752,0.49362198,0.00033878235,0.021362137,0.00026831217,0.035137918,0.00011274459,0.0001817488,0.045244608,0.00022714687,0.00015074151,0.045346573,0.4993068,0.9906156,0.9623532,0.032372117,0.00013718566,0.45734155,0.00013699324,0.00011618516,0.035081994,5.1468713e-05,9.732511e-05,0.00010763615,0.4671229,0.00022810484,0.00011227177,0.44781974,7.6976205e-05,0.00010410338,0.45199922,0.026827807,0.06966294,0.9998846,0.00014333337,0.0002139412,0.011269687,8.07874e-05,0.0002492551,0.46191895,0.026547933,0.020223077,0.9788533,0.51046926,0.49062005,0.98170483,0.44043976,0.00010899414,0.013992885,9.221689e-05,0.0002839984,0.9795593,0.00011939143,0.9598513,0.50051075,0.5037404,0.02371197,0.5531772,9.773982e-05,0.5044786,0.0001708301,0.00018033088,0.5035181,7.0675116e-05,0.021747872,0.014698046,0.00029569454,0.00011300258,0.4771874,6.0379887e-05,0.5297888,0.51397353,0.5233413,0.00023143936,0.00016607775,0.5354959,0.00014709056,6.755693e-05,0.5037553,0.00012823017,0.024362799,0.47505578,6.127513e-05,6.947578e-05,0.013696239,0.5704041,0.019046716,0.9998485,0.56361026,0.5143806,0.9999194,0.5456464,0.02920244,0.016705597,0.00020129012,0.00014060877,0.9998652,0.033618703,0.9872629,0.49051467,0.53806937,6.513777e-05,0.5865007,0.48097736,0.99989474,0.041161817,0.032855656,0.0113197565,0.00023537246,0.46037263,0.51973325,0.50070584,0.0002475992,0.9785463,0.0003435233,0.5050394,0.55242175,0.43763414,0.00016890961,0.03771502,0.46379018,0.55945104,0.025359953,0.53152305,0.00012418296,0.47866932,0.5048358,0.45907182,0.030651355,0.014482141,7.635174e-05,0.0005619729,0.9998822,0.021078888,0.98638713,0.50180435,0.4600857,0.00018904533,0.0357312,0.037949275,0.011307707,0.00012279196,0.5505538,0.6112458,0.5036347,0.00027373628,0.98174906,6.670527e-05,0.47411066,0.40320083,0.43932915,0.030451162,0.5673061,0.03240219,0.00013592704,5.481588e-05,0.44558406,0.96095264,0.030539216,0.013834499,0.39941892,0.0005976318,0.011003624,0.036819752,0.00016848928,0.07058837,6.349996e-05,0.51442766,8.09319e-05,9.601154e-05,0.009454233,0.029995384,0.00014569063,0.0002554817,0.014813072,0.0001786736,0.000494545,0.47129574,0.029271936,0.98520064,0.4182159,0.00020920658,0.0001472372,0.031403307,8.3977946e-05,0.47097567,9.6378644e-05,0.48271823,0.00014537977,0.015736282,0.020773448,0.5247813,0.023895308
1.722418179,-0.0376956,-0.602201806,0.660702055,0.333080196,0.297645444,-1.181701396,-0.801763795,-0.879174127,1.252934321,0.83473541,0.9115571,0.184433322,0.557661177,0.626769381,-0.11210861,0.839548309,0.278377004,0.19855895,-0.771179972,0.227228768,0.0006550592,0.00038470136,0.9970697,2.403437e-07,4.3690363e-07,0.9990313,0.7141526,0.7180315,0.9991596,0.72875434,2.465638e-07,0.00470048,0.0004397815,0.00037581334,0.999393,2.5750342e-07,0.9962102,0.1869952,0.712189,1.9178153e-06,0.0005025585,1.6332659e-06,0.0033815873,4.7572885e-07,6.310989e-07,0.010024705,6.398926e-07,5.2063604e-07,0.00944367,0.77092,0.99876773,0.9921536,0.0006695715,4.6386515e-07,0.82384384,3.2053754e-07,2.3198581e-07,0.004383181,1.08112395e-07,9.500451e-07,8.3922225e-07,0.16627003,1.6845344e-06,4.3403102e-07,0.20888738,2.830693e-07,2.1269668e-07,0.22972773,0.00054766715,0.02021333,0.99999976,2.3495264e-07,6.2891917e-07,0.0011528005,7.014668e-08,2.8623728e-07,0.23242451,0.00076164224,0.0010895691,0.99686,0.725738,0.703964,0.99768364,0.717653,5.018506e-07,0.0009598708,1.8829473e-07,2.5136885e-06,0.9979802,4.6224093e-07,0.99504626,0.3575462,0.7600504,0.00071617233,0.77394164,4.284123e-07,0.26583865,8.612665e-07,9.704577e-07,0.2164799,2.1674596e-07,0.0031063391,0.0011343965,8.267757e-07,2.9241664e-07,0.24488771,2.8831946e-07,0.67336214,0.26309735,0.75234485,9.0779474e-07,3.69149e-07,0.1972944,7.926683e-07,4.5781866e-07,0.22636378,3.361262e-07,0.0031334206,0.19775756,2.1943185e-07,2.9793162e-07,0.0014501812,0.73258525,0.0005136279,0.99999964,0.78042245,0.72226465,0.99999976,0.7884294,0.001148406,0.001981236,3.076732e-07,2.1752892e-07,0.9999995,0.00045633962,0.9978108,0.21153772,0.7195777,1.3378519e-07,0.6709261,0.7396681,0.9999994,0.0006852066,0.009757422,0.0018798135,1.5264449e-06,0.7781339,0.3251418,0.74698037,1.5506616e-06,0.99725026,1.3003516e-06,0.8257176,0.79626155,0.27977347,7.608412e-07,0.01355013,0.2552389,0.68393046,0.0005111541,0.66451067,5.69734e-07,0.76714754,0.281526,0.7903627,0.00046560724,0.0016205367,3.1094953e-07,3.4423808e-06,0.9999993,0.000977694,0.9982255,0.20385541,0.72497344,2.9093985e-07,0.000539052,0.011024873,0.0011424039,2.6606614e-07,0.704564,0.23919576,0.7794148,1.2586733e-06,0.9973538,2.0843679e-07,0.7045065,0.86013573,0.20083171,0.00083546876,0.704618,0.0030366757,2.2400144e-07,1.1813768e-07,0.25604457,0.9893415,0.0005376621,0.0012677092,0.8926733,2.6721732e-06,0.0017542695,0.0031639242,2.1265186e-07,0.021082759,1.5958406e-07,0.6720047,2.7932944e-07,3.0271542e-07,0.0017022046,0.0025216304,3.8525516e-07,3.0520667e-07,0.0010649373,3.657363e-07,1.0188161e-06,0.15665138,0.00049084006,0.9986324,0.24499954,1.0546399e-06,3.5918464e-07,0.0003481164,2.48757e-07,0.23728265,4.9590074e-07,0.29534703,5.662662e-07,0.0015360235,0.0006910866,0.7059344,0.00039149786
-0.973671043,-1.674463853,0.720348217,0.586748561,0.553524429,0.506146948,0.106399394,0.265798129,0.002724753,-0.119168901,-0.297429517,0.000523586,0.588575631,0.257085564,-1.612354567,-1.142277548,-0.66638016,1.324530428,-0.362970946,0.694411341,-0.508891738,0.015890457,0.015947774,0.9763313,9.431627e-05,0.00019920287,0.98369455,0.92915815,0.93164563,0.9868167,0.9269627,0.00010891291,0.023082541,0.016331822,0.014538469,0.98287857,9.077019e-05,0.97773504,0.062293142,0.9328213,0.00060967996,0.014003336,0.0007391875,0.021292519,0.00012945247,0.00014725361,0.036237802,9.7710465e-05,0.0003975658,0.03404914,0.9185368,0.9889665,0.9700327,0.01655317,0.00017283636,0.93324405,8.5235806e-05,7.4661315e-05,0.027472883,2.5152442e-05,0.00035318747,0.00044224292,0.07156934,0.00095430383,8.010267e-05,0.056475095,5.92643e-05,4.9354443e-05,0.064739615,0.014095876,0.02303597,0.999915,0.00021983199,0.0003174074,0.0112330895,3.5172267e-05,0.00020968365,0.059255842,0.018655341,0.017178431,0.97860193,0.931824,0.91777426,0.97708344,0.93328464,7.720925e-05,0.014240949,8.4549894e-05,0.00044366735,0.98026145,8.818275e-05,0.9669626,0.075647086,0.9313376,0.015853692,0.9165019,0.00017072832,0.06721803,0.00018992141,0.0002439647,0.050687373,8.0583195e-05,0.01719599,0.011860087,0.00051814393,6.127502e-05,0.06857723,0.00012631825,0.9297358,0.06027614,0.9403137,0.0003011367,0.0006876024,0.061171476,0.00019008263,0.00012292528,0.04909397,0.0001157605,0.01594294,0.07434151,0.00023817651,9.269466e-05,0.01245946,0.907117,0.018190863,0.99986947,0.93031836,0.9349103,0.9998276,0.91729784,0.015263501,0.015059792,0.0001515707,0.00010679995,0.9997973,0.013286209,0.98838323,0.06448815,0.92581695,4.940888e-05,0.92645824,0.9309626,0.9998661,0.014933318,0.028995212,0.012932051,0.0006922223,0.93965536,0.070579626,0.93463945,0.00077892654,0.9796769,0.0011949338,0.92830414,0.92564595,0.06646731,0.00054570456,0.02532718,0.059741236,0.9237861,0.014334417,0.8924307,0.00027060581,0.9355377,0.06161667,0.9339665,0.015813679,0.010198556,6.452572e-05,0.0010363666,0.99981457,0.018052714,0.9874165,0.055226497,0.934971,0.00023291545,0.010890368,0.03292019,0.014215856,0.00018935652,0.9253242,0.05710068,0.92414886,0.0005205706,0.9786446,5.173207e-05,0.93311256,0.9309397,0.047527976,0.014169196,0.92468953,0.022030061,7.16183e-05,5.024573e-05,0.06927466,0.9666912,0.014900483,0.012356614,0.93418825,0.0013855809,0.013728549,0.0136612225,7.394892e-05,0.03233629,6.023151e-05,0.87813556,0.00018848269,5.94431e-05,0.01358948,0.014695699,0.00015015621,0.00024125764,0.011716253,0.00017746215,0.0013271581,0.06303448,0.019564623,0.9855099,0.06957003,0.0002865198,9.955424e-05,0.012266808,9.946012e-05,0.053544316,0.00017712118,0.08986533,0.00021463157,0.014691377,0.014575762,0.91185546,0.014560934
-0.624177996,-0.124493916,-1.203360907,-0.477756236,-1.010873863,-0.97660752,0.601444427,1.003234705,1.104817466,-0.655106249,-1.072889031,-1.205829675,-0.386441644,0.347551238,1.109812989,-0.312435942,1.572121113,-0.278984162,1.961112937,-1.310027522,1.030050956,0.007872698,0.0040757935,0.97554386,7.4431396e-06,2.2425875e-05,0.990892,0.94457763,0.95588523,0.99360657,0.9481339,1.046619e-05,0.0063644424,0.009235408,0.009681018,0.99219817,7.2035805e-06,0.9944364,0.018100204,0.941222,0.00010559519,0.0070247687,8.674498e-05,0.0049537504,1.2535087e-05,2.1930515e-05,0.016695073,7.632447e-06,2.5027997e-05,0.015944047,0.9465393,0.99880767,0.9630708,0.0067490796,2.1779617e-05,0.9728,1.2161206e-05,6.647318e-06,0.005302765,2.0853452e-06,4.8889942e-05,4.8978323e-05,0.021207428,0.00011355141,6.7020164e-06,0.0149579095,5.2410714e-06,4.6639534e-06,0.022329606,0.008844901,0.015390469,0.9999869,2.9700346e-05,5.1148618e-05,0.0009104264,5.6614695e-06,2.1122692e-05,0.01715314,0.0063276025,0.0058234264,0.9775597,0.9516984,0.94827354,0.9789507,0.9585929,5.6746317e-06,0.0012153711,8.985836e-06,5.768344e-05,0.96637547,1.4896799e-05,0.97937095,0.055487946,0.94699645,0.0061222096,0.95490354,1.2229684e-05,0.01779807,2.559691e-05,2.3236398e-05,0.018750079,5.650816e-06,0.0065181716,0.0018002859,5.8615857e-05,6.582977e-06,0.019385962,1.1468001e-05,0.95850396,0.05671391,0.9591204,4.832656e-05,4.5230765e-05,0.021913106,2.1566197e-05,1.4526443e-05,0.021681488,9.236181e-06,0.0058993264,0.019327128,1.5364272e-05,1.1103412e-05,0.0013126862,0.94777524,0.0069328845,0.9999864,0.95964134,0.9538451,0.9999844,0.95073515,0.007926137,0.0016254808,1.6453976e-05,7.26228e-06,0.9999782,0.0051310994,0.9986786,0.017114852,0.9562163,4.4258154e-06,0.9344632,0.9584366,0.9999883,0.0060851313,0.022894097,0.0014040411,0.00012447484,0.9564339,0.051544853,0.9595317,0.00012505434,0.9793729,0.0001048105,0.96466434,0.94602907,0.049367536,7.877724e-05,0.027921682,0.02037602,0.9393052,0.006109752,0.90859294,2.598066e-05,0.9574504,0.01706368,0.95622945,0.009484777,0.0013069946,7.098064e-06,0.00019421945,0.9999707,0.006822294,0.99871016,0.016738173,0.9454894,3.232437e-05,0.0058715977,0.028675651,0.0012149059,2.7379157e-05,0.9549464,0.037967127,0.96567196,8.509012e-05,0.97527766,3.3273918e-06,0.95820004,0.9776709,0.019671695,0.00782217,0.95083857,0.0045457794,7.395197e-06,4.7214153e-06,0.018856661,0.9852448,0.0056025935,0.0018285235,0.97910094,0.0002378674,0.0013014129,0.005668389,7.042686e-06,0.014326723,5.486814e-06,0.8866627,1.1323636e-05,5.850013e-06,0.001809229,0.005658913,8.71248e-06,2.7802509e-05,0.001077147,2.2986136e-05,0.00024011779,0.013638984,0.0070103616,0.99816424,0.021160536,5.4619682e-05,7.809376e-06,0.0067403177,1.2255815e-05,0.019628294,1.8169247e-05,0.043736212,2.688833e-05,0.0019012033,0.0080498215,0.9578978,0.008219265
0.748830405,1.623872173,0.359652757,-0.186407298,0.260639728,0.305557197,-0.346675338,-0.887425522,-0.59601473,0.372430561,0.948039155,0.627405279,-1.068964307,-1.356356412,0.17185478,0.88511429,-0.744143809,-1.744295536,-0.033715401,0.242151407,-1.143711623,0.10915705,0.085110925,0.96096295,1.5394604e-06,7.1113163e-06,0.87989414,0.96826005,0.96923435,0.9045441,0.96394944,1.8003141e-06,0.08982498,0.09635314,0.086603396,0.91154,4.508022e-06,0.9080778,0.0026669393,0.9693945,1.1214705e-05,0.134347,4.820826e-05,0.00053479377,3.414641e-06,1.4184328e-05,0.0039011177,4.7130434e-06,8.888096e-06,0.0036018654,0.9676009,0.9974421,0.9996413,0.13065407,2.6444538e-06,0.97360027,1.5534355e-06,1.8563552e-06,0.0006766033,6.143836e-07,1.21168205e-05,6.6808175e-06,0.00186864,1.5270522e-05,1.7385012e-06,0.001773562,3.0808856e-06,2.4045928e-06,0.002246341,0.09449814,0.016029058,0.99999785,1.865954e-06,8.441529e-06,0.0032261484,4.1274097e-07,8.053798e-06,0.0030547816,0.12858438,0.1157342,0.961709,0.96537495,0.96371675,0.9623317,0.96735775,6.082702e-06,0.002579964,9.1438864e-07,4.0637882e-05,0.966549,2.6302257e-06,0.9191069,0.028736994,0.9962553,0.12423739,0.9940322,1.1015304e-05,0.0028545924,3.836145e-06,1.1958835e-05,0.0017845986,2.4418448e-06,1.8417424e-05,0.0053491616,3.7309826e-05,1.8397918e-06,0.002181396,5.650401e-06,0.9939078,0.0345946,0.9950837,8.543999e-06,1.390786e-05,0.0027275027,5.811567e-06,3.8838743e-06,0.003620196,2.8473276e-06,3.0071935e-05,0.0026127582,8.148547e-06,1.1488617e-06,0.003305492,0.99473083,0.13300353,0.9999951,0.99607456,0.995261,0.9999938,0.9946313,0.11302976,0.0054207076,4.1773233e-06,4.6342257e-06,0.9999951,0.09677492,0.99482983,0.0017665589,0.9723326,1.6893929e-06,0.9929055,0.9953589,0.99999595,0.10466422,0.0003799972,0.004429898,2.1950307e-05,0.9943487,0.04080658,0.99537694,3.2271484e-05,0.95367473,2.5993051e-05,0.99544084,0.99509627,0.03049227,4.9887927e-05,0.0002943812,0.0028001505,0.9935662,0.11207566,0.99528706,3.0266483e-06,0.976304,0.0020135485,0.99560946,0.08347473,0.004831317,2.5879172e-06,6.392983e-05,0.99999416,0.115820035,0.9955878,0.0024084134,0.9682074,5.964176e-06,0.085119285,0.0006556507,0.004581474,5.26897e-06,0.9962824,0.023289982,0.9959181,2.0195723e-05,0.96110266,4.2192146e-06,0.9760597,0.9520786,0.0029920535,0.11931133,0.994517,0.09707453,2.2136862e-06,1.3403351e-06,0.0024418135,0.996561,0.09355536,0.0041807233,0.94388205,5.3258922e-05,0.0049773646,2.582292e-05,2.351558e-06,0.014255817,2.0374969e-06,0.97179216,3.9522174e-06,2.3890723e-06,0.004636491,1.4517925e-05,6.294715e-06,3.8660514e-06,0.002967193,7.972657e-06,3.8763254e-05,0.0017782823,0.10451692,0.9969261,0.003440534,8.094802e-06,5.058579e-06,0.09512041,4.33687e-06,0.002591736,7.228885e-06,0.0024296378,3.4900306e-06,0.004241867,0.116551645,0.9956721,0.11056809
-0.49935905,0.197899831,-0.481969985,0.615479442,0.550088314,0.432797297,-0.200532461,-0.232788222,-0.563891361,0.222387517,0.256710551,0.642205372,1.15758624,1.403651475,-0.328081806,-0.977797609,0.662672539,1.899637356,-1.33570171,1.186092883,-0.340771739,0.0005301903,0.00037712094,0.99206066,2.0528585e-06,1.7056578e-06,0.9995493,0.0015199779,0.0013361997,0.99934894,0.00092244823,6.5502873e-06,0.15215129,0.00039316723,0.00041069603,0.9996044,2.6708558e-06,0.86373186,0.99931204,0.00092461193,5.571725e-06,0.00060990365,2.3987936e-06,0.63214964,1.0228366e-05,3.977487e-06,0.6299915,1.033413e-05,4.088721e-06,0.6557881,0.001370578,0.81238383,0.49643314,0.00054455886,5.344676e-06,0.4533678,6.4824017e-06,8.964702e-06,0.61357224,6.301893e-06,1.6485343e-06,3.4884365e-06,0.9988166,3.3002357e-06,1.4299558e-05,0.99864227,5.8601254e-06,3.7214434e-06,0.9989347,0.00048755357,0.43540442,0.9999963,3.1195095e-06,3.099165e-06,0.19303603,4.5238276e-06,3.6237968e-06,0.9989071,0.00063975976,0.000745707,0.99280643,0.0008878219,0.0012177635,0.9918846,0.00093269465,8.715787e-06,0.18560708,7.3336178e-06,2.8799789e-06,0.99171185,8.256456e-06,0.82180554,0.9986438,0.0010285127,0.0006313256,0.00079852564,1.8931308e-06,0.99842983,5.7476086e-06,4.8531256e-06,0.9983871,2.442772e-06,0.50024533,0.17649761,1.1638517e-06,5.0031176e-06,0.99893135,4.3815558e-06,0.0008888367,0.998944,0.00093318266,6.9989906e-06,4.1042983e-07,0.99835664,8.685104e-06,5.118637e-06,0.9990676,3.0878743e-06,0.5056948,0.9985024,9.797083e-07,6.2944273e-06,0.16311653,0.0010480473,0.00044522563,0.9999976,0.00077205175,0.0006515358,0.99999785,0.00058762473,0.00048968085,0.16854222,3.0581782e-06,5.102997e-06,0.9999944,0.00021495474,0.8068624,0.9989938,0.0008779725,3.8201397e-06,0.0005681905,0.0010954719,0.99999356,0.0003420364,0.50771093,0.18139586,6.949705e-06,0.0011506447,0.99862826,0.0012765153,1.985987e-06,0.99271905,4.3956725e-06,0.0008663858,0.0008918568,0.9992053,1.1432777e-06,0.47200772,0.99922955,0.0006755814,0.00041647046,0.07106168,1.0661974e-05,0.0015551065,0.9984755,0.0010422568,0.00037221765,0.17263263,3.963352e-06,4.2720485e-06,0.99999404,0.00068543025,0.8366567,0.99862623,0.001184799,1.4487292e-06,0.00038901955,0.47385147,0.20748354,2.4069332e-06,0.0008269582,0.9977088,0.0013525975,4.7963244e-06,0.9905185,3.5121975e-06,0.0014948046,0.27264902,0.9986821,0.00044651472,0.0010272092,0.14681932,3.8825488e-06,5.6899567e-06,0.9987081,0.33658868,0.00046438034,0.19082944,0.30523568,5.927873e-06,0.18547685,0.5072948,5.919637e-06,0.3712899,2.0567463e-06,0.08095349,3.4158722e-06,6.157854e-06,0.15898341,0.49523738,5.521211e-06,4.030994e-06,0.18128052,1.9780216e-06,8.523975e-07,0.99881184,0.0006818894,0.81105083,0.9988739,6.2930826e-06,3.4786428e-06,0.00031054686,2.8470397e-06,0.9987606,1.5282787e-06,0.9228787,5.7956436e-06,0.14824316,0.00054872106,0.0009285237,0.00049441657
-8.33e-05,-1.327270587,2.018851876,-1.070158731,-1.562978221,-1.469441519,1.113847927,1.684702771,1.715564878,-1.164932996,-1.730299981,-1.749401216,-0.484747954,-0.207718425,0.926428869,0.477708417,0.55765187,-0.833430762,0.349604396,-0.277828485,0.941933145,1.7123439e-05,1.04994115e-05,0.9991897,9.240942e-08,4.7632756e-08,0.9999801,0.00022191158,0.00041826366,0.99998736,0.0004614919,9.07601e-08,0.022799853,8.548417e-06,3.826409e-05,0.99998534,4.0761112e-08,0.9763752,0.9994684,0.0003004496,2.8452595e-07,3.7154237e-05,1.5619251e-07,0.32664046,4.7008378e-08,5.979833e-08,0.3244206,8.636699e-07,8.2240206e-08,0.2640102,0.00032011358,0.9846987,0.81062305,2.2090102e-05,1.8844834e-07,0.31881845,1.8384644e-07,9.16213e-07,0.35426936,2.3406788e-07,9.3542596e-08,2.5309689e-07,0.9991899,1.3778211e-07,2.599372e-07,0.999624,4.143797e-07,1.5206197e-07,0.99947554,8.662645e-06,0.3324236,0.99999964,1.352675e-07,2.92338e-07,0.021130685,2.9003095e-07,9.038317e-08,0.9993844,8.048132e-06,9.2942855e-06,0.9994191,0.00064258534,0.00056032074,0.99963796,0.00025197305,3.9576418e-07,0.027520914,1.6439483e-07,1.7285804e-07,0.9993955,1.2807651e-07,0.98371613,0.9995989,0.0005123377,1.153337e-05,0.000707074,9.462287e-08,0.9989569,1.3994573e-07,1.4858438e-07,0.99895513,1.16984085e-08,0.30010155,0.030692978,9.480533e-08,2.753111e-07,0.9995778,1.12476364e-07,0.00050025,0.9995084,0.00033807868,3.0906833e-07,1.4160372e-07,0.9992888,1.3494511e-07,2.2795096e-07,0.9995977,1.0353669e-07,0.2822386,0.9996394,1.3351905e-07,1.055691e-07,0.022372201,0.0003536076,1.599518e-05,0.9999999,0.00054430927,0.00065431424,0.99999964,0.0005104681,1.6801938e-05,0.020934407,1.1405427e-07,6.1791106e-08,0.9999994,3.930711e-05,0.9774599,0.99940336,0.00053332874,2.8300667e-07,0.00025819492,0.0007561611,0.9999999,1.3993939e-05,0.17455769,0.014056819,5.028835e-07,0.0007517866,0.99945897,0.0003505427,3.3713488e-07,0.9996587,3.559577e-07,0.00088714616,0.00034153427,0.9996215,5.3047753e-08,0.17587243,0.99938786,0.0005843669,1.3236778e-05,0.0101159625,7.920254e-08,0.00041292247,0.9995353,0.0007267389,1.7172122e-05,0.022542326,2.6746946e-07,3.8661955e-07,0.99999964,2.5613881e-05,0.9739541,0.9993568,0.00048777135,5.3836084e-07,1.1358559e-05,0.23991743,0.018057272,6.0704465e-08,0.00093268714,0.9995869,0.00038333584,7.408033e-07,0.9995309,4.9343065e-08,0.00041237648,0.24481705,0.9993838,1.0848191e-05,0.00039932388,0.030594748,4.3885797e-07,1.2231605e-07,0.99959534,0.7478858,9.021168e-06,0.024205774,0.18205379,4.3593926e-07,0.02838698,0.29459694,6.313012e-08,0.37473586,4.7443805e-08,0.011721136,9.5189094e-08,6.5805835e-07,0.04087662,0.27548528,3.1446493e-07,1.5201746e-07,0.019392155,3.6352534e-07,5.014028e-07,0.9994592,4.4902713e-06,0.98278135,0.9991536,2.9437527e-07,3.9686023e-07,2.968531e-05,9.650221e-08,0.9994568,2.1366604e-07,0.98979527,5.868828e-07,0.02100821,2.9681376e-05,0.00043035232,3.0210307e-05
0.249554623,0.619491654,-1.419778183,-0.236808669,0.523985622,0.482916799,-0.000241829,-0.62001288,-0.512468737,0.003804603,0.628354826,0.490645909,0.756227929,0.033649464,-0.450543539,1.010526439,-1.508073549,0.324049461,-0.538476067,-0.567491224,-0.793123789,0.008110338,0.008356344,0.9797845,6.112312e-06,1.0130609e-05,0.99193597,0.004578065,0.0034798821,0.98937154,0.002560425,1.4461574e-05,0.3996563,0.0074668326,0.0095657585,0.9924601,7.302589e-06,0.5674545,0.9959853,0.0033046643,1.092283e-05,0.01078415,6.7653077e-06,0.62105656,2.8999248e-05,1.2151907e-05,0.6147604,1.9097839e-05,1.3964449e-05,0.63937354,0.0030971738,0.637417,0.8138175,0.009437306,6.812246e-06,0.3986743,9.072892e-06,1.5999207e-05,0.6442319,8.541979e-06,3.3122046e-06,5.0121625e-06,0.9949043,6.5275012e-06,2.7316775e-05,0.9935161,1.5324791e-05,8.507314e-06,0.99458826,0.007025055,0.31659892,0.9999919,9.119049e-06,6.3358866e-06,0.3636639,1.135543e-05,1.5068657e-05,0.9944372,0.010044752,0.0115376515,0.97179145,0.0032121378,0.0035527388,0.97143507,0.0026672385,1.3017925e-05,0.39156008,1.2358039e-05,1.1576455e-05,0.96903783,1.1486039e-05,0.6501954,0.9969092,0.0043686787,0.0109729925,0.004492277,4.894096e-06,0.99361926,9.423278e-06,1.8081473e-05,0.9946214,8.315294e-06,0.15376547,0.39224318,6.606511e-06,1.1186314e-05,0.99532986,1.169481e-05,0.00516878,0.99689937,0.0047972836,1.4576706e-05,1.5116785e-06,0.9919676,1.4702959e-05,9.027115e-06,0.9953453,5.6243107e-06,0.17458202,0.99347186,2.0787293e-06,8.2329e-06,0.34154904,0.00488817,0.007930731,0.99999523,0.005763041,0.0047152084,0.99999297,0.003038888,0.011641972,0.38267416,8.322767e-06,1.9092595e-05,0.9999876,0.0058616498,0.63500416,0.9953381,0.0029667711,7.3947313e-06,0.004205787,0.0056946804,0.99998903,0.008370893,0.14916684,0.36741322,1.4906746e-05,0.0048810495,0.995717,0.005727332,6.927736e-06,0.9689274,1.3639381e-05,0.0063669635,0.0038205672,0.9975011,6.464079e-06,0.14181407,0.9948165,0.0043288623,0.00932522,0.25036627,2.076425e-05,0.0046004183,0.993491,0.005957792,0.0067899516,0.3569409,5.0937147e-06,1.1620567e-05,0.9999902,0.012084168,0.66219854,0.9934186,0.0032173374,6.5817712e-06,0.00927695,0.11887501,0.39691368,7.703599e-06,0.005379432,0.99652725,0.006584502,1.0976044e-05,0.97303253,9.075851e-06,0.004500274,0.119736955,0.99411774,0.0075585716,0.005831039,0.40051433,7.1353306e-06,9.574566e-06,0.99384755,0.37041318,0.007098119,0.37860742,0.11423208,1.3697674e-05,0.3657687,0.17226127,1.7631994e-05,0.31859982,6.247833e-06,0.1879569,6.7792e-06,1.2509531e-05,0.32630047,0.1542439,1.4754761e-05,1.0818962e-05,0.3515275,8.529597e-06,5.2190953e-06,0.9939955,0.011525075,0.6549568,0.99461657,1.4782253e-05,6.7426863e-06,0.008844111,9.542952e-06,0.99470973,5.4470033e-06,0.79529524,8.896865e-06,0.3913571,0.012155584,0.0069093457,0.00910173
0.424301146,1.94626592,-0.914804538,-0.008512864,-0.038908796,-0.043646862,-0.301891804,-0.629354234,-0.671649017,0.340647556,0.701674328,0.764139795,0.089490733,0.539655748,0.995886686,0.144620772,0.998601957,0.02442802,-0.522129272,-1.542533485,1.03622218,0.03887402,0.025698744,0.9777688,6.594379e-07,3.588348e-06,0.9548839,0.976045,0.97780126,0.9591756,0.9747697,7.164291e-07,0.051704302,0.03005125,0.028463291,0.9686007,1.4818265e-06,0.95348865,0.0028770864,0.977079,5.3914873e-06,0.036427263,1.9482937e-05,0.0007974458,1.4639428e-06,5.087302e-06,0.005829318,1.4187154e-06,3.3856813e-06,0.004533841,0.9781892,0.9977215,0.99946314,0.04750243,1.019405e-06,0.9828545,5.066817e-07,5.971775e-07,0.0011175653,1.8888358e-07,5.042386e-06,3.3419158e-06,0.0023539248,8.097991e-06,8.395985e-07,0.0018046373,8.9099905e-07,6.081235e-07,0.0030355284,0.03244726,0.012860751,0.9999993,9.968643e-07,3.2550872e-06,0.0023957756,1.4647121e-07,2.406979e-06,0.003531244,0.042074926,0.043982487,0.9762047,0.97819376,0.97360253,0.9795843,0.9762379,1.5235216e-06,0.0020332334,3.880924e-07,1.984487e-05,0.98299825,1.2165601e-06,0.9543296,0.024627985,0.99551684,0.046138395,0.99357396,2.9689797e-06,0.0031947736,1.680071e-06,4.454423e-06,0.0020728598,7.724078e-07,5.0641043e-05,0.0036820655,1.444378e-05,6.3357317e-07,0.0031226063,1.6481854e-06,0.99372584,0.02199081,0.9947619,3.9642478e-06,5.3419294e-06,0.0028427124,2.7661908e-06,1.4604204e-06,0.0035393103,9.2950137e-07,6.319562e-05,0.002840136,2.7413944e-06,5.2061125e-07,0.002755195,0.9942356,0.04158601,0.99999845,0.9951977,0.9954255,0.99999785,0.9950787,0.04872409,0.003886023,1.4443231e-06,1.5084411e-06,0.99999833,0.034432285,0.9955272,0.002070214,0.9760854,5.442655e-07,0.99195576,0.9948656,0.99999845,0.036321197,0.000639185,0.0039111697,1.1619392e-05,0.99451244,0.028418036,0.9952987,1.7105403e-05,0.97502875,1.4156705e-05,0.9959324,0.99437696,0.02327527,1.919397e-05,0.00056461606,0.0032019962,0.99281836,0.032075915,0.9922714,1.6799812e-06,0.98121107,0.002697219,0.9959538,0.025544476,0.0037204605,6.934168e-07,3.3867356e-05,0.9999976,0.050724097,0.9959858,0.0030299372,0.9785437,2.5747938e-06,0.022944648,0.0009381554,0.0038300848,1.9213633e-06,0.9951918,0.019561052,0.99547595,8.512938e-06,0.97924256,1.1059744e-06,0.98137015,0.9648149,0.0032636547,0.04061192,0.9938817,0.04123312,7.1583423e-07,4.8754526e-07,0.0035408442,0.9950106,0.026626455,0.0037931204,0.9627506,2.4644542e-05,0.004568327,5.758039e-05,7.6981115e-07,0.012453335,7.3778637e-07,0.97284317,1.4309364e-06,7.710514e-07,0.004495216,3.5350182e-05,2.2096515e-06,1.2427665e-06,0.002304875,3.1515622e-06,2.126993e-05,0.0018862383,0.030606953,0.9974452,0.0042598103,4.2535107e-06,1.3981075e-06,0.029276358,1.5332947e-06,0.0033124164,2.9744383e-06,0.0035128284,1.4702837e-06,0.0034285414,0.040139396,0.9945381,0.035849094
-2.047113974,-0.955277803,-0.842665446,-0.558412724,-0.583115125,-0.620345838,1.327876321,1.461542849,1.380459584,-1.443637127,-1.565863532,-1.485953257,0.59477848,0.425387906,-0.490106928,-0.224402541,-0.309536561,0.821494983,1.574601038,0.959496262,-0.988932124,0.003901664,0.0038864217,0.9983026,2.7678453e-07,1.5610898e-06,0.9979286,0.97308064,0.96561795,0.997414,0.97306967,8.2629333e-07,0.0016431645,0.0036183281,0.006382754,0.99591947,4.0575034e-07,0.99932253,0.017633144,0.974613,8.056241e-06,0.004314735,4.13657e-06,0.00019170456,9.334464e-07,1.4965225e-06,0.0004966297,4.0310684e-07,2.3876785e-06,0.00037543895,0.964869,0.9999343,0.99856275,0.0029091227,1.0602571e-06,0.9425826,4.6780917e-07,3.6568082e-07,0.0003805555,1.00755685e-07,3.452744e-06,1.326053e-06,0.02196724,1.943052e-05,9.61533e-08,0.014494409,2.7805527e-07,2.6421068e-07,0.017546607,0.0037900673,0.0017405098,0.99999857,4.875146e-07,5.455706e-06,8.9756766e-05,1.896071e-07,1.9429108e-06,0.016295115,0.0039001468,0.0031701324,0.9986609,0.97358894,0.96922016,0.9978563,0.97343045,3.2231173e-07,0.00018086091,2.5590114e-07,3.896351e-06,0.997614,2.8099666e-07,0.9978523,0.03292642,0.97687805,0.0038345759,0.97681355,7.8692887e-07,0.021831615,2.6443909e-06,1.3612462e-06,0.015345889,3.7707582e-07,0.00034968168,0.00022172947,1.4083881e-05,2.5575378e-07,0.022039304,1.2800305e-06,0.9773005,0.031008054,0.9848814,1.7709447e-06,6.706312e-06,0.02112181,7.863025e-07,7.6586355e-07,0.023189254,1.0353122e-06,0.00034143304,0.022251727,1.0103238e-06,3.088126e-07,0.00011134645,0.9447253,0.0029793014,0.99999905,0.9777631,0.9723316,0.99999905,0.9702214,0.004586937,0.00030050575,7.4356797e-07,5.0614466e-07,0.99999774,0.003999526,0.99987566,0.016092557,0.97460043,1.4491725e-07,0.9702795,0.9792128,0.99999976,0.0046192855,0.0008833648,0.00017612873,8.7886865e-06,0.97476643,0.028776217,0.9775514,8.361112e-06,0.9976834,9.830113e-06,0.97707057,0.96900886,0.033936806,8.313462e-06,0.0008212426,0.019363077,0.9703425,0.006248,0.9605314,1.3444726e-06,0.98184675,0.012620408,0.9712,0.004389291,0.00020838557,3.365926e-07,1.6736978e-05,0.99999774,0.002881333,0.99986637,0.010229919,0.9701203,1.5274918e-06,0.004296074,0.00080054003,0.0002087268,1.4001023e-06,0.9782823,0.02014482,0.9811158,4.159911e-06,0.99719006,1.5166847e-07,0.9831293,0.9683745,0.016819458,0.002670367,0.9719588,0.00075946935,6.818212e-07,9.872062e-08,0.013824783,0.99968064,0.001859338,0.0001587347,0.97085,5.2148327e-05,0.00012180375,0.0002038073,5.6747064e-07,0.001975118,1.9151437e-07,0.9246121,4.4426068e-07,4.300759e-07,0.00017215281,0.00027344312,9.2708285e-07,2.0278142e-06,0.00012541583,9.3781773e-07,3.7975053e-05,0.018156493,0.005051361,0.99976796,0.019794676,2.6435284e-06,6.845961e-07,0.0033535135,1.0254425e-06,0.017292526,1.3324701e-06,0.037988197,1.2559059e-06,0.00030967555,0.004530489,0.97846425,0.0035337145
1.684972496,-0.992477081,0.359652757,0.260651105,-0.099994101,0.00521448,-0.659506485,-0.17780957,0.030747219,0.69983585,0.164684792,-0.068912052,-1.272360921,-0.944880186,0.247634301,-0.350497949,0.585516682,-1.295607949,-0.711470108,0.146105971,1.8255101,0.00044736254,0.00070201786,0.9909719,1.4921005e-06,5.713468e-07,0.9994449,0.050405134,0.04273839,0.9996643,0.060065795,1.2136977e-06,0.05010553,0.00028426686,0.00028843863,0.9996113,1.1726421e-06,0.927218,0.9154412,0.04761314,5.264184e-06,0.00032776422,4.391085e-06,0.13351206,1.1311776e-06,6.812206e-07,0.14371648,4.6928203e-06,2.7152348e-06,0.16518533,0.055784546,0.9260505,0.9317457,0.0002691156,3.0924334e-06,0.27887625,1.6897652e-06,2.4459423e-06,0.10057697,9.4521096e-07,2.041239e-06,4.404573e-06,0.9389842,3.6129443e-06,3.0838837e-06,0.9325047,1.8226041e-06,1.7141127e-06,0.9318704,0.00027376605,0.051738203,0.9999988,1.7749552e-06,1.9808192e-06,0.060628977,6.582523e-07,9.63519e-07,0.92337793,0.0004003351,0.00037137832,0.9893762,0.07074862,0.04036159,0.9917196,0.054065652,3.1100692e-06,0.057466675,1.1622744e-06,4.6333776e-06,0.9911397,1.0251648e-06,0.9304818,0.95589453,0.05124291,0.00045620586,0.04611843,1.8555766e-06,0.9249475,1.8060628e-06,3.6175952e-06,0.9256009,3.9742835e-07,0.03931519,0.050278332,2.3105238e-06,1.4855196e-06,0.9386695,8.623679e-07,0.07290701,0.9420719,0.04846136,3.7492646e-06,2.5499978e-06,0.9229096,2.582348e-06,1.5241626e-06,0.9144982,1.2798558e-06,0.03742427,0.9369055,2.895213e-06,2.2114157e-06,0.045593727,0.040893678,0.00045178304,0.99999857,0.05124765,0.05419329,0.99999714,0.05651403,0.000256003,0.04823144,1.2491283e-06,9.755463e-07,0.9999956,0.00040775852,0.93404526,0.90868694,0.04350439,1.1678276e-06,0.060107607,0.05470314,0.9999968,0.0003327873,0.067556165,0.06363599,6.523767e-06,0.06083561,0.9513958,0.062003873,5.691916e-06,0.9934958,8.867658e-06,0.050437313,0.053814553,0.95793444,2.2260667e-06,0.052931517,0.9359511,0.070807226,0.00039023563,0.16396786,1.5091347e-06,0.07157266,0.9265764,0.042043917,0.00031136567,0.050081175,3.1679394e-06,3.812155e-06,0.9999988,0.0006155675,0.9413669,0.927679,0.05614912,1.7691519e-06,0.00029528435,0.053559937,0.05467775,1.1612352e-06,0.039657287,0.94780874,0.0454571,6.459599e-06,0.99129206,1.0135915e-06,0.057755403,0.17942895,0.9246091,0.00039429174,0.049883958,0.06401872,2.1609737e-06,1.1302512e-06,0.9445315,0.84417766,0.00031021482,0.04849641,0.15862367,5.4753355e-06,0.05488263,0.038373508,6.282981e-07,0.036856093,8.70506e-07,0.16987169,2.981396e-06,2.3110285e-06,0.049451187,0.03546063,1.670979e-06,1.6223046e-06,0.054895394,2.6435916e-06,4.0095083e-06,0.9258779,0.00021667354,0.9362039,0.9296514,2.9147134e-06,2.300241e-06,0.00041113063,7.19723e-07,0.9191917,1.4868519e-06,0.81054765,3.0082088e-06,0.05694218,0.00046865788,0.046103597,0.00034700407
-0.686587468,0.867486844,0.864626402,-1.213360091,-0.206774238,-0.274976815,1.190516685,0.308751941,0.146291757,-1.187464462,-0.229640838,-0.013780303,1.680615142,0.636187779,-0.124823844,2.019466458,-2.117882652,0.845966271,-0.486169437,-0.877442908,-1.673307202,0.00016541932,0.00011090955,0.9943889,1.0864031e-05,8.909278e-06,0.9998597,0.0040181056,0.003973598,0.9998648,0.0043651066,1.2085132e-05,0.05633817,0.000107624866,0.00023846007,0.9998807,8.108594e-06,0.953201,0.9948025,0.002861942,3.1042116e-05,0.0002463733,1.6969685e-05,0.77246267,9.87271e-06,1.1876584e-05,0.7310485,5.827782e-05,1.2356225e-05,0.7386208,0.003498722,0.9488287,0.3281957,0.00018382996,1.9075978e-05,0.6568531,1.5949452e-05,4.2172822e-05,0.7798812,2.2953913e-05,8.314176e-06,1.8566296e-05,0.9935411,1.1902743e-05,3.2908305e-05,0.99471277,2.3570865e-05,1.4145302e-05,0.9952578,0.00010773012,0.7142714,0.99997914,1.8172852e-05,1.4114861e-05,0.06895691,2.5525389e-05,1.0540333e-05,0.9960813,8.577992e-05,0.00017502447,0.9945469,0.0044104755,0.004189849,0.99574476,0.0030857436,3.495175e-05,0.06447287,1.7115455e-05,2.2977543e-05,0.99562526,1.5776272e-05,0.95732474,0.99642986,0.0033054682,0.00017213967,0.0042680297,1.2940021e-05,0.99400985,1.5961868e-05,1.6269994e-05,0.99329937,2.0295186e-06,0.7652879,0.070733115,7.772614e-06,1.6083008e-05,0.9958676,9.584414e-06,0.0035222883,0.99605393,0.004201168,3.164922e-05,1.1155632e-05,0.99464595,1.3615819e-05,1.8573557e-05,0.99532735,9.004124e-06,0.7689989,0.9958704,1.2586212e-05,1.3131165e-05,0.0710831,0.0022828595,0.00015075877,0.99998844,0.0036182113,0.0044421544,0.99998415,0.0043854,0.000183075,0.08609307,1.39158465e-05,1.0458089e-05,0.99997914,0.00018758034,0.92494774,0.99497545,0.0038517541,3.548129e-05,0.002548561,0.004201097,0.99998796,0.00013787007,0.67687726,0.07629614,2.6192565e-05,0.0045231106,0.9963658,0.004103476,2.288083e-05,0.9961056,2.5762409e-05,0.006159641,0.0036281783,0.9959627,5.1946645e-06,0.6568259,0.99520016,0.003066656,0.00010512338,0.03259639,1.3734156e-05,0.004079252,0.99604034,0.0049564214,9.566591e-05,0.07847198,1.6997365e-05,3.61049e-05,0.9999739,0.00015841295,0.9314625,0.9952213,0.0040531135,2.4552233e-05,0.00013511872,0.7068858,0.07477039,8.711799e-06,0.0064507397,0.996139,0.0035905032,4.9056387e-05,0.9960924,1.0396852e-05,0.004036099,0.6071839,0.9945826,0.00015472855,0.0025554735,0.057021048,2.090498e-05,1.8606568e-05,0.9963291,0.22549808,8.874847e-05,0.07670301,0.59958905,1.8427614e-05,0.07037549,0.7833076,6.350659e-06,0.7507877,6.051215e-06,0.03697018,1.3780022e-05,3.0960167e-05,0.098849446,0.7593175,3.300901e-05,1.4030366e-05,0.06637931,2.5556057e-05,2.2897899e-05,0.9948761,7.006593e-05,0.9322609,0.99468637,2.7729799e-05,2.8911934e-05,0.00014234903,6.2944328e-06,0.99501824,1.5335465e-05,0.9642189,3.910581e-05,0.061272815,0.00014528775,0.0037662797,0.00021457305
-8.33e-05,0.247498869,-1.347639091,1.637544605,1.266006216,1.257435201,-1.496527415,-1.268441462,-1.342484527,1.522466803,1.268616673,1.325654474,-0.525227873,-0.248091128,-0.909463209,-1.597555542,0.553621907,0.27291351,-0.577264533,0.269844981,0.652155524,1.762211e-05,7.120057e-06,0.9999045,1.2690572e-10,2.1255424e-10,0.99999464,1.0316613e-05,1.0146254e-05,0.9999902,8.031387e-06,1.5428291e-09,0.032414623,4.721064e-06,8.0407135e-06,0.99999094,2.4943564e-10,0.96318805,0.99999833,3.6270364e-06,4.2967696e-10,1.7342456e-05,8.925646e-11,0.16168043,2.958227e-09,4.4715223e-10,0.18279068,2.1359434e-09,3.6186498e-10,0.16587237,1.0363827e-05,0.97402734,0.90671617,9.771528e-06,7.032761e-10,0.12509423,1.4924293e-09,3.5632701e-09,0.15936178,9.827209e-10,1.04946586e-10,2.8152097e-10,0.9999938,5.479188e-10,2.217931e-09,0.9999951,1.3157911e-09,4.507513e-10,0.99999475,9.289456e-06,0.14624995,1.0,1.0165605e-10,8.43574e-10,0.027037723,6.957803e-10,4.5846746e-10,0.99999654,9.710514e-06,1.3924795e-05,0.99993515,6.2204963e-06,1.0552069e-05,0.9998915,6.4164124e-06,1.2921615e-09,0.025617415,6.9636585e-10,2.3319016e-10,0.9998336,8.904838e-10,0.9695867,0.9999888,8.174068e-06,8.10789e-06,7.0801816e-06,8.877275e-11,0.9999914,1.0507603e-09,5.516646e-10,0.9999908,2.7083522e-10,0.120902106,0.03059964,1.2586195e-10,1.0163826e-09,0.9999937,1.0671974e-09,6.1285145e-06,0.99998975,5.820608e-06,7.3204504e-10,5.818182e-12,0.999992,8.220734e-10,1.0015148e-09,0.999997,9.487796e-10,0.12724483,0.9999931,2.8722011e-11,8.742835e-10,0.029123966,7.187344e-06,6.111134e-06,1.0,5.6626195e-06,2.75051e-06,1.0,3.6775193e-06,6.1981773e-06,0.029599898,3.228534e-10,6.7390155e-10,1.0,3.891668e-06,0.96654105,0.9999963,7.3871474e-06,2.9745545e-10,2.0647055e-06,7.373282e-06,1.0,5.2718806e-06,0.086720355,0.031507913,8.388568e-10,8.055258e-06,0.99999213,9.280186e-06,1.3154618e-10,0.99990785,4.1018444e-10,3.2933724e-06,5.0690924e-06,0.9999956,9.547261e-11,0.100463316,0.9999963,4.178391e-06,8.9618725e-06,0.00691307,2.2483253e-09,1.34524835e-05,0.99999046,8.163131e-06,9.0216245e-06,0.02906463,6.3492206e-10,5.2531474e-10,1.0,2.4697669e-05,0.9713382,0.99999213,6.740533e-06,1.0482236e-10,7.807217e-06,0.0921621,0.025402034,1.9374337e-10,3.6930041e-06,0.9999752,1.0077862e-05,3.8881287e-10,0.99979526,1.8362016e-10,9.383847e-06,0.063513964,0.9999939,5.727582e-06,6.8534414e-06,0.034161754,1.412664e-09,4.939471e-10,0.99999297,0.8334468,6.0101165e-06,0.028259924,0.07383832,1.5855677e-09,0.031086884,0.12079404,3.0157443e-09,0.13262403,1.1891145e-10,0.009733429,1.8526444e-10,1.2436364e-09,0.03243146,0.12083881,9.990841e-10,4.406903e-10,0.025257986,7.998792e-11,3.2344558e-11,0.99999356,1.8917135e-05,0.9686659,0.99999166,5.8795446e-10,8.605468e-10,5.5193423e-06,7.9223017e-10,0.99999535,1.5324374e-10,0.9923327,1.3340287e-09,0.027061267,2.5780964e-05,4.857001e-06,8.514651e-06
1.160732925,-0.124493916,1.814457782,0.192631143,-0.074017062,-0.024019217,-0.490751154,-0.308140491,-0.186667653,0.555147038,0.343922967,0.209458471,-1.234404235,-0.715356182,0.613328119,-0.354700656,1.010457567,-1.248808142,1.857027407,-0.457006221,0.600608471,0.041494947,0.04267538,0.70886785,1.4038235e-05,2.0097295e-05,0.9530458,0.48343122,0.46945006,0.9547544,0.4627786,2.1455504e-05,0.03417763,0.0322759,0.032254215,0.95184416,3.5106015e-05,0.956964,0.028186038,0.5024597,7.952014e-05,0.041877303,6.3383566e-05,0.0014141969,1.1003922e-05,3.7002403e-05,0.0179541,0.00010442701,3.5184778e-05,0.026897809,0.3813105,0.9977488,0.98121464,0.040092167,4.6480247e-05,0.7828151,2.9341129e-05,3.1298947e-05,0.0012134619,1.42691515e-05,8.242709e-05,4.455908e-05,0.033139654,3.6877875e-05,2.3838471e-05,0.03906166,5.449628e-05,4.3254764e-05,0.020814883,0.04786877,0.03966692,0.99997437,1.08787535e-05,9.443398e-05,0.0025531275,9.439972e-06,1.9963392e-05,0.03516347,0.036451463,0.03709063,0.71999425,0.5142178,0.6482539,0.7092428,0.42729568,4.9692117e-05,0.00221122,1.6922093e-05,7.419954e-05,0.7631243,2.0388425e-05,0.7567354,0.47635284,0.73189616,0.026309408,0.7591205,3.750156e-05,0.027822005,4.3696185e-05,5.120298e-05,0.033395875,2.3054432e-05,0.0004513401,0.0022742904,3.1429354e-05,3.4437402e-05,0.032895908,2.7542415e-05,0.7894991,0.4246191,0.76713645,4.0764495e-05,3.647666e-05,0.035653375,3.8497863e-05,2.4447374e-05,0.04656121,2.4706029e-05,0.0003668063,0.044467483,6.298914e-05,1.0809733e-05,0.0020283975,0.8150352,0.03090743,0.99995387,0.7767856,0.7907607,0.99996006,0.72303796,0.05767271,0.0026153987,4.8712955e-05,2.1880292e-05,0.9999682,0.040584113,0.99490297,0.025604598,0.53216994,9.979439e-06,0.8175345,0.81260765,0.99995506,0.05195181,0.015598745,0.0022772385,0.00011002314,0.79144186,0.5367692,0.7717678,4.5734807e-05,0.78538543,6.906359e-05,0.76952606,0.7680924,0.5610539,5.985921e-05,0.01629549,0.03131914,0.8111866,0.05145397,0.8039543,1.2738653e-05,0.5244753,0.03278093,0.6986709,0.047084875,0.0019461132,4.8043228e-05,0.00011705867,0.9999763,0.04097718,0.99731904,0.0341643,0.50960886,1.7074242e-05,0.04890127,0.018918913,0.001494103,2.7465825e-05,0.786251,0.45638195,0.807154,7.025635e-05,0.7106196,3.8088867e-05,0.5298018,0.69967663,0.032452304,0.041283067,0.8102195,0.0387754,3.136139e-05,1.1459714e-05,0.024572104,0.9874276,0.04634481,0.0014992323,0.7034681,0.00010623166,0.0015388444,0.0005648397,1.8461456e-05,0.024788989,1.6915365e-05,0.5045179,9.819507e-06,3.523279e-05,0.0017382097,0.00041964147,3.306263e-05,4.980707e-05,0.0019739151,3.6354802e-05,0.000101559795,0.035800945,0.04389765,0.9975169,0.030958144,3.9551967e-05,3.6823192e-05,0.05128666,2.6308671e-05,0.03604214,3.089254e-05,0.048545193,3.325578e-05,0.0015401402,0.03874534,0.85158646,0.035779618
-1.909813134,-0.124493916,-0.193413617,-1.12565186,-1.412530409,-1.383540339,1.647422423,1.835077094,1.766016983,-1.781511407,-1.933353758,-1.835365009,0.281411189,0.532567384,0.556131541,0.066737094,0.581532653,0.292547926,-1.637341245,0.325398442,0.334388359,0.00017339841,0.00011757787,0.99986994,9.4297805e-09,2.5971632e-08,0.9999368,0.48251233,0.52159005,0.9998722,0.4961015,2.8206086e-08,0.001005457,0.00011930891,0.00022096252,0.99982977,4.3326773e-09,0.99950194,0.6178004,0.48969617,1.5275776e-07,0.00014990014,1.10959654e-07,0.00013804661,1.8536713e-08,1.5678344e-08,0.00014279548,8.0525794e-08,2.244192e-08,8.813946e-05,0.49053937,0.99994254,0.99976593,0.000113385424,4.9430568e-08,0.3338588,2.2811681e-08,4.573752e-08,0.00032478836,7.239613e-09,3.770966e-08,2.7772074e-08,0.56270766,4.7701496e-07,5.4710245e-09,0.58355874,2.566935e-08,1.1444472e-08,0.5828093,0.00015587769,0.0009680852,1.0,3.1710655e-08,1.673047e-07,0.000111221016,7.762498e-09,2.9062505e-08,0.606104,0.0001038156,3.2940334e-05,0.9998734,0.48361212,0.5650781,0.9998406,0.5218902,4.02334e-08,0.0001257624,4.378886e-09,1.4152947e-07,0.99979407,1.6334523e-08,0.9992981,0.4252317,0.53491807,0.0001074531,0.55266833,2.5719388e-08,0.58558494,8.4195605e-08,5.4130048e-08,0.6127817,3.5742291e-09,0.00014046565,0.00029459147,3.397797e-07,1.395722e-08,0.56288546,1.3329153e-08,0.49851277,0.49801475,0.49131498,1.171498e-07,5.4758925e-08,0.573549,4.0661256e-08,3.2228773e-08,0.6341802,3.7762206e-08,0.00020570394,0.55995643,1.85709e-08,1.4044652e-08,0.00021851044,0.5249566,0.00011049205,1.0,0.46430495,0.4927843,1.0,0.5248497,9.8386074e-05,0.00023903257,1.948639e-08,1.26464155e-08,0.9999999,0.00014441718,0.9998517,0.6182788,0.4763918,8.176625e-09,0.50688386,0.46943876,1.0,0.00019312587,0.00020228079,8.428393e-05,2.5822814e-07,0.5076006,0.450064,0.523749,3.5325772e-07,0.99990785,2.2557796e-07,0.49706122,0.49827066,0.48258007,1.4927508e-07,0.0001840734,0.58611935,0.49112308,9.406405e-05,0.44764712,2.0238113e-08,0.43660495,0.5663631,0.5241873,0.00016013088,0.00019905154,2.3721844e-08,3.6652364e-07,0.9999999,0.00014021808,0.99984884,0.6322802,0.51543736,5.76804e-08,0.0001378606,0.00025078477,9.6186304e-05,1.7907043e-08,0.49102768,0.5048162,0.5528026,1.942702e-07,0.99986017,2.7485179e-09,0.49796453,0.35230833,0.6485303,7.026492e-05,0.5174252,0.0004760696,5.266596e-08,6.1253878e-09,0.5410125,0.9998915,0.000124913,0.00019461653,0.34215784,1.4340841e-06,9.423239e-05,0.00015961594,1.492319e-08,0.0008533591,1.0191824e-08,0.48068485,1.13439595e-08,2.9499347e-08,0.00016322889,0.00017261402,4.7923375e-08,4.3634724e-08,0.00014358645,4.6559176e-08,7.4149597e-07,0.5984882,8.731479e-05,0.9998253,0.5781195,6.840956e-08,6.391718e-08,0.00012854872,4.6882747e-08,0.6230998,7.3619034e-08,0.6103987,7.499332e-08,0.00014489595,0.00024928077,0.53772986,0.00024441077
1.547671656,0.123501274,0.167281844,0.960539218,1.285850719,1.194906502,-1.394911949,-1.535517281,-1.546050873,1.494600502,1.597401727,1.584787911,1.012400158,0.549289672,-0.510030435,0.364153239,-0.91093651,0.983492578,1.654898834,-0.399973514,-0.75682799,0.00010708435,8.020325e-05,0.9999114,9.983794e-10,3.5290055e-09,0.9999484,0.009781354,0.007354009,0.9998802,0.009944138,5.2441904e-09,0.0010883772,4.707559e-05,4.8040343e-05,0.9999052,1.8469545e-09,0.9986499,0.9967637,0.009870637,8.8520915e-09,7.379619e-05,1.2835788e-09,0.00047615764,6.9801644e-09,4.2843245e-09,0.0006261697,1.9986238e-08,2.8282785e-09,0.0005294636,0.008093022,0.9997731,0.99909425,5.695151e-05,6.725716e-09,0.018772436,3.5334238e-09,8.539335e-09,0.0004150862,2.0267306e-09,2.3025342e-09,1.8415549e-09,0.9953885,2.3523954e-08,3.0767737e-09,0.997262,5.83179e-09,3.778308e-09,0.9949817,6.6042194e-05,0.003340731,1.0,5.253789e-10,1.6647004e-08,0.0002509266,1.1053497e-09,3.2401521e-09,0.9967771,8.701439e-05,0.000100889134,0.99991655,0.0070236116,0.012114457,0.99990153,0.008579639,5.100888e-09,0.0003404852,8.5322965e-10,9.545414e-09,0.99984396,2.8438523e-09,0.9990742,0.99265856,0.005071431,7.541825e-05,0.008065935,1.4620117e-09,0.9938222,1.4703966e-08,6.25729e-09,0.99579096,1.4318701e-09,0.0006034166,0.0003590346,7.680232e-09,3.8562837e-09,0.9937966,4.2919477e-09,0.007402482,0.9929501,0.005783503,5.8609166e-09,6.388616e-10,0.995284,2.899422e-09,4.4796518e-09,0.99550664,1.0824544e-08,0.0009385281,0.99602675,4.1492457e-10,2.2397777e-09,0.00034223404,0.006726028,3.031663e-05,1.0,0.0060050986,0.00468308,1.0,0.006569556,9.057815e-05,0.00035292865,2.2806363e-09,2.5092408e-09,1.0,8.2137485e-05,0.99958414,0.9963309,0.005751863,7.2014744e-10,0.006919797,0.008452127,1.0,8.220621e-05,0.0009804938,0.00036863022,1.1057446e-08,0.00782976,0.9910239,0.0069380896,5.1803664e-09,0.99988496,5.1837956e-09,0.005086683,0.008050415,0.9931431,3.1096234e-09,0.001273332,0.9961539,0.006382839,7.224132e-05,0.024639454,4.431653e-09,0.0074560973,0.9955776,0.009715021,8.9373454e-05,0.0003808567,2.9452614e-09,1.4744069e-08,1.0,0.00013748804,0.99971086,0.9940137,0.009414346,1.816119e-09,9.7151154e-05,0.0006544764,0.00026238136,1.6960151e-09,0.0050320867,0.99131,0.008715273,3.936875e-09,0.99981695,7.8718126e-10,0.008413535,0.03693887,0.9953934,6.132845e-05,0.007307567,0.00077294104,9.431237e-09,6.613021e-10,0.99598724,0.9993648,3.8135426e-05,0.0002996309,0.041302886,3.825889e-08,0.0003116573,0.0008524505,6.1512386e-09,0.002717786,8.6004304e-10,0.038316835,7.867129e-10,4.909099e-09,0.00038233804,0.0006635936,7.596693e-09,4.7574447e-09,0.00026687272,9.231246e-10,1.9560147e-09,0.9938022,0.00010960929,0.9995691,0.99440914,5.1414153e-09,5.568024e-09,4.850709e-05,5.3700173e-09,0.9963833,3.4447583e-09,0.9804448,9.143982e-09,0.00029594498,0.00016719203,0.010083159,4.9822032e-05
-1.173381356,0.768288768,-0.830642264,-0.006479361,0.224789882,0.271731376,0.239078927,-0.114107653,-0.099986759,-0.269330632,0.129806157,0.11731545,-0.622440594,-0.775875148,-0.579661386,-0.284001972,-0.402739418,-0.57124651,-1.561707248,0.596964806,0.473890786,0.050550796,0.043555792,0.9495075,1.7757726e-05,3.5798803e-05,0.9630641,0.036414277,0.03723909,0.9514054,0.02653151,4.3690183e-05,0.13041902,0.05511281,0.034203403,0.94115543,2.3286888e-05,0.8617206,0.8575514,0.040606204,7.327629e-05,0.03165722,4.627274e-05,0.104557596,4.279491e-05,3.8283983e-05,0.25336993,5.346685e-05,3.0393141e-05,0.24643847,0.03164285,0.9676142,0.8983652,0.042750444,2.1422136e-05,0.27463707,2.3627532e-05,3.276526e-05,0.100129455,1.8442523e-05,1.2975833e-05,1.6859416e-05,0.88205105,2.4738778e-05,6.320159e-05,0.84449834,2.394889e-05,2.8657061e-05,0.8495168,0.03988537,0.1662635,0.99998,3.9652048e-05,4.3302432e-05,0.033546146,2.8084742e-05,7.637897e-05,0.88306683,0.045034744,0.039635718,0.93577135,0.03580729,0.04020668,0.94504875,0.03303196,2.517889e-05,0.036142375,3.7690792e-05,4.6502108e-05,0.9459343,4.2308173e-05,0.8124431,0.96112484,0.07813343,0.041648403,0.07347933,1.4660129e-05,0.8712857,2.560343e-05,4.0427913e-05,0.88569117,2.7554763e-05,0.027064655,0.03070115,4.9529088e-05,4.5576107e-05,0.85533667,1.5526948e-05,0.06511849,0.96509403,0.05726788,5.2173946e-05,1.8888564e-05,0.898597,5.41015e-05,1.529991e-05,0.8845683,1.9679344e-05,0.034360778,0.84188163,6.5767144e-06,1.4321119e-05,0.036228094,0.11625637,0.034296412,0.9999738,0.058967717,0.08461294,0.9999844,0.08283119,0.04563308,0.041339353,4.650384e-05,5.877078e-05,0.99997365,0.04643619,0.9615739,0.88334167,0.033589367,1.7771703e-05,0.09581827,0.05265281,0.999974,0.061609916,0.09847841,0.026324272,5.3466494e-05,0.065180026,0.9493331,0.06580142,3.1868738e-05,0.93921816,6.8104935e-05,0.06284839,0.07631498,0.96229243,2.7205428e-05,0.09069143,0.8731356,0.087359965,0.02905739,0.2678311,4.1464184e-05,0.036730524,0.8942063,0.058701206,0.039075445,0.03921114,1.6736052e-05,9.7643584e-05,0.9999765,0.03529131,0.9574032,0.89241505,0.043313496,3.633307e-05,0.059555247,0.09071513,0.03312319,2.815226e-05,0.07307306,0.976127,0.07961009,6.0810613e-05,0.9499705,2.2911878e-05,0.028715136,0.12539998,0.8670194,0.04878463,0.085508384,0.16719565,3.4149285e-05,1.8921755e-05,0.86544305,0.75125986,0.04504373,0.035008036,0.13460119,9.4116454e-05,0.031589907,0.062280666,6.461044e-05,0.16165684,1.3940938e-05,0.20131558,2.3017217e-05,3.502095e-05,0.023542218,0.03603977,4.62073e-05,3.908791e-05,0.044307213,3.8721137e-05,5.4489938e-05,0.8917722,0.044274937,0.95812035,0.83764523,7.5806165e-05,2.7005048e-05,0.04297,2.4730687e-05,0.8697526,1.7716335e-05,0.67453045,2.9871031e-05,0.033756923,0.03690027,0.07257888,0.033779215
-0.374540105,-1.637264575,-1.323592727,-1.410457125,-1.435577637,-1.453616371,1.584083399,1.75514313,1.652450761,-1.599110685,-1.750979485,-1.60033257,0.650021816,0.472541554,0.677577042,1.111083513,-0.321491227,0.143731663,1.013202071,-0.627245029,-1.648843126,0.0057027456,0.004278341,0.99772257,3.7492973e-07,1.645531e-06,0.9972415,0.9781204,0.9740161,0.9966718,0.9788953,1.1918447e-06,0.0018292668,0.0053290525,0.008837793,0.99521494,3.8157526e-07,0.9992563,0.013944193,0.977098,1.290133e-05,0.0057175136,5.9996196e-06,0.00015133587,1.1783661e-06,1.9637594e-06,0.000368626,5.134881e-07,2.4373592e-06,0.00023324904,0.9687771,0.9999472,0.9987255,0.0031672511,1.7433524e-06,0.9431645,6.9992115e-07,5.4524946e-07,0.00024354638,1.2103557e-07,4.551163e-06,1.6930252e-06,0.015691714,3.1405565e-05,1.2235513e-07,0.011054871,3.673544e-07,4.71178e-07,0.011999507,0.00567922,0.0015559137,0.9999981,6.14328e-07,7.3111873e-06,6.173932e-05,3.0674298e-07,2.1081646e-06,0.010389363,0.004114782,0.0024624225,0.99840206,0.97525364,0.98075324,0.99753165,0.97983515,4.212739e-07,0.00013619079,3.295589e-07,5.7789916e-06,0.9957146,3.9281394e-07,0.9977785,0.02732439,0.9814605,0.003362476,0.98298967,8.8792245e-07,0.012044959,3.4358147e-06,1.7476373e-06,0.011131399,4.649387e-07,0.00020939617,0.0002216219,2.2527522e-05,3.4602095e-07,0.0122395,1.745119e-06,0.98611593,0.030919945,0.9849663,2.99371e-06,7.735241e-06,0.015711265,1.1134374e-06,1.1786178e-06,0.01860954,1.6040696e-06,0.00024832052,0.012760353,1.5466223e-06,4.4455905e-07,0.00010496712,0.967585,0.004243404,0.9999987,0.98208916,0.9796215,0.9999988,0.9799544,0.005482526,0.00021214975,8.922813e-07,6.4435807e-07,0.9999963,0.004986799,0.9999058,0.009375679,0.97602546,1.8848394e-07,0.975999,0.9826713,0.99999976,0.005758821,0.00076617417,0.00011555559,1.4550263e-05,0.98349875,0.02141054,0.98308855,1.643315e-05,0.99756646,1.3835709e-05,0.9814435,0.9781237,0.031103859,1.3426926e-05,0.00066244864,0.013876131,0.9759379,0.007803917,0.96913403,1.3710553e-06,0.9849569,0.0085250195,0.97753364,0.005714183,0.00016151252,5.7598385e-07,2.3950035e-05,0.9999964,0.0031582804,0.9998964,0.007617219,0.977122,2.751499e-06,0.006295672,0.0006434476,0.0001645828,2.0662185e-06,0.9850071,0.014549603,0.98860186,7.0484975e-06,0.9961694,2.151735e-07,0.9851223,0.96929604,0.013590733,0.0031157488,0.9802398,0.0007407039,8.841446e-07,1.2530067e-07,0.009758938,0.99981266,0.0023342562,0.00013070123,0.9780738,7.943268e-05,9.4177325e-05,0.00015153139,8.2836357e-07,0.0014262382,2.8183536e-07,0.933402,4.7389722e-07,5.768342e-07,0.00015244195,0.00017193428,9.983579e-07,3.0969047e-06,9.6011914e-05,1.5345676e-06,7.823821e-05,0.01191546,0.005651108,0.9997898,0.013701696,3.8781523e-06,9.769335e-07,0.0043575014,1.7530355e-06,0.013303686,1.941179e-06,0.026543833,2.3008772e-06,0.00023263646,0.006037301,0.98577046,0.0058634286
0.536638197,0.123501274,-1.275499999,-2.058181472,-1.957562314,-2.004203292,1.601682548,1.712870513,1.842883705,-1.695677006,-1.764181174,-1.90981201,0.766516629,0.98920506,2.342201605,2.119261532,0.570096653,-0.280310265,1.532009561,0.416634909,-1.269853952,0.0008558639,0.00047431886,0.9984047,5.3158055e-07,9.1137025e-07,0.999466,0.39745486,0.43135875,0.99919146,0.37828863,1.0413277e-06,0.005956911,0.00060569664,0.0011858671,0.99921346,2.574948e-07,0.9964862,0.6299005,0.37130538,4.2417228e-06,0.0008246719,3.3133767e-06,0.0020394565,7.267271e-07,6.776142e-07,0.002927866,2.5366867e-06,8.629092e-07,0.0018968596,0.39452878,0.9992866,0.99636924,0.0006979935,1.6303169e-06,0.39734402,1.0751497e-06,1.5332947e-06,0.0045355223,4.1138443e-07,1.4310456e-06,1.2291925e-06,0.59689933,6.6144667e-06,4.3013006e-07,0.602723,1.0083735e-06,5.9203205e-07,0.63004404,0.00080893957,0.009318003,0.99999833,1.5044616e-06,3.172759e-06,0.0011904456,4.975939e-07,9.220956e-07,0.6148371,0.0005169432,0.00025795205,0.9982822,0.36358947,0.44273224,0.9982652,0.38421196,1.3751055e-06,0.001327335,3.5524621e-07,3.6007502e-06,0.9978631,9.915613e-07,0.99468476,0.5588531,0.41724762,0.00071848836,0.44986594,7.706581e-07,0.6060736,2.1985466e-06,1.9085176e-06,0.634871,2.1152808e-07,0.0024352924,0.0022675293,5.2900923e-06,8.1830774e-07,0.6196359,5.6782466e-07,0.3862835,0.58846664,0.39693567,3.861891e-06,1.2725219e-06,0.6204751,1.785798e-06,1.4247571e-06,0.6579451,1.0674993e-06,0.0029025974,0.5821149,7.224097e-07,7.0075265e-07,0.0019932692,0.44968793,0.00061040174,0.9999987,0.39569637,0.39876986,0.9999989,0.43500668,0.00063927035,0.002014187,8.293106e-07,5.404133e-07,0.99999726,0.000668833,0.99847704,0.6062964,0.37058866,5.0106433e-07,0.38609016,0.41018444,0.9999993,0.0009364077,0.0033604982,0.0010495775,5.599462e-06,0.40817782,0.5711184,0.37786222,7.443402e-06,0.99888283,5.1162065e-06,0.4402643,0.4068804,0.62148786,3.10512e-06,0.0038729673,0.6153904,0.4138213,0.00050626637,0.39121795,9.026427e-07,0.35044485,0.6191595,0.4469122,0.0006970928,0.0017159063,1.2194037e-06,7.875717e-06,0.99999654,0.0008495018,0.998423,0.63401073,0.40883845,1.8893667e-06,0.00069497275,0.004019003,0.0009945626,7.455263e-07,0.39684007,0.5706529,0.44970044,5.3838826e-06,0.9983432,1.8590006e-07,0.36662713,0.41984308,0.6833153,0.0004959125,0.42094353,0.0032745136,1.5849507e-06,3.7468845e-07,0.6021589,0.99793506,0.0006153628,0.0018093582,0.4222087,1.7928483e-05,0.0009692495,0.0025556984,5.861684e-07,0.007777081,4.8507843e-07,0.4205203,4.6278785e-07,1.0831936e-06,0.0018683376,0.0030837962,1.491944e-06,1.4527415e-06,0.001318705,2.2083348e-06,1.2254237e-05,0.61561,0.0004951268,0.9983694,0.59711736,2.582838e-06,1.912269e-06,0.0007180937,1.591752e-06,0.65078944,2.15428e-06,0.6176013,2.4314274e-06,0.0012209971,0.0010675397,0.42800653,0.0013128715
-1.909813134,0.743489249,-0.001042704,1.719714515,1.71202241,1.799605887,-1.287557529,-1.611951063,-1.51866744,1.341047248,1.652705452,1.535598649,-2.535168595,-2.779934854,-2.535972416,-2.179676725,-0.804980325,-1.757937945,-1.17459016,-0.705782345,-0.76798959,1.0427933e-05,5.3139984e-06,0.9999931,6.070979e-12,2.3745257e-11,0.99999857,4.33174e-06,4.3027385e-06,0.9999958,4.1318904e-06,1.8261635e-10,0.0066241915,2.0229757e-06,3.141866e-06,0.999995,2.0831975e-11,0.99223983,0.99999964,2.2252389e-06,2.818131e-11,8.963069e-06,3.814529e-12,0.0069959303,1.8144561e-10,3.4268255e-11,0.004595774,4.6651405e-10,2.2380887e-11,0.0039970134,4.216073e-06,0.9971591,0.996702,3.2382868e-06,1.0153513e-10,0.008059937,1.2814769e-10,6.0795013e-10,0.0057946565,8.056947e-11,6.6660635e-12,1.5099824e-11,0.9999988,1.0923694e-10,1.0059405e-10,0.9999993,1.6158497e-10,7.322499e-11,0.99999857,5.4260677e-06,0.012944401,1.0,3.7853353e-12,1.9880296e-10,0.0034476682,3.852376e-11,4.6765414e-11,0.9999993,4.236556e-06,5.2151945e-06,0.9999958,2.5223142e-06,6.2723575e-06,0.9999912,3.6816496e-06,1.4631993e-10,0.00349824,2.430465e-11,2.4679578e-11,0.9999825,4.981762e-11,0.9956601,0.9999938,2.5652423e-06,2.9479238e-06,3.5230298e-06,8.028716e-12,0.99999774,1.8037663e-10,4.4714524e-11,0.9999981,1.7256913e-11,0.0048108236,0.004151528,2.999587e-11,1.0279393e-10,0.9999982,1.0581509e-10,3.5447774e-06,0.9999956,2.5797808e-06,6.325164e-11,5.643918e-13,0.99999845,3.025565e-11,6.084974e-11,0.9999993,2.0709176e-10,0.007515399,0.9999989,1.788625e-12,5.3833025e-11,0.0039354856,3.8969415e-06,1.7800204e-06,1.0,1.7046398e-06,1.1578757e-06,1.0,1.6711496e-06,2.224473e-06,0.0034698246,3.0998728e-11,5.1972548e-11,1.0,2.9514263e-06,0.99607205,0.9999993,3.2128598e-06,1.5320011e-11,1.4724671e-06,3.497941e-06,1.0,3.1832392e-06,0.0029287196,0.0037731829,7.23396e-11,4.0577693e-06,0.99999595,3.7474917e-06,1.1857437e-11,0.99999416,3.9205653e-11,8.7799225e-07,2.2633917e-06,0.99999785,9.407059e-12,0.0030661428,0.99999917,2.2530287e-06,4.986179e-06,0.0014929568,1.1294486e-10,4.371101e-06,0.9999976,3.8740345e-06,5.9107124e-06,0.0037731025,5.2877862e-11,6.7830117e-11,1.0,1.1128716e-05,0.99680066,0.9999982,3.6510517e-06,9.664883e-12,4.3028576e-06,0.0026108304,0.0028535284,1.5126778e-11,1.4526333e-06,0.9999902,3.7793302e-06,2.467426e-11,0.9999813,9.114852e-12,3.8169824e-06,0.00443375,0.99999857,1.9958713e-06,3.4122581e-06,0.0073274663,3.5793166e-10,2.1471127e-11,0.99999845,0.99624443,2.6027976e-06,0.0035866399,0.0052950517,3.239137e-10,0.003536758,0.007116845,3.9437273e-10,0.01021344,7.849795e-12,0.00320625,9.498325e-12,1.1944609e-10,0.0036649427,0.0059520425,1.6779568e-10,5.9724725e-11,0.0032581077,4.1338456e-12,3.1352692e-12,0.9999987,1.0101696e-05,0.9946301,0.9999976,3.8850277e-11,1.4079612e-10,3.3013405e-06,1.02178765e-10,0.99999905,1.5307422e-11,0.9985378,1.7273519e-10,0.0033480802,1.4276965e-05,2.5232982e-06,4.1923413e-06
1.872200914,-0.372489106,1.201275498,-1.786278338,-2.193953228,-2.287747652,1.418199673,1.931407923,1.738067989,-1.447072796,-1.919640609,-1.66735293,2.469712413,3.112797732,3.013066298,1.859424573,1.673330905,1.859308495,0.721541329,0.934038076,1.239649776,2.8638442e-06,1.4108062e-06,0.991585,3.6361005e-09,2.8267577e-09,0.999998,0.00034082078,0.00027769795,0.9999975,0.00036545482,8.403545e-09,0.0059883855,4.826029e-07,3.059103e-06,0.99999857,2.6313576e-09,0.99385273,0.99640214,0.00027263715,1.8069635e-08,4.7210283e-06,7.367125e-09,0.26479638,2.5491884e-09,4.484003e-09,0.6765953,4.6179498e-08,5.536191e-09,0.6267827,0.000178053,0.99647224,0.30338314,2.008209e-06,1.27771465e-08,0.55786496,8.968266e-09,3.6014534e-08,0.26955065,1.4208905e-08,4.180475e-09,9.1440855e-09,0.9954335,6.813737e-09,2.2016335e-08,0.99657345,2.4159236e-08,8.940768e-09,0.996496,9.93278e-07,0.37843287,1.0,4.797017e-09,1.5527936e-08,0.0063782074,1.3543707e-08,2.854634e-09,0.99736065,9.2933305e-07,1.2799339e-06,0.9932735,0.0005370739,0.00033067373,0.99479264,0.00020443594,2.7772924e-08,0.0060951645,4.955771e-09,1.0843472e-08,0.9941369,6.959838e-09,0.94676983,0.9997774,0.00025803052,1.3416458e-06,0.00046752143,4.606599e-09,0.99530196,9.589502e-09,9.05315e-09,0.9949249,4.0556808e-10,0.32547808,0.0107545955,3.217219e-09,1.2448664e-08,0.9965887,4.2156985e-09,0.00035711835,0.99970454,0.00026383734,3.183471e-08,4.3008552e-09,0.9963666,1.0285797e-08,1.7735287e-08,0.9965789,4.887405e-09,0.3581714,0.9975147,5.149738e-09,4.734651e-09,0.0042451657,0.00015141946,1.1060292e-06,1.0,0.00029900568,0.0003835003,1.0,0.0004368086,1.9890233e-06,0.0061545526,3.739892e-09,3.3780019e-09,1.0,3.0813087e-06,0.99342245,0.9964246,0.00032792363,1.5553546e-08,0.00017528769,0.00035417473,1.0,1.6198186e-06,0.638304,0.0046631284,2.6832836e-08,0.00030656412,0.999634,0.00020231918,1.4825735e-08,0.9939267,1.2549005e-08,0.0004894473,0.00023268793,0.9997273,4.227471e-09,0.7448616,0.99730635,0.0002793739,1.1136032e-06,0.0026503354,6.227927e-09,0.00037214212,0.996974,0.00036491276,8.707858e-07,0.006655066,1.2745286e-08,1.7356596e-08,1.0,3.990108e-06,0.992339,0.9957944,0.0003103512,1.3579972e-08,1.4111507e-06,0.631153,0.006012709,3.6920367e-09,0.00040631043,0.99977976,0.00021142825,3.6540605e-08,0.9930566,5.2446603e-09,0.00037774484,0.4965936,0.9967691,1.4051211e-06,0.0002814941,0.008128099,3.1526838e-08,6.584102e-09,0.9975304,0.3426577,4.944764e-07,0.0059666885,0.46884823,1.8581527e-08,0.005971447,0.39170206,2.6858935e-09,0.33145127,3.1601235e-09,0.0040551084,2.6961382e-09,4.1452868e-08,0.008158942,0.39113265,2.2362274e-08,6.1776464e-09,0.0054960805,1.2236348e-08,1.6923677e-08,0.997072,5.8502417e-07,0.9944548,0.9951462,1.196843e-08,2.7909822e-08,2.3053888e-06,5.6803353e-09,0.9956964,8.847956e-09,0.9773293,5.069649e-08,0.005357863,2.1542617e-06,0.0004119258,2.1745373e-06
-0.699069363,-0.868479486,-0.842665446,-0.664685076,-1.372934997,-1.384620283,0.949444603,1.557583581,1.601669594,-1.04498046,-1.678670764,-1.744326853,0.035818762,0.796945803,0.747545411,-0.807758909,1.676239958,0.491040332,-1.045687444,-1.287703072,-0.077428954,0.0041518114,0.0029539622,0.9961306,9.070885e-07,2.2390009e-06,0.997684,0.84013426,0.8582079,0.9975273,0.835914,1.7962615e-06,0.00476866,0.0042674257,0.006702263,0.99608386,5.6173513e-07,0.99688655,0.10395663,0.82195556,1.2950144e-05,0.0036107376,9.402551e-06,0.00067623396,1.518749e-06,1.988475e-06,0.0014839619,1.828991e-06,2.3388052e-06,0.0010718033,0.82799757,0.9996941,0.9967608,0.0026100136,3.3989356e-06,0.8124575,1.611134e-06,1.8412662e-06,0.001002297,3.3150286e-07,4.5139977e-06,3.4251527e-06,0.08264698,2.395474e-05,5.2044646e-07,0.08722024,1.0814699e-06,1.0581782e-06,0.097005494,0.004922207,0.0040250025,0.9999969,2.2835075e-06,1.0707532e-05,0.0003996495,8.756475e-07,2.784103e-06,0.08008104,0.0029014207,0.0013002711,0.9965444,0.8447199,0.8805967,0.9960258,0.860216,1.3366014e-06,0.000538752,6.4469737e-07,8.367222e-06,0.9913113,1.2570023e-06,0.99275416,0.15306504,0.85586995,0.0023364383,0.8811105,1.5875194e-06,0.08419744,4.5334373e-06,3.414133e-06,0.101445675,6.269525e-07,0.0006186064,0.0010723119,1.6577997e-05,1.0018191e-06,0.07840097,1.7175098e-06,0.8770026,0.17297761,0.8587946,6.237575e-06,5.056534e-06,0.08822579,2.595233e-06,2.337851e-06,0.12540339,2.1914313e-06,0.000918418,0.08205601,2.1409876e-06,1.4703089e-06,0.00061890716,0.87366897,0.0032566418,0.99999714,0.8637049,0.86152774,0.99999726,0.86404866,0.003076142,0.0008128963,1.6721045e-06,9.636349e-07,0.9999944,0.0030833462,0.9995111,0.08487985,0.8555088,6.658896e-07,0.824794,0.86417454,0.99999905,0.0034236896,0.002248231,0.000475816,1.9545112e-05,0.87732685,0.13924919,0.87866837,2.0844323e-05,0.9966101,1.609189e-05,0.8730247,0.83841735,0.16786225,1.4128814e-05,0.002013062,0.099560976,0.8507531,0.0036877056,0.8463803,2.0618525e-06,0.8616281,0.08204692,0.8717543,0.004489693,0.0006701154,1.5764757e-06,2.3726589e-05,0.9999944,0.0030344145,0.99949515,0.08342147,0.8519897,5.0776125e-06,0.0038317316,0.0022097342,0.0005075124,2.7971114e-06,0.8805707,0.14174418,0.9032058,1.45819895e-05,0.995449,3.6599238e-07,0.85345817,0.85731685,0.114662215,0.0025362812,0.85334307,0.002638839,2.001565e-06,4.301678e-07,0.07184618,0.99901986,0.0025023608,0.000789971,0.85422856,5.6486566e-05,0.0004729802,0.00067014893,1.6502048e-06,0.0031743587,8.623876e-07,0.8062407,1.0456416e-06,1.3130688e-06,0.00059738633,0.00067359867,1.5551847e-06,4.4919416e-06,0.0005195259,3.5262194e-06,4.888589e-05,0.08691218,0.0028073338,0.99933726,0.085362874,6.692908e-06,2.1151122e-06,0.0041926512,2.7899716e-06,0.10825472,3.6491515e-06,0.13123636,4.862465e-06,0.0008429033,0.005318503,0.8901119,0.0052033346
-0.49935905,-0.000496321,1.561970959,0.22072488,1.075685614,1.071272715,-0.081539816,-0.79154633,-0.911970642,0.084627501,0.83819326,0.975278573,0.763026394,-0.3180288,-1.349167331,0.770989641,-2.295057445,0.465186152,0.593963929,-0.127919677,0.232292423,0.20947488,0.19544785,0.9319378,0.00035595012,0.00058092026,0.79919136,0.5095826,0.5241971,0.78421146,0.5213375,0.0004665798,0.13807626,0.18365073,0.18482974,0.8253934,0.00045675176,0.8610898,0.22110838,0.5267986,0.0011080307,0.17062916,0.0010210567,0.005086717,0.0004438755,0.0010088432,0.014345934,0.0012463536,0.00066406967,0.016528355,0.4987028,0.9832751,0.9904739,0.19812348,0.00060200173,0.42988107,0.00039183462,0.00070362637,0.004679934,0.000157609,0.0007549645,0.0006170683,0.18704091,0.0013267405,0.0004587826,0.22232576,0.00069467875,0.0005553275,0.18237208,0.20337845,0.05112177,0.99953437,0.00021374076,0.0013051193,0.016944595,0.00020168992,0.0008782914,0.20728673,0.19272965,0.18527699,0.921418,0.5245396,0.6039286,0.9355633,0.51695937,0.0008408376,0.016127408,0.00029979093,0.0011951079,0.9074979,0.00040291096,0.8791856,0.42959425,0.7327332,0.18030144,0.7090657,0.00050555414,0.18679202,0.0006617829,0.0008607411,0.22173318,0.00038498384,0.0012970027,0.021596339,0.0013688065,0.00037142882,0.17057239,0.0005433684,0.7303667,0.4727368,0.6937192,0.00070515356,0.0005686499,0.20674743,0.0005500498,0.00054613565,0.2328765,0.00059931504,0.0015632838,0.23140998,0.0006380949,0.00028856518,0.017065894,0.79037315,0.15541288,0.99926347,0.69055396,0.75272846,0.9990753,0.69908947,0.19700198,0.01835433,0.00062694517,0.0005692746,0.99921143,0.18492292,0.97335535,0.18186037,0.53943515,0.00027962652,0.7611658,0.77276087,0.999491,0.18531448,0.0071601677,0.014915287,0.0015850669,0.7451343,0.47889104,0.7230595,0.0012896145,0.92164224,0.0011352549,0.71285385,0.71064836,0.5141089,0.0014466385,0.0054589016,0.19343734,0.7674547,0.18210779,0.7744919,0.00043830017,0.45687386,0.19810353,0.75485694,0.22582135,0.015340444,0.0005165841,0.0019346976,0.9993687,0.19768551,0.9821906,0.22514898,0.5345777,0.00057122833,0.19610287,0.0075829444,0.01682251,0.0006153986,0.7587346,0.4415265,0.7696457,0.0012105821,0.922039,0.00033115264,0.5297851,0.46658617,0.25324792,0.18884465,0.76317394,0.14058052,0.0005732354,0.00024711905,0.17526866,0.99145025,0.1980879,0.017388826,0.37422332,0.0025711895,0.017799936,0.0017384338,0.00046519336,0.044810016,0.00034210307,0.59694177,0.00029763678,0.0004008147,0.018954977,0.0010378808,0.00062828563,0.0007964051,0.018254751,0.0006660196,0.0012780409,0.19877747,0.20367755,0.983869,0.20173334,0.0008474817,0.0006405297,0.19483237,0.0007463322,0.24841733,0.00084102794,0.17807883,0.000630351,0.014580407,0.22219796,0.7583648,0.22480573
0.87364935,0.743489249,-0.433877257,-0.059543483,-0.777659075,-0.746765395,-0.373269547,0.092209998,0.407668701,0.405893473,-0.111732538,-0.474872305,-1.479418174,-0.318439645,1.389213832,-0.854141653,2.395187865,-1.258153586,-0.273300699,0.060434471,-0.589086624,0.01511015,0.010660142,0.9814897,3.141599e-05,4.3419084e-05,0.9811567,0.8870987,0.9101265,0.9867198,0.89473945,2.8861688e-05,0.09827211,0.014592174,0.009323542,0.9822642,3.3619293e-05,0.8772595,0.06969401,0.8799246,0.00010372288,0.01337527,0.0002714565,0.09397485,3.795098e-05,7.145914e-05,0.09121799,3.6567006e-05,0.00010427805,0.09911604,0.91923314,0.9287486,0.9819629,0.015881734,3.0343417e-05,0.9741742,1.8360552e-05,2.5530793e-05,0.09602118,8.233339e-06,6.9139634e-05,8.8944435e-05,0.061643057,8.590983e-05,5.183157e-05,0.0671608,1.8959741e-05,1.8439567e-05,0.103064515,0.0151156355,0.07904136,0.9999813,6.158186e-05,4.224085e-05,0.05157462,7.127184e-06,3.7550228e-05,0.075804844,0.021390937,0.016665617,0.9802531,0.9051082,0.8717857,0.9824358,0.89452714,3.289814e-05,0.051770557,2.4414663e-05,0.0002780938,0.9883704,3.108934e-05,0.9451109,0.108912185,0.9461732,0.016538443,0.9384234,5.7510533e-05,0.078938104,4.3483393e-05,0.00011413338,0.07672529,2.1392698e-05,0.010392305,0.060862478,0.00015643904,1.7592254e-05,0.09039381,3.077231e-05,0.9230669,0.089854755,0.9307098,9.4462885e-05,7.389055e-05,0.07462262,7.9099336e-05,3.1125623e-05,0.08036508,2.2023738e-05,0.012291943,0.06510369,3.5322348e-05,3.2149568e-05,0.06390083,0.9379581,0.01710635,0.9999707,0.94932866,0.93405354,0.99996686,0.94845206,0.019796085,0.061568588,4.042614e-05,3.4132874e-05,0.9999597,0.008642319,0.9418553,0.08439502,0.8862625,2.3102895e-05,0.91085356,0.9201018,0.99990904,0.019139046,0.014579269,0.06734803,0.00010242069,0.93602246,0.10055247,0.94046926,0.0002341673,0.98458415,0.00037686148,0.9477673,0.9384838,0.09411521,0.00013992879,0.026524356,0.08229478,0.9188472,0.017658519,0.9459506,5.6354853e-05,0.9094177,0.05926733,0.9359573,0.010432034,0.0618136,2.1466678e-05,0.00038003505,0.99996424,0.017058209,0.9433553,0.08481447,0.8935638,5.8689853e-05,0.011106427,0.022118157,0.0615712,4.676912e-05,0.9309467,0.0726638,0.9370217,0.00012424088,0.98588073,2.3922756e-05,0.91510725,0.9123176,0.07330721,0.018466232,0.9035571,0.10215458,1.8829483e-05,1.6698188e-05,0.0975545,0.9116235,0.016240349,0.05983936,0.91261107,0.00024356911,0.0687193,0.009867763,2.3552844e-05,0.1008675,2.0734251e-05,0.9270271,5.717696e-05,1.8694504e-05,0.069189474,0.0070726266,4.011343e-05,4.8991496e-05,0.04507327,9.425225e-05,0.0002645885,0.05381808,0.014502885,0.9383986,0.09329493,7.542472e-05,3.543814e-05,0.012079399,1.6420307e-05,0.072456755,4.1464973e-05,0.046113193,4.2900083e-05,0.07327231,0.014487613,0.9176512,0.013403854
0.274518412,-1.240472271,-1.251453635,0.548433853,0.93350134,0.95424862,-0.457729394,-0.552021022,-0.726977011,0.512810868,0.607706443,0.81622591,0.17365262,-0.678615333,-1.331132384,0.3319604,-1.854435863,0.018863748,-0.471184811,0.334163262,0.700741947,0.00012336446,9.013605e-05,0.99743515,4.0532328e-08,4.037046e-08,0.9998995,0.00022716398,0.00021538351,0.9998963,0.00019074169,1.2306525e-07,0.13385646,7.684141e-05,0.00012595477,0.99988866,3.8145075e-08,0.85444134,0.99989617,9.5127376e-05,8.672655e-08,0.00018934585,3.4815653e-08,0.74533695,3.8762116e-07,7.337189e-08,0.7900947,1.243959e-07,1.09026224e-07,0.8022813,0.00024246135,0.8150539,0.42029533,0.00016267993,4.772752e-08,0.7218673,1.4875906e-07,2.2521255e-07,0.7749061,9.5812965e-08,2.3492612e-08,7.5786204e-08,0.9997123,4.696365e-08,3.833457e-07,0.99971944,1.2932968e-07,3.791376e-08,0.99977905,7.610198e-05,0.4976443,0.9999999,4.0183707e-08,5.8278673e-08,0.1701747,1.0851752e-07,6.855442e-08,0.99979156,0.0001420613,0.00018617055,0.99744844,0.00020690603,0.00019394279,0.99738973,0.00013468509,1.18499095e-07,0.19788733,1.9787448e-07,3.558626e-08,0.9965044,1.2609122e-07,0.83615506,0.9997961,0.00022057164,0.0001399839,0.00016803796,1.9112369e-08,0.9996897,7.0467856e-08,9.913631e-08,0.99961287,5.5280687e-08,0.6160753,0.20935984,1.2708679e-08,8.718431e-08,0.99981195,1.2165029e-07,0.00014058183,0.999716,0.0001583829,8.915179e-08,2.0985575e-09,0.9995541,1.8813805e-07,1.4943332e-07,0.9998698,5.1931206e-08,0.5640231,0.99958915,1.0433457e-08,1.4888992e-07,0.19312972,0.00015993876,0.00012455806,1.0,0.0001713255,9.8270364e-05,1.0,7.8284706e-05,0.00010807244,0.181342,5.761619e-08,1.13512144e-07,0.9999999,3.5807065e-05,0.7982069,0.999798,0.00017124465,5.243723e-08,5.3153133e-05,0.00016875473,1.0,6.9483336e-05,0.5524993,0.19513056,1.2784635e-07,0.00018107488,0.99981815,0.00023134802,2.493027e-08,0.99689204,7.7707966e-08,0.00013099633,0.00011672039,0.999869,2.1556593e-08,0.5867108,0.99974746,9.704228e-05,0.00012736738,0.07857581,3.633254e-07,0.0003251648,0.9995359,0.00018978545,8.619145e-05,0.17090037,7.015779e-08,5.8072292e-08,0.9999999,0.00023654751,0.7985128,0.99967396,0.00014274238,1.7616209e-08,9.648422e-05,0.5736788,0.1746344,3.7172995e-08,0.00013032775,0.9995554,0.0002167806,8.874969e-08,0.99583805,4.1446228e-08,0.0002921528,0.5284689,0.99972755,8.7114684e-05,0.00015839256,0.15044267,7.3006426e-08,1.0143442e-07,0.9996774,0.21928525,0.00011812785,0.18067391,0.49467373,9.7289885e-08,0.19586742,0.5506223,2.1977428e-07,0.5104512,2.66228e-08,0.07761055,6.002402e-08,1.13769964e-07,0.21468547,0.52608913,7.2338054e-08,6.492682e-08,0.1549379,2.7893591e-08,1.0483966e-08,0.9997025,0.00019418167,0.84629405,0.9996846,1.09409946e-07,5.8098987e-08,7.1083494e-05,6.512402e-08,0.9997377,2.8955498e-08,0.90605325,9.75037e-08,0.1897395,0.00023831733,0.000118044525,0.00011130006
0.287000306,-0.124493916,-0.121274525,-0.401386263,-0.925970059,-0.9857765,0.342818499,0.946084583,0.900903064,-0.380167435,-1.019029156,-0.978801697,1.079677341,1.657748055,1.261570684,0.105633245,1.383996505,1.206029224,-0.022753594,0.238348462,0.57248392,0.00073300715,0.00056114915,0.98943466,5.90674e-06,3.0736953e-06,0.99922276,0.023185108,0.030836847,0.99929845,0.027540613,5.097223e-06,0.04465574,0.00047791627,0.0006961945,0.9994723,4.2576544e-06,0.9530146,0.9624501,0.024932614,1.4432366e-05,0.00072201435,1.2358983e-05,0.11746953,4.3674468e-06,3.1721447e-06,0.15521522,2.2164824e-05,5.161391e-06,0.123939045,0.025787402,0.9588849,0.9032968,0.00056892366,9.967798e-06,0.19441761,9.225986e-06,1.4854679e-05,0.124124564,7.456518e-06,5.8327214e-06,1.0743485e-05,0.96468574,1.015026e-05,1.0904638e-05,0.95121443,8.137038e-06,8.260756e-06,0.95972973,0.0005283074,0.094385,0.99999225,9.153744e-06,9.472771e-06,0.038545247,5.8002165e-06,4.4846693e-06,0.9618461,0.00045557317,0.00036473016,0.9889586,0.032837197,0.029198855,0.9901516,0.027125483,1.4004726e-05,0.038118575,4.25951e-06,1.4748627e-05,0.9889232,7.0872884e-06,0.9245308,0.97273153,0.029664168,0.0007307168,0.03316683,5.1782777e-06,0.9542705,8.698399e-06,1.0304282e-05,0.9609853,1.1143945e-06,0.077290595,0.04843188,9.528329e-06,8.885096e-06,0.9646073,3.7609789e-06,0.02977184,0.9679717,0.028683992,2.137732e-05,6.626602e-06,0.9603302,1.0691298e-05,8.572336e-06,0.9622724,5.53114e-06,0.086549774,0.96255565,6.3889415e-06,7.918124e-06,0.03443734,0.02875426,0.00061183405,0.99999344,0.027384693,0.030713268,0.9999906,0.027331868,0.00049264985,0.044297148,6.755824e-06,4.544683e-06,0.999985,0.0007306569,0.95109636,0.9572684,0.026787305,8.296655e-06,0.025390113,0.03292896,0.99999094,0.00051480863,0.09992325,0.035402734,2.0495354e-05,0.031644344,0.972081,0.028928638,1.874245e-05,0.9922018,1.5409292e-05,0.028593035,0.024875863,0.97363865,7.600285e-06,0.09533252,0.96023256,0.030703735,0.00044394404,0.08630323,6.509405e-06,0.030361164,0.9640844,0.033009667,0.00058590784,0.04230071,1.369185e-05,2.000303e-05,0.99999034,0.0008966727,0.9528706,0.95881265,0.030484384,1.1295313e-05,0.0005028129,0.09409039,0.03406013,4.4546227e-06,0.028280955,0.97374415,0.02705143,2.2407407e-05,0.98896384,2.879303e-06,0.028975114,0.1373967,0.9674406,0.0006282413,0.026786057,0.04825893,1.0300588e-05,5.9059794e-06,0.97213745,0.86437374,0.00042233308,0.0523632,0.13766398,2.0822152e-05,0.037164364,0.08343519,3.1432237e-06,0.0767134,3.8464573e-06,0.09734501,7.631814e-06,1.14909035e-05,0.042728484,0.093136184,8.795479e-06,5.6012937e-06,0.042468693,1.3543801e-05,1.7518138e-05,0.96068335,0.00035615754,0.96034753,0.9593003,1.70021e-05,1.0961065e-05,0.0008131241,5.5513956e-06,0.9650293,8.64933e-06,0.8854541,1.6199703e-05,0.041027535,0.00080495374,0.028003251,0.00083290326
-0.936225359,1.363477223,1.201275498,0.521195861,1.178586438,1.240034977,-0.274298004,-1.168701351,-1.204070688,0.302289551,1.269310027,1.329017179,-0.839286263,-1.329860791,-1.194336691,-0.234475883,-1.166405311,-0.852798664,0.967958195,0.733182957,0.565142781,0.06928214,0.049083706,0.9923585,2.348322e-06,7.965908e-06,0.9492031,0.804699,0.83467114,0.94466233,0.82122475,4.06142e-06,0.02343855,0.04348608,0.050642453,0.9504978,4.1880376e-06,0.9813725,0.05669214,0.82706004,1.9803392e-05,0.035645686,1.8196055e-05,0.00023873012,4.1837743e-06,1.4883023e-05,0.0008636156,1.337555e-05,6.864221e-06,0.0008942074,0.8081998,0.99915004,0.99950135,0.05397108,5.636354e-06,0.5949882,2.9737744e-06,5.5346068e-06,0.00023373302,6.9448225e-07,1.0144008e-05,7.3493848e-06,0.05467627,3.5771573e-05,2.8529103e-06,0.05400684,5.6301815e-06,4.5045326e-06,0.051665545,0.056608457,0.007903387,0.99999595,1.4424922e-06,2.162518e-05,0.000880334,1.0015564e-06,1.1073907e-05,0.06348477,0.04320047,0.050249398,0.991711,0.81444407,0.8664784,0.99365306,0.8274475,6.8233767e-06,0.0008892738,1.7751009e-06,2.6952948e-05,0.98957485,3.3868535e-06,0.9845857,0.16831772,0.9298059,0.0510029,0.921016,5.49436e-06,0.05752455,8.297288e-06,1.058421e-05,0.06316637,3.0399403e-06,5.2518233e-05,0.0014233373,4.169981e-05,2.9522705e-06,0.048629317,5.014051e-06,0.9214686,0.19375472,0.91626185,9.2582095e-06,1.0081995e-05,0.06347059,5.2539826e-06,4.3151567e-06,0.0702926,5.8413107e-06,6.485545e-05,0.07628894,6.386267e-06,1.8858656e-06,0.0011285706,0.94693935,0.03284266,0.99999094,0.90767086,0.9381882,0.999992,0.9345131,0.061586343,0.001206029,6.2837994e-06,5.2377736e-06,0.99999166,0.056865733,0.997969,0.05026418,0.8252627,1.569111e-06,0.94038075,0.9441302,0.9999962,0.051396098,0.00036099658,0.0009939166,3.0413928e-05,0.93452626,0.20474769,0.9295137,3.1813986e-05,0.99069184,2.267949e-05,0.9298805,0.9250748,0.19204074,2.9793791e-05,0.0002858516,0.05940075,0.9435404,0.039678555,0.9006425,4.9691707e-06,0.7895467,0.063697614,0.9391183,0.056046687,0.0009444692,3.2060589e-06,6.416486e-05,0.9999907,0.05599904,0.9987708,0.073685266,0.81500363,6.869355e-06,0.04981153,0.0004140405,0.0011071813,6.5934446e-06,0.9339509,0.17334089,0.94326377,2.1198308e-05,0.9910182,2.1798028e-06,0.8207042,0.64475393,0.080941714,0.054096453,0.94191265,0.020062866,5.1156458e-06,1.3165044e-06,0.04803421,0.9995672,0.04722675,0.0011647319,0.58670056,8.9678906e-05,0.0011463314,6.909126e-05,3.6693953e-06,0.0059918296,2.1740977e-06,0.76569265,2.402019e-06,3.033601e-06,0.0014605109,3.2673153e-05,7.741801e-06,8.549045e-06,0.0011863365,6.1685278e-06,3.3686043e-05,0.05233725,0.05205641,0.99898094,0.059375845,1.3716968e-05,6.5078475e-06,0.041797403,8.901864e-06,0.07728023,1.2521133e-05,0.08595543,7.1037925e-06,0.001031939,0.06741231,0.9373976,0.055843364
0.374373568,-0.620484296,0.20335139,-1.133214133,-1.139281713,-1.143225228,0.875155865,1.063433786,1.225098459,-0.962192265,-1.155091668,-1.35221698,0.550557301,0.462517953,0.908863487,1.184991353,-0.135438904,-0.013872975,-0.672359028,-1.344992351,-0.724521574,0.00041005306,0.00054065586,0.99760914,5.396645e-07,3.2433448e-07,0.9996692,0.005870627,0.009843185,0.9996532,0.008115139,8.9244816e-07,0.032205634,0.00029416938,0.00058013154,0.99968827,2.8847458e-07,0.9628189,0.9934754,0.010525291,1.4962542e-06,0.00048975763,1.237467e-06,0.014602696,4.2055177e-07,1.8961904e-07,0.016777158,6.146894e-06,4.4725934e-07,0.009300245,0.008765645,0.9843761,0.99192363,0.00028226702,1.4832489e-06,0.022111692,1.2704193e-06,3.4999996e-06,0.01985439,8.9923327e-07,4.835464e-07,9.146633e-07,0.9912108,1.4559371e-06,8.566612e-07,0.992478,1.7544471e-06,1.3230392e-06,0.9902838,0.00026516634,0.015588492,0.9999987,8.304027e-07,1.863555e-06,0.018413287,7.0985317e-07,7.028e-07,0.99014366,0.000248697,9.066422e-05,0.99774987,0.010929253,0.013254573,0.99730563,0.009601786,2.619322e-06,0.02508595,2.7294206e-07,1.4239638e-06,0.99718994,5.964558e-07,0.9661638,0.9910567,0.012163648,0.0002828783,0.014644776,6.803896e-07,0.98844683,1.3074894e-06,1.2509093e-06,0.9909759,1.0834463e-07,0.0063495873,0.036508422,2.2537206e-06,1.2585317e-06,0.99113584,4.5678203e-07,0.012382496,0.9881053,0.007929272,2.4011786e-06,1.0377686e-06,0.98860663,8.6842397e-07,8.8872645e-07,0.9924482,9.912586e-07,0.009954486,0.99264824,7.5446246e-07,7.1766476e-07,0.018644603,0.014760769,0.00035859182,0.9999988,0.009386296,0.010037983,0.99999833,0.010316116,0.00022849579,0.026753074,6.98914e-07,5.0095065e-07,0.9999962,0.00069566193,0.98082274,0.991085,0.010328996,8.868587e-07,0.01063859,0.012984544,0.9999993,0.00038628484,0.007475319,0.012231402,2.5682532e-06,0.014052331,0.98888564,0.010007825,2.7266888e-06,0.9986425,2.4086874e-06,0.009815465,0.006925921,0.9921503,1.0170018e-06,0.0053113056,0.98931795,0.01553052,0.00035122642,0.043849643,4.559025e-07,0.009662128,0.9919884,0.011090345,0.00043893696,0.02193227,2.0093682e-06,2.4330186e-06,0.9999987,0.0006695485,0.97500956,0.9916715,0.011278158,1.5850021e-06,0.0003316651,0.007071391,0.014643915,3.8158691e-07,0.011134591,0.99273926,0.008306806,2.9161508e-06,0.99722314,2.6185376e-07,0.007687641,0.014530669,0.99297523,0.0003057416,0.013490087,0.04285215,2.4596823e-06,4.9959954e-07,0.99206614,0.98866475,0.00032959008,0.02521351,0.01185549,5.261549e-06,0.018097943,0.009109659,5.805922e-07,0.015951958,6.4992173e-07,0.04122763,8.077529e-07,2.4047856e-06,0.020922834,0.009696747,1.2962546e-06,8.206828e-07,0.02186105,2.0166844e-06,3.8264075e-06,0.992093,0.00016927528,0.9829449,0.98837006,1.3672503e-06,2.4110846e-06,0.00071530265,1.0709969e-06,0.9931914,1.8048662e-06,0.9663367,2.3190626e-06,0.023150705,0.00060787686,0.010670753,0.00065634033
0.561601986,-0.868479486,-1.047059541,0.976021283,0.464082834,0.435107854,-0.922267356,-0.454554607,-0.495177671,1.017424503,0.478885268,0.52227516,-0.639911457,-0.031376675,-0.27320559,-1.589400364,1.269735995,0.134036758,0.645070207,0.746546787,-0.664717119,0.00061432295,0.00047067745,0.9718319,2.881454e-06,2.2053252e-06,0.9990669,0.002174241,0.002024945,0.9991992,0.0016289171,5.815753e-06,0.19703548,0.0005585907,0.00072401593,0.9994229,2.6503137e-06,0.7467725,0.99746656,0.0011867541,7.3040233e-06,0.0009203123,2.7778833e-06,0.9273653,1.3841132e-05,5.142357e-06,0.9378914,3.709099e-06,7.3494125e-06,0.95961314,0.0019124948,0.7034531,0.15742373,0.00089383894,2.2321467e-06,0.89823896,6.2985523e-06,6.3865837e-06,0.94092214,4.8816405e-06,1.7949362e-06,5.0408094e-06,0.9952845,1.8804578e-06,2.0559994e-05,0.99591076,5.2334944e-06,1.8067209e-06,0.9971724,0.00044848447,0.79035467,0.99999654,5.3204994e-06,2.598388e-06,0.2868073,6.9517605e-06,3.2150174e-06,0.99655837,0.0007647616,0.001088345,0.9722831,0.0018670682,0.0018104643,0.9769007,0.0014496234,5.5185155e-06,0.32902434,1.2838784e-05,2.8463041e-06,0.9765745,8.1197595e-06,0.6785108,0.99796414,0.0021057134,0.0010241088,0.001975209,1.4807121e-06,0.9963922,3.2713099e-06,6.418695e-06,0.99552876,3.0989845e-06,0.8581948,0.37192658,6.4617524e-07,4.4614594e-06,0.9976699,5.250912e-06,0.0015802837,0.9978776,0.001769143,5.5507285e-06,2.7892295e-07,0.9946313,1.17548325e-05,7.633299e-06,0.997929,1.7350064e-06,0.8580778,0.99434894,8.1471416e-07,6.094221e-06,0.35085145,0.0013945882,0.0006710709,0.9999981,0.0017701489,0.0010444376,0.9999975,0.0010090148,0.0008328489,0.31350744,3.16428e-06,5.50624e-06,0.99999654,0.00021678473,0.61856824,0.99659985,0.0015675336,4.570061e-06,0.00063933677,0.0015236295,0.9999949,0.0004965478,0.83835,0.35646072,5.327364e-06,0.0017575609,0.9983084,0.002343497,1.6707096e-06,0.9760631,4.244434e-06,0.0020448617,0.0015385792,0.9988392,1.3096271e-06,0.8934196,0.9963923,0.0009102755,0.00067532586,0.18669342,1.6524944e-05,0.002885819,0.9945798,0.002041928,0.00046672972,0.32174546,3.6234858e-06,4.0642562e-06,0.9999951,0.0009909808,0.67541254,0.9958846,0.001344265,1.3953676e-06,0.0005189046,0.8764074,0.3074738,2.5185307e-06,0.001196722,0.9968605,0.0024404214,5.7797088e-06,0.9723408,3.248008e-06,0.0029368417,0.7186488,0.99686724,0.0007454988,0.0012273092,0.22733667,2.0947532e-06,6.3694247e-06,0.99578494,0.04754658,0.00070631906,0.3183009,0.69754624,3.4245124e-06,0.31069052,0.8301343,6.8719887e-06,0.77128357,1.9311656e-06,0.16790399,4.657784e-06,5.542815e-06,0.3499356,0.8295343,3.2995936e-06,2.9498672e-06,0.30171335,1.844901e-06,1.0147734e-06,0.99571806,0.0008389018,0.6900779,0.99662834,8.135293e-06,1.9431275e-06,0.00035889773,2.4214332e-06,0.9959942,1.7584622e-06,0.76026255,4.0989853e-06,0.3238519,0.0010465876,0.0014901628,0.00056882715
0.087289994,1.487474818,1.044974132,-0.776683652,-0.313501483,-0.337515885,0.427383231,0.052472079,0.012219222,-0.479215765,-0.054052314,-0.00756814,1.475253873,1.095330173,0.91892241,1.771681317,-0.679372698,0.743160279,0.522640576,-0.212430209,1.734899932,0.00081219565,0.0006387864,0.07499738,1.3079097e-06,4.2902984e-06,0.9990376,0.3555225,0.35185575,0.999071,0.32346308,6.340063e-06,0.017475367,0.00026881145,0.0007469324,0.999188,3.085687e-06,0.97964257,0.011781218,0.34561986,5.6501317e-06,0.0009511499,9.4514035e-06,0.052862655,1.8552226e-06,5.164971e-06,0.87571603,5.7079515e-06,3.1966126e-06,0.8736644,0.337992,0.99311006,0.09445745,0.0012693886,3.0952037e-06,0.9929634,4.7961094e-06,2.7979145e-06,0.04815456,1.8843193e-06,5.4680504e-06,1.225516e-05,0.009462712,1.8960653e-06,7.732895e-06,0.011204991,4.6505756e-06,2.71879e-06,0.010477259,0.0008051471,0.11784683,0.99999785,1.8785885e-06,4.5471197e-06,0.01020297,1.9872941e-06,1.1770722e-06,0.013817134,0.00059251144,0.00090330484,0.09239534,0.34578845,0.39167958,0.07303352,0.38548017,5.942794e-06,0.007051271,3.0973802e-06,5.6327376e-06,0.071762785,3.9894685e-06,0.19975159,0.6942336,0.2652921,0.00043278924,0.3408742,4.612634e-06,0.0117838215,5.7862385e-06,4.856061e-06,0.014273955,1.4806823e-06,0.05082117,0.012397567,1.3535799e-06,2.8877346e-06,0.008845833,2.2135976e-06,0.32849702,0.6500142,0.3389456,1.1763983e-05,1.7855425e-06,0.012818607,5.0873646e-06,7.4647496e-06,0.014336364,1.0373708e-06,0.053253047,0.012709005,4.177196e-06,2.2510376e-06,0.005208152,0.2648298,0.0006260107,0.9999975,0.36744323,0.28715223,0.99999714,0.32188186,0.0007693916,0.009310272,2.6934754e-06,1.7341926e-06,0.9999982,0.00064890215,0.99055135,0.013750234,0.36847192,1.6535224e-06,0.32033736,0.33221573,0.99999356,0.00074331457,0.9117195,0.008486101,1.2331458e-05,0.29135218,0.6901319,0.29505184,4.5850124e-06,0.0757929,8.520467e-06,0.30196935,0.3065405,0.5864811,5.6796507e-06,0.9162082,0.011354544,0.27647123,0.0009255418,0.27952525,3.4596987e-06,0.3469922,0.012255969,0.316296,0.00047684374,0.0093329325,1.9126207e-06,1.1537671e-05,0.9999962,0.0012971682,0.9868978,0.010866972,0.3210141,1.4626199e-06,0.00066594157,0.8908961,0.0063943192,5.942307e-06,0.31469974,0.68950313,0.32226092,5.7073635e-06,0.08132138,4.322323e-06,0.35366896,0.9892005,0.011769227,0.0005230879,0.33750477,0.022670949,3.8248095e-06,1.8928981e-06,0.011070667,0.10642588,0.00057814934,0.008459575,0.98905456,5.628856e-06,0.009104156,0.057126556,1.5701454e-06,0.11319287,2.5472705e-06,0.33452636,1.2620459e-06,3.7378868e-06,0.009979132,0.05643349,3.419966e-06,6.92339e-06,0.010182928,2.8205473e-06,1.010903e-05,0.011064592,0.0008056924,0.99309456,0.010690878,6.000833e-06,3.057557e-06,0.00040612766,1.6826076e-06,0.01097556,3.4057625e-06,0.026148295,8.06066e-06,0.0108233895,0.0006489801,0.36901128,0.0007112852
-0.025047057,-0.372489106,-0.8065959,0.469244686,0.500462076,0.553456174,-0.409764823,-0.500202546,-0.404155546,0.457545869,0.549138102,0.446187562,-1.498510279,-1.729965011,-0.767670388,-0.272513322,-0.666492801,-1.603880447,0.145882109,0.314205947,-1.683757962,0.0031081056,0.0022675972,0.9676399,1.3733042e-05,1.4965003e-05,0.99553466,0.031117596,0.031314913,0.9965796,0.025735943,2.5289854e-05,0.09828,0.0036811417,0.003361038,0.996366,1.2557941e-05,0.8696566,0.9616658,0.024683291,3.459019e-05,0.0032486923,1.9175784e-05,0.65012896,4.426621e-05,2.2089996e-05,0.6961044,1.7055967e-05,3.12034e-05,0.74636424,0.027441623,0.8647732,0.4811104,0.005061225,9.698307e-06,0.8370499,1.732705e-05,1.9389352e-05,0.7145154,1.1875281e-05,1.0760281e-05,2.3415336e-05,0.95552474,1.3012042e-05,4.7783382e-05,0.95168173,1.7428223e-05,8.052247e-06,0.96642673,0.0022398673,0.45117953,0.9999887,2.5808591e-05,1.5298741e-05,0.127435,1.926439e-05,2.0898802e-05,0.95988494,0.0038703654,0.00454998,0.9677072,0.032132573,0.026954401,0.9738584,0.025112456,1.4685036e-05,0.14196558,3.7625898e-05,2.0630405e-05,0.9772235,2.5360496e-05,0.85922354,0.96889436,0.032129936,0.0045777084,0.03217627,8.312606e-06,0.95891243,1.6257261e-05,2.8495106e-05,0.9511507,1.4163889e-05,0.52454513,0.15405847,7.773977e-06,1.6115679e-05,0.966826,1.5899079e-05,0.026330164,0.96192443,0.029757835,2.3185621e-05,4.1543803e-06,0.9513493,4.1774314e-05,2.2813047e-05,0.96699387,8.541392e-06,0.4989338,0.94708985,5.56566e-06,1.620757e-05,0.15769148,0.027322052,0.003074525,0.9999902,0.031095048,0.025416594,0.9999881,0.023208477,0.0044866763,0.14770181,1.6991951e-05,1.948537e-05,0.99998593,0.0015809437,0.8265816,0.95567477,0.026730066,1.4191458e-05,0.017762745,0.026382456,0.9999814,0.003162395,0.4896922,0.14217131,2.7062824e-05,0.029158955,0.97525066,0.035353564,1.403987e-05,0.97538006,2.8960558e-05,0.03419507,0.027785992,0.976976,1.11806185e-05,0.6128508,0.9529787,0.023744201,0.002774239,0.3506766,5.0166058e-05,0.035041742,0.9543696,0.03358867,0.002550233,0.12444756,1.1639178e-05,3.355414e-05,0.99997926,0.004374388,0.8561681,0.9623814,0.023304554,1.0954439e-05,0.0026411102,0.56657964,0.119792335,1.3205938e-05,0.024439337,0.96715987,0.037557032,3.108291e-05,0.97091675,1.19730075e-05,0.03458101,0.6964148,0.9635576,0.003926809,0.023710523,0.119853914,9.714201e-06,1.7067145e-05,0.95718014,0.24784634,0.0034138155,0.1356175,0.646989,2.4760824e-05,0.13405971,0.5188124,2.5261965e-05,0.5083049,8.6612745e-06,0.31230608,1.841607e-05,1.5175491e-05,0.15491056,0.45016322,1.63537e-05,1.764705e-05,0.13158056,1.0927707e-05,1.3172756e-05,0.9537184,0.003822938,0.86746484,0.95771897,3.5160458e-05,1.0018851e-05,0.0019730248,1.05727295e-05,0.95314467,1.2620299e-05,0.645751,1.9536707e-05,0.12198526,0.0043585896,0.02797554,0.0029356815
-0.624177996,-0.496486701,-0.001042704,0.362320622,0.287692866,0.298472931,0.019612185,0.032253337,-0.069720042,-0.0222984,-0.036644617,0.080778869,-0.09443401,-0.025661778,-0.756414569,-0.999284696,0.141166002,0.444940093,-0.817558317,0.138869511,0.900426959,0.0057857074,0.004950783,0.96360826,1.9622355e-05,3.8767543e-05,0.9922879,0.8930847,0.8999168,0.9932893,0.88516206,2.5046262e-05,0.011550623,0.00702028,0.004233563,0.9924407,2.0759318e-05,0.9855137,0.04773831,0.8766146,0.00016836033,0.004008069,0.00020069278,0.027597258,3.0365994e-05,3.784859e-05,0.07638531,2.3748662e-05,6.847025e-05,0.07822096,0.8822565,0.99348253,0.91628784,0.008233972,4.2008935e-05,0.95479596,2.0386326e-05,1.5755297e-05,0.026789637,6.5684035e-06,7.968699e-05,0.00011635922,0.073754214,0.00014480631,3.2635595e-05,0.048256356,1.2305073e-05,8.861824e-06,0.059546664,0.005926946,0.031858165,0.9999845,7.573803e-05,7.557707e-05,0.005314498,8.499059e-06,5.6792058e-05,0.064706005,0.00744469,0.007363037,0.96866065,0.89788145,0.86119354,0.96684384,0.8966047,1.4947118e-05,0.0056568794,2.5256712e-05,0.000101203645,0.9729551,4.1968215e-05,0.95939726,0.10572309,0.87932706,0.006428188,0.87260747,2.8705419e-05,0.059759293,4.2000083e-05,5.4044365e-05,0.047934476,1.3485431e-05,0.029362675,0.0057313605,6.776793e-05,1.4557355e-05,0.059507657,1.7499071e-05,0.8854339,0.10444848,0.8874017,9.0457565e-05,9.376906e-05,0.0682145,7.0561575e-05,2.9733732e-05,0.04383824,1.5228174e-05,0.021283984,0.069024384,3.8837108e-05,2.5970654e-05,0.0051286607,0.86925393,0.005721988,0.9999733,0.89322114,0.89981556,0.9999714,0.8710713,0.006261969,0.0073883967,3.7588095e-05,1.923586e-05,0.9999658,0.0037022843,0.99290997,0.060693868,0.8779111,1.2405981e-05,0.87465155,0.88081056,0.9999541,0.0059484346,0.080039755,0.0049333177,0.00018753778,0.8765048,0.1286913,0.89531296,0.00018793643,0.97508425,0.00022255127,0.8866141,0.8695429,0.09413438,0.00011260447,0.08291881,0.056427855,0.87932724,0.0035311969,0.78945714,8.062501e-05,0.8802718,0.0662765,0.88891184,0.006443339,0.0052983654,1.2653825e-05,0.00027641526,0.999948,0.0068901503,0.99362636,0.06528223,0.8824912,5.094849e-05,0.0034032706,0.10116424,0.0057551307,4.4474004e-05,0.8644811,0.11379319,0.87425756,0.00013300819,0.97169805,9.846984e-06,0.8826988,0.9450707,0.05228418,0.006953525,0.88716036,0.0122657055,1.7036784e-05,1.7282722e-05,0.076893575,0.8987619,0.0054218057,0.006855264,0.94290096,0.0002663783,0.006483271,0.02497633,1.5415877e-05,0.04189669,1.3527757e-05,0.81523246,4.7542075e-05,1.3531562e-05,0.0064479928,0.02208808,3.0835174e-05,4.7942085e-05,0.006419937,4.4792676e-05,0.00021682255,0.05572464,0.0061417674,0.99301517,0.06252793,9.137341e-05,1.8238341e-05,0.004099606,2.1014777e-05,0.054137956,3.3697386e-05,0.10348621,5.6557124e-05,0.0053955773,0.0054843803,0.87632793,0.005742844
0.124735677,1.648671692,0.479884577,-0.388171663,-0.408880984,-0.440314885,0.114446771,-0.106114856,-0.032565811,-0.128912374,0.120431725,0.038356017,0.175051452,0.627143207,1.210118064,0.377505398,1.011851608,-0.004818817,-0.540214757,0.093719072,-0.598649749,0.010547443,0.009353597,0.6295945,4.7912686e-06,1.5295138e-05,0.9888869,0.93366724,0.9379838,0.9884465,0.940999,1.3079698e-05,0.04088233,0.007032583,0.007485192,0.98541784,9.860985e-06,0.954824,0.003020418,0.93353,2.03307e-05,0.011530976,9.499883e-05,0.0103056785,5.668114e-06,2.0033862e-05,0.17057145,1.405683e-05,1.6682034e-05,0.15026535,0.951976,0.9880332,0.9335864,0.015259559,7.760777e-06,0.99324507,6.5879008e-06,5.9296717e-06,0.009534619,2.46934e-06,2.2425e-05,3.61839e-05,0.0023281944,1.3801945e-05,1.4319535e-05,0.00302264,7.151204e-06,6.6522202e-06,0.0031312124,0.0119799515,0.027433159,0.9999964,6.5873733e-06,1.2564674e-05,0.012234865,1.6091349e-06,7.1121513e-06,0.0032808646,0.01364766,0.010882112,0.6346653,0.9406995,0.9262911,0.64494634,0.93555206,1.4015669e-05,0.008939556,5.272308e-06,4.7966e-05,0.65987885,1.0117575e-05,0.6783265,0.05621791,0.9643177,0.008133848,0.9631031,2.2723847e-05,0.0023063703,1.4436661e-05,2.3155922e-05,0.002951859,7.276214e-06,0.0014891742,0.015661547,2.0417145e-05,4.7963335e-06,0.0025111625,8.770158e-06,0.9552389,0.05158542,0.96121854,3.150101e-05,1.2832173e-05,0.0031091827,2.0107476e-05,1.1445974e-05,0.003683101,4.3494156e-06,0.0021090142,0.0025690554,1.6611562e-05,6.288631e-06,0.009468721,0.9672318,0.013866386,0.99998915,0.96347326,0.959273,0.99999154,0.96468127,0.012309868,0.013560943,1.0136292e-05,7.853366e-06,0.99999297,0.008998184,0.98774403,0.002885638,0.9432915,3.667555e-06,0.9590086,0.95048314,0.9999721,0.017793477,0.07398833,0.0106669385,3.651073e-05,0.95761514,0.057296317,0.95960647,4.259065e-05,0.6270429,6.246633e-05,0.95123935,0.95921963,0.045497585,4.795937e-05,0.06669236,0.0029055579,0.95828396,0.012949593,0.927214,1.1082222e-05,0.93847704,0.0024684314,0.96515554,0.006349554,0.0138900615,5.744441e-06,8.6117594e-05,0.9999901,0.014356437,0.9838013,0.0031740146,0.93804204,8.030866e-06,0.010885978,0.08250991,0.011843535,2.0425654e-05,0.963272,0.057458512,0.9586296,2.1655682e-05,0.6631797,1.1916121e-05,0.9420039,0.9847044,0.0028015636,0.007931628,0.96102715,0.05196371,7.623303e-06,3.8336652e-06,0.0028978607,0.85514534,0.014326732,0.011284403,0.9821348,4.8973565e-05,0.015001179,0.0019711019,6.194939e-06,0.032332923,8.025185e-06,0.92040217,6.9591692e-06,6.9520383e-06,0.012491247,0.001423029,1.0955024e-05,1.8767454e-05,0.013617607,1.7183458e-05,5.9575555e-05,0.0031260934,0.01201919,0.9905608,0.0026966676,1.7366321e-05,1.1037007e-05,0.007674135,5.8791634e-06,0.0025064764,9.871485e-06,0.0049334723,1.4317896e-05,0.014419445,0.008566159,0.95470554,0.011132559
0.399337357,-1.02967636,0.467861395,0.203847564,0.464971995,0.485923001,-0.196191751,-0.116035016,-0.19656708,0.221464484,0.129514126,0.225638232,0.29290363,-0.475140089,-0.740400361,0.81022899,-1.656799385,-0.107341178,1.662796006,0.563806993,0.502059464,0.0055990503,0.005939963,0.9799712,7.93497e-05,0.00010468224,0.99361765,0.6976398,0.651925,0.9939083,0.6872971,8.764747e-05,0.04119066,0.005687962,0.0045007593,0.9933583,7.389816e-05,0.9521142,0.36387005,0.6953201,0.00032947198,0.0052953605,0.00035824397,0.11892087,0.00010830662,0.00010104752,0.11582162,0.00012454845,0.00023380989,0.11898909,0.6995362,0.95381075,0.92048025,0.0070429393,0.00013934173,0.8234493,7.884585e-05,8.196816e-05,0.11074218,3.6847116e-05,0.00016563745,0.00027572407,0.36889756,0.0003158847,0.000119821394,0.40137172,6.646525e-05,5.0337618e-05,0.36289123,0.0051855394,0.07853883,0.9999356,0.00013826002,0.00014742347,0.04793908,3.3157547e-05,0.000112079135,0.40895912,0.008656855,0.007844317,0.9818277,0.68057746,0.60116076,0.98296136,0.6888533,0.000101980586,0.040343456,8.2263214e-05,0.00029772194,0.9852443,9.887646e-05,0.949725,0.3363306,0.64071506,0.006525167,0.6488968,0.00013418784,0.3908231,0.00014228551,0.00020944308,0.32492858,6.2052626e-05,0.07166509,0.038456414,0.0001898879,6.372988e-05,0.40075493,6.7287736e-05,0.62813324,0.3121675,0.6776067,0.00021387447,0.00020848733,0.38761517,0.0001549704,9.569365e-05,0.320997,8.615513e-05,0.061229844,0.3854961,0.00012659318,9.90689e-05,0.054561507,0.6265363,0.007039929,0.9999002,0.63251644,0.6681405,0.9998964,0.637211,0.0051045143,0.041110612,9.304615e-05,7.893402e-05,0.9998647,0.004711757,0.9524824,0.36387405,0.6620292,6.017531e-05,0.6648267,0.6214593,0.9998325,0.0057199216,0.08188302,0.042854913,0.0002695696,0.63971126,0.36463982,0.6714648,0.00034443295,0.98387384,0.00046878323,0.6454549,0.6791127,0.29519707,0.00019736447,0.07966744,0.37044394,0.6078987,0.004819973,0.6239746,0.00018060724,0.6714569,0.38855168,0.65895075,0.005073144,0.039577205,7.159385e-05,0.00038638964,0.9998759,0.0071099745,0.9541313,0.3753784,0.66622025,0.00011910442,0.0044240896,0.09338942,0.04241239,9.6300566e-05,0.6080713,0.30161154,0.59601694,0.00033053884,0.9847718,6.4941414e-05,0.66302884,0.7924895,0.33092347,0.006667058,0.64979714,0.041579053,7.636994e-05,5.482341e-05,0.3986718,0.86101866,0.007290058,0.041215833,0.7719789,0.00041322605,0.046495758,0.0653245,7.174592e-05,0.08937509,7.232741e-05,0.7026433,0.00015915818,6.872826e-05,0.040989693,0.06503224,0.00011594743,0.0001422462,0.038064294,0.0001201948,0.0003140593,0.35428572,0.006214548,0.96128285,0.38356814,0.00016584338,9.906417e-05,0.004340857,6.6189605e-05,0.31255993,0.000111925976,0.33268785,0.00015531301,0.03961495,0.005459585,0.6070961,0.005426871
0.024880521,1.028683717,-1.191337725,-1.276209392,-0.819957647,-1.010134894,1.046030112,0.627175671,0.538343952,-1.138406964,-0.670891301,-0.575386455,1.787595024,2.129321402,1.250472123,0.561471982,0.939260816,1.781871087,-1.152176393,0.136809432,-1.142970401,0.0022752415,0.00084099866,0.9614564,4.6366255e-05,5.950441e-05,0.99705887,0.20625871,0.24605328,0.9964993,0.22036324,4.559719e-05,0.027561566,0.0022680168,0.0018491,0.9983695,4.7583802e-05,0.9745959,0.572172,0.17508107,0.00023773113,0.0020862462,0.0001720404,0.21756665,4.910797e-05,9.172576e-05,0.40516725,0.00012683835,5.9690592e-05,0.4236014,0.2170944,0.9808709,0.5176562,0.0022441947,9.801525e-05,0.7575828,9.56785e-05,6.5164866e-05,0.24637786,5.3681833e-05,7.9245125e-05,0.000110098175,0.61992216,8.4475265e-05,0.00013495867,0.5501665,5.712491e-05,6.760695e-05,0.61596054,0.0022078257,0.33069688,0.9999207,0.00017869523,8.383136e-05,0.018249543,5.9090264e-05,4.517296e-05,0.6046839,0.0018544287,0.0018973534,0.94153404,0.23596838,0.20538074,0.95286673,0.22399406,0.00011966783,0.018059736,7.605242e-05,0.00018589401,0.9542467,0.00014070359,0.9286428,0.7915284,0.19861887,0.002657215,0.19341001,4.879809e-05,0.62198377,9.177458e-05,0.00010714145,0.6441246,1.3969298e-05,0.286829,0.021649297,6.294686e-05,6.8217516e-05,0.6643793,3.1422762e-05,0.19731596,0.7914501,0.22486626,0.0002922358,5.4673932e-05,0.6307963,0.00016845603,9.165642e-05,0.60634196,3.964029e-05,0.32714784,0.62807727,3.458115e-05,9.203241e-05,0.016130496,0.21760513,0.00170813,0.9999571,0.25146157,0.21816899,0.99994266,0.18425591,0.002457334,0.022594066,7.508571e-05,5.4424603e-05,0.9999263,0.0014136315,0.9762121,0.6068049,0.21172464,8.6737855e-05,0.15650281,0.22688006,0.999864,0.0017940737,0.41781068,0.01896539,0.00019651365,0.20417643,0.79185486,0.2126634,0.00017557624,0.96252614,0.00011407811,0.2685397,0.19133928,0.77539027,8.655823e-05,0.4858281,0.6567162,0.17923708,0.0012669613,0.22959113,8.1314356e-05,0.20543018,0.6600937,0.21177205,0.0017044409,0.019147823,8.907031e-05,0.00030485212,0.9998785,0.0019121798,0.9831156,0.5565095,0.19667864,0.00010762672,0.001594905,0.48183784,0.022170873,8.082423e-05,0.24249783,0.7435925,0.18994194,0.00023466593,0.9583049,3.215619e-05,0.23821864,0.76003814,0.62435275,0.0024083538,0.19172278,0.025551498,5.0983726e-05,7.3066054e-05,0.68514484,0.55525917,0.0011289438,0.0247937,0.73857886,0.00014228064,0.015010828,0.30404997,3.3096952e-05,0.2672087,3.3918684e-05,0.19953008,5.5647317e-05,6.785076e-05,0.025299473,0.317013,6.162574e-05,6.336966e-05,0.022077713,0.00014679169,0.00014489346,0.5597948,0.0018376163,0.97706884,0.6434227,0.00025168614,5.5020755e-05,0.0016655924,4.1609554e-05,0.6292956,6.66516e-05,0.65200645,0.00015426023,0.017739614,0.0015458233,0.26399514,0.0024643582
0.212108939,-0.496486701,-0.68636408,0.006756188,-0.273819957,-0.355390752,0.03756188,0.404433103,0.322368486,-0.042066568,-0.450613519,-0.366177273,0.945448338,1.24509212,0.655700464,0.032547041,0.758049647,1.089423498,1.322810928,0.547071979,-0.280954627,0.010140888,0.010340788,0.8697479,0.00014219411,0.00019367576,0.9841666,0.65839016,0.6468434,0.9857519,0.6689244,0.00011730731,0.048091523,0.014579447,0.010658151,0.9870133,0.00011610663,0.9459562,0.13184415,0.6260916,0.0007295659,0.010386795,0.0006964625,0.11528077,0.00016294091,0.00019269068,0.2948264,0.00016098791,0.0002948891,0.28367162,0.6546204,0.9719539,0.67547244,0.016255975,0.00022910704,0.91006285,0.00016734882,0.00012723652,0.09815675,5.509542e-05,0.00030201825,0.00058904145,0.14581603,0.00043365508,0.00029323134,0.1402336,0.000103654755,8.747346e-05,0.13642198,0.01178976,0.10642194,0.9998776,0.00034761132,0.0002778489,0.02563276,8.277296e-05,0.00023208703,0.13346583,0.014979986,0.013247995,0.85541594,0.67735374,0.62288916,0.8836317,0.6724283,0.00013459021,0.023237098,0.00020237146,0.0004272979,0.85350204,0.00031179015,0.8171025,0.32661927,0.59728783,0.013840199,0.6285466,0.00013801949,0.12880084,0.00019456606,0.0002879221,0.13597904,8.4558436e-05,0.09574143,0.028385825,0.00021309001,0.00011052683,0.1545569,0.0001206745,0.6565663,0.3545081,0.6407349,0.0004440249,0.00020026538,0.15138541,0.0003389271,0.00020356181,0.13285777,8.6044536e-05,0.08371407,0.16084196,0.00018912953,0.00022869062,0.020088306,0.64465517,0.012942525,0.9998708,0.66516703,0.6633151,0.99978524,0.58454263,0.012382625,0.027035905,0.00018197768,0.00011441265,0.9997818,0.006931197,0.9733027,0.13550968,0.65369356,0.00010805873,0.62233317,0.64905727,0.9996705,0.010370549,0.29818296,0.02216852,0.0008265111,0.64561725,0.3709231,0.6558023,0.0005962754,0.8807058,0.00058834936,0.65593904,0.61533076,0.32394144,0.00042396516,0.2858541,0.14257753,0.61596066,0.009647402,0.6235358,0.00034691708,0.64311814,0.14051116,0.6840988,0.011616163,0.0230571,0.00011873339,0.00064332987,0.9997485,0.01270602,0.97532904,0.13073525,0.6556808,0.00023103082,0.008910246,0.2965374,0.026189065,0.00026048554,0.6372957,0.32303828,0.6104899,0.0005907419,0.877212,8.383488e-05,0.66392386,0.88961285,0.1398197,0.01452112,0.63208723,0.046404153,0.000116963725,0.00012564432,0.15317744,0.6991576,0.011105154,0.02952216,0.88402736,0.0005900757,0.025643416,0.08460728,0.00012749911,0.109942496,0.000112079135,0.6582355,0.0002724254,0.00010375324,0.024248036,0.09151287,0.00012180711,0.00025189188,0.026733577,0.00027754047,0.00058750884,0.14385355,0.011524205,0.9739643,0.14319576,0.00046191594,8.668436e-05,0.011404058,0.00012226946,0.13607252,0.0001582899,0.17250605,0.00029225255,0.024105461,0.012019134,0.6691438,0.015340783
-1.373091668,0.495494059,0.239420936,-0.101433416,0.270125146,0.386836924,0.255148548,-0.238747761,-0.122639403,-0.289619788,0.265271324,0.136771911,-1.268233593,-1.753969036,-1.165312946,-0.185220147,-1.200972257,-1.382660919,-0.492336557,-0.727214373,0.927707691,0.014014566,0.011893894,0.9852071,7.107855e-05,0.00015439841,0.9887503,0.19003245,0.19550051,0.9887876,0.1809052,0.00016190403,0.07603919,0.015412123,0.011934298,0.98072046,0.00011137725,0.9304135,0.7879351,0.21875612,0.0003225589,0.01041105,0.00026816767,0.20334764,0.00013205483,0.00016244092,0.2018221,0.00022467307,0.00019783739,0.19837053,0.19035552,0.93834645,0.8922737,0.012399488,0.00011025083,0.5883401,0.000114888775,0.00016214441,0.2068354,6.250196e-05,7.310167e-05,0.0001583551,0.8303382,0.00016251575,0.00019686398,0.8068116,9.110822e-05,0.00011233978,0.8207115,0.013040838,0.14355287,0.99991894,0.00019217198,0.00015067916,0.06348633,9.4530114e-05,0.00021310545,0.80463463,0.013286585,0.012526262,0.982474,0.20701711,0.18434885,0.9860037,0.19676006,0.00014000085,0.06783902,0.00014076989,0.00027243135,0.9860379,0.00013238577,0.9311284,0.7639603,0.22530001,0.012231466,0.210621,0.00011547352,0.82364655,0.0001446527,0.0002003028,0.82527137,8.5714506e-05,0.09724607,0.0553224,0.00022658016,0.00011926136,0.8099423,7.1250994e-05,0.22771038,0.80230767,0.20470956,0.00020884146,0.00014372986,0.8404058,0.0001755918,7.172615e-05,0.8205539,0.0001051987,0.0956155,0.79821277,6.4301144e-05,7.952037e-05,0.063037984,0.25609818,0.010915787,0.99987733,0.19785208,0.21831419,0.99992096,0.22487655,0.013441514,0.062877744,0.00019857443,0.00015760749,0.9998821,0.013532461,0.9325615,0.81797814,0.20517915,8.448252e-05,0.24820359,0.18832365,0.9998042,0.016982825,0.10357165,0.05329674,0.00021323025,0.1939653,0.7831012,0.20781037,0.00023706116,0.9856259,0.0004101735,0.16940612,0.21428873,0.7972996,0.00013470398,0.11155588,0.80570614,0.23958057,0.010902805,0.4155185,0.00016168789,0.18619525,0.8175274,0.17322904,0.013031966,0.056940768,7.480285e-05,0.0005467156,0.9998877,0.011781234,0.93562686,0.8427597,0.22074889,0.00016152146,0.015130003,0.11157134,0.056430895,0.0001448777,0.20862061,0.83133125,0.19551858,0.00031155004,0.98600763,8.837536e-05,0.16645387,0.38091138,0.8035725,0.013069567,0.19744247,0.077476814,0.00011309431,7.863403e-05,0.7767484,0.7975736,0.016518831,0.05736168,0.3480107,0.00040732513,0.0541119,0.12258053,0.00013336811,0.14849226,6.159477e-05,0.429116,0.000124446,0.00010144771,0.047774643,0.08956275,0.00016865693,0.00021170684,0.07284201,0.00014126176,0.00033124295,0.847868,0.012773539,0.9229848,0.78362834,0.00025035714,0.00013244349,0.011030314,6.376045e-05,0.7996516,8.785265e-05,0.6185285,0.00016345487,0.053977836,0.011031821,0.20904148,0.011651539
0.624011459,0.123501274,-1.203360907,-1.305235402,-1.153156852,-1.113416462,1.030437192,0.995137068,1.213816469,-1.118282184,-1.061496713,-1.30674639,0.315675527,0.196491585,1.536960209,1.978083592,-0.228625155,-0.729945889,-0.104185434,0.749405781,0.512532718,0.003802518,0.002977953,0.983232,7.2434523e-06,9.232939e-06,0.9963335,0.2541656,0.33250377,0.99660814,0.29764247,1.10257715e-05,0.023618696,0.0033634491,0.004921964,0.99686843,4.337134e-06,0.9764531,0.58508545,0.26871476,4.0945422e-05,0.0035496426,3.793665e-05,0.01094145,7.2043563e-06,6.44737e-06,0.02779413,2.2155737e-05,8.961377e-06,0.01847134,0.30687702,0.99418074,0.9674769,0.0031135473,1.8473027e-05,0.4389156,1.4249297e-05,1.6626365e-05,0.0140792,4.7973217e-06,1.6386643e-05,2.0089632e-05,0.5344803,3.8739825e-05,8.861334e-06,0.52865154,1.1319792e-05,9.255615e-06,0.5540319,0.0035388528,0.021848883,0.9999856,1.7955244e-05,2.7571847e-05,0.007396192,7.3434016e-06,1.2137685e-05,0.52027225,0.0022251415,0.0011974793,0.9818286,0.29996538,0.3473664,0.9810321,0.30341804,1.4373852e-05,0.00677079,5.840492e-06,3.1675638e-05,0.9728439,1.1605937e-05,0.9508981,0.67207307,0.29301026,0.0028826937,0.34524217,8.776032e-06,0.50064385,1.8069199e-05,1.9288396e-05,0.59784806,2.8551287e-06,0.007435263,0.012614866,3.49215e-05,1.0861192e-05,0.5095703,7.16142e-06,0.3417955,0.70405865,0.2858684,4.0173723e-05,1.2780732e-05,0.5187004,1.7755983e-05,1.4217861e-05,0.59271234,8.759626e-06,0.010897758,0.5579495,1.2263296e-05,1.150957e-05,0.0068393643,0.35668123,0.0033427782,0.9999877,0.30718517,0.29799792,0.9999814,0.31097552,0.0026369346,0.00913682,1.0174092e-05,6.926613e-06,0.99997056,0.0031020008,0.9920373,0.50754404,0.32254046,8.347703e-06,0.28057453,0.33009958,0.99998844,0.0034067463,0.021700345,0.0054124673,6.8177644e-05,0.33782575,0.70161647,0.3084805,6.793823e-05,0.9852969,4.3318876e-05,0.338219,0.26695308,0.7260769,3.7312315e-05,0.021325823,0.5502343,0.34411585,0.0023368807,0.35556975,9.928493e-06,0.2892796,0.543535,0.31840461,0.0032891894,0.0072188517,1.4351648e-05,5.1155348e-05,0.99997556,0.0046741497,0.99140245,0.57047457,0.322796,2.1824568e-05,0.003073388,0.023022877,0.0062087756,1.1984763e-05,0.30245507,0.7031814,0.29904968,5.1353592e-05,0.9786195,3.2808612e-06,0.26755363,0.4373207,0.62081033,0.0029317134,0.32656974,0.020109592,1.651009e-05,5.852223e-06,0.53739196,0.981361,0.0026332487,0.009345576,0.40498817,8.465582e-05,0.0066950894,0.009210675,7.932264e-06,0.01865546,6.7080905e-06,0.35638478,8.995988e-06,1.3452715e-05,0.008275925,0.010529445,1.05130675e-05,1.405474e-05,0.008056411,2.3541346e-05,7.559509e-05,0.55639124,0.001814874,0.99215287,0.5306212,3.2035197e-05,1.357986e-05,0.0046828114,1.5475991e-05,0.5893954,1.8060413e-05,0.54833597,2.7519152e-05,0.008503942,0.0049082907,0.3420711,0.0062141707
0.823721772,0.619491654,0.119189116,0.257119779,0.086091841,0.045369566,-0.672151029,-0.504662933,-0.451815019,0.719640542,0.522980836,0.449953352,0.169523945,0.520724749,0.505960392,-0.200092186,0.789576013,0.309827172,-1.583540552,0.524793473,-0.696708006,0.010996398,0.0071901716,0.9748024,3.9113283e-06,9.696023e-06,0.98664343,0.95986503,0.96593887,0.9892855,0.965111,5.961708e-06,0.013964007,0.01034962,0.0061620115,0.98840904,7.681283e-06,0.9870236,0.009430844,0.96449697,2.1606298e-05,0.010808946,5.702656e-05,0.0015541287,5.526695e-06,1.6091584e-05,0.009369526,1.344207e-05,1.1114303e-05,0.008572365,0.9700289,0.9972187,0.994659,0.013173736,7.109669e-06,0.9658102,4.2787433e-06,4.7143876e-06,0.001770223,1.6133513e-06,2.2514247e-05,1.9487565e-05,0.007917518,2.0606789e-05,6.4384976e-06,0.0080870185,4.1112858e-06,4.885702e-06,0.0102989795,0.009387618,0.012100454,0.9999968,5.008961e-06,1.1794111e-05,0.0022366992,8.188488e-07,8.657962e-06,0.009641822,0.014940748,0.011799485,0.973974,0.9689951,0.9575431,0.9809389,0.9632721,1.011663e-05,0.0021234623,2.8938216e-06,5.3866857e-05,0.98261017,8.28621e-06,0.97854054,0.030863905,0.9834145,0.010326944,0.9800961,1.6698395e-05,0.009485463,1.1779138e-05,1.7439479e-05,0.009186833,5.075231e-06,0.00046141824,0.0027086006,2.3298304e-05,3.5806495e-06,0.009463857,7.432471e-06,0.9720104,0.029721444,0.9774584,1.7202117e-05,1.6178337e-05,0.0081557045,1.5896912e-05,7.702821e-06,0.011056966,5.8224123e-06,0.0005916723,0.008167907,1.0029338e-05,4.404615e-06,0.002260487,0.9842098,0.012656081,0.9999912,0.98072857,0.98057806,0.9999927,0.9810451,0.017234601,0.0034854042,9.799983e-06,5.9745253e-06,0.9999924,0.00928389,0.99677294,0.008885542,0.9694828,2.6277487e-06,0.97370887,0.97646403,0.9999856,0.015539255,0.006423387,0.002401652,3.125337e-05,0.9781819,0.036356386,0.98069566,4.081327e-05,0.9757522,3.5943573e-05,0.9821587,0.97891563,0.030119706,3.367779e-05,0.0055502276,0.010726371,0.98028505,0.009140586,0.9547689,8.000739e-06,0.9689664,0.009849396,0.98205286,0.0072784103,0.003277277,5.117515e-06,9.543102e-05,0.99998915,0.012023138,0.99687827,0.010362943,0.9684884,6.920327e-06,0.010069085,0.0076129627,0.0027653486,9.502241e-06,0.98188466,0.029390221,0.98105997,2.5270565e-05,0.97962064,6.4730484e-06,0.9620846,0.9644672,0.010848914,0.010931032,0.97506565,0.014484256,4.7252083e-06,2.3916143e-06,0.010913276,0.9922382,0.0128299985,0.0025805163,0.96394026,5.4055505e-05,0.003599344,0.0006174819,3.5952055e-06,0.016768869,4.0453315e-06,0.9316092,6.6932143e-06,4.0537e-06,0.0030146728,0.00033836905,8.739408e-06,9.508033e-06,0.0024273067,1.1191969e-05,3.684044e-05,0.0075535187,0.009271061,0.99751943,0.01073376,1.7209451e-05,9.797768e-06,0.008665583,4.675131e-06,0.008784742,1.01417645e-05,0.021662349,9.298071e-06,0.0028808918,0.009892384,0.97725314,0.00926284
-0.112420319,-0.620484296,-0.241506345,1.073706718,1.149080993,1.057122225,-0.598974852,-0.647234038,-1.053069082,0.671228904,0.714218638,1.19359585,0.926111412,0.58088758,-1.396440291,-0.889317111,-0.660990429,1.579291208,2.237090701,-1.060994561,-0.819476651,6.955957e-05,3.8688875e-05,0.9997739,3.8391255e-09,5.3590283e-09,0.9999771,2.1321677e-05,1.8505207e-05,0.9999591,1.5336269e-05,3.573331e-08,0.0739769,2.2487253e-05,3.013498e-05,0.99996483,7.1336834e-09,0.9157959,0.9999975,8.957336e-06,8.453881e-09,7.599196e-05,2.4956808e-09,0.20497487,4.932885e-08,1.1731635e-08,0.1666345,7.2967865e-08,8.407586e-09,0.17381987,2.0688389e-05,0.9193538,0.9077018,3.7157602e-05,2.3494898e-08,0.08842697,3.7475555e-08,1.0819058e-07,0.17852205,2.7947218e-08,3.0512117e-09,7.3701476e-09,0.9999907,1.3738214e-08,5.025383e-08,0.9999933,3.6868027e-08,1.6259982e-08,0.99999,4.8183032e-05,0.12829532,1.0,3.278846e-09,2.261897e-08,0.0856376,1.577445e-08,1.0371255e-08,0.99999404,4.559606e-05,6.0791826e-05,0.9998301,1.1734894e-05,1.9692166e-05,0.9997317,1.2229067e-05,4.147082e-08,0.06456591,1.5825742e-08,6.5389107e-09,0.9996006,2.193753e-08,0.93357235,0.99997604,1.47285e-05,3.4260385e-05,1.29741375e-05,4.0726746e-09,0.9999857,3.2404255e-08,1.44037875e-08,0.9999846,7.6453e-09,0.112935685,0.073729776,3.850213e-09,2.7434599e-08,0.99998903,2.7573671e-08,1.2311869e-05,0.9999809,1.1859527e-05,1.9603782e-08,2.4826516e-10,0.99998677,1.534785e-08,2.2348289e-08,0.99999475,2.7164567e-08,0.1327702,0.99999,1.2269973e-09,2.579829e-08,0.07986469,1.6100103e-05,2.895321e-05,1.0,8.8322695e-06,6.0931643e-06,1.0,6.420397e-06,2.1270724e-05,0.07586423,9.3502965e-09,1.7788949e-08,1.0,2.2498449e-05,0.9234841,0.99999475,1.4849651e-05,9.233081e-09,5.34277e-06,1.6124657e-05,1.0,2.4462628e-05,0.09217528,0.07714265,1.7473118e-08,1.7544204e-05,0.999984,1.8463868e-05,3.3860201e-09,0.9998097,1.117335e-08,6.019868e-06,1.0173597e-05,0.99999106,2.4801445e-09,0.07509784,0.9999943,8.716377e-06,4.552828e-05,0.007354709,4.2250704e-08,2.3690798e-05,0.9999845,1.7491762e-05,4.4720164e-05,0.07285665,1.8087878e-08,1.1283214e-08,1.0,9.046826e-05,0.926273,0.9999882,1.5374606e-05,3.060403e-09,3.7335732e-05,0.08032825,0.071804695,5.2819753e-09,7.65006e-06,0.9999573,1.7315982e-05,8.568866e-09,0.999605,6.557858e-09,1.730545e-05,0.036004584,0.9999881,2.2436614e-05,1.4758223e-05,0.08558027,4.7348063e-08,1.5077717e-08,0.9999883,0.81723845,3.155429e-05,0.07865268,0.037801683,3.015458e-08,0.09093932,0.12808678,6.8792026e-08,0.120165505,3.858138e-09,0.01309079,6.2909162e-09,3.1238923e-08,0.072464235,0.13518791,3.327155e-08,1.30151205e-08,0.070194006,2.6962514e-09,8.766513e-10,0.99999106,8.2408784e-05,0.9233642,0.99998534,1.4415357e-08,2.6738677e-08,3.1443207e-05,1.6940566e-08,0.99999213,3.929298e-09,0.99180436,3.4886515e-08,0.06999932,8.321124e-05,1.0320883e-05,4.587874e-05
0.249554623,-0.744481891,-0.121274525,-0.073982142,-0.04934003,-0.036593213,-0.031879534,0.11456031,0.120870524,0.036440306,-0.128369153,-0.139180543,0.076985486,-0.09792494,-0.157696514,0.196228365,-0.376227821,-0.01891264,-2.11238793,0.636723691,0.166424504,0.007166601,0.011346518,0.9200163,9.4892726e-05,9.663098e-05,0.9887129,0.74577427,0.731771,0.9913292,0.7434088,7.4611205e-05,0.05599671,0.011191943,0.008359612,0.99072766,6.997873e-05,0.92978543,0.14013474,0.7129148,0.000480509,0.007079645,0.0005542215,0.109926775,9.34994e-05,7.639426e-05,0.23955208,9.809473e-05,0.00023544092,0.22134346,0.74140126,0.95608866,0.76901263,0.0091508,0.00015013316,0.9248013,9.8228775e-05,8.662346e-05,0.09394928,2.4291669e-05,0.00021546918,0.00048518498,0.14418603,0.00034177856,0.00016237897,0.13962497,5.9305454e-05,5.237529e-05,0.13228735,0.008249609,0.05523124,0.9999411,0.0002357716,0.00017488768,0.03979615,3.9121103e-05,0.00014430059,0.12774539,0.010158844,0.0092484625,0.9126316,0.75734323,0.68444794,0.926375,0.7585179,9.1813534e-05,0.03427475,0.00010214701,0.0003036379,0.9067869,0.00013426169,0.8418282,0.2729394,0.6694956,0.009875062,0.69674957,0.00012859359,0.13184075,0.000108914144,0.00021445667,0.1273456,4.843184e-05,0.059463203,0.03898729,0.00015775574,5.6144956e-05,0.13880822,7.433729e-05,0.7354881,0.2866944,0.7010806,0.00027264806,0.00020216258,0.13120843,0.00015980966,0.00011644581,0.12193256,4.9171325e-05,0.052329175,0.16246144,0.00020405874,0.00013878745,0.03342922,0.73151815,0.011935632,0.99991333,0.7361747,0.6977932,0.99980444,0.7023253,0.0076736193,0.03670843,0.00010674913,6.938553e-05,0.99983394,0.0052756984,0.96428066,0.13331772,0.7254848,6.736407e-05,0.6976624,0.7121247,0.9997789,0.0068321945,0.18913917,0.032320477,0.00058401754,0.7437203,0.27417466,0.7488015,0.0005835905,0.93271613,0.00064969726,0.725758,0.68506664,0.25442207,0.0003267845,0.12936428,0.12625016,0.7050524,0.007027956,0.7225935,0.00020941634,0.74372214,0.13707142,0.75379604,0.008334698,0.032638036,6.65147e-05,0.00041078668,0.99985933,0.0110397525,0.9631335,0.13386121,0.74826944,0.00014459134,0.0065777213,0.17332517,0.040065043,0.0001754206,0.6836344,0.26591244,0.6799311,0.0004990886,0.93215805,5.3946325e-05,0.7217658,0.9018229,0.13951607,0.009995478,0.71113825,0.057392303,6.398601e-05,6.538091e-05,0.1575453,0.75816935,0.010660002,0.04496634,0.892444,0.00049898395,0.041811425,0.05230076,6.619364e-05,0.06932715,7.67108e-05,0.7606522,0.00021886636,5.7075744e-05,0.03317954,0.047191467,6.5736574e-05,0.00018797406,0.039856475,0.0001703168,0.00047500618,0.13621074,0.0071016545,0.9622195,0.13878538,0.00026595072,5.3220334e-05,0.008361264,6.8758476e-05,0.13546005,0.00010942195,0.14482956,0.00016882685,0.041454777,0.00998481,0.70666623,0.012200223
-0.387021999,1.363477223,0.600116397,-1.666292422,-1.938271999,-1.851436612,1.484603232,1.413849128,1.712378635,-1.606119285,-1.483062852,-1.797728105,-1.225865448,-0.516253476,1.952362674,0.746591745,1.430093735,-1.851079912,1.42506762,-0.758828035,-0.256083106,2.8849934e-07,1.5537317e-07,0.99894935,3.908027e-09,6.664866e-09,0.99999976,9.2636605e-05,0.00011972455,0.99999976,0.00015389484,9.888133e-09,0.0038080527,9.417903e-08,1.0471745e-06,0.99999976,2.4026099e-09,0.99620384,0.9993537,6.861673e-05,3.8989153e-08,7.937417e-07,1.2194875e-08,0.9038231,3.3890957e-09,8.887331e-09,0.95473844,6.105165e-08,8.878012e-09,0.9575879,7.3899784e-05,0.99726105,0.027471729,5.4918536e-07,1.173224e-08,0.9612183,9.6500505e-09,6.780344e-08,0.92902285,1.5704982e-08,3.820571e-09,1.8046352e-08,0.9991466,5.6500795e-09,4.5312397e-08,0.9995708,2.5726106e-08,5.758397e-09,0.99960643,1.5834323e-07,0.91775095,1.0,9.171229e-09,1.2236138e-08,0.0048447154,3.6686767e-08,6.838892e-09,0.99969625,1.1913795e-07,3.4134777e-07,0.99918073,0.00019958577,0.00010955172,0.99961674,6.301965e-05,2.29292e-08,0.006233105,1.5986718e-08,1.1376223e-08,0.99928623,1.4268599e-08,0.9924899,0.9998908,6.959978e-05,2.6073639e-07,0.00015305265,7.4177726e-09,0.999119,1.0429496e-08,9.804355e-09,0.99886024,4.646704e-10,0.9612613,0.009769884,1.970683e-09,9.2401455e-09,0.9996486,7.0251627e-09,9.8529905e-05,0.99991953,8.254627e-05,3.3113785e-08,5.000397e-09,0.99953115,6.7504815e-09,1.7594852e-08,0.9995932,2.8789062e-09,0.9459368,0.99962544,8.127273e-09,6.1098104e-09,0.0058468306,3.4244185e-05,2.403212e-07,1.0,9.5630705e-05,0.0001588083,1.0,0.0001399085,4.843208e-07,0.008963198,6.1664984e-09,3.2393117e-09,1.0,4.3739973e-07,0.9929484,0.9994273,0.00014785735,3.5074063e-08,4.4583732e-05,9.837021e-05,1.0,3.4572307e-07,0.9532212,0.004892212,2.7461247e-08,0.0001279612,0.9998312,7.621556e-05,2.5653978e-08,0.99949384,2.4433858e-08,0.00030849097,7.469449e-05,0.9999007,1.9412223e-09,0.9598911,0.99954766,7.211956e-05,1.1182714e-07,0.0019084241,1.3083966e-08,9.9123616e-05,0.9995788,0.00019256046,1.2395867e-07,0.008375993,7.906953e-09,4.4894474e-08,1.0,3.4180775e-07,0.992878,0.999602,0.0001272187,3.3856406e-08,1.9727717e-07,0.96782357,0.0060704956,5.6689053e-09,0.0002605665,0.99990773,8.2854305e-05,6.8371214e-08,0.99952257,5.702676e-09,0.00011095768,0.9625951,0.99947697,2.603915e-07,5.910706e-05,0.004926048,2.3977174e-08,1.5216768e-08,0.9996259,0.035081,8.409401e-08,0.006019544,0.9582074,1.3494455e-08,0.006490271,0.9616603,2.5292153e-09,0.9383947,2.2563287e-09,0.0041425615,4.7407416e-09,4.464709e-08,0.010573726,0.94971097,3.8465302e-08,1.1245873e-08,0.0057502277,2.1890715e-08,3.3159413e-08,0.99950874,4.9777803e-08,0.9948198,0.9993032,2.1515804e-08,3.0760475e-08,3.065067e-07,3.3815992e-09,0.99940956,1.2049974e-08,0.9940327,5.5180294e-08,0.0046347836,3.340624e-07,0.00012578758,6.057319e-07
0.037362415,0.830287565,-0.842665446,-1.330860343,-1.385203018,-1.357425523,0.915108428,0.845917009,1.078756522,-1.013713882,-0.924161804,-1.194142768,0.698211511,0.958848403,1.356439084,0.925678276,0.64628524,0.303259954,-1.437490959,-0.614822891,1.593711851,0.000103167025,5.4142944e-05,0.9951251,1.1448183e-06,9.750023e-07,0.9998536,0.006821163,0.010782939,0.999884,0.009512327,1.2421647e-06,0.013209445,6.9804504e-05,0.00013152664,0.99992204,8.247628e-07,0.9830891,0.9821576,0.006859875,5.3150375e-06,0.000110825495,3.4113145e-06,0.24978516,1.0140808e-06,1.144398e-06,0.39054424,6.8559184e-06,1.157509e-06,0.35230368,0.008634842,0.98703533,0.6005381,0.00011287377,2.533121e-06,0.39116672,2.541457e-06,4.185139e-06,0.286261,2.135429e-06,1.3636628e-06,2.6167054e-06,0.9838905,1.7541292e-06,3.900165e-06,0.9796188,2.3228142e-06,1.7377683e-06,0.9856793,7.515455e-05,0.31096503,0.99999774,3.009276e-06,2.0482823e-06,0.010641405,2.563264e-06,1.3152044e-06,0.98569816,5.0446222e-05,5.497896e-05,0.99391276,0.013181077,0.009933126,0.9960829,0.008747666,3.6283927e-06,0.010985352,1.4474394e-06,4.3025293e-06,0.99481887,2.9463304e-06,0.97381645,0.9906384,0.009172049,0.00010666793,0.010930825,1.2529342e-06,0.9788629,2.4667063e-06,2.258469e-06,0.9838299,1.7474392e-07,0.32841346,0.01977994,1.3596657e-06,2.2506406e-06,0.98636395,7.724918e-07,0.009205986,0.9915364,0.009008195,6.327034e-06,1.1685595e-06,0.98414373,2.9529097e-06,2.3481136e-06,0.9854173,8.929062e-07,0.31425855,0.985044,1.0022223e-06,2.0008113e-06,0.010604065,0.006757556,8.980454e-05,0.9999987,0.010057827,0.011415556,0.99999774,0.009227492,0.000116508665,0.017094001,1.6667295e-06,9.985379e-07,0.9999974,0.00010789388,0.9787608,0.9801577,0.01019726,2.7347487e-06,0.0062714596,0.010357037,0.99999785,8.8199915e-05,0.3232744,0.010870797,5.314546e-06,0.009445422,0.99107426,0.009649228,5.8581863e-06,0.9960443,2.5172724e-06,0.013797719,0.0071333945,0.99145913,1.3437215e-06,0.36590558,0.9840179,0.008279593,4.2462416e-05,0.029686619,1.6241343e-06,0.009220733,0.98635155,0.011992781,8.008273e-05,0.014718604,3.0619808e-06,8.186441e-06,0.9999963,0.00012653694,0.98335546,0.9848643,0.010365594,3.7442232e-06,6.317845e-05,0.34503937,0.011705531,1.2227679e-06,0.013219911,0.9911232,0.007990889,6.6256853e-06,0.9947619,6.0911606e-07,0.008892091,0.37934846,0.98516417,0.00011974967,0.008195705,0.016360812,2.4009837e-06,2.2590054e-06,0.9884828,0.6106638,4.1210627e-05,0.017523345,0.3455117,3.5025375e-06,0.01257173,0.32852244,5.843305e-07,0.26635477,7.100983e-07,0.0318099,1.6207458e-06,3.7317106e-06,0.01732414,0.34670782,2.394072e-06,1.1027568e-06,0.015264504,4.0447567e-06,4.406678e-06,0.9819686,3.463627e-05,0.9851033,0.9843194,6.30125e-06,2.513801e-06,0.00012011837,1.0159102e-06,0.985837,2.0285086e-06,0.9632084,4.448849e-06,0.012896431,0.00011432291,0.010711913,0.00014385147
0.012398626,-1.575265777,1.201275498,1.207815258,1.208382933,1.232426309,-0.790366428,-0.56264501,-0.69698534,0.872442774,0.606543657,0.755522019,-0.824996161,-1.18590118,-1.387139889,-0.734908449,-0.879969684,-0.557838551,1.825307191,0.509710568,0.123398719,0.013516098,0.01298727,0.9902288,3.0249284e-05,4.5533663e-05,0.9910211,0.06701458,0.07441738,0.98829824,0.072166465,6.4205684e-05,0.074026756,0.010146213,0.011959126,0.98593277,3.5933255e-05,0.91499865,0.9573158,0.064870216,7.175016e-05,0.013703695,3.2844786e-05,0.07563665,6.7408924e-05,5.0980954e-05,0.0719654,8.647755e-05,6.663622e-05,0.07222972,0.06448083,0.9487312,0.94823325,0.01293375,4.8396105e-05,0.29610366,4.7069032e-05,9.260338e-05,0.076310374,2.6120677e-05,3.4145443e-05,5.4315777e-05,0.95185214,8.5518725e-05,4.7464524e-05,0.9583547,5.474343e-05,3.5518635e-05,0.948301,0.009670148,0.09521027,0.9999362,1.943137e-05,0.00010134029,0.054493215,3.0226101e-05,5.280468e-05,0.95070904,0.0133010335,0.013329092,0.99035674,0.066803984,0.07452428,0.98950934,0.0660645,4.588141e-05,0.069940604,3.8143426e-05,6.615401e-05,0.985508,3.113729e-05,0.94601476,0.92514193,0.07215568,0.01210927,0.067544945,2.5055151e-05,0.9362104,6.0678532e-05,6.924626e-05,0.9448832,3.7402624e-05,0.04701871,0.061513998,7.457287e-05,4.028114e-05,0.9451297,5.1572133e-05,0.06490228,0.91979194,0.07323193,5.7387813e-05,2.0825944e-05,0.94718933,4.443458e-05,4.646199e-05,0.94819146,6.313617e-05,0.05542093,0.94409513,2.1929092e-05,4.2010255e-05,0.06968421,0.075369425,0.009147532,0.99994767,0.054810967,0.06866526,0.99995434,0.047006093,0.009913048,0.045463305,4.62129e-05,4.8055877e-05,0.999933,0.011813327,0.9496548,0.9485131,0.058866434,2.5704641e-05,0.061365854,0.07618802,0.9999732,0.012209168,0.0428059,0.053716056,7.53598e-05,0.06803191,0.93292385,0.07556504,4.958991e-05,0.9893651,9.944693e-05,0.051196996,0.05854565,0.94016385,5.1191604e-05,0.054896187,0.9366213,0.060648877,0.013698675,0.22974172,7.0945214e-05,0.060158487,0.93610907,0.07573562,0.013558157,0.040669467,4.108306e-05,8.948738e-05,0.9999467,0.0137037905,0.94739836,0.9460442,0.0538487,3.6431502e-05,0.011024607,0.04829303,0.049758248,3.791918e-05,0.063611865,0.9202046,0.06689289,6.6190296e-05,0.9867421,1.8299335e-05,0.06962414,0.3057324,0.94625294,0.010546318,0.065658055,0.07341421,7.5021584e-05,2.1109845e-05,0.9408672,0.94842213,0.010890174,0.05727976,0.23375295,0.00014606508,0.05149981,0.053580716,8.393903e-05,0.09549459,2.3460843e-05,0.26279154,2.8290056e-05,4.1564028e-05,0.06144103,0.042270083,5.8020516e-05,7.9515514e-05,0.05042596,2.6842752e-05,4.117284e-05,0.9435686,0.018128438,0.95469826,0.934723,5.8518057e-05,5.7242374e-05,0.010921302,4.4124386e-05,0.94046825,5.3295604e-05,0.7643202,7.127926e-05,0.044988316,0.017102247,0.06179217,0.010691125
-1.535356297,-0.372489106,-0.602201806,0.012946242,0.065971083,0.035461791,0.518638423,0.425727107,0.229139286,-0.579019518,-0.466879957,-0.247683102,0.783621741,0.666711247,-0.829996403,-0.734752232,-0.174319975,1.326443912,-1.494265096,-0.380477363,0.038944055,0.008160918,0.007736871,0.9755819,7.600676e-06,2.1491833e-05,0.99163264,0.93194705,0.9311288,0.9905387,0.93724155,1.13253855e-05,0.0059110913,0.011654082,0.0069023734,0.9902592,8.961343e-06,0.9946084,0.018746851,0.923578,0.00011286958,0.008028489,8.671421e-05,0.002835671,1.230512e-05,2.3818247e-05,0.014244477,8.210545e-06,2.7981629e-05,0.015172623,0.9227876,0.9992637,0.9694549,0.009006957,2.075257e-05,0.9505464,9.025832e-06,5.6121908e-06,0.0029543412,2.2678857e-06,5.1573657e-05,3.659687e-05,0.022883635,0.00012938656,7.584529e-06,0.0149528785,5.403594e-06,4.5287356e-06,0.01873599,0.009227113,0.0111633735,0.99998736,2.1432927e-05,5.9756665e-05,0.0006313987,3.8007747e-06,2.862112e-05,0.019154858,0.009047698,0.008344269,0.9784974,0.94252837,0.9297443,0.97170615,0.9316329,5.0363356e-06,0.0008378409,7.723063e-06,5.4434e-05,0.9725677,1.4610066e-05,0.9782259,0.0673704,0.93758726,0.008957342,0.934349,1.2480885e-05,0.020378072,2.885899e-05,2.1885218e-05,0.016797172,6.9445505e-06,0.0040857117,0.0010715674,6.0223818e-05,6.744661e-06,0.020257775,1.1023522e-05,0.9490044,0.07643559,0.94189465,4.5395835e-05,6.1328334e-05,0.022023091,2.5800124e-05,1.461118e-05,0.018259248,1.1429351e-05,0.0042841053,0.023647573,1.6271035e-05,9.666054e-06,0.00070455304,0.9203448,0.007717303,0.9999858,0.9405472,0.9455365,0.9999865,0.9337458,0.009479045,0.001276826,2.0753303e-05,1.0188325e-05,0.9999778,0.0063311746,0.99906224,0.022272263,0.93208724,4.0360483e-06,0.9339059,0.9402627,0.9999901,0.01051591,0.02167745,0.0007080187,0.0001236471,0.9445798,0.06636799,0.95027125,0.00010298224,0.9761549,0.00011032214,0.94196427,0.92978567,0.05960855,8.015425e-05,0.021358559,0.020557914,0.9296318,0.0069758575,0.87316066,3.1181506e-05,0.93923056,0.01911108,0.93346715,0.009465891,0.0010109402,5.7929856e-06,0.00016259542,0.99997604,0.007312273,0.99912626,0.01835018,0.93585455,2.7309534e-05,0.0071803452,0.024949301,0.000929288,2.5396168e-05,0.9396181,0.061366256,0.9422119,6.159031e-05,0.97051066,3.8900316e-06,0.94567937,0.9574727,0.016053488,0.008368027,0.9464137,0.0050857035,1.0285335e-05,5.2433206e-06,0.025849786,0.98450214,0.0063233795,0.0010855192,0.9633774,0.00024519875,0.0008593394,0.0038946874,9.213905e-06,0.013375333,4.5726547e-06,0.83036613,1.6033207e-05,7.656191e-06,0.0009299333,0.0038862757,1.4587665e-05,2.3840132e-05,0.00091759366,2.1892733e-05,0.00018488202,0.016895609,0.009105881,0.9988254,0.022299277,5.0110022e-05,7.92351e-06,0.006494091,1.3794655e-05,0.021334628,1.5864456e-05,0.049553405,2.5471043e-05,0.0013249769,0.007847732,0.94501436,0.00860178
-0.624177996,1.661071451,1.189252316,-0.175619441,0.112549127,0.138785366,0.145782362,-0.30473036,-0.190476534,-0.158943693,0.342876758,0.22184021,-0.599234407,-0.810965733,0.012967548,0.511675545,-0.528392727,-0.986426988,1.431428288,0.093365548,-0.232795875,0.112499654,0.11226268,0.3255513,0.00022059605,0.000738101,0.82963204,0.5749519,0.4866787,0.8809258,0.51666594,0.00031757206,0.6923653,0.08731331,0.15506423,0.8724254,0.0003941463,0.27097404,0.054057404,0.45288414,0.00063908205,0.10486234,0.0020512275,0.26189065,0.00027902122,0.00062264904,0.71494305,0.00049887673,0.0008038753,0.71830255,0.515835,0.5764139,0.9344321,0.14872627,0.00028521297,0.96605766,0.00033915075,0.00032215568,0.18196285,0.00011906978,0.00063145044,0.0011071544,0.042138487,0.00057546864,0.00045412002,0.059225474,0.00044629426,0.00022562986,0.04179059,0.15342452,0.12317626,0.9997564,0.000630799,0.0005168299,0.45089832,0.00022555371,0.00036089093,0.048390187,0.10129995,0.13250373,0.35675892,0.45647907,0.5341468,0.33777183,0.5414269,0.0010940232,0.3822133,0.00039386575,0.001255369,0.2749599,0.0006141458,0.06154946,0.49581307,0.7546639,0.11918065,0.76322806,0.00072270684,0.033730477,0.00028830476,0.0012136671,0.041235004,0.000372718,0.006346588,0.47185135,0.00075408584,0.00020661249,0.033201054,0.00041245273,0.76033556,0.52767587,0.77598995,0.0012595706,0.00050378055,0.041710377,0.00049383275,0.0004282003,0.045739297,0.00010356721,0.0065675955,0.04470813,0.00077430304,0.00019718803,0.44554916,0.76150376,0.1556065,0.99956256,0.747767,0.7403203,0.99948704,0.72830087,0.10673532,0.40070832,0.00041800697,0.00047960845,0.9996468,0.13956359,0.58391744,0.039159272,0.4655809,0.00032831184,0.7431893,0.806719,0.99897826,0.118645705,0.08833778,0.4507574,0.0009503347,0.7620623,0.51104844,0.76229227,0.0012373716,0.42273748,0.0019926226,0.7205268,0.7745616,0.5091982,0.0010269457,0.05711457,0.042810544,0.7471348,0.13661586,0.937001,0.0003950254,0.4393244,0.05251688,0.7946669,0.13490054,0.43476644,0.00027428803,0.0017136111,0.99973434,0.13136533,0.5635706,0.04686852,0.4981619,0.000426059,0.10930634,0.07695562,0.36173922,0.00079226354,0.74129516,0.50300884,0.80033493,0.0012380889,0.3573651,0.00048389312,0.48336488,0.7430089,0.04456718,0.08984885,0.8168813,0.7395686,0.00025322396,0.00021081831,0.035068795,0.26789248,0.1445405,0.4076739,0.75693643,0.0014502344,0.42718327,0.0064621153,0.00019611533,0.093722805,0.0005031768,0.8565561,0.00030221813,0.00032177626,0.48788768,0.0062665045,0.00046009268,0.0006637283,0.41259775,0.00077332224,0.0023897032,0.045967672,0.10585469,0.63772446,0.039106674,0.00075316004,0.00023575091,0.091873586,0.00031530313,0.046599332,0.00048366206,0.009667577,0.00045970778,0.3817328,0.09963963,0.72724724,0.13741449
1.822273336,-1.786061689,-0.061158614,0.360162744,-0.028620817,-0.089082424,-0.657096105,-0.046286091,-0.110894747,0.729847898,0.040731024,0.111101183,0.225644004,0.513284055,0.144108051,-0.475188249,0.655824163,0.528509751,-1.520427885,-0.514515636,-1.813487935,0.00041541853,0.00093374035,0.9907725,3.474611e-06,1.3739427e-06,0.99949646,0.085474946,0.05903651,0.9995734,0.08904409,2.3369457e-06,0.07378929,0.00040031387,0.00034066505,0.9995963,1.9817849e-06,0.91038334,0.9157837,0.08019436,9.974112e-06,0.00043611752,7.6239794e-06,0.21070573,2.8844536e-06,1.2756227e-06,0.17873555,7.923373e-06,6.0738676e-06,0.19394071,0.09181752,0.9061424,0.91747814,0.00034207111,5.0351205e-06,0.34733933,2.9693365e-06,4.9652626e-06,0.19133924,1.4091039e-06,2.8532586e-06,8.163208e-06,0.917476,7.731213e-06,6.1775e-06,0.93693346,3.4014747e-06,2.758451e-06,0.924535,0.00026570488,0.05228366,0.99999774,3.4620289e-06,2.9705602e-06,0.10251377,1.0139289e-06,1.7297278e-06,0.9121751,0.00054791884,0.0005244371,0.9864956,0.093342535,0.057290055,0.9916353,0.07344759,5.7009233e-06,0.09617282,2.1023943e-06,9.434681e-06,0.9906166,2.193491e-06,0.92285734,0.9384597,0.06483661,0.0006350372,0.05931167,3.9854835e-06,0.916237,3.1787374e-06,7.671342e-06,0.9037472,9.045255e-07,0.06409123,0.08822489,4.5224433e-06,2.3510556e-06,0.9253973,1.7772047e-06,0.08288734,0.92136914,0.05880212,7.071949e-06,4.217078e-06,0.90667886,4.039514e-06,3.6494955e-06,0.8963564,2.6706268e-06,0.07668608,0.9176741,4.9554847e-06,4.476649e-06,0.09856357,0.05688884,0.00062804314,0.99999726,0.06626876,0.065670684,0.9999939,0.076599106,0.00027984654,0.07978096,1.8043274e-06,2.11707e-06,0.99999034,0.0004181084,0.92778534,0.9042979,0.058466572,2.4392473e-06,0.07493217,0.06763131,0.9999945,0.00035139386,0.10450773,0.09594137,1.0244601e-05,0.08361178,0.92642,0.08147296,1.0804167e-05,0.99286073,1.6483786e-05,0.073542625,0.078303434,0.9249356,4.058373e-06,0.054112326,0.9252789,0.07799261,0.0005027913,0.2033476,3.4637662e-06,0.096941665,0.91626024,0.06432332,0.00030052496,0.095911264,4.716078e-06,5.6419576e-06,0.9999975,0.00058838696,0.9073536,0.9126292,0.090444006,2.8701793e-06,0.000398477,0.07226097,0.10587493,2.2418108e-06,0.05132895,0.9244659,0.057527162,1.1335521e-05,0.99183285,2.0440011e-06,0.075396866,0.26017618,0.9214228,0.00039865292,0.057763502,0.07569783,4.1272983e-06,2.080189e-06,0.9399529,0.7616565,0.00047249193,0.08785018,0.22445536,1.0785596e-05,0.09413457,0.059622467,1.7184911e-06,0.050903097,1.852795e-06,0.22741047,7.258057e-06,3.696898e-06,0.08559777,0.059357855,2.8329018e-06,3.2532716e-06,0.08895101,4.6146665e-06,6.865478e-06,0.91409004,0.00027762304,0.8978743,0.9176446,4.393053e-06,4.1623234e-06,0.0004221588,1.4490859e-06,0.9069486,3.3239508e-06,0.78459483,5.2636115e-06,0.1037092,0.0005578676,0.06078848,0.00053112605
-0.074974635,-0.248491511,-1.251453635,-0.407286885,-0.546084629,-0.555980043,0.406978914,0.610444107,0.617494592,-0.454010614,-0.663157303,-0.680390206,0.514512794,0.585710487,0.471523796,0.346834561,0.21066308,0.409885192,0.498172113,-1.129281431,0.349291546,0.037540272,0.030156462,0.80006206,7.016221e-05,0.00013669534,0.9496825,0.840862,0.8735711,0.9627422,0.8723264,6.132453e-05,0.025596555,0.047080044,0.032085508,0.96321833,6.9658614e-05,0.9726397,0.017657155,0.84202665,0.00074838055,0.039793786,0.0006319893,0.008394672,7.602363e-05,0.000123762,0.086580396,5.9356607e-05,0.00018035273,0.08234164,0.8486609,0.99711525,0.80334336,0.034414276,0.00014535594,0.94504887,8.107163e-05,4.5135406e-05,0.007481275,1.5942032e-05,0.0003341317,0.00038352847,0.016625749,0.00050861714,8.9974084e-05,0.016675131,4.7412042e-05,5.0038583e-05,0.014595007,0.04349727,0.034781307,0.99989855,0.00017946446,0.0003366574,0.0025768466,4.3198168e-05,0.00018477064,0.014573839,0.034718163,0.03066157,0.8014696,0.87620455,0.86529934,0.78556097,0.87844473,4.2338124e-05,0.0025662307,8.3317645e-05,0.00034908415,0.74070597,0.00016095246,0.827202,0.12564662,0.8896285,0.031487063,0.88535935,7.025366e-05,0.014231768,0.00014897196,0.00013157832,0.012936355,6.006071e-05,0.008930464,0.003534467,0.00030049228,6.84585e-05,0.014406757,9.163606e-05,0.91510415,0.16803181,0.88459724,0.00028209915,0.00026138165,0.01757891,0.0001517878,0.000119461576,0.016016878,6.091276e-05,0.012494488,0.019835696,0.0001157136,9.265294e-05,0.0020070549,0.8920698,0.036485735,0.9999169,0.9016361,0.8851856,0.9998654,0.88463926,0.038552202,0.0035584487,0.0001235481,6.899973e-05,0.99984074,0.029125975,0.99724615,0.015112002,0.8852173,3.7623457e-05,0.8756288,0.90230393,0.99991226,0.03530779,0.12687308,0.0026482113,0.00093971647,0.9157168,0.13532275,0.9061445,0.0006035845,0.80653316,0.0005682725,0.8906494,0.87563115,0.14198707,0.00056114385,0.114768274,0.016199475,0.88445246,0.03708323,0.81815684,0.00018033708,0.8737757,0.014150803,0.89103526,0.041255582,0.0027787888,5.1851493e-05,0.00070265034,0.9998468,0.038250938,0.99706036,0.012480311,0.8726448,0.0002302346,0.033384062,0.11416897,0.003020606,0.00023712764,0.88508815,0.11557208,0.88693964,0.00047889972,0.74312884,3.8438728e-05,0.8671971,0.95174885,0.015329096,0.04439888,0.9042652,0.025648475,8.2084865e-05,4.2517804e-05,0.016937582,0.9265122,0.03029831,0.0034974357,0.9634041,0.00093755755,0.003009103,0.010315079,9.209273e-05,0.03760708,3.9110248e-05,0.73865396,0.0001384125,5.662512e-05,0.0030980897,0.0128437625,5.97631e-05,0.0001303638,0.0026876132,0.00017332337,0.001099154,0.014289843,0.037750266,0.99615014,0.01749565,0.0004354958,4.2227075e-05,0.039884306,0.00010585347,0.019582953,0.00010090915,0.04053525,0.00020888569,0.0038531793,0.041828144,0.9119643,0.04728753
0.162181361,-0.000496321,1.21329868,-1.224397732,-1.045451382,-1.129554837,1.210490525,1.131946725,0.89082371,-1.220609819,-1.02699921,-0.721404879,1.028180069,1.067079812,1.139375365,1.140455704,0.193820496,0.570384548,0.647283919,2.265089139,-0.530317646,3.113898e-05,2.1630956e-05,0.999076,3.188248e-07,2.0953335e-07,0.9999652,0.0027119403,0.00335139,0.9999691,0.0033487647,3.5353946e-07,0.015204821,1.746178e-05,4.7067595e-05,0.9999715,1.7685635e-07,0.9855032,0.9970559,0.0024782303,1.2239917e-06,4.3787077e-05,7.6143635e-07,0.2517814,2.53748e-07,2.61682e-07,0.19403288,3.048915e-06,3.7531822e-07,0.16797543,0.0028490438,0.98755974,0.85946965,3.9376744e-05,7.3113995e-07,0.26669785,6.424749e-07,1.775973e-06,0.2798818,6.725141e-07,2.909318e-07,6.4733916e-07,0.99667054,6.672169e-07,8.233859e-07,0.99751234,8.061022e-07,4.6339864e-07,0.9974111,2.265543e-05,0.23835422,0.9999993,5.873105e-07,6.999465e-07,0.014861095,6.0706776e-07,3.3143175e-07,0.99782073,2.0532287e-05,2.2494225e-05,0.9992193,0.003507201,0.0035507218,0.9994087,0.00258697,1.3922173e-06,0.01647019,3.65078e-07,1.0252489e-06,0.9992982,5.122428e-07,0.9881626,0.9967348,0.0031502561,3.407083e-05,0.0041195177,3.6109185e-07,0.99641633,6.608337e-07,5.8563376e-07,0.9965856,4.8790902e-08,0.23916535,0.02052576,4.383276e-07,5.540831e-07,0.9978309,2.5321134e-07,0.0030581788,0.99663395,0.0029831522,1.5913893e-06,4.0647225e-07,0.9971865,5.5445895e-07,6.238023e-07,0.9975496,3.397039e-07,0.2215581,0.99745935,3.7344768e-07,3.9804323e-07,0.0200789,0.0023347382,2.9888899e-05,0.9999995,0.0030422735,0.003949569,0.9999993,0.0031643363,2.9269835e-05,0.020637438,4.3045833e-07,2.966371e-07,0.9999989,4.6194127e-05,0.9763649,0.9971704,0.003157851,8.7985813e-07,0.0024739266,0.0033187303,0.9999995,3.3424287e-05,0.14248349,0.0127768405,1.1588787e-06,0.0035105008,0.996366,0.0029016659,1.3310184e-06,0.9995178,1.0100251e-06,0.0044325995,0.002972554,0.9968381,2.3672177e-07,0.13335407,0.996932,0.0029294144,1.834842e-05,0.022478469,4.0613284e-07,0.0029590055,0.9977303,0.0041115284,2.7030737e-05,0.01959646,8.01801e-07,1.6649725e-06,0.9999988,3.8575923e-05,0.98020947,0.99749786,0.0035250308,9.861416e-07,2.425678e-05,0.15090623,0.013783861,2.3298287e-07,0.0046761,0.99671847,0.0028728242,1.958209e-06,0.99937963,1.668277e-07,0.003309118,0.21182671,0.99714667,3.0899788e-05,0.0028381867,0.01699728,9.808956e-07,4.2101362e-07,0.9981558,0.80478406,1.965768e-05,0.019109225,0.20782045,1.5026291e-06,0.015617222,0.23822732,1.7489279e-07,0.24708104,2.2447705e-07,0.029889788,3.9332522e-07,1.2329118e-06,0.024007088,0.25716418,1.0133673e-06,4.065079e-07,0.017213615,1.0539603e-06,1.3092699e-06,0.9971198,1.2723817e-05,0.9840518,0.9967822,1.2018365e-06,1.1592291e-06,3.424412e-05,3.0777795e-07,0.9971289,7.3172316e-07,0.9830804,1.3932693e-06,0.013975922,4.0097173e-05,0.0027010643,4.6782014e-05
-0.748996941,-0.496486701,0.359652757,-0.743134944,-1.259065115,-1.201423309,0.848028919,1.235904389,1.486627418,-0.91818255,-1.330680837,-1.620355982,-1.442456845,-0.666710192,0.883033677,-0.593413117,1.552591832,-1.359810879,0.274907108,0.606397008,-0.801478258,0.0016935678,0.001178204,0.99664634,2.1866695e-06,2.7578512e-06,0.99883145,0.19427264,0.27333555,0.9987754,0.19693385,3.413775e-06,0.015822401,0.0013948918,0.0027004145,0.99827814,1.2084957e-06,0.9861854,0.80162936,0.21981092,1.0521031e-05,0.0015637461,9.559147e-06,0.0077521396,2.5456097e-06,1.9071313e-06,0.009401881,1.0365212e-05,3.2612768e-06,0.006935531,0.23527102,0.99567175,0.9920425,0.0013597563,6.1939345e-06,0.3334136,5.1282727e-06,7.2998037e-06,0.012561879,1.9949239e-06,4.226774e-06,5.2900414e-06,0.78059125,1.2483219e-05,2.1858523e-06,0.7856523,3.849213e-06,2.7175765e-06,0.7921292,0.0016393813,0.016366245,0.9999951,6.2452173e-06,1.1516245e-05,0.0053396104,2.4683793e-06,3.8428893e-06,0.7740796,0.0011964018,0.0005558814,0.9966967,0.20169201,0.26815525,0.9965402,0.22515471,5.4488064e-06,0.006749153,1.6080228e-06,9.469096e-06,0.99564254,3.4601937e-06,0.98403823,0.7552724,0.25507048,0.0012829987,0.27044818,3.390583e-06,0.7800036,6.367967e-06,6.4447263e-06,0.7894888,9.076475e-07,0.005413751,0.008572589,1.4710365e-05,3.2649054e-06,0.7856947,2.2101508e-06,0.20653573,0.7585398,0.23911016,1.1129205e-05,6.559452e-06,0.7731162,4.9680953e-06,3.6840167e-06,0.81942934,3.881971e-06,0.0067417766,0.77207845,3.0763817e-06,2.657502e-06,0.009452291,0.30592963,0.0014257276,0.99999416,0.24643442,0.2476506,0.9999951,0.23339966,0.0010120469,0.007898562,3.7409181e-06,2.1100634e-06,0.9999902,0.0016895351,0.9944628,0.7972253,0.2235759,2.4817082e-06,0.23775616,0.25730088,0.99999666,0.0015436801,0.005933133,0.0047148233,1.4701557e-05,0.25760773,0.74361396,0.25249073,1.89515e-05,0.99790406,1.9532032e-05,0.25429785,0.21433668,0.77081794,7.669411e-06,0.0073193857,0.76116806,0.2630803,0.0012428097,0.35509217,3.0614378e-06,0.20614581,0.7988287,0.26010486,0.001821666,0.006093645,4.899125e-06,2.1323202e-05,0.99999225,0.0016738016,0.9930225,0.7994667,0.21507068,7.5299e-06,0.0014102792,0.008664818,0.004003551,2.5986906e-06,0.25462478,0.76704794,0.27171934,1.8618284e-05,0.9970933,9.235319e-07,0.19512041,0.29069594,0.8179742,0.0012097815,0.25564262,0.013451034,5.061127e-06,1.5955303e-06,0.75877607,0.99271023,0.0017276182,0.008266323,0.26124063,4.2114712e-05,0.00487086,0.0060540093,2.3335162e-06,0.016648116,2.394533e-06,0.34133673,2.4633869e-06,4.1241624e-06,0.0067851036,0.0070416257,4.353632e-06,6.673844e-06,0.0056506386,8.318934e-06,3.0698215e-05,0.7506446,0.0011144228,0.9944232,0.7464685,7.911715e-06,6.3753864e-06,0.0018704258,4.319723e-06,0.8112506,7.189819e-06,0.6897214,8.147777e-06,0.0062518204,0.002143851,0.24323557,0.0023788987
1.298033765,-1.240472271,0.479884577,0.757113619,0.597846482,0.485928496,-0.870325094,-0.384009369,-0.636536607,0.945040757,0.394766881,0.665624325,1.696383803,1.539495478,-0.084994653,0.137800676,-0.165983554,1.910568527,1.506022665,0.350713735,0.530520728,0.0021703236,0.0020225258,0.9843775,1.5596699e-05,1.4650724e-05,0.9973869,0.18249418,0.1593462,0.9965402,0.17462729,1.8633009e-05,0.039216626,0.001875424,0.0014866209,0.99799937,1.3088058e-05,0.9619123,0.81790596,0.16293487,5.0312854e-05,0.0021589438,3.0032958e-05,0.067137085,2.7329335e-05,2.1964965e-05,0.106040515,3.9723087e-05,2.7557679e-05,0.112735316,0.1799667,0.9754488,0.9135693,0.0024598998,2.6729997e-05,0.45696196,1.901263e-05,1.9458223e-05,0.07025989,1.4269125e-05,2.3389804e-05,3.0449684e-05,0.78115326,4.2014704e-05,3.2225784e-05,0.83570194,2.1809255e-05,1.405565e-05,0.80839336,0.0019871916,0.098495,0.99998355,1.320231e-05,2.48922e-05,0.029058183,7.5425633e-06,1.1955779e-05,0.80453146,0.0032934584,0.0036863026,0.98206615,0.15208665,0.16218239,0.98448676,0.15174788,3.1582767e-05,0.025440617,1.6472706e-05,4.4279044e-05,0.9858914,2.2459755e-05,0.95550394,0.8619112,0.1609986,0.0033133845,0.14642105,1.8065064e-05,0.8040867,3.5182595e-05,3.759068e-05,0.7844995,1.1855807e-05,0.06083725,0.022854492,1.817573e-05,1.6884018e-05,0.8157394,1.548011e-05,0.14363465,0.81930023,0.15357943,3.5391942e-05,9.864861e-06,0.78568494,3.3407527e-05,2.4967041e-05,0.8005602,1.970201e-05,0.057655577,0.8056466,1.2329929e-05,2.3343899e-05,0.028021526,0.14185275,0.0020672528,0.99998236,0.16624492,0.13593438,0.99998343,0.14381787,0.0025502718,0.028299805,1.4379625e-05,1.3693782e-05,0.9999707,0.0016873055,0.96927017,0.8006058,0.12972206,1.1404288e-05,0.15152612,0.17221205,0.9999697,0.0020084498,0.09951721,0.03184837,4.6615547e-05,0.17404722,0.8334902,0.16090606,2.9666944e-05,0.9846161,3.7902697e-05,0.18325235,0.17763342,0.83660364,1.5940146e-05,0.11569263,0.82780576,0.12117996,0.0021581673,0.28715876,2.5839128e-05,0.17091416,0.8241171,0.18736403,0.0017523591,0.027242646,2.2346372e-05,4.5494555e-05,0.9999782,0.0030861634,0.9742467,0.77690554,0.16942412,1.1815342e-05,0.0021301666,0.09854823,0.025506219,1.2717375e-05,0.15387045,0.7918954,0.16971047,3.5002384e-05,0.9847451,1.249041e-05,0.18949567,0.51630354,0.7604266,0.0026250489,0.1431802,0.029716417,1.6482325e-05,1.0927154e-05,0.8185207,0.87996864,0.0022288584,0.024306301,0.49612603,4.762548e-05,0.026178055,0.059144545,1.5090026e-05,0.10415919,1.0915052e-05,0.30121183,1.7220895e-05,2.1246313e-05,0.02767039,0.053751193,2.0941196e-05,1.9753334e-05,0.021370294,1.7202216e-05,1.7439661e-05,0.7801625,0.0026646445,0.9770871,0.8180177,3.0270177e-05,1.7812103e-05,0.0014865898,1.293806e-05,0.8003806,1.7394847e-05,0.68516296,2.7641534e-05,0.021856273,0.0023188693,0.1539747,0.0021226893
-0.424467683,1.115482033,-0.602201806,-0.343451907,0.216126313,0.218071078,0.319872439,-0.342445861,-0.306376883,-0.355491844,0.373438619,0.339966935,0.061070138,-0.402193822,-0.312667678,0.647513771,-1.011519696,-0.288452756,-0.429033584,-0.771331649,-0.954296771,0.17602292,0.16894045,0.9304245,0.00010905694,0.00032262836,0.8674092,0.0731227,0.05833756,0.8368987,0.05316332,0.00020548637,0.6527317,0.15087707,0.149468,0.83753717,0.0001773451,0.31434667,0.88490075,0.07016101,0.00022204618,0.1506511,0.0003179092,0.40830746,0.00023322746,0.00022922613,0.44364315,0.00024208716,0.00026644816,0.45949492,0.06112535,0.57677084,0.96699154,0.1549686,0.00010988998,0.48167455,9.868826e-05,0.00018147225,0.3969055,8.7978064e-05,9.003185e-05,0.00010517331,0.8813207,0.0001601373,0.00028658946,0.84780264,0.00018177618,0.000157469,0.8395019,0.13687499,0.22241846,0.99986684,0.000272469,0.0001787409,0.46031848,0.00013322131,0.0003314473,0.8795486,0.15326567,0.16188367,0.9228223,0.062078156,0.06540134,0.9095883,0.059434686,0.00019240794,0.4565555,0.0001498707,0.00037557105,0.9142877,0.00015526844,0.43657625,0.9376695,0.14468016,0.15918837,0.17003182,0.00013258994,0.8565527,0.00011503183,0.00037155932,0.86382,0.00015989195,0.023544585,0.4781082,0.00042751222,0.00017544521,0.85300195,0.00013954849,0.15000387,0.9414997,0.14808364,0.0003370344,0.00013542778,0.86881053,0.00019049614,9.773796e-05,0.85998106,8.287729e-05,0.031294174,0.8675613,7.34645e-05,8.463549e-05,0.46290606,0.16225463,0.14445178,0.9998623,0.14787996,0.15516002,0.9998673,0.13613237,0.14815792,0.45855024,0.00019273182,0.00039884375,0.9998313,0.18518463,0.5646214,0.87783724,0.061689287,0.00015212395,0.16108626,0.152847,0.9998367,0.184219,0.034310374,0.45931792,0.00023380389,0.14140229,0.9325669,0.14965999,0.00024577853,0.9181503,0.00056290306,0.15324922,0.13712758,0.94233334,0.00027808902,0.025835939,0.85692215,0.15211807,0.14669307,0.6393502,0.00023276004,0.061023347,0.86690706,0.16299471,0.142583,0.45127964,7.266201e-05,0.0004757405,0.99988914,0.17596646,0.5374149,0.8612235,0.057107218,0.00029547163,0.16302647,0.028570276,0.46308264,0.00020838219,0.1534061,0.9562998,0.16185807,0.00028176128,0.9279872,0.00015137615,0.05459663,0.10067894,0.86882484,0.14081044,0.16250372,0.6884337,0.00016074188,0.000116935735,0.86676717,0.5566555,0.13748525,0.47510844,0.11242641,0.0004553821,0.45261398,0.037465315,0.00031730966,0.21827126,0.00011750524,0.5334006,0.00015335593,0.00015582152,0.40158162,0.02815608,0.00033848375,0.00023589212,0.4428992,0.00028696842,0.00041839204,0.860637,0.16333649,0.58022666,0.8441788,0.00027107215,0.00014813733,0.17480105,0.00017066306,0.8530539,0.00014286848,0.33931747,0.00015901073,0.4559299,0.14928044,0.17530729,0.160383
0.586565776,0.681490451,1.321507319,0.006064287,-0.276040802,-0.238750053,-0.354515484,-0.240222212,-0.111605492,0.392535041,0.260285451,0.116084796,-0.501093882,-0.026552366,0.724347746,-0.178503472,0.989933183,-0.487751306,-1.625913793,-0.544311862,0.939741871,0.012871391,0.013654433,0.32541457,2.0574114e-06,6.8640247e-06,0.9841031,0.87580717,0.87852454,0.98408866,0.8734213,6.692116e-06,0.015945895,0.008529035,0.010758812,0.98201996,6.0032253e-06,0.9805865,0.0012774288,0.88618803,1.544301e-05,0.0152925905,3.271359e-05,0.0010844164,2.4268684e-06,1.1850799e-05,0.06389521,1.0141377e-05,7.3077304e-06,0.071743034,0.8659919,0.9988728,0.92675537,0.01649379,6.1326073e-06,0.9889297,4.792566e-06,3.8623552e-06,0.0009741468,1.6662465e-06,1.7652788e-05,1.706306e-05,0.0010540567,7.80817e-06,6.6510597e-06,0.0014100892,6.601825e-06,5.4561224e-06,0.0010605676,0.016187502,0.02198277,0.99999714,1.8270803e-06,1.4435256e-05,0.0013736554,1.0922828e-06,3.933777e-06,0.0017104928,0.014048791,0.014678171,0.35224637,0.8854756,0.9128473,0.35604557,0.864414,8.517956e-06,0.0010207201,3.0018407e-06,1.7521832e-05,0.352645,4.59622e-06,0.61927813,0.093164474,0.9420005,0.008226265,0.95224047,1.0548941e-05,0.0010670751,1.0427326e-05,9.707125e-06,0.0014767486,4.3186396e-06,0.00032970042,0.0016281472,6.6670436e-06,3.921113e-06,0.0010580396,5.8495e-06,0.95087844,0.1013375,0.9429334,1.4234574e-05,5.4259226e-06,0.0013700161,9.382674e-06,7.2917046e-06,0.002093648,2.9954806e-06,0.00043564299,0.0013171203,1.2540563e-05,2.487343e-06,0.0009726973,0.95856285,0.013133342,0.999992,0.9514198,0.9515034,0.9999932,0.94105,0.016354606,0.0017080251,7.181726e-06,3.667751e-06,0.99999595,0.01129444,0.9978714,0.0010792336,0.9086832,1.6244472e-06,0.95362055,0.9453272,0.9999889,0.020380842,0.066741526,0.0011048838,2.6357113e-05,0.9453744,0.111654095,0.9481611,1.4749162e-05,0.37130576,2.0559484e-05,0.9379901,0.94632876,0.11094071,2.506165e-05,0.06041824,0.0011213623,0.94929063,0.016383164,0.9098743,4.37621e-06,0.89256257,0.0010754085,0.93803376,0.011046345,0.0013452645,4.9521304e-06,3.4128156e-05,0.9999939,0.015925998,0.9979954,0.00137036,0.89332664,3.144168e-06,0.01536726,0.08531521,0.0009712296,9.430498e-06,0.95006967,0.11178815,0.952192,1.1994996e-05,0.35009822,8.268283e-06,0.89376813,0.9852924,0.00144596,0.011048272,0.9531175,0.019611133,5.247813e-06,2.2890063e-06,0.0009507345,0.94785184,0.01634482,0.0010407607,0.98511153,2.5619525e-05,0.0012337951,0.0004918707,3.3389595e-06,0.021030718,4.0485465e-06,0.81895274,2.351383e-06,5.4818665e-06,0.0010850535,0.00037984288,6.629725e-06,1.1838724e-05,0.0014620827,6.720071e-06,2.7401256e-05,0.0013772643,0.016606363,0.99878925,0.0010955454,8.935997e-06,6.559064e-06,0.011424213,4.7365597e-06,0.0014464579,6.0285893e-06,0.003906094,8.28636e-06,0.0013587588,0.012158745,0.9605115,0.013139461
0.386855463,1.363477223,-0.962897266,1.22925732,0.411734798,0.548848846,-1.429644415,-1.112826301,-0.66942334,1.452192267,1.042360543,0.52566104,-1.942168752,-1.043446648,0.349408525,-1.432762277,1.770155523,-1.478539678,1.862521584,0.047125099,2.078124845,0.008763425,0.0039556515,0.9913931,4.3380388e-07,1.4560162e-06,0.9917567,0.6221228,0.6854412,0.9937131,0.5582794,1.059691e-06,0.013976802,0.0049984646,0.006873318,0.99262846,7.2268875e-07,0.9848001,0.1718074,0.5969244,3.591833e-06,0.004589509,2.4386752e-06,0.009234011,1.6123286e-06,1.8499401e-06,0.022827603,9.339362e-07,1.4804367e-06,0.024013646,0.59238607,0.99682343,0.9908262,0.008711426,7.1123554e-07,0.79407966,5.003796e-07,5.6834966e-07,0.015134765,2.3972973e-07,1.1843869e-06,1.348533e-06,0.27651033,3.2011123e-06,6.5676363e-07,0.1776948,6.5594116e-07,3.3826336e-07,0.290022,0.005092111,0.03739758,0.9999993,6.063977e-07,1.6491475e-06,0.00285965,3.7389384e-07,1.6122393e-06,0.29578984,0.006021918,0.008583655,0.991025,0.60460603,0.56967765,0.99287015,0.61802065,5.1207087e-07,0.0039001023,5.6323177e-07,4.0035784e-06,0.9929012,7.7200355e-07,0.9864362,0.42676765,0.724764,0.0076327412,0.70455134,5.148267e-07,0.28919995,9.811679e-07,1.8726035e-06,0.261131,5.242788e-07,0.0049571553,0.0043675317,3.6478743e-06,7.0177254e-07,0.2993398,6.7010177e-07,0.67171305,0.36633205,0.745264,1.8761392e-06,1.1782909e-06,0.29104757,1.9272652e-06,8.501268e-07,0.23660433,5.86396e-07,0.0036954398,0.26510155,4.5591116e-07,3.7116396e-07,0.0047547217,0.6906866,0.0047296328,0.99999917,0.7290001,0.7414885,0.9999994,0.7381695,0.008042221,0.004477317,7.9610396e-07,8.1663393e-07,0.99999917,0.005918645,0.99400455,0.2121797,0.58894306,3.6007947e-07,0.68352616,0.70993865,0.9999995,0.0063313213,0.008139498,0.00505,3.3289186e-06,0.6718993,0.43216822,0.7228711,3.840193e-06,0.9917488,3.6755805e-06,0.7861444,0.72202766,0.38708445,2.9175253e-06,0.011897116,0.2743933,0.70968074,0.0032850807,0.7228638,2.0247146e-06,0.6372448,0.32928994,0.73349625,0.0053597204,0.0040877904,3.7153686e-07,9.082727e-06,0.99999845,0.008018409,0.9956145,0.3099245,0.53703684,1.2235156e-06,0.0041028485,0.011703479,0.0039549693,7.5152974e-07,0.6914589,0.40891913,0.7778238,3.3269573e-06,0.99276453,3.2526745e-07,0.5979673,0.7950745,0.31977153,0.008713641,0.664643,0.011365014,5.254155e-07,2.6934805e-07,0.27911073,0.9797593,0.0037899322,0.0047751633,0.76509327,8.247618e-06,0.0040897806,0.0044800784,7.7842947e-07,0.045227945,4.373305e-07,0.68698007,5.165337e-07,5.6128266e-07,0.006322196,0.0030079717,1.0064482e-06,1.0482346e-06,0.004684012,7.8171246e-07,3.5584137e-06,0.22364028,0.00630628,0.9959369,0.31670707,2.5505915e-06,8.546505e-07,0.0036690074,1.0422955e-06,0.25029704,1.8211517e-06,0.25456944,1.0921078e-06,0.003698577,0.008647002,0.7296387,0.00433615
0.424301146,-1.488467461,-0.481969985,-0.813525822,-0.637311279,-0.593075894,0.460377581,0.731503906,0.951004626,-0.519071456,-0.816515185,-1.087635276,0.405928515,-0.345430057,0.099579178,1.717490686,-1.608226262,-0.479342436,0.747068278,-0.798223637,0.280279674,0.013513371,0.017409297,0.97944653,2.3560931e-05,3.324975e-05,0.9877653,0.76974654,0.78044564,0.9905968,0.79081273,3.087531e-05,0.031065656,0.015529251,0.02128325,0.98515445,1.4572717e-05,0.97040534,0.17283818,0.75736,0.00019238447,0.013063486,0.0001736077,0.007016365,2.4932993e-05,2.0779382e-05,0.016199458,3.5212874e-05,5.7328194e-05,0.009548768,0.7687124,0.99459225,0.9828561,0.011725821,5.1060604e-05,0.77012616,2.746179e-05,3.417333e-05,0.007946733,5.3830413e-06,6.5397995e-05,9.8784105e-05,0.10808934,0.00020939297,1.7051168e-05,0.1661292,2.0396496e-05,2.0709076e-05,0.12146297,0.015070604,0.009904263,0.9999651,4.015695e-05,0.00011019061,0.0070678666,1.513036e-05,4.6648187e-05,0.11380778,0.012631281,0.0072227353,0.981858,0.76746184,0.80520105,0.9765896,0.80405724,2.6721305e-05,0.0077314107,1.7795548e-05,0.00010238681,0.9596482,1.9871306e-05,0.9456418,0.20424832,0.78227115,0.009135857,0.7921909,3.1650306e-05,0.10925001,5.248804e-05,6.635582e-05,0.1256433,1.533798e-05,0.0029402003,0.011819696,0.00017762517,1.9688807e-05,0.11896452,3.504908e-05,0.8457845,0.25154167,0.77205426,7.865398e-05,8.1989114e-05,0.10527771,3.7776183e-05,3.8229842e-05,0.14690349,2.836927e-05,0.0041831713,0.14997888,7.3069954e-05,2.9374163e-05,0.006858907,0.8235774,0.016623192,0.99995697,0.77891576,0.75741434,0.9999198,0.79009056,0.011085158,0.008598239,2.982364e-05,2.1955604e-05,0.9998946,0.012393463,0.99289834,0.099324934,0.8015638,1.5701944e-05,0.78467923,0.78769845,0.99997437,0.012374795,0.012295672,0.0058174026,0.00026713443,0.8368714,0.20430687,0.8179326,0.0002602723,0.9801862,0.0003040762,0.7704999,0.7708597,0.26333463,0.00020133083,0.0074387235,0.13433324,0.8155793,0.015108689,0.8307609,3.882578e-05,0.7965243,0.106936775,0.7956222,0.014981203,0.0076361876,2.8910912e-05,0.00018545671,0.99994755,0.015664723,0.99275345,0.12583189,0.80719835,7.050178e-05,0.013676144,0.009896727,0.00712934,5.8151243e-05,0.7854324,0.20515554,0.80718756,0.00021232259,0.97008353,1.1169279e-05,0.753714,0.79162484,0.15294963,0.011880093,0.80106723,0.02406984,3.3494645e-05,9.04698e-06,0.11421986,0.9909298,0.012536642,0.008136872,0.8057504,0.0004449812,0.007657667,0.003089451,3.33309e-05,0.011058229,1.9184747e-05,0.80808794,3.4661447e-05,2.1224927e-05,0.0070556095,0.0031885828,2.4239716e-05,7.10713e-05,0.008123672,5.564286e-05,0.00046011858,0.15127623,0.011893905,0.99275184,0.13249466,9.176732e-05,2.7984725e-05,0.018978009,4.2356573e-05,0.14368139,5.33777e-05,0.14915071,8.230708e-05,0.009822915,0.0205508,0.81989765,0.021693664
-2.171932919,1.475075059,0.588093215,-1.125127904,-1.19598405,-1.157203845,1.688048311,1.251331947,1.13447036,-1.64620097,-1.158301056,-0.930365058,-0.340819699,0.273737813,0.795562684,-0.411770311,1.314486713,-0.170315731,-0.567464474,0.749247371,0.621336828,4.7516796e-06,1.8632566e-06,0.9997814,3.775068e-08,5.18635e-08,0.99999464,0.0030392825,0.0034822358,0.999995,0.0038984313,4.659489e-08,0.0028132335,2.6044465e-06,8.821915e-06,0.9999951,2.2001727e-08,0.99705267,0.9969434,0.0026281592,3.4031933e-07,5.274033e-06,1.5251017e-07,0.31813052,4.4575444e-08,6.761592e-08,0.27942362,5.146544e-07,6.5027706e-08,0.26927322,0.0033784357,0.9973334,0.7499402,7.930691e-06,1.1099691e-07,0.49845827,1.0861817e-07,2.6444917e-07,0.4545711,9.601805e-08,4.502594e-08,1.0171903e-07,0.99705887,9.1759226e-08,1.5336794e-07,0.99768305,1.1600403e-07,4.7604605e-08,0.9980755,3.1081006e-06,0.45435464,0.9999999,1.5131755e-07,8.9959556e-08,0.0029636698,1.247058e-07,4.8028422e-08,0.99830097,2.5423974e-06,3.7152554e-06,0.9997398,0.004893171,0.0034837667,0.9998616,0.003012796,1.9772303e-07,0.0043486436,5.8942593e-08,2.0492249e-07,0.99982065,1.3210001e-07,0.9982456,0.9959216,0.0032032551,5.5857654e-06,0.0037507354,6.2752925e-08,0.996971,1.1937018e-07,1.092348e-07,0.9967308,5.464496e-09,0.5404784,0.0055758497,5.834251e-08,8.057204e-08,0.99846774,3.0814263e-08,0.0026055214,0.99677867,0.0032576541,2.7589934e-07,5.1598278e-08,0.99770254,1.151988e-07,1.04575086e-07,0.9979499,3.64835e-08,0.40917903,0.9977895,3.1308534e-08,6.093717e-08,0.0058760997,0.0019363151,4.290004e-06,0.9999999,0.0035346448,0.004306737,0.9999999,0.0035020055,6.674379e-06,0.0064480384,7.0438965e-08,3.7660424e-08,0.9999999,5.842408e-06,0.99293643,0.9968047,0.0036513973,1.1825591e-07,0.0023287572,0.0034896948,0.9999999,5.232845e-06,0.24441972,0.0037367942,1.6844878e-07,0.0033329003,0.9959688,0.0031639691,2.6197665e-07,0.9998807,1.4908004e-07,0.0064331633,0.0035256709,0.9964954,2.8280482e-08,0.27281123,0.9974662,0.0024648847,1.9152164e-06,0.015756607,8.272885e-08,0.003006815,0.9984024,0.0043357033,3.6077968e-06,0.005593926,1.2370997e-07,6.592059e-07,0.99999976,4.9660152e-06,0.99448687,0.9980519,0.0042567854,1.5594976e-07,2.8960135e-06,0.30655038,0.0030637986,3.466815e-08,0.006175301,0.99607,0.0034604063,4.3467062e-07,0.9998503,2.0017751e-08,0.0028340383,0.5368178,0.99742657,5.5526134e-06,0.0026145035,0.0035409955,9.378646e-08,9.340603e-08,0.99817,0.6853515,2.2059855e-06,0.0046518724,0.51306176,2.111689e-07,0.0036911059,0.476302,1.7605728e-08,0.42592463,2.0964182e-08,0.021794988,4.995004e-08,1.721943e-07,0.0077123605,0.4808484,1.728399e-07,6.0402215e-08,0.003990318,1.8055655e-07,2.4901763e-07,0.9968142,1.6191763e-06,0.9954275,0.99762267,2.6179032e-07,1.6449302e-07,3.860381e-06,2.8812698e-08,0.9976363,1.117557e-07,0.9920474,1.9424944e-07,0.0024511467,4.785058e-06,0.0034386187,7.008756e-06
-0.91126157,-0.000496321,-0.121274525,-2.082364895,-2.034614778,-2.000727638,2.21781369,2.100912384,1.979186234,-2.216625391,-2.051913913,-1.806920616,0.703150402,0.710533716,1.085328063,1.16806815,0.090317901,0.174286455,-0.808693198,-0.5168721,0.260721603,4.6457248e-05,2.2230064e-05,0.9999571,8.013762e-10,2.3698767e-09,0.99998474,0.40486377,0.41773203,0.99996376,0.39566943,2.6113534e-09,0.00039225974,2.4921226e-05,5.626083e-05,0.9999597,3.2272043e-10,0.9998442,0.6925216,0.37775463,1.8122064e-08,4.194637e-05,1.0216737e-08,5.2056264e-05,1.7896002e-09,1.4967423e-09,5.6879155e-05,9.1357e-09,1.8268473e-09,3.471762e-05,0.38023838,0.99998486,0.99990475,2.6215954e-05,4.8167017e-09,0.26726025,2.2252828e-09,4.3089594e-09,0.00016334456,7.2498896e-10,3.7810763e-09,2.2690687e-09,0.6657958,5.8390054e-08,4.276403e-10,0.6768089,2.7573552e-09,1.0765322e-09,0.68926936,3.755904e-05,0.00065334217,1.0,3.2649048e-09,1.6276427e-08,3.3451874e-05,6.934525e-10,2.2094906e-09,0.69698966,2.193273e-05,7.387316e-06,0.9999534,0.38083592,0.46974435,0.9999478,0.41044864,4.3506474e-09,4.055747e-05,3.374098e-10,1.6445593e-08,0.9999355,1.7400541e-09,0.9997671,0.50503474,0.4504235,2.9631063e-05,0.46944213,2.033759e-09,0.68580794,9.545887e-09,5.5242504e-09,0.70416164,2.387693e-10,7.5536e-05,9.5194075e-05,3.7514532e-08,1.5535868e-09,0.6856525,1.0965427e-09,0.41656312,0.58016366,0.40836057,1.3665977e-08,4.6148565e-09,0.68276113,4.848335e-09,3.7837022e-09,0.73011464,3.9144723e-09,0.000114024275,0.6626557,1.2767517e-09,1.1896051e-09,7.454812e-05,0.4277158,2.5485062e-05,1.0,0.38293752,0.401899,1.0,0.44718856,2.5701258e-05,7.775365e-05,1.5575625e-09,1.1193395e-09,1.0,3.6556194e-05,0.99995315,0.710846,0.36745343,6.676466e-10,0.3869206,0.4014553,1.0,4.8311722e-05,9.563144e-05,2.8884431e-05,2.860233e-08,0.42210928,0.5447184,0.4028996,3.982782e-08,0.9999738,2.0762945e-08,0.42516184,0.43561983,0.5944774,1.542221e-08,0.00010579332,0.68946195,0.3957003,2.219905e-05,0.34193018,1.7075704e-09,0.35279143,0.6729504,0.43522456,3.655034e-05,6.5516535e-05,2.5480993e-09,4.5786667e-08,1.0,3.6530688e-05,0.9999517,0.71045214,0.4280989,5.6093405e-09,3.341457e-05,0.00013038654,2.7954504e-05,1.4439153e-09,0.38447413,0.56225276,0.4814376,2.2019274e-08,0.99995327,2.005044e-10,0.39669666,0.29270718,0.7442555,1.4443133e-05,0.431841,0.00016711408,5.712822e-09,5.757395e-10,0.6553505,0.9999565,2.66546e-05,6.4220985e-05,0.29035243,2.0541283e-07,2.4062718e-05,8.1770406e-05,1.2048911e-09,0.00047124084,7.6558176e-10,0.3696502,7.7883144e-10,3.2076055e-09,6.4201515e-05,9.7211494e-05,5.4079354e-09,3.562876e-09,4.220501e-05,5.0408557e-09,8.962524e-08,0.6875747,2.0131863e-05,0.99993205,0.67713666,7.443397e-09,7.493167e-09,2.6397285e-05,4.845442e-09,0.7112184,8.101489e-09,0.7069507,8.103035e-09,3.98102e-05,6.5052234e-05,0.4557422,6.245888e-05
-1.373091668,0.557492856,0.720348217,1.50969303,1.703028685,1.648215613,-0.999882773,-1.270065239,-1.220962843,0.882473897,1.155865356,0.985999968,0.447601623,0.281008536,-1.49172142,-1.354707089,-0.318898184,1.277492751,-0.416413932,0.1633265,0.684773899,2.9365649e-05,2.0298814e-05,0.9999528,3.3142816e-10,5.7341504e-10,0.9999949,2.4506912e-06,2.127404e-06,0.99998474,1.6474812e-06,6.8742545e-09,0.06306266,6.410046e-06,9.971154e-06,0.9999887,9.79891e-10,0.9398059,0.9999999,1.0239172e-06,8.8585567e-10,3.4582667e-05,1.5388812e-10,0.061050255,5.82612e-09,1.3045409e-09,0.032929268,2.3595675e-08,6.7053973e-10,0.038833845,2.200745e-06,0.95401585,0.97735834,8.548792e-06,6.2211836e-09,0.009761764,5.6767284e-09,2.9719148e-08,0.049376298,5.537522e-09,2.732188e-10,6.227805e-10,0.9999993,2.7065619e-09,7.7489775e-09,0.99999964,7.236852e-09,4.9596194e-09,0.99999905,2.3582512e-05,0.046645734,1.0,2.3983188e-10,4.6581894e-09,0.059509963,2.0810076e-09,1.321135e-09,0.99999964,1.420756e-05,1.804091e-05,0.9999652,9.96561e-07,2.7942106e-06,0.9999417,1.2717866e-06,1.0577928e-08,0.03587441,1.4330831e-09,7.3914713e-10,0.99989426,2.919483e-09,0.9596194,0.99999726,1.1298224e-06,1.0293144e-05,1.3094296e-06,5.2396987e-10,0.99999857,6.5845174e-09,1.7868854e-09,0.9999988,9.1712243e-10,0.024409313,0.03909931,6.7661265e-10,5.4167613e-09,0.99999905,4.7199356e-09,1.6576749e-06,0.9999981,1.1564983e-06,3.2371128e-09,2.2099099e-11,0.99999905,1.2088043e-09,2.180765e-09,0.99999964,6.841162e-09,0.043255836,0.9999994,1.3201318e-10,3.898408e-09,0.045083955,2.2555096e-06,7.4233194e-06,1.0,6.718205e-07,5.278579e-07,1.0,6.534599e-07,5.859421e-06,0.04003805,1.3377666e-09,2.5782143e-09,1.0,1.0234417e-05,0.95884466,0.99999964,1.2897684e-06,1.2990561e-09,7.4157583e-07,1.9706465e-06,1.0,9.697687e-06,0.02190345,0.04500305,2.5213354e-09,2.4250107e-06,0.99999774,1.8212351e-06,3.9090234e-10,0.9999659,1.5217777e-09,4.9451177e-07,9.648561e-07,0.99999917,2.4920452e-10,0.0125923045,0.99999964,1.0865396e-06,1.7826022e-05,0.0012922019,4.368042e-09,2.414695e-06,0.9999988,1.9150302e-06,1.6607366e-05,0.04453839,2.8423068e-09,1.3919941e-09,1.0,3.0009081e-05,0.96318173,0.9999989,2.1108624e-06,3.5622694e-10,1.5325113e-05,0.013346034,0.04386848,6.676797e-10,6.8939e-07,0.999995,2.0044972e-06,8.862342e-10,0.99991226,8.9273533e-10,1.7974422e-06,0.0030828377,0.99999905,5.8904325e-06,1.5878146e-06,0.06502695,1.4427598e-08,1.8670157e-09,0.99999905,0.9641974,1.0878961e-05,0.047136437,0.004305234,5.2728555e-09,0.046269063,0.042401284,1.2844807e-08,0.033602566,5.7064703e-10,0.00333483,6.1516814e-10,7.1755637e-09,0.03252181,0.03598814,7.656055e-09,1.9587738e-09,0.04097883,2.5691707e-10,7.772105e-11,0.9999994,2.833847e-05,0.9474331,0.9999987,1.6164546e-09,6.03491e-09,1.4723739e-05,3.1822247e-09,0.9999995,5.1221494e-10,0.9985216,7.056332e-09,0.039635245,2.9084107e-05,1.3683501e-06,1.9435838e-05
1.747381968,-0.136893676,0.648209125,-0.243269234,-0.716327538,-0.830297924,-0.184539938,0.305950584,0.25895033,0.194484547,-0.341286759,-0.297435569,0.893343678,1.411687925,1.421010728,0.427344437,1.23312149,0.808895513,-0.236546966,-0.084789871,-0.014843104,2.7488466e-05,3.656115e-05,0.9943242,8.734972e-09,5.573868e-09,0.9999815,0.005541313,0.003734382,0.99998343,0.00600062,2.12181e-08,0.011702889,7.988747e-06,1.3945952e-05,0.99998105,1.19760575e-08,0.98960835,0.9744777,0.005583509,3.1376025e-08,2.902963e-05,2.2495618e-08,0.013965884,8.707426e-09,5.867471e-09,0.050344728,1.649997e-07,1.646496e-08,0.04645763,0.0041381046,0.9935156,0.97140276,1.3020371e-05,4.215379e-08,0.0898082,1.9254848e-08,5.4953738e-08,0.012170733,2.3702668e-08,1.2088325e-08,2.3675964e-08,0.980201,2.4204901e-08,2.9151776e-08,0.975476,4.0886476e-08,3.3321722e-08,0.971143,1.3006881e-05,0.017728584,1.0,8.492361e-09,3.5301245e-08,0.0067859455,8.5598e-09,5.5612523e-09,0.97395736,1.5940253e-05,1.372156e-05,0.99362034,0.009383921,0.0051734066,0.9937499,0.0055576097,7.127757e-08,0.008215613,5.7772755e-09,3.9518856e-08,0.99558485,9.135404e-09,0.9479075,0.99570364,0.0057502054,1.8719515e-05,0.0051741134,1.6569237e-08,0.97124374,2.4740132e-08,3.4245897e-08,0.9735613,2.1007962e-09,0.0060462584,0.009019278,2.084767e-08,2.3094406e-08,0.9772435,7.965215e-09,0.0071898997,0.9938028,0.0059127277,5.4713407e-08,1.9375205e-08,0.97368264,2.7857332e-08,1.7937841e-08,0.968292,2.1062698e-08,0.0062609217,0.979619,2.6971891e-08,1.24000605e-08,0.005386491,0.0043605785,1.43786365e-05,1.0,0.00471451,0.0057228645,1.0,0.006765652,1.6525339e-05,0.0064106397,1.5288014e-08,1.0728595e-08,1.0,3.097074e-05,0.9912246,0.9723359,0.0046527972,1.3311723e-08,0.0067028725,0.0064251646,1.0,1.9279183e-05,0.032620203,0.0074265166,6.525047e-08,0.006425076,0.994975,0.005931482,3.8516326e-08,0.9952034,6.5845825e-08,0.0052224365,0.0047763055,0.9961111,1.6516763e-08,0.031987302,0.98012424,0.008715445,1.7935887e-05,0.030583598,8.627955e-09,0.006912402,0.9712678,0.0040848637,1.2046572e-05,0.008288733,4.630933e-08,5.1643962e-08,1.0,3.2795084e-05,0.9913173,0.9678949,0.005033768,1.3466429e-08,1.815868e-05,0.02414536,0.0065076295,6.555945e-09,0.005502501,0.9963994,0.005522019,6.384188e-08,0.99365777,1.4718894e-08,0.007418257,0.04464657,0.97452,1.5594796e-05,0.006169793,0.013210757,4.997624e-08,8.449158e-09,0.98019695,0.9529145,1.1329198e-05,0.006005503,0.044266846,7.1793316e-08,0.005850757,0.007444641,5.8264313e-09,0.010867946,9.621692e-09,0.021129807,1.3112195e-08,6.252473e-08,0.0059555643,0.006209917,3.2966636e-08,1.6968215e-08,0.008393429,2.1064386e-08,4.7395684e-08,0.9769281,1.008615e-05,0.99094033,0.9744811,2.0998039e-08,6.2629994e-08,2.616473e-05,9.266407e-09,0.9716409,1.724233e-08,0.91265965,4.6926317e-08,0.0069763702,1.8262812e-05,0.0068398374,1.7513412e-05
-0.374540105,0.185500071,-0.169367253,-1.102130895,-0.454160165,-0.349182073,0.947190731,0.37899087,0.527096715,-0.886366173,-0.284833399,-0.391388043,-0.479743127,-1.000224204,-0.154630772,0.984431459,-1.194233899,-1.109285632,1.875779501,-1.075265919,-0.604287573,0.0051343422,0.004168227,0.99467933,1.5027557e-05,3.516703e-05,0.99592113,0.8617898,0.8511525,0.99617755,0.83567786,2.6256088e-05,0.009933328,0.0059452946,0.005447838,0.99269086,1.4653434e-05,0.9917094,0.1522129,0.8553072,0.00011851225,0.0036752983,0.00011469109,0.009364278,2.3126659e-05,3.2896824e-05,0.009356956,3.951732e-05,4.1887604e-05,0.008988079,0.843755,0.9967451,0.9875479,0.005567377,4.6139314e-05,0.8039356,2.8040797e-05,2.635538e-05,0.011005446,6.6607013e-06,4.317169e-05,5.1171155e-05,0.19278818,0.00016625867,1.2306845e-05,0.17258504,1.5956968e-05,1.2604085e-05,0.19142298,0.005265173,0.014125494,0.999972,4.787401e-05,8.287548e-05,0.0034375142,1.0315984e-05,4.3190343e-05,0.19228446,0.004490405,0.003572357,0.99481744,0.8458775,0.82826453,0.9939908,0.8571902,2.2185293e-05,0.003728816,1.3644911e-05,9.979262e-05,0.9930976,2.337852e-05,0.98755395,0.16809669,0.82850116,0.0043157716,0.8261758,3.2585776e-05,0.19311869,4.7776914e-05,4.9510953e-05,0.16076581,1.1657851e-05,0.007446766,0.0047478126,0.0001209165,1.4926776e-05,0.188672,1.5692005e-05,0.83349544,0.16529748,0.8511927,8.252572e-05,8.251518e-05,0.20570858,3.7987877e-05,1.9667994e-05,0.17575793,2.5515703e-05,0.0065767304,0.18809287,3.076081e-05,1.7222734e-05,0.0052530295,0.85012954,0.0042108684,0.99995935,0.8463947,0.8460449,0.9999738,0.82442844,0.0043156547,0.0054069874,3.7339083e-05,2.04765e-05,0.9999583,0.004622865,0.9959353,0.19957305,0.8531663,1.1726347e-05,0.8534445,0.8151447,0.99997056,0.0060243644,0.009536397,0.0032360894,0.00010378382,0.8207295,0.17676692,0.8481853,0.00017430799,0.9957926,0.00017479631,0.84664094,0.8360809,0.13591625,8.262557e-05,0.009327247,0.17421104,0.8374469,0.0032703532,0.78634286,3.6725527e-05,0.83792484,0.18859199,0.8260521,0.0063286517,0.004430948,1.8397272e-05,0.0002427387,0.9999473,0.0042698416,0.9962882,0.21769376,0.8237317,4.4925935e-05,0.0043636123,0.012879045,0.0032269324,3.1001768e-05,0.83760303,0.17064725,0.85272336,0.00011224127,0.9947891,9.048353e-06,0.85290194,0.7761024,0.16171631,0.005078702,0.8615585,0.008592372,2.3000695e-05,9.556304e-06,0.18336535,0.9900558,0.005592343,0.004852469,0.7784321,0.00031602388,0.0037324151,0.0072090784,1.7179034e-05,0.017725827,1.4868228e-05,0.7683309,2.2108206e-05,1.696119e-05,0.004157594,0.007165957,3.026556e-05,5.950038e-05,0.0044701323,3.803308e-05,0.0002677811,0.17424855,0.0047961934,0.9950016,0.17735513,6.169748e-05,3.148569e-05,0.0048167077,2.3072644e-05,0.1808226,4.033588e-05,0.25243497,4.491527e-05,0.004987085,0.0047884383,0.8200467,0.005377095
-8.33e-05,-0.000496321,-0.121274525,-0.994662261,-0.429439826,-0.41945759,0.880320912,0.426974387,0.306420447,-0.676615332,-0.232390027,-0.060667724,0.801357521,0.458324113,0.390903535,1.136388616,-0.669323168,0.306940915,-0.065423885,0.585959237,1.202758205,0.00112121,0.0007730681,0.9911322,5.564885e-06,6.0957154e-06,0.99889034,0.14837207,0.1648181,0.9988405,0.15022366,7.656243e-06,0.018664794,0.0008479324,0.00093781267,0.9990507,4.9418973e-06,0.9787452,0.79833144,0.15407085,2.5100973e-05,0.000875461,2.2920794e-05,0.037312806,6.560728e-06,5.6112117e-06,0.063954756,2.3002955e-05,7.746498e-06,0.05265248,0.16356842,0.98700005,0.9477594,0.0010338726,1.6226377e-05,0.32403255,1.218419e-05,1.1960603e-05,0.04325715,5.7364814e-06,8.97039e-06,1.29572845e-05,0.8202269,2.1182706e-05,1.006336e-05,0.7712978,8.088829e-06,7.0502992e-06,0.8237324,0.0008780988,0.040336534,0.9999913,1.3821598e-05,1.5164466e-05,0.013522509,5.2577116e-06,8.299551e-06,0.8298434,0.0007195865,0.0005672397,0.99017626,0.18196657,0.16924836,0.9893143,0.16405736,1.4074174e-05,0.012595418,4.1698727e-06,2.2240265e-05,0.9904979,9.337365e-06,0.9593278,0.8471786,0.14318797,0.0010398419,0.14601368,7.2175253e-06,0.8026101,1.387961e-05,1.3230871e-05,0.81405175,1.7830038e-06,0.03422343,0.017330278,1.7026665e-05,8.119427e-06,0.8090862,3.4990055e-06,0.14701635,0.83922184,0.14464618,3.1776966e-05,1.1267856e-05,0.81929064,1.554443e-05,8.779439e-06,0.8010362,6.8603995e-06,0.034139384,0.8264355,6.8888858e-06,7.8987405e-06,0.012757331,0.15580294,0.0008577748,0.9999908,0.15075557,0.15678217,0.99999034,0.14192393,0.0007394683,0.017174672,9.36168e-06,5.998058e-06,0.9999839,0.0009974911,0.9824494,0.82041276,0.16516571,7.415041e-06,0.14829218,0.14601837,0.9999877,0.0008831628,0.044481598,0.011290938,2.8158573e-05,0.14763631,0.8559943,0.15244013,3.4771496e-05,0.9926051,2.2375993e-05,0.15976083,0.13002522,0.8372364,1.3240919e-05,0.044682294,0.82199526,0.1510446,0.000550651,0.2049042,9.250884e-06,0.1561455,0.8465868,0.13678263,0.00095680245,0.01565026,1.0960437e-05,4.1353695e-05,0.9999845,0.0013249662,0.98365664,0.8330156,0.1677003,1.3107181e-05,0.00070762984,0.047118347,0.0117527,6.43579e-06,0.13914737,0.85476214,0.14122471,2.7469336e-05,0.9906437,3.1702398e-06,0.15571329,0.2593041,0.8136344,0.0010890109,0.16676435,0.02227827,1.0353948e-05,6.4144488e-06,0.8446611,0.93484133,0.00077169726,0.017519124,0.25452077,4.1184147e-05,0.012662141,0.03477337,4.529202e-06,0.041894402,5.6644826e-06,0.20534404,9.16343e-06,1.1107235e-05,0.0142657375,0.039554738,1.0376466e-05,7.863251e-06,0.016717006,1.4489418e-05,2.9094983e-05,0.80630463,0.0005750848,0.98446274,0.8229389,1.9855735e-05,1.2582672e-05,0.0010514952,7.649412e-06,0.8214,1.1468143e-05,0.7744615,1.764513e-05,0.014918285,0.0009805976,0.13628398,0.0012313818
0.249554623,1.165081071,1.874573692,-0.102239192,-0.48709629,-0.529926796,-0.046256522,0.063080647,0.111536051,0.020399413,-0.061921012,-0.089464015,-0.304208864,0.134597367,0.616832744,-0.234986791,0.932156775,-0.225713544,0.061607468,-0.902901259,-1.350215385,0.02254881,0.026451048,0.09243579,1.2997023e-05,3.0879608e-05,0.96655744,0.48889256,0.4711902,0.9694374,0.41718403,2.7105649e-05,0.071018755,0.0144031085,0.026555974,0.9672163,3.129459e-05,0.92169625,0.004841195,0.46434584,5.481604e-05,0.02432332,7.9419195e-05,0.010474967,1.1091601e-05,4.2228483e-05,0.41620728,6.015924e-05,3.2255026e-05,0.47287288,0.3926821,0.9924886,0.6748443,0.033002928,3.237385e-05,0.98089784,3.4670007e-05,2.6720618e-05,0.007657848,1.38491205e-05,5.8470756e-05,7.5785494e-05,0.0052019525,1.8832068e-05,3.5753972e-05,0.006486383,4.339545e-05,2.8455865e-05,0.003791351,0.03459265,0.081210375,0.9999826,1.3098222e-05,6.8102076e-05,0.008337406,1.3489071e-05,1.5433765e-05,0.005646035,0.021993378,0.030847372,0.084309004,0.43959072,0.5954287,0.07256723,0.4297457,5.4241398e-05,0.00570224,2.5800298e-05,5.3939177e-05,0.0866505,2.5984029e-05,0.13636391,0.5287326,0.64994353,0.0146963615,0.67016584,4.006079e-05,0.004490729,3.4080967e-05,4.669069e-05,0.0067693633,2.2059765e-05,0.002128582,0.007357633,1.7009526e-05,2.6504236e-05,0.0039996817,2.5044974e-05,0.7335045,0.51928484,0.7391849,6.4742555e-05,2.4155283e-05,0.0067376303,3.5324738e-05,3.2993936e-05,0.0083833905,1.060645e-05,0.0021173027,0.00591704,6.002709e-05,1.0605489e-05,0.0057108738,0.7430041,0.020104736,0.9999678,0.7331691,0.725908,0.99996626,0.63029855,0.03302217,0.0073437197,3.7353682e-05,2.1290183e-05,0.9999821,0.020230375,0.98910284,0.0049436586,0.47497955,1.1000197e-05,0.7636195,0.736425,0.99994004,0.026580032,0.2855251,0.007136036,0.00011757394,0.7073914,0.55412596,0.6933488,3.5919176e-05,0.10560467,8.2018516e-05,0.67286813,0.6916332,0.527092,5.9223396e-05,0.27918053,0.004383304,0.68716455,0.035955373,0.7762341,1.6842268e-05,0.43608427,0.00481519,0.6672777,0.030562488,0.0063141375,2.3697803e-05,9.472059e-05,0.99998116,0.027180564,0.9896017,0.0050657773,0.43239018,1.2954714e-05,0.027139882,0.3512031,0.004891339,4.4056775e-05,0.708645,0.5499511,0.7643275,5.46913e-05,0.095566384,4.1467385e-05,0.5401294,0.95371866,0.0051497025,0.018456321,0.7649295,0.08469145,2.627342e-05,1.2521682e-05,0.0044136676,0.6331602,0.030543381,0.0062688864,0.94776154,8.1819475e-05,0.0057131294,0.0024993895,1.5990603e-05,0.060480956,2.4200706e-05,0.5490163,7.956813e-06,3.0241034e-05,0.005389846,0.002319472,2.5410971e-05,6.94836e-05,0.008573139,3.5810517e-05,0.0001191435,0.0061170384,0.03812371,0.99367684,0.004945972,4.16213e-05,2.0299936e-05,0.021902785,2.0235919e-05,0.005999252,2.0112826e-05,0.0073269876,3.352248e-05,0.00666523,0.022045614,0.76611775,0.022832623
-0.249721159,-0.372489106,-1.612149096,0.83828536,0.749659758,0.682735181,-0.656543479,-0.486975576,-0.561096783,0.637086694,0.436159659,0.468200597,0.829019534,0.952708186,-0.469114903,-0.851255012,0.3591453,1.444394716,1.161361135,1.581775241,0.340380913,8.327285e-05,5.681194e-05,0.9956713,7.134476e-08,5.4798726e-08,0.999928,2.78327e-05,3.0667663e-05,0.9999232,1.7830389e-05,3.1562675e-07,0.29211128,6.360444e-05,8.412076e-05,0.99993646,8.463581e-08,0.73373175,0.9999864,1.0519245e-05,1.5819683e-07,0.00014264307,5.6085188e-08,0.9232036,7.4902897e-07,1.6705569e-07,0.9433672,3.6702698e-07,1.4296963e-07,0.9556877,3.1797914e-05,0.6603985,0.14586754,0.000107640466,1.2322496e-07,0.75719047,5.0455236e-07,6.2583064e-07,0.93322384,3.618285e-07,3.347052e-08,1.3142949e-07,0.99994195,5.756094e-08,1.4135481e-06,0.99994886,3.586517e-07,1.2058888e-07,0.999962,7.816431e-05,0.78437454,0.99999976,1.11710534e-07,9.760884e-08,0.34737208,3.932187e-07,1.3069591e-07,0.9999634,0.000103303566,0.00011601998,0.9958242,2.0230305e-05,2.5611707e-05,0.9958553,1.6182596e-05,4.9105813e-07,0.34761825,7.627489e-07,5.0669033e-08,0.994839,5.674577e-07,0.5790437,0.9999685,2.9869721e-05,0.000102104255,1.9413776e-05,4.5162263e-08,0.9999442,1.656605e-07,1.7007817e-07,0.9999316,1.2118203e-07,0.8425956,0.3578774,1.3668974e-08,2.7128615e-07,0.9999691,2.716359e-07,1.7101864e-05,0.9999721,1.8010775e-05,2.3471614e-07,2.4417353e-09,0.9999187,4.920951e-07,3.2860171e-07,0.9999814,9.006171e-08,0.8411445,0.9999261,1.7678277e-08,3.9168384e-07,0.35813943,2.6649464e-05,8.598991e-05,0.9999999,1.5600834e-05,1.0501503e-05,0.9999999,9.351615e-06,7.981186e-05,0.35832012,1.2828237e-07,3.0596934e-07,0.99999976,2.1067992e-05,0.60587204,0.999969,2.2161357e-05,2.0498094e-07,5.8772066e-06,2.139741e-05,0.99999976,4.476693e-05,0.84844244,0.3640858,2.4029464e-07,2.8242479e-05,0.99997354,3.593329e-05,3.2263767e-08,0.9962442,1.2722946e-07,1.6562242e-05,1.5979582e-05,0.99998736,2.2698146e-08,0.83307475,0.99997234,1.1093188e-05,7.927747e-05,0.038506325,9.153449e-07,4.422414e-05,0.99991584,2.375618e-05,5.368291e-05,0.3592671,1.925849e-07,8.526351e-08,0.99999976,0.00014100943,0.6349357,0.99994755,1.9636153e-05,2.9613618e-08,6.237828e-05,0.8509589,0.3947618,7.891137e-08,1.641888e-05,0.99992275,3.2425327e-05,1.896382e-07,0.99392176,1.6608382e-07,3.6498997e-05,0.40407988,0.9999486,6.307906e-05,2.5699737e-05,0.3327161,1.6223898e-07,4.5999641e-07,0.99993944,0.05054701,8.440594e-05,0.3685732,0.46927238,1.4733898e-07,0.34361798,0.84041196,5.152423e-07,0.73861456,6.423346e-08,0.035059743,1.4137501e-07,3.612162e-07,0.35260373,0.8413259,1.9162016e-07,1.2074366e-07,0.37222362,5.3489313e-08,1.1503254e-08,0.99995327,0.00012309842,0.67215735,0.99995077,2.9243282e-07,1.1261826e-07,4.6413632e-05,1.2726416e-07,0.9999553,3.9397314e-08,0.94660956,2.415611e-07,0.34475937,0.0001322398,1.5626267e-05,8.299918e-05
1.859719019,-0.372489106,0.960811858,-0.042164294,-0.236238623,-0.263506373,-0.469109643,-0.050191396,-0.061053863,0.504608273,0.048426385,0.059393585,0.5548848,0.48887304,0.491698779,0.664844492,-0.086580485,0.280377085,-1.03558656,-2.291840003,0.063735815,0.00011658646,0.00021780719,0.998103,4.5238135e-08,2.5836503e-08,0.99991703,0.010248936,0.0067634536,0.99992883,0.012354356,7.647725e-08,0.014923815,5.4306194e-05,5.586521e-05,0.99990225,5.68373e-08,0.9836322,0.9828576,0.011185023,1.6029622e-07,0.00011792483,1.1713518e-07,0.005962764,4.0304528e-08,2.439288e-08,0.009661662,8.305484e-07,7.416375e-08,0.009519693,0.009248131,0.99107146,0.9959292,5.594998e-05,1.9936635e-07,0.023981638,9.118279e-08,2.573075e-07,0.0045377295,1.0048873e-07,7.0547735e-08,1.0571679e-07,0.98633724,1.6229592e-07,9.679993e-08,0.9849616,1.9887356e-07,1.9138676e-07,0.9782477,6.019827e-05,0.008230674,0.9999999,3.6784446e-08,1.7727665e-07,0.008262512,3.096539e-08,3.5189387e-08,0.9816203,7.535685e-05,5.491927e-05,0.9977349,0.02064161,0.011139995,0.9980564,0.012762593,3.384644e-07,0.01034483,2.3052552e-08,2.1382992e-07,0.99845433,3.6981987e-08,0.9780005,0.9888981,0.015051039,8.2927814e-05,0.0137538295,9.954102e-08,0.9757764,1.2995775e-07,1.5912558e-07,0.9829184,1.2363101e-08,0.0018702148,0.009853131,1.6462579e-07,1.13836066e-07,0.9842583,4.3052484e-08,0.020228066,0.9855232,0.012441782,1.9231236e-07,1.16052725e-07,0.9787515,1.2309177e-07,7.2235885e-08,0.9776423,1.2435937e-07,0.0020569516,0.98608345,1.3773784e-07,6.5170745e-08,0.0067064227,0.011492235,8.813333e-05,0.9999999,0.01174755,0.014375517,0.9999999,0.014159021,7.617552e-05,0.0073403693,8.7348425e-08,5.6325007e-08,0.99999976,0.00018395814,0.987965,0.97648025,0.010201314,5.0715833e-08,0.017945955,0.016013993,0.9999999,0.000101593105,0.005282624,0.008299585,2.764287e-07,0.01589869,0.98989314,0.015916979,2.2342242e-07,0.99870384,2.915248e-07,0.0105950795,0.012598057,0.99219173,1.00432395e-07,0.003866694,0.9834326,0.024750672,9.9848025e-05,0.055668324,3.3011432e-08,0.015177854,0.9793043,0.009628472,7.3481875e-05,0.009217492,2.5711594e-07,2.4463475e-07,0.9999999,0.00014667821,0.99018353,0.9778096,0.012200166,7.0232495e-08,8.841253e-05,0.003918131,0.007466048,2.8957155e-08,0.01426787,0.99225146,0.011318086,2.8627497e-07,0.99779356,5.9127025e-08,0.012344738,0.0138308965,0.9796963,7.623344e-05,0.01540528,0.018918868,2.2422759e-07,4.1573777e-08,0.98528093,0.9914312,6.41607e-05,0.0061269207,0.012741799,3.3857998e-07,0.0066439505,0.0023468516,3.168043e-08,0.0056683784,4.400238e-08,0.034489457,8.2153655e-08,2.6849838e-07,0.0073652505,0.0019323785,1.6117335e-07,7.194877e-08,0.010189944,9.957045e-08,2.0815034e-07,0.98310953,4.185758e-05,0.98943955,0.9804206,1.0616518e-07,2.8829885e-07,0.00013805635,4.7186603e-08,0.9795386,9.043593e-08,0.9456595,1.810086e-07,0.0075195828,0.000101783175,0.0150418095,8.2957944e-05
-0.736515046,1.487474818,-0.722433626,-1.253757233,-0.87493841,-0.810714872,1.290489296,0.604293316,0.676575685,-1.266992598,-0.507539188,-0.51092825,-0.651347888,-0.603478869,0.807837745,0.851181703,0.036549705,-1.236225603,1.058252973,1.916218178,-0.286966939,0.013115171,0.007295819,0.9952473,1.5523514e-05,5.7221634e-05,0.9912538,0.7595826,0.7382924,0.9887277,0.72681206,3.2769323e-05,0.020177413,0.012120946,0.013333878,0.9843354,2.5206853e-05,0.98567593,0.2572263,0.77904063,9.402746e-05,0.008514973,0.000100770005,0.04062728,2.680658e-05,5.992569e-05,0.02986523,5.1490115e-05,4.1642583e-05,0.029863145,0.7927038,0.9920455,0.9799611,0.013830655,3.056326e-05,0.7692019,2.8090337e-05,2.567294e-05,0.043918893,1.07732185e-05,3.2846416e-05,3.4614804e-05,0.3175198,7.937196e-05,2.5851403e-05,0.24371019,1.3214958e-05,1.8615372e-05,0.34889048,0.010580577,0.063835695,0.9999771,5.4331987e-05,4.4390617e-05,0.009524109,1.4283543e-05,5.1253985e-05,0.31215984,0.009720072,0.008776006,0.9916706,0.77123624,0.732195,0.99376017,0.75167036,2.5307103e-05,0.009811485,1.9870777e-05,0.00012169358,0.99422944,2.8209879e-05,0.9859126,0.25946856,0.76203763,0.010385437,0.808887,3.180334e-05,0.36044064,4.1291387e-05,6.342226e-05,0.34365878,1.4261724e-05,0.020939548,0.0117219975,0.00011914963,2.4757588e-05,0.3370098,1.4260609e-05,0.7526737,0.23099062,0.8032265,6.824608e-05,5.3189688e-05,0.3765256,4.5453577e-05,1.7675866e-05,0.32875827,2.6172938e-05,0.021829758,0.3101745,1.6768436e-05,1.9608438e-05,0.012186312,0.80152214,0.007326606,0.99996614,0.8178542,0.7481432,0.99998176,0.81228447,0.014753864,0.015063401,4.4173055e-05,3.5863934e-05,0.9999697,0.0117821945,0.98980004,0.33863238,0.7913115,1.9463121e-05,0.7837762,0.7431962,0.99996996,0.01680215,0.018432245,0.010642445,6.0403956e-05,0.7310126,0.26420653,0.7464387,0.00012779476,0.99351704,0.00014062674,0.8028212,0.80391794,0.1871934,6.206192e-05,0.023624325,0.3309497,0.7843868,0.008754599,0.71524477,3.7540416e-05,0.7633682,0.34996364,0.75151956,0.011886011,0.010993183,1.6150512e-05,0.00028546405,0.9999615,0.00998195,0.987485,0.3327803,0.7141013,5.5201443e-05,0.012759896,0.025714023,0.011134255,3.5086203e-05,0.7742671,0.27029604,0.7867585,0.00010444195,0.99440295,1.2923593e-05,0.76731616,0.72338897,0.31229886,0.012539281,0.74333537,0.015607432,2.5585536e-05,1.2773787e-05,0.30188924,0.9744452,0.010836251,0.011735594,0.693646,0.00022714253,0.010220586,0.029041175,2.6812766e-05,0.06359374,1.3479555e-05,0.7421394,2.1306067e-05,1.938336e-05,0.01013752,0.02077405,4.3682183e-05,6.5738954e-05,0.011773004,5.456138e-05,0.00020477756,0.29983196,0.010348633,0.98789537,0.29790437,6.4501844e-05,3.8780374e-05,0.009593699,1.7969907e-05,0.30064553,2.9770787e-05,0.3688802,3.991146e-05,0.013865466,0.0075145164,0.75109345,0.008869376
0.012398626,-0.992477081,-0.962897266,0.565026175,1.040527179,1.154782892,-0.366329559,-0.675425266,-0.785344129,0.414972234,0.754947637,0.901699066,-0.75548461,-1.777290848,-2.308600324,-0.348033273,-2.324878892,-0.691498281,-0.58668856,-0.667645472,1.054045364,7.714088e-05,5.0356153e-05,0.9993635,4.4731117e-09,5.9830367e-09,0.99995935,0.00010562277,0.0001047889,0.9999492,9.269987e-05,2.3707914e-08,0.070124604,3.6720587e-05,5.574143e-05,0.99994063,5.3789972e-09,0.91913956,0.9999716,4.0894112e-05,1.0604675e-08,9.812055e-05,3.9389105e-09,0.3905273,5.6981992e-08,9.869422e-09,0.43663123,2.6981974e-08,1.3259599e-08,0.4290731,0.000109295135,0.91504556,0.7689356,7.461299e-05,9.152426e-09,0.43409774,2.3883468e-08,4.6384738e-08,0.41256085,1.4729508e-08,3.1575027e-09,9.378589e-09,0.9999181,9.645468e-09,4.2234433e-08,0.9999238,2.1799883e-08,6.429791e-09,0.99992406,4.3252705e-05,0.23303655,1.0,3.7847703e-09,1.3520735e-08,0.0791311,1.3306394e-08,1.0521868e-08,0.9999404,6.7926434e-05,9.092959e-05,0.9994967,8.462532e-05,9.6583266e-05,0.9993243,6.43112e-05,1.8645183e-08,0.08609034,1.9139655e-08,5.373839e-09,0.9990369,1.5429976e-08,0.92702895,0.9998975,9.784166e-05,6.0673614e-05,7.388886e-05,2.5051474e-09,0.99988914,1.4406535e-08,1.3903416e-08,0.9998673,7.44689e-09,0.27787533,0.09437931,2.9193772e-09,1.429055e-08,0.9999248,1.9744803e-08,6.626861e-05,0.9998647,7.191442e-05,1.4246463e-08,2.6727634e-10,0.9998708,2.0241355e-08,2.1223807e-08,0.99995613,1.1693278e-08,0.25379807,0.999884,1.2230625e-09,2.040731e-08,0.09014576,7.423896e-05,5.568214e-05,1.0,7.558773e-05,4.2553096e-05,1.0,3.5435303e-05,4.258419e-05,0.08303832,8.337099e-09,1.5509762e-08,1.0,2.2316623e-05,0.91033965,0.99994016,7.837643e-05,5.903866e-09,2.4144894e-05,8.130987e-05,1.0,3.699782e-05,0.20740919,0.08626467,1.8226716e-08,8.528483e-05,0.9999192,0.00010884946,3.6042553e-09,0.9993298,1.1782382e-08,4.3099044e-05,5.1786606e-05,0.9999404,3.242124e-09,0.2361169,0.9999188,4.7176887e-05,6.754379e-05,0.038009863,4.7961503e-08,0.00013731628,0.99984515,8.517341e-05,5.2638068e-05,0.07436209,1.1100321e-08,1.03959525e-08,1.0,0.00012934227,0.9103527,0.99989486,6.330757e-05,2.6379356e-09,4.9111062e-05,0.23233965,0.073751986,5.0781632e-09,5.448838e-05,0.99978894,9.344058e-05,1.01634425e-08,0.9988636,4.3596855e-09,0.00011688724,0.27339,0.9999068,3.6746544e-05,7.6549884e-05,0.08154397,1.8558328e-08,1.13083365e-08,0.99989974,0.5875233,5.1123356e-05,0.08358512,0.24607615,2.2901839e-08,0.08914,0.24227346,4.586918e-08,0.2584672,2.9996243e-09,0.041375622,6.42729e-09,1.7898367e-08,0.10222558,0.22757627,1.3868059e-08,1.0475111e-08,0.0696552,3.0600589e-09,1.3811483e-09,0.9999081,0.00011446318,0.92702764,0.9998827,1.4065079e-08,1.2552667e-08,3.6909823e-05,1.2186738e-08,0.9999181,4.17013e-09,0.9543707,1.8946281e-08,0.08412432,0.00013726077,5.1283027e-05,5.756068e-05
-1.160899461,0.495494059,-0.481969985,-0.239417698,-0.179244854,-0.146035148,0.332085564,0.218933216,0.328599088,-0.377437601,-0.246488054,-0.381233612,-0.456081317,-0.290817929,0.371781654,0.090754347,0.31508282,-0.584719146,0.536818195,2.213731169,0.829932337,0.010467871,0.006979562,0.9648183,1.5041379e-05,2.935042e-05,0.9890588,0.35868222,0.42794675,0.9882975,0.37587553,3.0862506e-05,0.013924602,0.012121552,0.007159378,0.98476624,1.9398894e-05,0.9845085,0.26896915,0.40160474,0.0001249161,0.0064540133,7.835551e-05,0.03654672,2.3349397e-05,4.0123683e-05,0.11128494,3.393551e-05,3.0245046e-05,0.12240046,0.38583222,0.99565434,0.88166195,0.013235943,2.3829038e-05,0.64481246,2.3178965e-05,1.987362e-05,0.028420268,1.0428052e-05,2.6566337e-05,2.9917901e-05,0.32669035,3.896896e-05,4.6748966e-05,0.30949205,1.197189e-05,1.4463049e-05,0.3081596,0.009814728,0.08241192,0.9999819,4.6775454e-05,5.8907517e-05,0.0039051182,1.3981347e-05,5.4003824e-05,0.35703522,0.012352437,0.008967579,0.9645718,0.4145626,0.3824742,0.9622716,0.3776362,1.8079369e-05,0.004391405,2.9111521e-05,5.134782e-05,0.9699285,4.4471544e-05,0.9552464,0.53926575,0.43955094,0.010322472,0.46491247,1.4432158e-05,0.37632,3.2409436e-05,4.136079e-05,0.3801555,1.4279389e-05,0.03169084,0.0041702227,4.9191167e-05,2.4007799e-05,0.32429403,1.0814723e-05,0.4145789,0.6105191,0.39356422,5.9869595e-05,3.2233685e-05,0.42228997,6.602557e-05,1.8847646e-05,0.32763526,1.7494016e-05,0.031440996,0.32259068,8.541913e-06,1.6363296e-05,0.0042135287,0.5063736,0.007119359,0.99997616,0.42077008,0.48021054,0.99998546,0.47603026,0.010802713,0.0058769947,4.313757e-05,2.9006716e-05,0.9999783,0.008057851,0.9941187,0.37200975,0.42916313,1.4705146e-05,0.46613222,0.32262588,0.99996936,0.016007598,0.1072458,0.0027773303,6.6044275e-05,0.37303403,0.5819714,0.4222124,5.720379e-05,0.9651699,8.177556e-05,0.4055586,0.4740047,0.5417452,3.793788e-05,0.15201545,0.33403602,0.48887613,0.006194044,0.38438573,4.308725e-05,0.35721862,0.3613847,0.3370643,0.008996993,0.0050408035,1.4445695e-05,0.0001632485,0.9999689,0.0075003332,0.9951923,0.4073941,0.42513162,3.4669345e-05,0.010631445,0.12987569,0.0037037109,2.7765467e-05,0.42374185,0.6754599,0.40610823,8.174702e-05,0.9672162,1.1593668e-05,0.3648394,0.6101879,0.3118497,0.014531256,0.45537844,0.017410805,2.4514098e-05,1.2822535e-05,0.36392605,0.8834838,0.010313652,0.004568891,0.5869585,0.00013521667,0.003781694,0.053709008,3.112031e-05,0.08936547,9.7558295e-06,0.38278955,2.6110465e-05,1.9442012e-05,0.0035001887,0.037412558,2.9215873e-05,3.7556245e-05,0.0060993833,3.766754e-05,9.2521484e-05,0.34004274,0.008935852,0.99414414,0.30148578,8.112724e-05,2.0737356e-05,0.008251821,1.6138256e-05,0.31751302,1.9630761e-05,0.46701285,4.063765e-05,0.004364141,0.008824412,0.4148305,0.0071659326
0.499192514,0.371496464,0.479884577,-1.638738593,-1.565678725,-1.624353716,1.365655177,1.332282528,1.445243758,-1.450399906,-1.395987631,-1.519259065,1.097054192,1.22994683,1.828653961,1.712208467,0.407613745,0.333193619,-0.405074519,-1.61195809,-2.143905297,2.9113187e-06,2.133365e-06,0.9996462,1.07740785e-08,5.4226432e-09,0.99999714,7.6125485e-05,0.000117575626,0.99999774,0.00011915531,1.3624492e-08,0.015388445,1.3561512e-06,5.8037904e-06,0.9999981,5.1015014e-09,0.9869464,0.99986935,7.48027e-05,3.538214e-08,6.68598e-06,1.8038024e-08,0.30391982,6.8355797e-09,5.5171747e-09,0.26140732,1.9472463e-07,7.864854e-09,0.21758883,8.516358e-05,0.991867,0.78611207,3.0737128e-06,2.6034572e-08,0.1388789,2.2363809e-08,1.4254718e-07,0.3326393,4.133326e-08,7.4198807e-09,2.0672417e-08,0.99979645,1.5980559e-08,4.000651e-08,0.999864,5.3997336e-08,2.7651774e-08,0.9998474,1.5718159e-06,0.3146096,1.0,1.3571298e-08,2.4164306e-08,0.012531879,3.955762e-08,1.1567323e-08,0.99987006,1.1201709e-06,1.4561537e-06,0.9997408,0.00016269436,0.00014799813,0.99981636,7.241686e-05,7.127458e-08,0.014023787,1.238609e-08,2.396332e-08,0.99973553,1.5380992e-08,0.98977053,0.9999068,0.00011572596,2.6557639e-06,0.00018964906,1.0951617e-08,0.99974483,2.0336321e-08,1.7802595e-08,0.99975663,7.884149e-10,0.29020125,0.021737447,1.1696401e-08,2.9803612e-08,0.99987376,1.117139e-08,0.00013486539,0.99986875,0.0001034036,5.494054e-08,1.1351773e-08,0.9998276,1.32402915e-08,2.4973483e-08,0.9998758,1.1244907e-08,0.30723122,0.9998971,1.6124647e-08,1.3791932e-08,0.01112644,7.57415e-05,2.5767488e-06,1.0,0.00011743198,0.00015378644,1.0,0.00016601344,2.77954e-06,0.016253976,1.2859368e-08,7.2471287e-09,0.9999999,5.61294e-06,0.9861122,0.99985707,0.0001382467,4.5297444e-08,7.202773e-05,0.00016129922,1.0,2.5669115e-06,0.19662598,0.010042797,5.6476907e-08,0.00019192806,0.99986696,9.917656e-05,4.1468997e-08,0.99984,3.302762e-08,0.0002074639,7.7925484e-05,0.9999006,5.2577613e-09,0.16669904,0.9998406,0.00012563667,1.6026398e-06,0.002923387,1.1202499e-08,0.0001255727,0.99987805,0.00019807936,2.0146776e-06,0.01653472,3.0739418e-08,4.75742e-08,1.0,4.7776484e-06,0.98411983,0.9998505,0.00012716035,5.7691512e-08,2.1684448e-06,0.20703243,0.012214557,5.895302e-09,0.00022825648,0.9999157,9.69092e-05,8.864886e-08,0.99976224,6.9676345e-09,0.00012902853,0.09848814,0.99986315,2.4393592e-06,9.4694675e-05,0.016281791,5.7092954e-08,1.7198351e-08,0.99990356,0.7427492,1.3262023e-06,0.018089648,0.08707858,4.7649298e-08,0.013752115,0.34943599,6.0682903e-09,0.35189244,6.1258434e-09,0.0036485014,1.36610785e-08,9.9146334e-08,0.020776905,0.29911777,4.9878548e-08,1.2503539e-08,0.013088881,4.565638e-08,4.7484356e-08,0.9998671,5.840787e-07,0.98827153,0.9997737,3.4486128e-08,6.746752e-08,4.3162186e-06,1.23259e-08,0.9998658,2.53626e-08,0.997127,8.139703e-08,0.014831586,4.360746e-06,0.00011281556,5.9677886e-06
0.124735677,0.247498869,-0.241506345,-0.440700352,-0.444807783,-0.541625752,0.485699385,0.477333184,0.232248382,-0.37891784,-0.367757794,-0.082074479,1.137632544,1.445071804,0.804377056,0.171824164,0.795430388,1.237119696,0.200620722,1.67272232,1.200967053,0.001713456,0.0008517826,0.97050965,2.9498127e-05,3.1932745e-05,0.9978848,0.3457163,0.3820016,0.99796873,0.37182984,3.2654993e-05,0.028069364,0.0012894929,0.0011571423,0.9986344,3.406524e-05,0.97142226,0.47556624,0.35719454,0.00014134515,0.0012879549,0.00013564515,0.1893542,3.2454718e-05,4.4774784e-05,0.3093618,6.2311636e-05,5.2501506e-05,0.3424052,0.36609873,0.9669399,0.6940162,0.0016273289,5.969492e-05,0.79662085,4.328629e-05,3.557759e-05,0.19065194,2.605661e-05,5.8267702e-05,9.9472825e-05,0.52909684,7.2718016e-05,8.037468e-05,0.4652698,2.6515438e-05,2.9417557e-05,0.5112386,0.0014164863,0.17208646,0.99996996,8.3657025e-05,5.2971925e-05,0.030055365,2.145704e-05,3.256102e-05,0.54326826,0.0014472799,0.0015459233,0.96604985,0.39771235,0.29609266,0.9681515,0.36232406,6.747793e-05,0.026146196,3.825603e-05,0.00011895188,0.9733194,6.1453495e-05,0.91715974,0.6309862,0.31400803,0.0018998004,0.30805743,4.2416523e-05,0.5379039,4.8848e-05,7.910175e-05,0.50951177,1.1131211e-05,0.17302553,0.027653245,5.2713618e-05,3.0885676e-05,0.5476184,2.2099119e-05,0.30847755,0.67368025,0.33977684,0.00015322599,5.390416e-05,0.54544866,9.795592e-05,5.4524447e-05,0.48904327,2.4298039e-05,0.1597442,0.51729786,3.475694e-05,4.9283288e-05,0.026027512,0.30084038,0.0013536782,0.9999691,0.313239,0.31679156,0.99996305,0.28814265,0.0015083166,0.02970812,4.2416115e-05,3.1757274e-05,0.99995446,0.0010414058,0.9629439,0.49623686,0.33723113,4.416623e-05,0.29584154,0.30271748,0.99990606,0.0012258476,0.2703499,0.029161047,0.00012818334,0.29727504,0.65595216,0.32930663,0.00013083579,0.97488606,0.00010430082,0.32566643,0.2973128,0.64216435,6.44341e-05,0.30203846,0.54584867,0.28086978,0.00086238753,0.32955194,6.7661764e-05,0.31992814,0.54303217,0.30576587,0.0012343199,0.03276339,4.4963566e-05,0.00018886247,0.99993694,0.0017300607,0.96930146,0.4957437,0.3352371,5.2497606e-05,0.0009832705,0.2950169,0.031374764,4.606453e-05,0.2830489,0.62192994,0.30270806,0.00015114955,0.97304654,2.0674623e-05,0.3798182,0.75359064,0.56749964,0.0016858187,0.29419687,0.02832961,2.962753e-05,3.617866e-05,0.59707016,0.6779003,0.0012039755,0.036243785,0.75267065,0.00012878454,0.028162638,0.16160078,1.7395825e-05,0.1479013,2.5577145e-05,0.39728472,5.467555e-05,3.41908e-05,0.029770438,0.16721512,3.9517432e-05,3.9924333e-05,0.03729616,6.380881e-05,0.00010018946,0.48984453,0.0012125267,0.9682806,0.58799905,0.00012509621,3.9134906e-05,0.0011045903,2.44247e-05,0.5076735,3.907561e-05,0.4701751,8.6473e-05,0.026209781,0.0011960685,0.30599204,0.0014668229
-0.998634832,1.710670489,0.816533674,0.707394035,1.328462062,1.240342409,-0.379005937,-1.113411442,-1.458735837,0.416123339,1.21726363,1.627175773,1.490730467,0.717196873,-1.424226385,-0.026853156,-1.542642142,1.761202732,0.017887574,0.427986861,-0.435406611,0.0021067164,0.0021013932,0.99900407,1.4235806e-07,3.77092e-07,0.9990351,0.026607597,0.026573617,0.99769384,0.031096844,6.4361126e-07,0.009592704,0.0012103054,0.0011076877,0.99846554,2.299135e-07,0.99023825,0.98467916,0.03011956,7.641112e-07,0.0013705831,2.3662066e-07,0.0010369394,5.410084e-07,5.332368e-07,0.0017620114,2.6078565e-06,2.9536906e-07,0.0015040367,0.027324442,0.99810994,0.99794525,0.0011981261,6.920288e-07,0.042161178,3.8833304e-07,1.0291665e-06,0.0008091119,1.9570203e-07,3.1175776e-07,2.5611206e-07,0.97807294,1.7409583e-06,3.9146013e-07,0.9855516,6.547681e-07,5.6835563e-07,0.9734414,0.0015200835,0.0068118656,0.9999994,7.087926e-08,1.3709913e-06,0.0017922744,1.2325059e-07,4.6086848e-07,0.97794294,0.0015608863,0.0015315491,0.9991308,0.021941299,0.03943467,0.9990823,0.026774252,6.593983e-07,0.0020813101,1.3874997e-07,9.0594216e-07,0.99822897,3.1145467e-07,0.99296266,0.97367996,0.020662975,0.0014844184,0.026398065,2.2621953e-07,0.9667382,1.230241e-06,6.237773e-07,0.97976756,2.4070337e-07,0.00068768207,0.0024087206,9.425502e-07,4.0073647e-07,0.9685477,4.792914e-07,0.029808046,0.9757116,0.02399801,5.629021e-07,1.0511922e-07,0.97432715,3.0496486e-07,3.9128247e-07,0.9807663,8.6143257e-07,0.0010449163,0.98092264,1.2255424e-07,3.0667482e-07,0.0018231111,0.03429237,0.0008041503,0.9999994,0.020923516,0.021048462,0.99999964,0.024771271,0.0018563786,0.002110899,3.5826164e-07,3.601344e-07,0.9999989,0.0019115201,0.99721766,0.98129016,0.018539552,9.482377e-08,0.032128565,0.03821252,0.99999964,0.0017595792,0.0020454233,0.0019368385,1.2821306e-06,0.0362693,0.96986365,0.030063255,6.3231465e-07,0.99865913,7.2381374e-07,0.018034698,0.023974573,0.9790962,4.208896e-07,0.0017895442,0.9795885,0.032271583,0.001776383,0.08673871,3.5408743e-07,0.021422632,0.9755619,0.036134925,0.0017614738,0.002027228,3.187743e-07,1.435477e-06,0.9999993,0.0024108526,0.9980313,0.9739525,0.03118773,2.2463854e-07,0.002099861,0.0013085023,0.002046428,3.097278e-07,0.02509243,0.9716583,0.031003824,4.1734785e-07,0.9982529,1.317324e-07,0.025230132,0.057458404,0.9761513,0.0010630763,0.03285956,0.007948034,8.719543e-07,1.0144333e-07,0.97583234,0.99878234,0.0012076694,0.0021378805,0.050118707,2.9497014e-06,0.0023110854,0.0009893582,5.685508e-07,0.005460647,1.2763718e-07,0.10244258,1.1507758e-07,4.618954e-07,0.0024531868,0.0006039989,7.6881776e-07,6.2326e-07,0.0020026478,1.6990373e-07,3.2792613e-07,0.974956,0.0020336525,0.99748707,0.9698538,6.037917e-07,5.5635417e-07,0.001283171,5.390189e-07,0.98290145,3.8320317e-07,0.91378933,8.305817e-07,0.0020491234,0.0025873012,0.032333978,0.001560711
0.998468296,-1.711663132,-2.261400925,0.001930937,-0.4854969,-0.48709063,-0.131543644,0.527576338,0.545601453,0.147321235,-0.590438221,-0.627527401,0.26088996,0.77862484,0.962559062,-0.050457789,1.165137986,0.333664563,1.320167313,-0.203512458,1.405864078,0.084880635,0.08639713,0.11918976,5.2744996e-05,0.00021123743,0.8802789,0.32872796,0.33108228,0.919525,0.45945594,3.698512e-05,0.2465931,0.077540845,0.10411819,0.89838874,4.532502e-05,0.7414134,0.025596486,0.31533486,0.00051663583,0.08388186,0.00048707624,0.13010256,0.000103501465,9.684814e-05,0.81994027,6.783109e-05,0.00023040344,0.79427874,0.32029933,0.9671446,0.2678766,0.09798323,7.459292e-05,0.9651456,6.995257e-05,5.550126e-05,0.14418198,2.1058151e-05,0.00016420611,0.0004415586,0.029216494,0.00024194525,0.00046018392,0.042428087,6.364e-05,2.4959138e-05,0.017782923,0.07106891,0.22142963,0.9999083,0.00040681835,0.00012609034,0.032998946,4.365191e-05,0.0001684933,0.0325052,0.07230941,0.081578635,0.12032709,0.38793018,0.36954576,0.17553602,0.45902508,5.178034e-05,0.02789014,0.00016130444,0.00021514585,0.123361304,0.00042276873,0.15359455,0.59280825,0.46753228,0.07621509,0.51593983,5.3600706e-05,0.025636459,4.0377017e-05,0.00011895437,0.021847827,4.382735e-05,0.05741994,0.030887354,0.000102705,7.2012626e-05,0.04182512,8.665304e-05,0.5173558,0.49827185,0.45519635,0.00021407688,7.513649e-05,0.030561509,0.00019328982,9.9377445e-05,0.027128302,2.3485914e-05,0.06916616,0.04810283,5.6628793e-05,9.885345e-05,0.017514134,0.57833904,0.122545786,0.9999542,0.51572996,0.48652434,0.9998429,0.43690875,0.071386,0.032895308,9.514416e-05,6.070053e-05,0.99988675,0.06397678,0.9694975,0.03307707,0.33240664,2.112779e-05,0.4902198,0.52766675,0.99988675,0.067773916,0.74310255,0.036513917,0.0008387707,0.52422,0.66599214,0.48864308,0.00023672891,0.1825699,0.0005166649,0.43630898,0.48640564,0.6414888,0.00031012227,0.6993297,0.01642415,0.56170726,0.11205731,0.6135887,0.00022963542,0.3169766,0.02507766,0.5684038,0.09082787,0.025108818,3.9299088e-05,0.0004076763,0.9999193,0.11216819,0.9664745,0.023974016,0.3597259,0.00017874464,0.052713282,0.77692163,0.03138443,0.0002573063,0.3785044,0.62178415,0.37032056,0.00041958469,0.17100903,3.4760487e-05,0.2942156,0.9103544,0.033185706,0.08295583,0.44189233,0.2699989,5.7809546e-05,5.1870782e-05,0.025409441,0.21562767,0.1215492,0.032089166,0.902644,0.00030320225,0.030163616,0.049166467,7.177432e-05,0.25663838,3.8738424e-05,0.6242967,0.0002470983,4.973768e-05,0.04235098,0.067652486,6.801641e-05,8.091106e-05,0.025082361,0.00016713336,0.00067327294,0.03591063,0.08899882,0.95572066,0.030607086,0.0005214581,1.99195e-05,0.08512758,7.721949e-05,0.03558319,6.886905e-05,0.025193887,8.967566e-05,0.028634334,0.106320634,0.52302295,0.13853486
-1.123453777,2.119862553,1.946712784,-1.242738207,-1.257550808,-1.142665233,1.187745204,0.798976027,1.11587119,-1.265757646,-0.81741119,-1.154438161,-1.356164409,-0.873885553,1.255881947,0.459858972,0.916832202,-1.844303,-0.568022778,-0.356883773,0.890499358,1.562469e-06,9.606509e-07,0.7749055,1.5942414e-08,6.8481626e-08,0.99999845,0.00097240444,0.0010941467,0.9999988,0.0016099458,8.610368e-08,0.0048158667,3.5383493e-07,5.093559e-06,0.9999982,1.8543043e-08,0.9950133,0.88159275,0.0006969513,2.4099646e-07,3.2208052e-06,8.128284e-08,0.9235963,1.9919561e-08,1.0984444e-07,0.99784493,1.4804577e-07,6.925636e-08,0.9978873,0.00055972615,0.9974113,0.00091873884,3.5293385e-06,4.1172353e-08,0.99908924,7.375142e-08,1.7700803e-07,0.9356688,6.1079604e-08,3.8052423e-08,2.603828e-07,0.8585987,1.6280712e-08,3.3928558e-07,0.92621624,1.1134805e-07,1.977665e-08,0.92113835,1.0184517e-06,0.95083696,0.9999999,3.994254e-08,7.6357296e-08,0.0050080405,1.8423995e-07,2.5149296e-08,0.9235892,7.542179e-07,2.3243877e-06,0.79676694,0.0020195462,0.0010848674,0.87930626,0.00087590446,1.0885834e-07,0.0061759274,1.3952382e-07,5.3213952e-08,0.7961434,9.6907804e-08,0.7934729,0.9989021,0.0004530756,8.835157e-07,0.0010931205,6.8304736e-08,0.8933043,6.58991e-08,7.648323e-08,0.8275974,5.81392e-09,0.9708971,0.010271355,5.1501896e-09,4.0300066e-08,0.9069334,4.4682363e-08,0.00083790557,0.99947864,0.0006668161,1.5713721e-07,2.7256949e-08,0.91609955,3.2893713e-08,1.4278704e-07,0.9255379,9.082155e-09,0.95039874,0.93687695,5.8502195e-08,3.541036e-08,0.0041778036,0.00019952736,1.1667711e-06,1.0,0.00082854007,0.0010149388,1.0,0.001013248,2.9392077e-06,0.009310334,2.8836338e-08,1.4493407e-08,1.0,1.6744852e-06,0.9947471,0.89671487,0.0016542036,9.710894e-08,0.00037652033,0.0009516716,1.0,1.3367313e-06,0.99845326,0.0050964877,2.0637872e-07,0.0009067723,0.9986777,0.0005567385,9.306921e-08,0.82440346,1.5123402e-07,0.0020266648,0.0006095373,0.9987859,2.0420316e-08,0.99886835,0.9042755,0.00057605305,1.063015e-06,0.006816833,7.043064e-08,0.0008575325,0.8962187,0.0015266816,6.458266e-07,0.006810253,2.5321418e-08,2.9567852e-07,0.9999999,1.8467741e-06,0.9930294,0.9060183,0.0010195762,8.657483e-08,1.0447695e-06,0.99874854,0.0046114083,8.1004885e-08,0.001655401,0.9991535,0.0007499529,2.9003482e-07,0.8472347,5.625822e-08,0.0011618863,0.99920505,0.90403676,1.0906424e-06,0.00048781387,0.0059782984,1.0645555e-07,6.96498e-08,0.8932015,0.0018611914,5.3335987e-07,0.006497987,0.99879944,5.156601e-08,0.0075838165,0.9608657,1.7038559e-08,0.94328713,1.3153878e-08,0.014323983,1.8987413e-08,1.1720234e-07,0.008412544,0.9639474,1.1848068e-07,1.2630883e-07,0.007385711,7.25388e-08,2.2590284e-07,0.9132898,5.482675e-07,0.9955114,0.867696,1.2627498e-07,8.197803e-08,1.2399656e-06,1.1406293e-08,0.88359827,3.941941e-08,0.7393881,2.6511756e-07,0.0060842433,1.6019612e-06,0.0013158533,2.3546324e-06
0.624011459,0.098701755,-0.265552709,0.533925194,0.702891523,0.648921863,-0.661671254,-0.775578975,-0.840465007,0.685944445,0.801748008,0.853285234,0.776591962,0.573847065,-0.299626123,0.052117855,-0.363669302,0.88074095,-0.823902243,-0.063252,-0.05162665,0.0010306883,0.00085267064,0.9960127,8.15602e-07,1.0515216e-06,0.99903,0.029412095,0.026367309,0.99858165,0.025331452,1.8497195e-06,0.019993016,0.0007489063,0.0006926509,0.99905497,9.2226e-07,0.97448564,0.980172,0.025752978,2.4478766e-06,0.0010135769,1.146057e-06,0.034839887,2.7863127e-06,1.4682156e-06,0.05148295,3.8757344e-06,1.3473876e-06,0.054088842,0.029587395,0.9863158,0.9612798,0.001092012,1.7409119e-06,0.14649013,1.4427453e-06,1.861113e-06,0.032519273,1.121231e-06,9.305693e-07,1.153113e-06,0.9754456,2.2468703e-06,2.1950457e-06,0.9784641,1.5682223e-06,1.1989996e-06,0.97632194,0.0008225168,0.05464046,0.9999988,5.606947e-07,1.7376093e-06,0.015194849,6.4000005e-07,1.1999263e-06,0.97804785,0.0012953534,0.0015297789,0.995884,0.021751454,0.027683146,0.9955052,0.020281028,1.7842046e-06,0.013816698,8.1611773e-07,2.359895e-06,0.9953884,1.4135697e-06,0.97953093,0.97705835,0.0187497,0.0012629776,0.018658508,7.785869e-07,0.9732894,2.7220797e-06,2.4565882e-06,0.9751077,8.4079716e-07,0.026501317,0.013631025,1.1783818e-06,1.4072668e-06,0.9729595,1.2668019e-06,0.021157933,0.9748488,0.021842225,1.9929082e-06,3.4125534e-07,0.97408324,1.7866429e-06,1.4727073e-06,0.9772602,1.6667582e-06,0.032574512,0.9755373,3.9215814e-07,1.2540471e-06,0.012493517,0.020512521,0.0007108962,0.99999905,0.026154822,0.017923841,0.99999917,0.018518364,0.0011802022,0.014477228,9.2910346e-07,1.1678587e-06,0.99999785,0.00077008037,0.98414487,0.9776587,0.021300998,5.69476e-07,0.020051498,0.026183367,0.9999987,0.0009938058,0.044591572,0.015346798,2.784926e-06,0.024764413,0.97433835,0.024805333,1.556143e-06,0.99503374,1.9249762e-06,0.02097312,0.023501245,0.97610885,9.233487e-07,0.05198114,0.97904646,0.018819157,0.00088365906,0.10530216,1.7143057e-06,0.027848579,0.9764663,0.026594138,0.00079596613,0.013821363,1.1132665e-06,2.845579e-06,0.99999833,0.0014346936,0.98763824,0.97351223,0.026901267,6.866997e-07,0.0010387191,0.040672094,0.013386386,7.614785e-07,0.022068253,0.97164404,0.026419913,1.4499553e-06,0.9949013,7.615061e-07,0.028824577,0.18909423,0.97160655,0.0010055231,0.021024693,0.018298998,1.3735117e-06,6.012158e-07,0.9788729,0.942226,0.0007918937,0.01483461,0.17484464,3.5058258e-06,0.0155043015,0.030933015,1.6700805e-06,0.058066018,5.603707e-07,0.12649605,7.398734e-07,1.4872575e-06,0.013362891,0.027676526,1.680914e-06,1.3962888e-06,0.012765784,7.331725e-07,6.3139873e-07,0.97081864,0.0012971609,0.98667276,0.9741605,1.9232277e-06,1.2865939e-06,0.00073303655,1.0418601e-06,0.9785069,9.1401716e-07,0.8970248,1.8555339e-06,0.014162922,0.0015260697,0.026068043,0.00084764574
1.14825103,-1.600065296,-0.602201806,-0.933660396,-0.901314428,-0.878059885,0.714283959,1.084962564,1.030997274,-0.735291806,-1.100943592,-1.006796623,0.228876628,-0.124430023,0.541865557,1.36542977,-0.752222034,-0.491013078,-0.147601646,2.041778576,-0.506715483,0.009349237,0.016167263,0.98869777,1.3361603e-05,1.587767e-05,0.9924534,0.8154543,0.8026599,0.99402964,0.8165954,1.4703127e-05,0.027730085,0.011388833,0.013480034,0.9885682,6.559564e-06,0.97345227,0.19402787,0.82175463,0.00010184531,0.008601488,9.769202e-05,0.007619818,1.3872597e-05,1.13498645e-05,0.011301764,2.1290936e-05,4.669078e-05,0.0062845787,0.8085991,0.9945392,0.99002856,0.009332509,2.4813133e-05,0.7390185,1.4021632e-05,2.0542571e-05,0.008293496,2.4412884e-06,3.4902954e-05,4.9870425e-05,0.13098189,0.00012705733,9.064987e-06,0.207805,1.0954774e-05,9.989752e-06,0.14566045,0.008572718,0.007571495,0.9999821,1.907396e-05,5.291538e-05,0.0072332635,5.599547e-06,2.4245033e-05,0.13386565,0.010123968,0.005738479,0.98967427,0.7983508,0.8086125,0.9888994,0.83279455,1.4734668e-05,0.0087865805,9.371174e-06,6.817641e-05,0.98076665,8.13648e-06,0.9674411,0.1915886,0.8048135,0.0073131244,0.80711603,1.8956975e-05,0.14039303,2.7060552e-05,4.0303425e-05,0.14221974,9.2212185e-06,0.002437041,0.011956331,0.00011831657,9.239554e-06,0.15262917,1.985562e-05,0.8576118,0.20250987,0.8033143,3.959318e-05,4.9546517e-05,0.12957592,1.9046094e-05,1.9973122e-05,0.15606777,1.6535743e-05,0.0032225302,0.1643412,3.8510567e-05,1.4492058e-05,0.007964248,0.82773596,0.01340509,0.9999788,0.8068838,0.79788524,0.9999553,0.81235945,0.008028671,0.010534577,1.2585443e-05,1.3293858e-05,0.99993956,0.00901572,0.99272525,0.110512465,0.81171644,7.218063e-06,0.8337359,0.811797,0.9999851,0.009269319,0.008125892,0.0062139267,0.000120478,0.84784013,0.17343187,0.8427682,0.00015670674,0.98885405,0.0002071121,0.78676987,0.82676345,0.23335494,0.000108640204,0.005049849,0.15487151,0.8426856,0.013885248,0.8509882,1.9130357e-05,0.83248085,0.11633265,0.8239977,0.009459138,0.00765904,1.5885758e-05,9.442011e-05,0.99997187,0.010916889,0.9921738,0.14259607,0.83193237,3.243807e-05,0.010083831,0.006422219,0.008333697,2.9216653e-05,0.7984995,0.17194594,0.8182519,0.00010626094,0.9835935,6.1118453e-06,0.78907615,0.76676434,0.14961393,0.007882895,0.8297864,0.021857547,1.81938e-05,4.0285804e-06,0.1421146,0.99313146,0.009639659,0.008197693,0.765985,0.00024930027,0.009022173,0.0022688662,1.8582026e-05,0.009477822,8.545221e-06,0.83326757,1.9470435e-05,9.298444e-06,0.00754543,0.0028212697,1.4858929e-05,4.4654964e-05,0.008817183,2.9458799e-05,0.00026462082,0.17426974,0.009600797,0.99206674,0.14045845,4.1640633e-05,1.5356303e-05,0.012705733,1.697064e-05,0.15350682,2.7733395e-05,0.16776392,3.9201994e-05,0.010561725,0.015158571,0.83121794,0.015599419
-1.647693348,-0.124493916,-0.481969985,0.483799205,0.421761635,0.348480731,0.082458901,-0.02132316,-0.185449917,-0.070997464,0.030668366,0.186292081,0.486181147,0.548967171,-0.713395149,-0.974039647,0.189194237,1.111049835,1.982855551,-1.754865537,-0.749505798,0.0006646861,0.0003939307,0.9958692,9.1118e-07,1.7356583e-06,0.9993754,0.03624868,0.037143793,0.99933916,0.029431274,3.2685753e-06,0.017038936,0.00068942196,0.00047303434,0.9991602,1.4129134e-06,0.98430365,0.9702075,0.03487169,3.9097094e-06,0.00056113285,2.3185917e-06,0.11458716,3.2820722e-06,1.8919903e-06,0.12381411,4.1550697e-06,2.448024e-06,0.15018737,0.041409273,0.98694825,0.87934864,0.001005458,2.6922787e-06,0.4510529,2.2748652e-06,2.7714084e-06,0.1312906,1.544914e-06,9.965448e-07,2.263286e-06,0.9721469,2.3919586e-06,3.23244e-06,0.9715475,2.0253037e-06,1.1920516e-06,0.9711639,0.0005819313,0.118498616,0.99999845,2.090375e-06,2.6878581e-06,0.014358258,1.3723006e-06,2.9817713e-06,0.9756469,0.0009515946,0.00088705827,0.997042,0.031165658,0.029973181,0.9957218,0.028317098,2.2264785e-06,0.015900794,1.8777538e-06,2.6328482e-06,0.99682224,2.8095105e-06,0.97367984,0.954824,0.027908457,0.0007475441,0.023168718,1.1017655e-06,0.96944237,3.1575455e-06,2.905735e-06,0.9637937,9.072494e-07,0.12015898,0.016881121,1.4541415e-06,1.7869327e-06,0.96939385,1.0495751e-06,0.029777944,0.9628427,0.031830218,3.827353e-06,7.302508e-07,0.97292376,3.6813476e-06,1.5626836e-06,0.9698213,1.4219337e-06,0.09943301,0.97478175,5.570778e-07,1.4780977e-06,0.014720873,0.026929323,0.0004644919,0.99999845,0.028741688,0.024843624,0.99999917,0.024002707,0.0005924476,0.016808178,1.8474293e-06,1.4086041e-06,0.99999774,0.00035560926,0.98066413,0.97402215,0.03437304,1.1625337e-06,0.027656438,0.027726524,0.99999785,0.0006722173,0.110671915,0.01575662,4.275582e-06,0.024705248,0.9681677,0.030185245,1.7916439e-06,0.9970264,3.3224517e-06,0.028802909,0.028705237,0.96438575,1.1075872e-06,0.13186136,0.9742225,0.02487219,0.00038370123,0.14844482,4.183088e-06,0.031802796,0.9674608,0.027671162,0.0006147285,0.01778349,1.1818233e-06,6.395513e-06,0.99999714,0.0007124297,0.98683757,0.976795,0.035082825,1.2432123e-06,0.0004854792,0.14229485,0.013340208,1.1439452e-06,0.029459182,0.96438116,0.031946335,2.5952527e-06,0.9967572,9.3431663e-07,0.042711083,0.3592688,0.9707837,0.0007907957,0.027820872,0.016970031,2.0411064e-06,1.2868737e-06,0.97196126,0.82541186,0.00053141825,0.016581837,0.34325573,5.861204e-06,0.01301617,0.1304514,2.631239e-06,0.122719236,9.626392e-07,0.17522405,1.6800486e-06,1.7243307e-06,0.012258168,0.12300552,2.4597998e-06,2.1889355e-06,0.016506951,1.1732383e-06,1.4807954e-06,0.9703113,0.00092139153,0.98230493,0.97280574,2.8184202e-06,1.7370726e-06,0.00039639056,1.0696638e-06,0.96807814,1.2673202e-06,0.86135536,2.6702091e-06,0.01094483,0.00061234273,0.02968847,0.00055320666
-8.33e-05,-0.124493916,1.201275498,-0.080906325,0.187338006,0.275230903,-0.071910453,-0.271404583,-0.061004896,0.057095564,0.258448068,0.033285444,-1.084011335,-1.518070438,-0.533540354,0.406036717,-1.068008705,-1.495574079,-0.321345648,0.247078792,0.109816295,0.051932275,0.05715092,0.7872757,0.0013354504,0.0009333632,0.9401057,0.36329228,0.36031473,0.95529664,0.332071,0.0012085958,0.16703275,0.04997145,0.043071005,0.94295555,0.0017079771,0.8099767,0.2750478,0.34082782,0.0028688153,0.044384155,0.0027412937,0.15237972,0.0011265132,0.0012639607,0.32600483,0.0023366194,0.002144108,0.35232845,0.31175876,0.87647533,0.78393954,0.046408102,0.0018468642,0.772775,0.001547959,0.0014673985,0.1210475,0.0010325089,0.0024531202,0.0031486542,0.35702515,0.001665372,0.0016230769,0.34448874,0.0014047045,0.001495359,0.30051208,0.051793873,0.1652177,0.99910635,0.0014631705,0.002213539,0.10821626,0.00090109254,0.0013187526,0.2935665,0.04676398,0.053429198,0.7631273,0.32222325,0.361836,0.7827523,0.34692618,0.0019268951,0.08753402,0.001683445,0.0025979956,0.78936076,0.0012708446,0.63236034,0.6501042,0.429107,0.04561535,0.40682393,0.0017483433,0.2938423,0.0015939919,0.0020938374,0.32150796,0.0011275886,0.055308286,0.072664365,0.0014192415,0.0013499412,0.32406104,0.0012726305,0.4731947,0.6230866,0.48598453,0.002069101,0.0025422666,0.33315447,0.0018074336,0.001265792,0.34054035,0.0011720184,0.05523124,0.34222186,0.002674234,0.0011881172,0.098503485,0.45648164,0.050983947,0.9985201,0.44202685,0.46358758,0.9982413,0.394191,0.048225977,0.09560487,0.0020054241,0.0012473416,0.99835557,0.04983562,0.8869622,0.3084084,0.3305743,0.00096089154,0.48896572,0.4783366,0.99726415,0.047711343,0.18215927,0.11487973,0.0030635598,0.4678815,0.6682846,0.48025882,0.0023392253,0.80538404,0.004035459,0.39971876,0.44512624,0.6410593,0.0017188035,0.20746218,0.29143384,0.47060207,0.05885442,0.6185831,0.0011505411,0.37815937,0.33542448,0.42313203,0.060780108,0.09244794,0.0016833335,0.0031766002,0.99905246,0.05208562,0.90262765,0.3039506,0.3325522,0.0013790419,0.052166667,0.24293298,0.08264413,0.0016153791,0.44833222,0.6172606,0.47544262,0.00292616,0.8039107,0.001450242,0.37427855,0.6290679,0.29283866,0.048320875,0.43773434,0.19475612,0.0011675301,0.0009842156,0.30910525,0.71996635,0.059746504,0.08858862,0.6326998,0.0029099153,0.0916122,0.05611407,0.0008501865,0.17116594,0.0009827722,0.51240265,0.0013674059,0.0012327549,0.08837352,0.056962285,0.0014175659,0.0022591893,0.09435082,0.002004039,0.0034702043,0.3319302,0.05405901,0.8956852,0.34153724,0.0023456062,0.0013122051,0.05032145,0.0008827854,0.32460827,0.0010871182,0.2193167,0.0019517193,0.094239935,0.047865983,0.42331073,0.042282544
1.372925132,0.991484438,-0.001042704,0.045032006,-0.082769498,-0.102857175,-0.469408462,-0.346372642,-0.259355211,0.475637498,0.335239259,0.222787633,0.549864311,0.961212083,1.04118343,0.251222101,0.961818378,0.504453391,-0.38726825,1.265461654,1.071058004,0.0019129034,0.0013049652,0.9603195,1.6778087e-07,6.61887e-07,0.9978295,0.980703,0.9838457,0.99782664,0.98517543,4.3412587e-07,0.0033924454,0.0014834342,0.0009488021,0.9974733,4.1031012e-07,0.9969041,0.0014996806,0.9857444,1.5738333e-06,0.0020575174,5.712831e-06,0.00041132234,2.5147335e-07,1.0190774e-06,0.008481016,7.643101e-07,7.0531854e-07,0.006500761,0.9873689,0.99949753,0.9935556,0.002307515,4.205317e-07,0.9934285,2.2921861e-07,2.1736676e-07,0.00058386143,7.65841e-08,1.6010205e-06,1.5186519e-06,0.0010788162,1.4892274e-06,4.2439544e-07,0.0013923455,2.3048209e-07,2.3032386e-07,0.0017857117,0.0017528288,0.004979694,0.9999999,2.1896442e-07,7.2590836e-07,0.00040983208,2.9554652e-08,3.9535752e-07,0.0017390514,0.0026856076,0.002148436,0.9653774,0.98630434,0.97928655,0.97497195,0.9822265,6.660236e-07,0.00038396232,1.4792833e-07,4.2692545e-06,0.97531295,5.0609447e-07,0.98220015,0.014021112,0.9914197,0.0016669361,0.991672,1.155461e-06,0.0014447537,8.8726557e-07,1.0726753e-06,0.0014413429,2.7099756e-07,0.0001538608,0.00060341717,1.2742609e-06,1.9060553e-07,0.0014602828,4.2169876e-07,0.9858833,0.01178506,0.9887389,1.4922441e-06,7.9939366e-07,0.0013737509,1.2223842e-06,5.6300945e-07,0.001918569,2.9433735e-07,0.00021786908,0.0011363183,5.9463946e-07,2.545386e-07,0.00040019542,0.9915754,0.0022974352,0.9999994,0.9907347,0.9896947,0.99999964,0.99166626,0.003054535,0.00085253984,5.0739203e-07,2.7871343e-07,0.99999964,0.001506069,0.9992576,0.0013312958,0.9868407,1.06566276e-07,0.9870749,0.9857736,0.9999989,0.003276623,0.008596427,0.00047040204,2.534578e-06,0.98817784,0.014939358,0.9889318,2.9693988e-06,0.96286976,2.9800826e-06,0.9903634,0.9903419,0.012105101,2.921529e-06,0.008264158,0.0019053946,0.99002993,0.001736897,0.9617366,5.2135255e-07,0.98674786,0.0014142508,0.99060446,0.0010508962,0.00077071023,2.705965e-07,8.191212e-06,0.9999993,0.0024679843,0.9992071,0.0016415601,0.98732215,3.2826784e-07,0.0019283493,0.009692215,0.00050021807,7.3945654e-07,0.98917717,0.014000236,0.98897433,1.4355428e-06,0.970648,4.1344066e-07,0.9826115,0.9931316,0.001806515,0.0015857758,0.9862521,0.0035709483,3.083823e-07,1.1659764e-07,0.001703599,0.9927654,0.0024200147,0.0004546907,0.99314594,4.176702e-06,0.0007138086,0.00022560448,1.9177958e-07,0.007194033,2.3820509e-07,0.95788217,3.1562345e-07,2.6192816e-07,0.0005721001,0.00012498735,5.281998e-07,5.968871e-07,0.0005373353,5.6308136e-07,2.8872332e-06,0.0013075977,0.0015876044,0.9994276,0.0016629021,1.0606616e-06,6.9345316e-07,0.0012376645,2.657963e-07,0.0013835884,5.4165884e-07,0.0055151423,6.831516e-07,0.00059900264,0.0016292422,0.9881521,0.0015548815
-0.374540105,0.123501274,-0.962897266,0.998725173,1.221319268,1.139135227,-0.726864848,-0.96736858,-1.268534763,0.792023728,1.048224813,1.401187506,0.374021915,-0.079830458,-1.543466874,-0.785363788,-0.95786196,0.874767932,-1.183488556,-1.131103079,-1.936433923,3.015099e-05,1.5712638e-05,0.99992025,3.0647185e-10,4.972328e-10,0.9999933,4.505834e-06,3.912302e-06,0.9999845,3.2326495e-06,4.131984e-09,0.05399989,7.5421535e-06,1.18166045e-05,0.99998665,6.949156e-10,0.9376187,0.9999995,1.5836513e-06,8.071502e-10,3.318317e-05,1.6800256e-10,0.12774156,6.5779266e-09,1.1066618e-09,0.111740395,8.581853e-09,7.236558e-10,0.1056053,4.0351056e-06,0.9547491,0.94469506,1.2117261e-05,2.3497126e-09,0.04353612,4.1788883e-09,1.377931e-08,0.11236666,3.2807417e-09,2.4182126e-10,5.418071e-10,0.9999981,1.4802644e-09,5.3544302e-09,0.99999857,4.196429e-09,2.0278752e-09,0.99999785,1.8162249e-05,0.10094351,1.0,2.0987127e-10,2.5777274e-09,0.051000386,1.7293538e-09,1.0912141e-09,0.9999988,1.5675012e-05,2.085484e-05,0.9999434,2.473776e-06,4.745453e-06,0.99990094,2.451021e-06,4.47475e-09,0.039192,1.4262115e-09,5.703424e-10,0.99982786,2.2323396e-09,0.95440257,0.9999951,2.9319624e-06,1.2140347e-05,3.005969e-06,2.919526e-10,0.9999969,3.6751187e-09,1.3490536e-09,0.9999968,7.4572054e-10,0.06902443,0.045647997,3.6364525e-10,3.187321e-09,0.9999976,3.3863625e-09,2.6783116e-06,0.9999964,2.388913e-06,1.8112758e-09,1.3890301e-11,0.99999714,1.3937581e-09,2.3707087e-09,0.99999905,3.5372743e-09,0.08840387,0.99999785,8.508987e-11,2.5297506e-09,0.046301965,3.5485657e-06,9.535347e-06,1.0,1.8965752e-06,1.1493154e-06,1.0,1.3950629e-06,8.596799e-06,0.046023875,8.5952806e-10,1.9781696e-09,1.0,8.366767e-06,0.95430726,0.9999989,3.0671918e-06,8.3005375e-10,1.0168843e-06,3.5945952e-06,1.0,8.657864e-06,0.054770123,0.048016395,1.7934206e-09,4.0203176e-06,0.99999666,4.102814e-06,2.9515526e-10,0.9999243,9.094631e-10,1.0763376e-06,2.0387313e-06,0.99999833,2.2587303e-10,0.045793947,0.9999989,1.8511099e-06,1.7272376e-05,0.0036707192,4.289304e-09,5.3930917e-06,0.99999666,3.6099511e-06,1.6102344e-05,0.04554503,1.8890343e-09,1.0050358e-09,1.0,3.8635637e-05,0.9554752,0.99999726,3.1023997e-06,2.5952393e-10,1.52130915e-05,0.043703396,0.042686507,4.6339238e-10,1.5468539e-06,0.9999902,3.9621996e-06,8.1734397e-10,0.99981016,6.2933736e-10,3.5407434e-06,0.016312607,0.9999976,7.600821e-06,3.3024205e-06,0.061221093,5.8456324e-09,1.456862e-09,0.9999976,0.88663274,1.0397327e-05,0.047233637,0.021562118,3.652888e-09,0.054430548,0.08206957,9.4451895e-09,0.08539102,3.277119e-10,0.0058902674,4.5460471e-10,3.7389647e-09,0.04236636,0.0838636,3.630709e-09,1.2683585e-09,0.041089445,2.0255934e-10,6.30731e-11,0.9999981,3.232714e-05,0.95011896,0.99999654,1.3339269e-09,2.9087945e-09,1.2341787e-05,2.419575e-09,0.99999857,3.4297043e-10,0.99594116,4.059196e-09,0.046975836,4.0665447e-05,2.339336e-06,1.6881137e-05
-0.748996941,0.743489249,0.119189116,-0.031597011,0.032251245,0.123735156,0.070229883,-0.087796563,0.046360735,-0.078748735,0.100379072,-0.052299984,-1.065794963,-1.108514068,-0.024758954,0.131536995,-0.206176638,-1.321624229,2.095741351,0.73493413,1.76110103,0.0018138083,0.0010542264,0.9920393,1.553788e-05,2.6391672e-05,0.99746656,0.2781788,0.310204,0.99828374,0.27680662,3.3626988e-05,0.036698464,0.001756958,0.0016826919,0.99752396,2.218208e-05,0.9621934,0.7291151,0.31182098,9.240271e-05,0.0012953966,8.7215594e-05,0.3742294,2.629247e-05,4.141147e-05,0.3312199,4.5718018e-05,5.1715793e-05,0.34006402,0.29059008,0.93777317,0.8153745,0.0021538937,2.4210723e-05,0.8400132,2.3318087e-05,2.8439126e-05,0.3823411,1.15602825e-05,2.1801603e-05,6.437956e-05,0.79435635,3.5620054e-05,5.704701e-05,0.7571747,1.5566236e-05,1.5848655e-05,0.8120198,0.0019417059,0.19084989,0.999987,6.1242885e-05,2.629277e-05,0.059919983,1.9107987e-05,3.2684682e-05,0.7856276,0.0019294122,0.0021212546,0.99141556,0.30369106,0.24019119,0.993053,0.29430687,3.4482786e-05,0.06080196,3.7233902e-05,7.424568e-05,0.9947792,3.671019e-05,0.96153134,0.6736431,0.27162686,0.0020368272,0.23147276,2.7581369e-05,0.7984508,3.428222e-05,5.8240596e-05,0.77686864,1.3337007e-05,0.24407524,0.050684504,4.0119437e-05,2.0437501e-05,0.80194336,1.3454049e-05,0.2459781,0.70782083,0.26254243,5.968593e-05,3.0048486e-05,0.8191588,5.550168e-05,2.0833451e-05,0.7736683,1.4633854e-05,0.18112072,0.77763224,1.6177766e-05,2.2546175e-05,0.057050295,0.27562588,0.0014990353,0.99997926,0.23851568,0.23402706,0.99998426,0.27224046,0.002375207,0.052991968,3.60677e-05,2.468653e-05,0.9999776,0.0013155236,0.9233329,0.75632113,0.29473943,2.3034827e-05,0.2591533,0.22557211,0.9999256,0.0021697972,0.19624427,0.05463559,5.3920307e-05,0.22389495,0.7141632,0.23695154,7.687381e-05,0.9946849,0.00011209709,0.22655323,0.2660379,0.73984724,2.9918216e-05,0.23903996,0.7982726,0.27081814,0.00124588,0.44734594,4.9185863e-05,0.2569661,0.788267,0.22548148,0.0016057511,0.05000827,1.7923527e-05,0.00020043671,0.9999677,0.002065127,0.94266534,0.8207254,0.30208534,2.920537e-05,0.0014207792,0.21881242,0.051275685,3.190337e-05,0.2130668,0.69537205,0.26812983,0.00010352881,0.99345315,1.5110792e-05,0.25638247,0.7156816,0.7874446,0.0021978626,0.22063671,0.03488079,1.5784006e-05,1.9087734e-05,0.7617114,0.6626233,0.0023179033,0.05385567,0.65263766,0.00010664942,0.051497925,0.22585891,1.5637477e-05,0.18370435,1.2955628e-05,0.52851844,3.1954496e-05,1.7602659e-05,0.05514935,0.17097077,3.113925e-05,4.151938e-05,0.06982196,3.3767996e-05,7.541465e-05,0.8111512,0.0015987403,0.93704534,0.8001847,7.6319564e-05,2.6320668e-05,0.001119302,1.0227957e-05,0.75870043,2.075924e-05,0.56244636,4.2988828e-05,0.038495835,0.001361168,0.2365333,0.0015872795
0.499192514,-1.116474676,-0.001042704,-0.010130559,-0.469251738,-0.568393706,0.105652665,0.58251503,0.443039343,-0.116723672,-0.650403995,-0.505559436,1.237092688,1.872054063,0.732239055,-0.62669519,1.525592996,1.797574079,-1.472311541,-0.835415447,-0.423340162,0.003410099,0.0033555191,0.9589691,5.2909472e-05,2.6123216e-05,0.9963301,0.09156757,0.10697417,0.9963247,0.10103214,3.607771e-05,0.101415426,0.002797433,0.0027631326,0.99761593,3.9853538e-05,0.89996076,0.83402294,0.08040391,0.000120065924,0.003599267,0.00011163541,0.19884485,3.7863425e-05,3.1134085e-05,0.29847968,9.3248666e-05,5.4364173e-05,0.2810881,0.08504043,0.9124702,0.80449116,0.0025725693,7.540617e-05,0.4532546,5.9936374e-05,6.999928e-05,0.20477396,4.5204073e-05,5.9874335e-05,0.00010576952,0.85874003,8.642577e-05,8.916166e-05,0.7926981,5.2191215e-05,5.613414e-05,0.8328485,0.002544886,0.13183449,0.9999497,7.1635375e-05,6.585491e-05,0.097352155,3.3665492e-05,3.071004e-05,0.81638825,0.0025779475,0.0026981002,0.95308876,0.099595845,0.088244274,0.95842403,0.093634166,8.091477e-05,0.08257282,4.3069995e-05,0.00011237621,0.95225513,4.8844882e-05,0.83024025,0.9096169,0.09260328,0.0040751933,0.09315605,4.0626877e-05,0.8124215,5.6112196e-05,8.579505e-05,0.8285295,1.3453535e-05,0.11172638,0.08568488,6.9623544e-05,5.685671e-05,0.84286356,3.461705e-05,0.10329128,0.88752806,0.10325282,0.00014910668,5.5379605e-05,0.82632715,8.859712e-05,6.368432e-05,0.82432836,3.785624e-05,0.14150542,0.84092575,6.3441374e-05,7.611155e-05,0.06726877,0.09331135,0.0032456953,0.99995565,0.09472142,0.1023182,0.9999237,0.088303104,0.0023322827,0.08282074,4.824763e-05,3.7424637e-05,0.9998944,0.0029727507,0.9181454,0.8169911,0.08208547,5.7300047e-05,0.084854245,0.11532257,0.9999229,0.00235285,0.21133605,0.09072503,0.00017005975,0.10692427,0.90944105,0.10819385,0.00012758508,0.9652592,0.00014573272,0.093776464,0.0900892,0.90472585,7.7465455e-05,0.19572653,0.84540254,0.10396263,0.002930033,0.21361254,5.2345735e-05,0.10798791,0.83496267,0.107644066,0.0025673516,0.075188555,8.708828e-05,0.000111361216,0.9999442,0.0037591513,0.91705453,0.8044298,0.09560391,7.466687e-05,0.0024067617,0.20730835,0.08514817,4.8531892e-05,0.089261755,0.8974323,0.08955111,0.00015630783,0.9584594,2.750648e-05,0.09702742,0.35932624,0.8550384,0.0027984001,0.07524483,0.092582,5.788214e-05,4.6839017e-05,0.8746641,0.71843195,0.00213436,0.103571385,0.36098415,0.000121699035,0.07959819,0.12025701,2.8887682e-05,0.11432494,2.7223232e-05,0.2257464,7.0942915e-05,5.7541856e-05,0.088698655,0.13152392,5.25296e-05,5.310049e-05,0.08255429,9.0960646e-05,0.00010675983,0.8329042,0.0022473778,0.9164974,0.84110045,0.00012292282,5.6961446e-05,0.0034511543,3.9139835e-05,0.8441776,5.430547e-05,0.6543066,0.00011581317,0.08603362,0.0034526046,0.09859056,0.004117247
-0.249721159,0.979084679,0.720348217,-1.851939301,-1.601571461,-1.497471906,1.551593811,1.155276119,1.356750817,-1.501332752,-1.058747257,-1.186775753,-0.899946332,-0.952808028,1.232875029,1.566329436,-0.210987282,-1.925032503,1.585023374,0.380544301,-0.511347067,3.6017154e-06,2.0567325e-06,0.99906164,4.5244168e-08,5.955543e-08,0.9999962,0.00071194104,0.0009316222,0.999997,0.0010317444,8.4129475e-08,0.0059471717,1.6029119e-06,8.947824e-06,0.9999963,2.7459308e-08,0.9935061,0.99813396,0.0006014864,3.2458885e-07,6.4111946e-06,1.5332844e-07,0.6318877,4.274157e-08,7.730852e-08,0.6789991,5.8069463e-07,8.175692e-08,0.673306,0.00068758964,0.99506444,0.29346925,6.096791e-06,1.2659959e-07,0.7797991,1.1512917e-07,4.6259504e-07,0.7090669,1.3727755e-07,4.7698126e-08,1.5145774e-07,0.9978769,8.468038e-08,2.513597e-07,0.9987264,2.0035041e-07,6.2950726e-08,0.9988011,2.2823208e-06,0.6749304,0.99999976,1.1808316e-07,1.2298311e-07,0.0069434894,2.2449974e-07,7.1326525e-08,0.99893135,1.847077e-06,3.3876547e-06,0.9992847,0.0012380807,0.00085920346,0.99955827,0.00058933016,2.1833053e-07,0.008830711,1.06121256e-07,1.4727773e-07,0.9993451,1.2749278e-07,0.99327093,0.9991326,0.00068880495,3.3067918e-06,0.001079287,7.5559456e-08,0.99785787,1.2051645e-07,1.0801119e-07,0.9974674,7.176727e-09,0.76647377,0.012016185,4.6061178e-08,1.0097115e-07,0.99893326,5.997481e-08,0.0007220013,0.999278,0.00072516047,3.0570274e-07,6.317649e-08,0.99852693,8.957671e-08,1.3637575e-07,0.99876547,4.0249443e-08,0.6920633,0.99877745,6.8756606e-08,6.581595e-08,0.009359051,0.00040051562,3.2263265e-06,0.9999999,0.0008834738,0.0011187312,0.9999999,0.0009788992,4.947943e-06,0.012131633,7.283563e-08,4.322758e-08,0.9999999,5.4929924e-06,0.9889572,0.99827087,0.0010731131,2.115339e-07,0.00048760348,0.0008488646,0.9999999,4.4852213e-06,0.62945104,0.0068477876,2.3032827e-07,0.0009188119,0.99887055,0.00069364073,2.692913e-07,0.9995552,2.1242707e-07,0.0017355524,0.00071067543,0.9991743,2.9069822e-08,0.66189146,0.998451,0.00067422783,1.6397973e-06,0.0077233673,1.0361729e-07,0.0007652453,0.9988167,0.0011997924,2.395136e-06,0.010841369,1.0697948e-07,4.4022576e-07,0.99999964,4.205295e-06,0.98973095,0.9988343,0.0009487854,2.480558e-07,2.3646373e-06,0.7199988,0.0072784442,5.1811593e-08,0.0016818157,0.99914026,0.00071983994,4.8255686e-07,0.99946374,4.1156255e-08,0.0008051985,0.760775,0.99835783,3.5649286e-06,0.00062328106,0.008303063,1.8832006e-07,1.1585787e-07,0.9988526,0.28780615,1.5629176e-06,0.008647709,0.74892765,2.0519235e-07,0.008880013,0.7488573,2.8667486e-08,0.7195668,2.9833643e-08,0.0126438355,5.7462216e-08,3.169192e-07,0.015248063,0.7352315,2.6459372e-07,1.01491324e-07,0.008542521,2.1683547e-07,3.0657745e-07,0.99844164,9.973027e-07,0.9921558,0.9981515,2.2797292e-07,2.461146e-07,3.933304e-06,4.5219583e-08,0.99837273,1.3461452e-07,0.9901917,3.34429e-07,0.0067524593,4.3177915e-06,0.00086654554,6.5081454e-06
0.249554623,0.247498869,1.201275498,-1.370552357,-1.38104084,-1.459556465,1.324362675,1.433604269,1.293312688,-1.393162199,-1.458012949,-1.293421444,1.652198927,1.970747181,1.736169313,1.169892265,0.874062976,1.285007999,-0.487240087,1.043908311,0.326066626,9.0766997e-07,5.731007e-07,0.9985195,6.2012218e-09,4.857619e-09,0.99999917,8.760118e-05,0.00010765895,0.99999917,0.00013641278,1.0570365e-08,0.008916789,3.155831e-07,2.1899962e-06,0.9999994,3.1831109e-09,0.99237275,0.99953103,6.884219e-05,3.0249634e-08,2.537572e-06,1.23400605e-08,0.6444163,3.9773522e-09,6.043007e-09,0.799789,8.0618925e-08,7.2004473e-09,0.7669603,7.3042924e-05,0.9951237,0.19266273,1.2094896e-06,1.5825622e-08,0.7218304,1.2974793e-08,8.19488e-08,0.6672566,2.1225345e-08,4.9125832e-09,1.83446e-08,0.9992254,9.233081e-09,3.9530846e-08,0.99957925,3.2494e-08,1.1391465e-08,0.99955803,4.787477e-07,0.64826864,1.0,8.404283e-09,1.8367638e-08,0.009355121,3.129152e-08,6.801311e-09,0.9996829,3.699998e-07,7.2522886e-07,0.9990256,0.00017154848,0.0001277995,0.99936837,6.61081e-05,3.838732e-08,0.009441136,1.1896147e-08,1.3836856e-08,0.9989869,1.2016832e-08,0.9804577,0.9999057,7.754395e-05,8.027566e-07,0.00016503916,7.637518e-09,0.99917823,1.2075513e-08,1.1060272e-08,0.99913675,5.3496807e-10,0.717626,0.016727855,3.5858239e-09,1.500894e-08,0.9995977,7.720431e-09,0.000109991044,0.9999025,8.244549e-05,4.2209546e-08,5.982375e-09,0.9995333,9.125826e-09,2.4353785e-08,0.9996049,5.334278e-09,0.72345275,0.9996556,1.0768264e-08,8.160141e-09,0.007986091,4.6282712e-05,7.1415474e-07,1.0,9.361333e-05,0.00014850845,1.0,0.00014294984,9.887813e-07,0.011591646,7.2556903e-09,4.505049e-09,1.0,1.4718886e-06,0.9889865,0.99954444,0.00013301466,3.8349558e-08,4.9464892e-05,0.00010416166,1.0,8.0501206e-07,0.78132945,0.0071514784,3.9608434e-08,0.000137725,0.9998516,7.234983e-05,2.6742299e-08,0.9992194,2.393372e-08,0.00021095545,7.302057e-05,0.9999,3.4558607e-09,0.7696157,0.9995796,8.572186e-05,4.3370622e-07,0.0021133833,1.14929914e-08,0.000106639054,0.99959236,0.00018926483,4.2978482e-07,0.013464234,1.3063917e-08,3.2127073e-08,1.0,1.3862276e-06,0.9881442,0.9995523,0.00012930541,3.646367e-08,6.6139796e-07,0.7803258,0.009742069,5.481888e-09,0.00019678909,0.9999186,7.591077e-05,6.734897e-08,0.99925345,6.0419585e-09,0.00012443318,0.6726788,0.99958545,6.8933474e-07,6.8782414e-05,0.009904781,4.0400657e-08,1.329655e-08,0.99971646,0.17752443,2.9616336e-07,0.01170306,0.65986544,2.2475287e-08,0.010733117,0.76561475,3.8476875e-09,0.69666,3.8494643e-09,0.003995594,6.5328645e-09,6.141991e-08,0.015233622,0.7180904,3.855447e-08,9.6720525e-09,0.010051458,2.417288e-08,3.2038955e-08,0.99960715,1.6645676e-07,0.9914442,0.9993304,2.2857762e-08,4.3054783e-08,1.093836e-06,6.906137e-09,0.999495,1.5198639e-08,0.99272114,7.50331e-08,0.009379214,1.2423601e-06,0.00010854752,1.6388501e-06
-1.373091668,-0.248491511,-0.722433626,0.357257001,0.343620085,0.372085112,0.12199815,-0.022537373,-0.064975953,-0.114252985,0.027199227,0.068634735,-0.239505113,-0.232186563,-0.542858695,-0.615174853,-0.009156294,0.061451084,1.653742283,0.402559118,0.545743407,0.0031252408,0.0022240132,0.97509867,2.8593383e-06,5.8384758e-06,0.9957436,0.4017761,0.438557,0.99629503,0.37406427,6.6339876e-06,0.008258633,0.004375306,0.0023746544,0.994755,3.4296766e-06,0.99068224,0.2890987,0.4065927,2.2156813e-05,0.002087716,1.5448166e-05,0.030101327,6.4104124e-06,6.6732264e-06,0.103413686,5.2358205e-06,7.2711227e-06,0.10960194,0.39516684,0.9969664,0.8853368,0.005764257,4.7673484e-06,0.7941284,3.6376434e-06,3.1682264e-06,0.036794104,1.8986383e-06,5.7602783e-06,7.926835e-06,0.37768218,9.086365e-06,7.408559e-06,0.32098445,2.5937088e-06,1.6692237e-06,0.37212408,0.0030227953,0.057920843,0.9999969,8.581571e-06,1.0765527e-05,0.0028774831,2.36926e-06,1.1355277e-05,0.37508976,0.004947075,0.004160116,0.98000985,0.42939824,0.37622717,0.9768379,0.3902216,2.4367412e-06,0.0034439298,5.325068e-06,1.0097179e-05,0.9828535,8.798566e-06,0.9720328,0.54020715,0.4259106,0.0037352394,0.41653994,2.5265224e-06,0.37670565,6.790815e-06,7.56038e-06,0.3414903,2.692764e-06,0.040628716,0.0033774727,6.896122e-06,3.8174085e-06,0.35547623,2.1844603e-06,0.39078584,0.558045,0.41794568,1.0797904e-05,5.366413e-06,0.40331912,1.383811e-05,4.166748e-06,0.33778256,2.5541574e-06,0.032706775,0.37809864,2.0647487e-06,3.4439636e-06,0.0030154914,0.4264045,0.0025228541,0.99999607,0.43451664,0.46199486,0.99999714,0.42786157,0.0039816876,0.004595329,6.2395497e-06,3.3330737e-06,0.99999547,0.00205101,0.9954951,0.36189705,0.44280398,2.3068183e-06,0.4172787,0.36552018,0.99999464,0.004577326,0.11049379,0.0025826993,1.710237e-05,0.3691737,0.6292656,0.42450398,1.0516837e-05,0.98119605,1.6975011e-05,0.4529669,0.4336521,0.5388777,7.4223285e-06,0.15580064,0.37222,0.4583489,0.001922911,0.44544974,1.1868126e-05,0.39332548,0.38993526,0.38832667,0.003319434,0.0037054464,2.3849977e-06,3.2797085e-05,0.99999297,0.0029737656,0.9964844,0.44123742,0.405124,5.437754e-06,0.0024565835,0.13568346,0.002607475,4.65023e-06,0.44378218,0.6365855,0.44915888,1.2727216e-05,0.9805149,1.8796297e-06,0.39006087,0.7745827,0.34536853,0.0052553653,0.42864472,0.009589175,3.811806e-06,2.7433089e-06,0.39587265,0.8602432,0.0027295726,0.0036550052,0.74792683,2.7338823e-05,0.0032247242,0.052023664,5.1706634e-06,0.074128725,1.9513989e-06,0.45132306,5.7434386e-06,3.1672237e-06,0.0031285463,0.037637986,4.8376273e-06,6.804415e-06,0.0038368609,5.462161e-06,1.4666715e-05,0.35770732,0.0034309032,0.9961302,0.36057362,1.4119963e-05,3.3883298e-06,0.0024454053,3.032447e-06,0.33532998,4.217159e-06,0.42260084,6.8877625e-06,0.0028381988,0.0030577513,0.42507774,0.0026147622
1.497744078,-0.124493916,-0.241506345,1.07091949,0.935975863,0.951474242,-1.49992607,-1.266592008,-1.184213511,1.568359415,1.270647501,1.177385188,-0.516949786,-0.61257977,-0.713676913,-0.567699822,-0.264606274,-0.289947731,-0.622036142,-1.754653505,0.000538333,0.0002763117,0.00018831187,0.9994949,1.4679978e-08,3.6799882e-08,0.99980396,0.067393415,0.054699045,0.9996958,0.056181427,3.7755797e-08,0.0024688672,0.00014882884,0.00015529079,0.99975115,2.0015994e-08,0.9970361,0.9604446,0.0590426,1.200877e-07,0.00021097113,3.0124117e-08,0.002600809,7.065466e-08,4.2338392e-08,0.0039869575,9.840498e-08,4.203039e-08,0.0037453726,0.058081705,0.9993156,0.9956729,0.0001922935,5.2119642e-08,0.14149559,3.3545682e-08,4.567519e-08,0.0028082095,1.6789702e-08,3.3255436e-08,2.994938e-08,0.95188195,1.8751217e-07,3.260426e-08,0.9650935,4.033136e-08,2.5388056e-08,0.9578696,0.00017464439,0.0121868,1.0,1.09310205e-08,1.0255594e-07,0.0008163693,1.2041174e-08,3.261054e-08,0.9673739,0.00024762118,0.00033640763,0.9995135,0.050978493,0.067375615,0.9995004,0.058256384,3.869415e-08,0.0009861736,1.26182e-08,1.0926147e-07,0.9993988,3.102681e-08,0.9977099,0.95548046,0.044987928,0.0002225863,0.059910137,1.7874726e-08,0.95333236,9.4771345e-08,6.777784e-08,0.95774055,1.680101e-08,0.0033733035,0.0009501093,6.910818e-08,3.28912e-08,0.95241076,3.42077e-08,0.04853831,0.9459421,0.05056007,6.127937e-08,1.336278e-08,0.95800763,4.0426634e-08,4.439726e-08,0.9546912,6.2502785e-08,0.004264787,0.9557949,6.789361e-09,2.3415133e-08,0.0011106636,0.045435376,0.00012242603,1.0,0.060028616,0.04110663,1.0,0.054343604,0.0002883677,0.0010951333,2.3043102e-08,2.2343857e-08,0.9999999,0.00019777495,0.9988501,0.95838505,0.044819254,9.942144e-09,0.044533562,0.06168856,1.0,0.00020860106,0.00508075,0.001244982,1.0258039e-07,0.056161232,0.94788617,0.05630459,7.043883e-08,0.99944717,7.134911e-08,0.054541044,0.067186065,0.9459568,4.089506e-08,0.0071068145,0.9627189,0.041981265,0.00019082318,0.11131668,5.5301573e-08,0.0627445,0.96631515,0.065612115,0.00022425636,0.0010177899,2.7208177e-08,1.5275981e-07,0.9999999,0.00034599294,0.99904186,0.94712067,0.05810169,2.2875906e-08,0.00022154667,0.0043555964,0.0007731053,1.8096054e-08,0.040980846,0.9356054,0.063967004,6.40033e-08,0.9992656,1.1115469e-08,0.055480424,0.22230333,0.95554703,0.00023367195,0.050723314,0.001693334,4.4662595e-08,8.843097e-09,0.96195805,0.99525684,0.00012964393,0.00088427303,0.26762825,2.8328753e-07,0.00095427205,0.0039393343,4.3566782e-08,0.011087353,1.0909837e-08,0.13714789,1.2773394e-08,3.6405577e-08,0.0011819657,0.0035699033,5.2636643e-08,3.9643197e-08,0.0007372961,1.3738686e-08,3.333253e-08,0.9380194,0.00026213884,0.99888974,0.954215,5.6380248e-08,4.1513083e-08,0.00011960063,3.9214985e-08,0.9608462,4.000178e-08,0.9051049,6.839808e-08,0.000928906,0.0003731681,0.06483007,0.00013483338
0.624011459,0.495494059,1.285437773,-1.28753455,-1.350537497,-1.447159862,0.806131416,1.086208085,1.096528888,-0.875910499,-1.123497593,-1.136810669,0.919546017,1.080912249,1.52633721,1.319449831,0.451475469,0.343614766,-0.278124777,0.237091556,-1.346969145,1.864595e-06,1.8199155e-06,0.9930657,1.7397795e-08,1.3059806e-08,0.9999987,5.912645e-05,5.85525e-05,0.99999857,8.4029765e-05,4.2914014e-08,0.034611937,8.5580297e-07,4.9703035e-06,0.9999982,1.4235109e-08,0.9764291,0.9995592,4.814193e-05,7.0589465e-08,7.234264e-06,2.0568974e-08,0.83005494,1.1860396e-08,1.42759475e-08,0.92515355,2.1368416e-07,2.6392405e-08,0.9240053,3.9932176e-05,0.9848999,0.06741681,2.1532408e-06,4.6020784e-08,0.85647035,2.7270472e-08,2.226656e-07,0.8318279,7.041492e-08,1.32509275e-08,6.1935886e-08,0.99904794,1.7243153e-08,1.2223617e-07,0.9995403,1.071406e-07,4.086504e-08,0.9994555,9.890169e-07,0.7588203,0.9999999,1.6427569e-08,5.6210496e-08,0.03098824,9.882744e-08,1.5542158e-08,0.9995782,9.299004e-07,2.1657993e-06,0.99455726,0.00012544321,8.285359e-05,0.9964418,4.2618685e-05,1.0915732e-07,0.034036044,4.561547e-08,3.0406337e-08,0.9948718,2.7116839e-08,0.9121082,0.9999527,4.6335e-05,1.6484306e-06,9.665881e-05,2.2928937e-08,0.99882334,2.63764e-08,3.280556e-08,0.99856037,2.1293822e-09,0.7891626,0.04076797,7.401322e-09,4.6103107e-08,0.9995152,2.5863521e-08,0.00010001231,0.9999436,5.1162377e-05,8.190926e-08,2.738159e-08,0.9993911,1.7306878e-08,6.231578e-08,0.9994186,1.5836914e-08,0.83064127,0.9996424,6.960226e-08,2.1431717e-08,0.025189366,2.4923933e-05,1.7274184e-06,1.0,4.3340446e-05,8.843833e-05,1.0,7.939663e-05,2.090658e-06,0.025624858,2.004916e-08,1.2717117e-08,0.9999999,2.9064583e-06,0.9773397,0.99949217,7.535829e-05,1.03074434e-07,3.2055457e-05,7.3875824e-05,1.0,1.7673004e-06,0.9137947,0.020987144,1.4478036e-07,0.0001345693,0.9999223,4.9369602e-05,5.2128293e-08,0.9960853,1.1439675e-07,0.00014022744,4.336488e-05,0.9999461,9.727444e-09,0.88929534,0.9995554,5.602024e-05,1.4941496e-06,0.0030680147,2.8934299e-08,6.158884e-05,0.9993019,0.000109880544,9.30809e-07,0.034366395,3.226506e-08,6.0431596e-08,0.9999999,3.0686579e-06,0.97204214,0.9992531,6.929521e-05,9.942717e-08,1.9457088e-06,0.8892926,0.034186512,2.0806077e-08,0.00012525436,0.99996173,4.8871483e-05,1.8735881e-07,0.9957729,3.4018882e-08,0.000105703184,0.79051495,0.99946934,1.3563582e-06,3.379625e-05,0.027102916,1.3827179e-07,3.3628577e-08,0.99968445,0.0666493,6.5044946e-07,0.037113022,0.7521992,4.6434224e-08,0.027463926,0.84060365,1.5347936e-08,0.7749383,1.09226e-08,0.004449613,2.2189603e-08,1.8325514e-07,0.02951509,0.78681767,1.10547504e-07,4.133026e-08,0.031001488,5.3921692e-08,7.756167e-08,0.99956113,4.5653945e-07,0.97702104,0.99906784,4.0218364e-08,1.1250425e-07,2.8081713e-06,1.3519704e-08,0.9992957,2.6674238e-08,0.9823682,2.136638e-07,0.03378668,2.2928732e-06,7.5271106e-05,3.1294978e-06
-2.246824287,0.123501274,-0.445900439,0.43719652,0.481478532,0.643546276,0.308348206,-0.159788399,0.0475032,-0.335020496,0.145845501,-0.079120302,-2.442295312,-2.277252141,-1.048920206,-1.391883048,0.105302566,-2.087125806,0.309685995,1.891056429,0.330330468,0.0038114402,0.0026790076,0.98994166,1.9860815e-06,3.7540196e-06,0.99617946,0.020522188,0.029758897,0.9971927,0.015333703,8.761506e-06,0.029363438,0.0054546967,0.0029842656,0.9945726,2.8893212e-06,0.97345567,0.964801,0.021923179,8.765183e-06,0.0024307244,5.1036436e-06,0.11690148,6.494233e-06,4.9422133e-06,0.17474848,8.8616225e-06,4.074288e-06,0.18856253,0.018728944,0.98634607,0.84085655,0.004845074,3.2038029e-06,0.32648104,5.1912816e-06,5.5757387e-06,0.1387061,2.5879076e-06,1.5189011e-06,3.1592747e-06,0.970675,3.1745267e-06,7.955689e-06,0.9626134,3.4986283e-06,3.083419e-06,0.9707629,0.0035545435,0.12064901,0.999997,5.1380143e-06,6.373618e-06,0.013829023,4.2294837e-06,9.510055e-06,0.9669398,0.004383323,0.0037631304,0.9910386,0.01925227,0.020883203,0.99162924,0.017237235,3.5757323e-06,0.0151122585,5.8807777e-06,5.270996e-06,0.99215513,6.0102657e-06,0.96494406,0.9690138,0.026343327,0.003974502,0.021272853,1.8063523e-06,0.9690748,5.1082798e-06,5.718707e-06,0.96967345,3.3925594e-06,0.08242872,0.012822626,4.0435148e-06,5.427713e-06,0.96738225,2.3114383e-06,0.023006901,0.97519934,0.020824695,7.018829e-06,1.3269234e-06,0.9732938,7.959529e-06,2.173544e-06,0.9739561,2.6644955e-06,0.07962467,0.9641042,8.135867e-07,2.2213292e-06,0.015187751,0.035174415,0.002568006,0.9999964,0.02306411,0.02899515,0.9999982,0.02447618,0.0042449157,0.019331098,6.120186e-06,4.4764784e-06,0.99999654,0.0027314604,0.98194754,0.9671523,0.023316069,2.1946125e-06,0.026063873,0.019213764,0.9999956,0.005158448,0.12450022,0.011643004,6.2063814e-06,0.02082978,0.9761487,0.02584241,3.3372467e-06,0.9921504,7.7437435e-06,0.025199825,0.028406013,0.9786341,2.204808e-06,0.17885093,0.9698898,0.031602476,0.0023124744,0.18433702,6.9702683e-06,0.022958683,0.9669025,0.020291708,0.0034899318,0.012341923,2.3961688e-06,1.33407975e-05,0.9999958,0.0027054017,0.9850889,0.9793855,0.0244116,3.160489e-06,0.0036226853,0.14393419,0.009808076,2.726153e-06,0.026708823,0.9809965,0.028693719,6.0936636e-06,0.99159485,2.5296952e-06,0.02108404,0.23919462,0.96676654,0.0051914905,0.027813138,0.0309826,4.360538e-06,2.3392513e-06,0.9603651,0.82191414,0.0037508016,0.0151201375,0.21511096,9.93014e-06,0.011285148,0.15640375,7.767211e-06,0.15482838,1.501738e-06,0.1510763,3.2866485e-06,3.4029706e-06,0.010350851,0.09794986,5.0132144e-06,6.337349e-06,0.018712042,2.6825064e-06,3.823413e-06,0.9721211,0.0042598993,0.98242307,0.96295875,9.283248e-06,3.4649422e-06,0.003041474,2.0544683e-06,0.96559227,2.0582297e-06,0.86680126,5.0426843e-06,0.012188115,0.003281629,0.025898956,0.00287726
2.059429332,0.619491654,-0.481969985,0.711732093,1.233533489,1.136479887,-1.257192211,-1.474965095,-1.732994022,1.371998573,1.591773075,1.892512535,1.923451849,1.147867451,-0.306346609,1.215487593,-1.501550676,1.577410288,-1.087640227,0.155691857,0.108785411,4.1521875e-05,2.6733107e-05,0.99991846,3.8737977e-10,9.373022e-10,0.9999814,0.0029656347,0.0021947736,0.9999511,0.002610222,1.8866073e-09,0.0013670939,1.5588357e-05,1.5474176e-05,0.9999708,6.48739e-10,0.99816483,0.9990907,0.0024705282,3.1469027e-09,2.806715e-05,4.364592e-10,0.000956181,3.2166236e-09,1.463552e-09,0.0014816653,8.016486e-09,9.897713e-10,0.0012608488,0.0026163354,0.9996855,0.9982468,2.0336363e-05,2.806665e-09,0.013772872,1.4828443e-09,3.2053609e-09,0.0007598954,1.0574635e-09,7.7329976e-10,6.155085e-10,0.99847454,6.9487487e-09,1.5680012e-09,0.9991302,2.273275e-09,1.5598428e-09,0.998464,2.2913822e-05,0.0057553714,1.0,1.7097204e-10,4.7234483e-09,0.00038013994,4.255216e-10,9.0761065e-10,0.9990107,3.483402e-05,4.2018793e-05,0.9999254,0.0018287245,0.0035156822,0.9998983,0.0019144899,2.1919784e-09,0.00046357253,3.526164e-10,3.1653355e-09,0.9998473,1.1920626e-09,0.99866927,0.99799025,0.0013098676,3.0539573e-05,0.0020583067,4.9180465e-10,0.9980751,5.6908105e-09,2.3802416e-09,0.99859816,4.9527915e-10,0.0011775431,0.00047574888,1.6603965e-09,1.6510046e-09,0.99809486,1.7250842e-09,0.0019084358,0.99815315,0.0014107971,2.3141487e-09,1.3161293e-10,0.9984145,1.3291522e-09,2.0297635e-09,0.99864894,4.0067967e-09,0.0018586471,0.9986052,1.2788032e-10,1.0562057e-09,0.0004381907,0.0015799528,1.1601024e-05,1.0,0.0018216157,0.0010594971,1.0,0.0016564076,3.0935553e-05,0.00053484907,6.820599e-10,8.5510005e-10,1.0,2.4748855e-05,0.99945146,0.9987675,0.001461226,3.2273462e-10,0.0016170773,0.0025530972,1.0,2.5017092e-05,0.0023045945,0.00059140386,3.878339e-09,0.002159924,0.9974726,0.001838289,1.5684617e-09,0.9998858,1.6693322e-09,0.0014394657,0.002290575,0.9981767,8.1740165e-10,0.0026634093,0.99900085,0.0014758875,2.3988046e-05,0.014662139,1.6633159e-09,0.0024081087,0.99859244,0.0025550239,2.7004327e-05,0.0005951994,1.3963445e-09,3.9938484e-09,1.0,5.4408676e-05,0.9995989,0.99781406,0.0026691647,4.9334264e-10,3.6120087e-05,0.0013564973,0.00040300126,5.1692006e-10,0.001373802,0.99694073,0.002559943,1.1971117e-09,0.9998274,3.2061662e-10,0.0025833603,0.027505413,0.99834037,2.1898704e-05,0.0018844806,0.0009316964,3.2587515e-09,2.956618e-10,0.9988482,0.99844545,1.2610866e-05,0.00041601813,0.037698943,1.09708935e-08,0.00048965565,0.0015662854,2.4471762e-09,0.004505383,3.115036e-10,0.02315036,2.8973476e-10,2.0874118e-09,0.00049936055,0.0014906036,2.7414706e-09,1.4878079e-09,0.00037554902,3.2777378e-10,3.956611e-10,0.99791473,4.3240787e-05,0.99938416,0.9982874,1.7313835e-09,2.0296087e-09,1.6184093e-05,1.7609548e-09,0.99888223,9.127858e-10,0.9885056,3.3209655e-09,0.0004312825,6.399101e-05,0.0026818844,1.93038e-05
0.748830405,-0.868479486,1.634110051,-1.020654896,-1.716037376,-1.697820065,0.889192468,1.546228005,1.521365742,-0.871533483,-1.526824352,-1.442155702,-0.93510618,-0.063015106,1.746958255,0.143365201,1.817756472,-1.175108605,-0.559102671,1.304740601,-1.653930465,2.1285392e-05,1.8426876e-05,0.9995024,1.8782109e-07,6.78156e-08,0.9999815,6.024455e-05,0.00010214545,0.99998486,0.0001142585,1.836444e-07,0.05351856,1.0949843e-05,3.577314e-05,0.99998367,1.3243996e-07,0.95300776,0.99987316,7.27271e-05,4.656211e-07,5.5913657e-05,1.541939e-07,0.61757135,7.9343764e-08,8.696143e-08,0.4030053,2.5004856e-06,1.8007265e-07,0.46901503,6.6403285e-05,0.96391445,0.7121276,1.8162074e-05,3.6232677e-07,0.30113733,2.159102e-07,1.928688e-06,0.63416916,6.0212756e-07,1.7098027e-07,3.089463e-07,0.9998566,1.8761736e-07,4.9230067e-07,0.9999249,8.4597536e-07,3.4432304e-07,0.99987316,9.776972e-06,0.55623436,0.9999994,1.7156633e-07,4.634194e-07,0.048437484,4.831781e-07,1.6761135e-07,0.99987674,8.4315925e-06,1.3728171e-05,0.9995041,0.00018263824,0.00011571437,0.9997166,4.819576e-05,8.021031e-07,0.054785766,3.3504188e-07,3.6470564e-07,0.9996612,1.8834503e-07,0.9807633,0.99991906,0.00014288537,1.5842277e-05,0.00020476233,1.8033592e-07,0.9997669,2.0850119e-07,3.0434776e-07,0.9997271,2.3187892e-08,0.46626213,0.046533998,1.1122918e-07,5.153592e-07,0.99992883,2.4900766e-07,0.00019423352,0.9998634,0.00010357512,3.6008254e-07,4.0278096e-07,0.9998572,1.7958267e-07,2.936289e-07,0.9998834,2.1725526e-07,0.47294694,0.9999356,4.5711798e-07,1.8390483e-07,0.04540393,8.44234e-05,1.6839218e-05,0.99999976,0.00012710677,0.00019092891,0.9999995,0.00014500694,2.6568921e-05,0.046285786,1.9536562e-07,1.2607067e-07,0.9999989,4.5506145e-05,0.94831365,0.99989474,0.000120618126,7.4421354e-07,6.519693e-05,0.0002186678,0.9999999,1.9435689e-05,0.26044217,0.035936184,8.199162e-07,0.00029256757,0.99988854,0.00010412354,5.3103633e-07,0.99972993,8.796274e-07,0.00035841615,0.00010251381,0.99992025,7.1263024e-08,0.2491467,0.999902,0.00016977444,2.2127146e-05,0.0065102223,1.0810229e-07,0.00011645868,0.99989235,0.00019718822,1.8744202e-05,0.053466324,4.4689182e-07,4.459522e-07,0.99999964,2.85341e-05,0.9523066,0.99985063,0.00011432716,1.0433477e-06,1.9444291e-05,0.27391955,0.049466822,1.1358102e-07,0.00026436057,0.9999198,0.00010140535,1.2837199e-06,0.9996232,1.754526e-07,0.00015140184,0.1778053,0.9998667,1.0803909e-05,8.357761e-05,0.0517747,9.3729824e-07,2.532746e-07,0.99993813,0.6381685,8.679573e-06,0.04333498,0.14296466,5.4019483e-07,0.050032437,0.46885043,1.12812714e-07,0.57008904,5.901762e-08,0.007641985,1.7831316e-07,1.3796478e-06,0.060067017,0.39479214,7.359515e-07,2.3143005e-07,0.038383916,5.4053646e-07,6.784134e-07,0.999902,4.225625e-06,0.95552486,0.99981576,3.6281708e-07,8.6665347e-07,4.0285366e-05,1.2145658e-07,0.9998915,2.725581e-07,0.994582,1.0227666e-06,0.045332238,3.1631807e-05,0.00015052852,3.1792635e-05
1.56015355,0.867486844,-1.8766591,0.764313882,1.56147528,1.450000553,-1.429572749,-1.833839691,-1.810785456,1.462305632,1.834191269,1.756181764,1.791459908,0.963934263,-0.525562196,1.088395189,-1.629592572,1.493450379,0.003757646,-0.861630938,0.560937275,6.4139595e-06,2.754051e-06,0.9999739,8.559542e-12,1.6712421e-11,0.99999857,3.0036592e-06,2.7381752e-06,0.99999607,2.5690715e-06,1.2724213e-10,0.013246236,1.3627113e-06,2.5316067e-06,0.99999726,2.0389189e-11,0.9846148,0.9999995,1.3258862e-06,4.2969232e-11,6.8731624e-06,4.2693657e-12,0.04082716,2.6432478e-10,4.0092544e-11,0.050635453,2.3078796e-10,2.4498032e-11,0.04242327,2.6303812e-06,0.99285936,0.9695711,2.241178e-06,6.949909e-11,0.029043024,9.774991e-11,3.455628e-10,0.03686113,8.8514245e-11,7.431171e-12,1.4057253e-11,0.9999982,6.755317e-11,1.7925511e-10,0.9999987,1.2869514e-10,5.801386e-11,0.99999845,2.7647613e-06,0.06051108,1.0,4.3314896e-12,8.535809e-11,0.0069470215,5.1213266e-11,3.4986816e-11,0.9999989,3.4893546e-06,4.9150035e-06,0.9999795,2.0272284e-06,3.945386e-06,0.9999645,1.7193911e-06,1.0711347e-10,0.007669597,3.7701838e-11,2.2274887e-11,0.9999274,6.2961435e-11,0.9875581,0.99999714,1.7983252e-06,2.735221e-06,2.4994367e-06,5.6886206e-12,0.9999974,1.2624471e-10,4.523349e-11,0.99999774,2.0436729e-11,0.029155608,0.009238397,1.1695847e-11,1.0491777e-10,0.9999982,1.1892073e-10,1.9881586e-06,0.99999774,1.5141876e-06,5.9789354e-11,3.0840117e-13,0.99999726,5.998731e-11,9.2841075e-11,0.99999917,1.3135412e-10,0.040763013,0.999998,1.5864576e-12,7.317305e-11,0.0072986516,1.9443455e-06,1.4782781e-06,1.0,1.393127e-06,7.9008197e-07,1.0,9.845676e-07,2.471519e-06,0.008340363,2.316085e-11,5.5751598e-11,1.0,1.5105529e-06,0.9903486,0.9999989,2.0095656e-06,2.047918e-11,7.0360466e-07,2.3507598e-06,1.0,1.8562702e-06,0.027974647,0.009277795,8.891934e-11,2.4953235e-06,0.99999726,2.2555782e-06,1.0636807e-11,0.999961,2.6552273e-11,9.3768364e-07,1.414619e-06,0.9999989,8.942444e-12,0.031370025,0.99999917,1.2044388e-06,3.0483625e-06,0.0024981152,1.6004215e-10,4.1592007e-06,0.99999714,2.5468432e-06,2.743115e-06,0.00890315,5.6582482e-11,3.8632517e-11,1.0,9.01913e-06,0.99204046,0.999997,2.271973e-06,7.973441e-12,3.6981885e-06,0.01792776,0.00750011,1.4795205e-11,1.1023416e-06,0.9999933,3.1884317e-06,2.7792595e-11,0.9999168,1.3666531e-11,3.0799044e-06,0.016733002,0.9999982,1.7207593e-06,1.928405e-06,0.012861351,1.7217601e-10,3.170317e-11,0.9999982,0.9580074,1.4237424e-06,0.007200152,0.024275685,1.6212522e-10,0.009653339,0.03444941,2.9556932e-10,0.042013146,9.240184e-12,0.00378247,1.0528055e-11,1.4134341e-10,0.007785806,0.03393536,1.02983115e-10,3.8571774e-11,0.0065542376,5.914643e-12,1.926664e-12,0.9999981,6.1964283e-06,0.9902035,0.9999976,4.6385024e-11,8.223537e-11,2.4078147e-06,9.5468605e-11,0.9999988,1.1429578e-11,0.99733573,1.3599787e-10,0.008648322,1.1026938e-05,1.9047791e-06,2.7370863e-06
-0.49935905,-0.744481891,1.117113224,0.912693673,0.668188099,0.762769161,-0.778453586,-0.576913359,-0.472499944,0.788450217,0.564550679,0.44277551,-1.14248448,-1.308493122,-1.114457565,-0.829290448,-0.485168525,-0.877278541,-0.951167559,1.063925198,0.899653174,0.118358344,0.11029374,0.8988104,0.0018120817,0.0024143036,0.8846785,0.7490933,0.7485868,0.89360565,0.7240953,0.0018391362,0.16724911,0.109352276,0.10868259,0.88495237,0.0020918776,0.8081842,0.15011546,0.74626625,0.006507478,0.09101835,0.0058176923,0.08669699,0.0022278745,0.0026897104,0.12277145,0.0025606686,0.0050566527,0.13310573,0.7273759,0.9145351,0.93853176,0.111733235,0.0024752757,0.78903735,0.0017820471,0.0017768617,0.080095336,0.0007623771,0.004042412,0.004424846,0.18863878,0.0058030025,0.001827943,0.19098932,0.0017871845,0.0014156725,0.17006162,0.10079344,0.1301519,0.9983979,0.0022598214,0.0039758882,0.089500226,0.0009902371,0.0031169148,0.16804196,0.114339165,0.11179147,0.9007646,0.7219019,0.7496991,0.90787375,0.74285823,0.002253753,0.08716301,0.0019250199,0.0055564875,0.90258324,0.0018593603,0.83403575,0.26303136,0.8242665,0.11424876,0.7989906,0.0026769596,0.1875581,0.002257176,0.0039106794,0.15198027,0.0020722155,0.032634728,0.07899079,0.0052845534,0.0013490879,0.17983344,0.0019388094,0.80108476,0.24996111,0.8312986,0.0036679269,0.005194466,0.18651173,0.0024969997,0.0018014199,0.15723324,0.0018293913,0.03082263,0.18549684,0.0036441148,0.0014677228,0.10429814,0.81486535,0.10915245,0.9974909,0.8081419,0.8344459,0.99680483,0.79320943,0.09430612,0.08199091,0.0024955098,0.002063139,0.99723744,0.104240745,0.9141253,0.15942298,0.7238596,0.0015509423,0.81940174,0.8354691,0.9973895,0.09914114,0.04724913,0.09089932,0.0047706356,0.82725596,0.28633377,0.8367858,0.006414981,0.9139765,0.0086685335,0.8085106,0.8219139,0.25889587,0.0049140346,0.05648307,0.15734808,0.80894965,0.09978295,0.8297403,0.0026488174,0.7440997,0.20326893,0.80241513,0.10993617,0.06713948,0.0018656506,0.0069845077,0.99786276,0.10658859,0.9152221,0.18776542,0.71079934,0.0030875131,0.09256851,0.071381256,0.07655962,0.0026741822,0.81960875,0.24506092,0.80892926,0.00679606,0.90975606,0.0016795013,0.7384649,0.7173092,0.15414058,0.11894158,0.8190212,0.18194604,0.001551873,0.0011645694,0.14856929,0.89916474,0.12719452,0.085499585,0.69315404,0.008684257,0.08123164,0.031315908,0.0016000683,0.13621975,0.0015300747,0.7491486,0.002319656,0.0014086444,0.083848566,0.025812812,0.0024615526,0.0033578037,0.07661749,0.0026703202,0.007920574,0.16273879,0.112842225,0.92165583,0.16543268,0.0034767932,0.0018797823,0.08905219,0.0017150234,0.162566,0.0029245992,0.15450431,0.0024797514,0.07432454,0.10631484,0.78810555,0.101705946
0.748830405,0.991484438,0.167281844,-0.781043557,-0.610637827,-0.595255208,0.390441868,0.250283223,0.40029727,-0.414884372,-0.255150108,-0.417737659,0.110940426,0.157266001,1.076323162,1.110535946,0.113483985,-0.487455346,-0.073322806,-0.571263502,0.16246979,0.0011272534,0.00094658264,0.85988563,1.9413771e-06,3.7056518e-06,0.9988487,0.5788518,0.60761636,0.9988427,0.6036379,6.0023035e-06,0.017934661,0.0006405309,0.00076243374,0.9985474,3.213773e-06,0.9780212,0.062685914,0.616061,6.8166128e-06,0.001260239,1.8095341e-05,0.0301903,2.2246616e-06,4.9245186e-06,0.22376361,8.6190785e-06,4.6946825e-06,0.22477347,0.655022,0.9852492,0.837156,0.001511625,3.916662e-06,0.9511554,3.8706294e-06,3.5625833e-06,0.032387976,1.9131717e-06,5.2972505e-06,9.660709e-06,0.061412908,4.114663e-06,7.6206934e-06,0.06250198,3.646128e-06,3.4920445e-06,0.079609,0.001073106,0.044469588,0.99999785,2.5226677e-06,3.662019e-06,0.015057798,1.0137442e-06,2.1599249e-06,0.07658851,0.0013269015,0.0010774831,0.8688492,0.62313616,0.5383306,0.8713941,0.58876294,6.691083e-06,0.011196499,2.264376e-06,1.1432501e-05,0.89115125,3.6192134e-06,0.8359094,0.38469085,0.6256446,0.00081892486,0.6343522,6.401066e-06,0.06251625,6.497367e-06,7.899848e-06,0.0678194,1.6717456e-06,0.011596372,0.01470693,5.3959934e-06,2.802334e-06,0.07748481,2.6340663e-06,0.59032106,0.35676807,0.6035083,1.2624007e-05,4.088764e-06,0.074413836,9.189983e-06,4.6507976e-06,0.07381921,2.320627e-06,0.014156452,0.059364308,4.041009e-06,2.9368957e-06,0.011047585,0.63157856,0.0011783185,0.9999962,0.6213751,0.6212934,0.99999726,0.63169646,0.0011002991,0.016371321,3.5874716e-06,2.8626837e-06,0.99999666,0.0009546226,0.9857621,0.071655355,0.624122,1.8047817e-06,0.6458157,0.5304525,0.99998987,0.001655635,0.15230636,0.012173616,9.665317e-06,0.5901187,0.36860597,0.5972177,1.0608524e-05,0.88439,1.4927843e-05,0.5685066,0.61270225,0.32601142,8.440256e-06,0.16823924,0.07175996,0.6339548,0.0011576131,0.54111916,4.5357374e-06,0.60643595,0.062271126,0.5722838,0.0006943386,0.016909815,3.390751e-06,2.0282288e-05,0.99999595,0.0016512068,0.98168796,0.0692108,0.592441,2.7007623e-06,0.0010221233,0.16535078,0.012460644,4.3824416e-06,0.60380435,0.3783796,0.56625473,7.2021235e-06,0.8745412,4.1334984e-06,0.6115751,0.91143066,0.06982267,0.0008803902,0.60902286,0.028615164,4.201908e-06,2.1576973e-06,0.0735152,0.7813036,0.0012105833,0.011705999,0.9111278,1.1496472e-05,0.01553714,0.014741109,1.9544439e-06,0.046308883,2.7524545e-06,0.60211897,3.0707567e-06,4.2282736e-06,0.012662237,0.012898939,4.9376295e-06,6.13242e-06,0.016647318,6.244848e-06,1.4354401e-05,0.06924062,0.0010332258,0.9866245,0.06918014,6.0906364e-06,6.253454e-06,0.0008136182,2.3183704e-06,0.059924778,3.7830694e-06,0.09318505,7.0073725e-06,0.017686201,0.0009015301,0.5756217,0.0010091182
-0.998634832,0.495494059,-1.167291361,0.887424508,0.743884786,0.735120044,-0.583187117,-0.672230036,-0.731989306,0.625501062,0.717519409,0.784508893,-0.935736364,-0.874582549,-0.990341569,-1.194695045,0.035773807,-0.431939127,1.517858277,-0.49326281,-1.141267452,0.0005174009,0.0003056877,0.9986877,8.8896066e-08,1.4010209e-07,0.9997104,0.00025178766,0.000278431,0.99966586,0.00015151694,6.4175293e-07,0.07910779,0.00026371435,0.00035192154,0.99966943,1.6521858e-07,0.92090213,0.99993074,0.00016254782,2.2657836e-07,0.0004925813,8.051335e-08,0.3048551,7.9867124e-07,2.6570152e-07,0.26239833,9.218354e-07,1.8107507e-07,0.28031218,0.0002192373,0.91687214,0.814789,0.00036837833,2.6921168e-07,0.17684942,4.837069e-07,9.314572e-07,0.32981348,3.52143e-07,5.6384344e-08,1.2876455e-07,0.9998671,1.7385345e-07,7.6698404e-07,0.9998474,4.977557e-07,2.7648406e-07,0.999866,0.00038853436,0.21499875,0.99999964,1.17824214e-07,2.6283223e-07,0.08370401,3.7110485e-07,3.1740498e-07,0.99988437,0.00037064232,0.00050055434,0.9987703,0.0001552335,0.00021821042,0.998694,0.00017168332,4.4957895e-07,0.07070092,3.2627625e-07,1.6035953e-07,0.99837637,3.7759403e-07,0.9385865,0.99972457,0.00021378887,0.0003570862,0.0001754437,8.734443e-08,0.99983084,4.2279004e-07,2.784799e-07,0.9998191,1.8626777e-07,0.19345105,0.07676774,9.915862e-08,4.4863066e-07,0.9998536,3.494839e-07,0.00017663158,0.999777,0.00019107151,3.3439613e-07,1.2342721e-08,0.9998116,3.19584e-07,2.4804822e-07,0.9999094,2.729134e-07,0.21169728,0.99984133,2.7382479e-08,2.559734e-07,0.07658735,0.00023427069,0.00026808356,0.99999976,0.00016000375,0.000119569384,0.9999999,0.00011444801,0.00034658503,0.088219196,2.1560629e-07,3.5789114e-07,0.99999964,0.00022706352,0.9097851,0.99989593,0.0002086677,1.575996e-07,0.00010734178,0.00021467087,0.99999976,0.0003001922,0.15015978,0.07735404,3.0502596e-07,0.000216202,0.9997856,0.00025999724,8.66571e-08,0.99877304,2.1740303e-07,0.00014882386,0.00016403914,0.99987125,6.143269e-08,0.16021095,0.9998956,0.00016569432,0.0003294522,0.028972372,6.510527e-07,0.0003117539,0.99982387,0.00022387439,0.00034863284,0.06263385,1.9724595e-07,2.7859915e-07,0.99999964,0.00059323927,0.9213287,0.9998634,0.00021165375,9.001946e-08,0.0003630075,0.14753176,0.07521969,1.2074734e-07,0.00014188638,0.9996722,0.00024659935,2.1461933e-07,0.9982376,1.8811328e-07,0.00021608947,0.08512699,0.9998518,0.0003032598,0.00018947879,0.07968718,3.569636e-07,2.5777294e-07,0.99979895,0.7169707,0.00029257816,0.084012024,0.08438714,3.7595157e-07,0.080181874,0.24910687,7.707735e-07,0.22218446,8.2214164e-08,0.03643069,1.2843121e-07,3.660266e-07,0.06491156,0.21697974,4.8231396e-07,2.4767948e-07,0.0834378,6.661133e-08,3.4726188e-08,0.99985886,0.00056258606,0.92041594,0.999818,3.6996875e-07,2.916246e-07,0.0002911568,2.2898766e-07,0.9998729,9.922597e-08,0.9792732,4.2731875e-07,0.07142047,0.0005455111,0.0001960568,0.0003461356
0.998468296,-1.364469866,0.359652757,-0.18643812,-0.951055184,-1.004111235,0.194040267,1.093910627,0.958774674,-0.206064336,-1.165941227,-1.021653412,1.136289344,1.961498526,1.324227944,-0.363244658,1.933012677,1.53302299,-0.061894705,0.428162064,1.283747627,0.00038986377,0.00034981273,0.9957787,1.7007378e-06,5.7120843e-07,0.999665,0.0059495918,0.0062767128,0.9997049,0.006789874,1.2750827e-06,0.059869748,0.00018823754,0.0002770313,0.9997776,1.333978e-06,0.9398151,0.9927481,0.0063104555,3.1036961e-06,0.000418418,2.1863318e-06,0.11773892,1.0916278e-06,6.5789584e-07,0.1047523,8.692313e-06,1.3984129e-06,0.09934546,0.006153421,0.94258684,0.9554601,0.00021711839,3.0253093e-06,0.06845334,2.1191483e-06,5.1642965e-06,0.11746776,2.7409133e-06,1.387893e-06,2.2324616e-06,0.9933502,2.533889e-06,2.730751e-06,0.99072766,2.8184043e-06,2.9355826e-06,0.99186605,0.00018884787,0.08251291,0.9999975,1.7651478e-06,2.4204173e-06,0.05665733,1.5136029e-06,8.9737256e-07,0.99212706,0.00019584343,0.00017585872,0.99520445,0.008602024,0.0064657223,0.99619365,0.0056761187,4.854528e-06,0.056503024,1.0092192e-06,4.2221527e-06,0.9960145,1.2550366e-06,0.9355792,0.9946337,0.008502326,0.0003569145,0.009046254,1.3494682e-06,0.9909485,2.1076019e-06,2.99115e-06,0.9918727,2.545075e-07,0.05176096,0.060795847,2.629037e-06,3.081438e-06,0.993009,1.0413754e-06,0.008575637,0.99139273,0.007417201,4.411093e-06,2.2616136e-06,0.9917945,2.4683181e-06,2.1173505e-06,0.9919195,2.103961e-06,0.06553338,0.9929234,1.9904978e-06,1.9198815e-06,0.049742773,0.006623959,0.00024561243,0.99999833,0.006453625,0.0077258227,0.9999974,0.008111121,0.0002297125,0.05321427,1.6507823e-06,1.328932e-06,0.9999945,0.0004471626,0.93122405,0.9914784,0.005921636,2.4201727e-06,0.0065671788,0.0096708555,0.9999981,0.00023666052,0.05595069,0.0571896,5.2194937e-06,0.0086455755,0.99417263,0.0076190433,4.3422624e-06,0.99645245,4.3885393e-06,0.007439931,0.0069603636,0.9945576,1.7608972e-06,0.05705767,0.9929616,0.009077053,0.00028561076,0.045526884,1.1452594e-06,0.008819913,0.99251646,0.007434137,0.00025462377,0.058903344,5.3590793e-06,3.478915e-06,0.999998,0.00046021992,0.93303,0.9903262,0.0069861845,2.7997028e-06,0.0002680856,0.044788726,0.05507736,8.9274613e-07,0.006954822,0.9942247,0.006874584,6.3368407e-06,0.99514467,1.0592081e-06,0.008177326,0.039301626,0.99321693,0.00025587808,0.0063237245,0.060925864,3.7801883e-06,1.4039343e-06,0.99512744,0.9046281,0.00016730318,0.060502913,0.037802618,5.833979e-06,0.051591147,0.06050677,7.686037e-07,0.056970686,8.0128655e-07,0.04624275,1.9269894e-06,4.5697425e-06,0.060241695,0.06406016,2.829068e-06,1.295177e-06,0.05129382,3.1043119e-06,3.875379e-06,0.9922599,0.00014521768,0.93708336,0.9916535,3.4300397e-06,4.1815606e-06,0.00045548586,1.2610137e-06,0.9928665,2.028557e-06,0.9505536,4.531155e-06,0.058295302,0.00040541048,0.0073913555,0.00031178538
-0.624177996,0.619491654,-0.481969985,0.114122574,0.498302516,0.586741457,-0.15266318,-0.669334935,-0.415764687,0.15993856,0.695062341,0.407756511,-1.665693681,-1.850310588,-0.684879577,-0.269962179,-0.581190394,-1.80114098,-1.04794874,0.790977542,0.004468293,0.030969877,0.021927219,0.97940123,9.602282e-06,2.5078625e-05,0.9742571,0.046979852,0.044124536,0.9751524,0.033447545,2.7638687e-05,0.2857699,0.025093555,0.02852719,0.970523,1.5791851e-05,0.69516045,0.94502544,0.04182643,2.5593226e-05,0.021613134,2.3527611e-05,0.32880816,3.375647e-05,2.2766168e-05,0.3107365,2.6927102e-05,2.8565248e-05,0.34043977,0.033734556,0.77938277,0.9528425,0.028070202,1.24771595e-05,0.44154695,1.2626776e-05,2.090849e-05,0.33760032,8.496562e-06,7.99829e-06,1.3361807e-05,0.9578511,1.863834e-05,2.8362316e-05,0.935147,1.7335346e-05,1.2590258e-05,0.945844,0.022528917,0.15047087,0.99998736,2.1536396e-05,1.8848204e-05,0.21764469,1.5661773e-05,3.668226e-05,0.94756424,0.026155643,0.029541504,0.97731656,0.03866357,0.03850291,0.9766847,0.036487915,1.7482007e-05,0.22772843,1.676017e-05,3.3987522e-05,0.9771409,1.5350959e-05,0.781659,0.95837986,0.06454022,0.027222665,0.06620815,1.01338655e-05,0.94101006,1.5153248e-05,3.7091573e-05,0.945479,1.4280396e-05,0.04065554,0.2275461,3.1699663e-05,1.5386737e-05,0.94228053,1.4985653e-05,0.07538505,0.9591815,0.071391314,3.2390188e-05,9.323803e-06,0.9484956,2.1887327e-05,1.06183215e-05,0.9445652,9.173101e-06,0.038622163,0.9503321,6.6224698e-06,8.204472e-06,0.21747945,0.06952499,0.020861583,0.9999875,0.07596539,0.07301752,0.9999882,0.059928738,0.026889024,0.22225845,1.7862165e-05,2.68841e-05,0.99998176,0.02442275,0.77286124,0.9422691,0.037264146,1.2365845e-05,0.06834863,0.07314303,0.99998355,0.026957259,0.03729712,0.21922927,2.765332e-05,0.06367574,0.95832163,0.07017868,2.3324183e-05,0.9788552,4.5291494e-05,0.07733851,0.05978026,0.96514076,2.0629264e-05,0.039882977,0.9423779,0.07408414,0.019706827,0.5023674,2.9208906e-05,0.042355206,0.948755,0.07577545,0.024340242,0.18170953,7.297562e-06,5.554669e-05,0.99998534,0.029120678,0.7957195,0.9526791,0.03494323,2.116974e-05,0.023498464,0.037192255,0.18911417,1.720471e-05,0.06581076,0.9717092,0.08413049,3.03695e-05,0.97956127,1.1739697e-05,0.040063467,0.14958926,0.95081776,0.025785126,0.07085193,0.30769455,1.4382504e-05,9.92427e-06,0.94015265,0.68872076,0.02222077,0.22442646,0.1318985,4.9729093e-05,0.20361486,0.05251025,2.5076233e-05,0.15927345,1.0846164e-05,0.40598735,1.3060851e-05,1.365065e-05,0.19105187,0.034614746,2.6342916e-05,2.5846322e-05,0.21526219,1.6636342e-05,2.7646674e-05,0.9449338,0.030018367,0.8002046,0.9419489,2.9455681e-05,1.3876698e-05,0.023732122,1.4702636e-05,0.9436989,1.3542743e-05,0.56942904,1.778191e-05,0.1854542,0.028798921,0.08381965,0.025117388
0.499192514,-0.868479486,0.119189116,0.130575565,-0.278843408,-0.436647204,-0.03724874,0.522306941,0.223836386,0.046192509,-0.548563484,-0.214804235,1.680504395,1.868597372,0.38464237,-0.07827001,0.590389221,2.012093659,1.304689497,-0.992307121,-1.980738697,0.0070827333,0.0071939724,0.94481,0.00027682298,0.00016957641,0.9923091,0.23298495,0.23390515,0.99061537,0.23041095,0.0001938413,0.13152231,0.0074648745,0.0058448547,0.9939644,0.00020357853,0.8886403,0.7075157,0.20172496,0.00063143723,0.007429129,0.0005895726,0.24842359,0.00021132849,0.00019927754,0.31999865,0.00042647874,0.0003348805,0.30184114,0.20676324,0.88952637,0.76523453,0.0067877327,0.00036243765,0.6043225,0.00027483935,0.0003144254,0.2589183,0.0001951915,0.00028978597,0.0005778094,0.72346026,0.00049460394,0.00042959733,0.70015335,0.00026365378,0.0002477161,0.70207006,0.0062117395,0.16595124,0.99974734,0.0003908786,0.00034357715,0.12808105,0.00014980111,0.00016334036,0.68665373,0.007617814,0.007892944,0.93601084,0.20476905,0.19810526,0.94623524,0.2134475,0.00039752238,0.10912053,0.000255275,0.0005664018,0.9430882,0.000278738,0.8226449,0.79173416,0.20050286,0.009519248,0.19353546,0.00024132918,0.6852087,0.00028526952,0.0004390106,0.6759197,9.8622775e-05,0.16619428,0.10067128,0.00035516746,0.00024030857,0.7214773,0.00018238834,0.21127602,0.7573648,0.23048884,0.0007199051,0.00028247136,0.6968211,0.00044480353,0.00033604528,0.68692786,0.00019978761,0.18559147,0.7186365,0.00032448288,0.00037710764,0.10158179,0.2157151,0.0075275265,0.9997583,0.20494428,0.2258451,0.99962413,0.18897273,0.00564547,0.102065,0.00025503,0.00020858315,0.9995395,0.005858289,0.9009113,0.69614875,0.176588,0.00027319763,0.20745814,0.2281956,0.99954385,0.005904026,0.250978,0.10914171,0.00076753227,0.23240025,0.78026277,0.23195629,0.0005509082,0.95585704,0.0007522857,0.2085125,0.20655885,0.7645422,0.00033720265,0.22014335,0.71522194,0.20654398,0.006857747,0.33783883,0.00033476175,0.2125719,0.7185166,0.23776376,0.0059602326,0.10156721,0.00034729033,0.0005686011,0.99969983,0.007391614,0.9047837,0.6725135,0.22082497,0.0003207854,0.005973718,0.25366917,0.11512978,0.00026483004,0.2043725,0.75532967,0.19641191,0.0006983335,0.9526405,0.00015164385,0.22098309,0.5318354,0.7216208,0.0067835837,0.17289601,0.10780475,0.0002636377,0.00021534902,0.76357216,0.6822162,0.0062051546,0.13251619,0.51974726,0.00057742157,0.09889828,0.16949937,0.00017587314,0.16701789,0.00016228098,0.3526158,0.00036176312,0.00024341916,0.116525576,0.17159219,0.0002794594,0.0003129337,0.1056291,0.00041547875,0.00048674812,0.713976,0.006833871,0.90218884,0.73180544,0.00054287864,0.0002613876,0.006591152,0.00020399122,0.7087702,0.00027309763,0.541476,0.00056341616,0.0961682,0.006798153,0.20838326,0.009353801
0.673939037,1.115482033,-0.722433626,0.478561685,1.007336051,1.121281294,-0.739627977,-1.404814745,-1.318715255,0.827691061,1.527994724,1.455081077,-1.388507485,-1.757261153,-0.708914069,0.084982552,-0.956595681,-1.673774158,-0.930768476,0.296822896,1.165398363,0.0028357059,0.0017555968,0.99935144,7.2500037e-09,3.6345355e-08,0.99848574,0.4941548,0.54748356,0.99793905,0.45388213,2.793981e-08,0.0020125771,0.0013815311,0.0016760916,0.9980451,1.52439e-08,0.99819463,0.37929305,0.46649623,1.07586196e-07,0.0015669828,3.7972672e-08,0.00010655631,3.7187533e-08,5.0026504e-08,0.0003662392,5.970978e-08,2.4698451e-08,0.00032873935,0.4257001,0.9998865,0.9996873,0.0019555907,2.6220702e-08,0.3774251,1.21841115e-08,2.287525e-08,0.00013054466,4.3431356e-09,3.45753e-08,2.1544674e-08,0.45578668,2.0132474e-07,9.900135e-09,0.33882073,2.164055e-08,1.441533e-08,0.39775255,0.0014840453,0.0027481997,1.0,4.369742e-09,1.0973786e-07,0.00011905707,4.229487e-09,4.146805e-08,0.4718052,0.0016084006,0.0023262382,0.99942315,0.466253,0.5546143,0.99937904,0.4798468,1.558764e-08,0.0001549373,5.475159e-09,1.2195694e-07,0.9991326,1.26833015e-08,0.9986041,0.5149799,0.55563545,0.0019205294,0.6171156,1.4103871e-08,0.38733926,5.450082e-08,4.2356483e-08,0.44979584,1.1453251e-08,8.381122e-05,0.00021657544,1.6558216e-07,1.5937884e-08,0.40243563,2.3569001e-08,0.5617534,0.5358064,0.5684165,3.917409e-08,2.1770754e-08,0.41997308,2.8677059e-08,1.8962803e-08,0.40611786,3.2663515e-08,8.443363e-05,0.42738202,1.0224925e-08,8.048138e-09,0.0001900859,0.6091509,0.00096036436,1.0,0.5622844,0.61181253,1.0,0.60454917,0.0026857185,0.00019557471,2.1893138e-08,1.9095754e-08,1.0,0.0027082416,0.99972004,0.37116715,0.4598858,4.6095434e-09,0.58979017,0.64211655,1.0,0.0022933064,0.00029810081,0.00018882373,1.384597e-07,0.55239326,0.54847443,0.6330069,1.2311689e-07,0.99916947,8.824634e-08,0.6266196,0.62290573,0.5595577,1.09288564e-07,0.00032178394,0.42800725,0.6125829,0.0012482039,0.58778214,3.146184e-08,0.5175333,0.47945806,0.6279289,0.0017054098,0.00015554925,1.0351058e-08,2.6910286e-07,1.0,0.0028118344,0.99981207,0.44059366,0.4464141,2.4856202e-08,0.0017339563,0.00029354042,0.00017851948,1.6543027e-08,0.5921937,0.5420103,0.6505842,6.800808e-08,0.9991442,5.707986e-09,0.46272197,0.49763137,0.47602168,0.002055296,0.6095495,0.0012056006,2.7094039e-08,3.779317e-09,0.4123579,0.99977,0.0009629806,0.00018571137,0.56061757,4.9874643e-07,0.0001963273,9.1022775e-05,2.8072124e-08,0.0029303115,6.3442367e-09,0.5237975,6.4558554e-09,1.6277264e-08,0.00023305252,5.657384e-05,4.109021e-08,3.2352503e-08,0.00017923531,1.3765756e-08,9.545399e-08,0.34572494,0.0019608475,0.99981767,0.40460652,5.9208958e-08,2.9997576e-08,0.0013966577,4.119254e-08,0.4389888,5.2024795e-08,0.44597775,3.765798e-08,0.00017812093,0.003931904,0.6672039,0.00141108
-0.798924519,1.103082274,1.201275498,0.253118292,0.447643326,0.395077407,0.059539809,-0.237977253,-0.422219903,-0.068036199,0.270577211,0.494492934,0.646188953,0.370602926,-0.92884496,-0.493702974,-0.537468213,1.03143852,-0.880960671,-0.327649337,-1.002356562,0.09481539,0.1020884,0.548786,0.0003772092,0.0009229964,0.88400275,0.67611027,0.654082,0.8897053,0.6745847,0.0006091113,0.37881738,0.08898471,0.104183726,0.8971166,0.0006279953,0.60473907,0.054758407,0.64012647,0.0011346445,0.095769376,0.0025213426,0.07632357,0.00045467963,0.00094616786,0.35413745,0.0008220318,0.0011143968,0.35480386,0.6698638,0.85340816,0.9406835,0.10955429,0.0005197649,0.9364135,0.0004723787,0.0005120651,0.06569047,0.0002003135,0.0009658005,0.0014481298,0.045618307,0.0010458963,0.00070827786,0.057139706,0.000631436,0.00045643075,0.04086199,0.1159552,0.08454619,0.9996495,0.0006096689,0.0008983082,0.15827128,0.0002619065,0.00065279973,0.049937084,0.10067626,0.10918288,0.58126175,0.65522,0.7015107,0.57228637,0.664568,0.0012826528,0.14663474,0.0004867254,0.0016910358,0.53215975,0.00073257176,0.28778714,0.3262397,0.8197966,0.110443234,0.8055781,0.0009338684,0.038368773,0.00054691004,0.0013422058,0.041566133,0.00058482215,0.006353237,0.1806887,0.0011977713,0.0003212022,0.037312016,0.0006353259,0.8138867,0.3457949,0.8297945,0.0015235659,0.0008607456,0.045311112,0.0008335484,0.00063568697,0.04886396,0.0002692547,0.0073791067,0.048246168,0.0010858885,0.0003425961,0.14659975,0.8245051,0.12486249,0.9993042,0.79617393,0.82038844,0.9992138,0.78883713,0.09831457,0.14035296,0.00070787704,0.00071419746,0.99936575,0.10832952,0.85023904,0.04373505,0.63593316,0.00037823996,0.82039,0.83666563,0.99865913,0.106648766,0.0735036,0.1477265,0.0017140001,0.8263754,0.338639,0.81826943,0.0016726817,0.6214323,0.0024325298,0.7789765,0.7985427,0.35671255,0.0016384748,0.0459033,0.042814672,0.8020822,0.10366588,0.90306616,0.000657513,0.61498564,0.050668653,0.83456165,0.09059279,0.15115851,0.0004332115,0.0024482044,0.9994758,0.10893514,0.8393233,0.049835198,0.66560155,0.000594357,0.099047214,0.06431747,0.1466818,0.0010978057,0.8283517,0.3461008,0.8255425,0.0014275672,0.5858874,0.00065869646,0.6449982,0.7800647,0.046923432,0.07873513,0.8358729,0.4255971,0.00043079272,0.00033037912,0.03948336,0.6615976,0.13068707,0.15211698,0.7708103,0.0023745708,0.15266407,0.006812824,0.0003844154,0.08116664,0.0006466327,0.8161868,0.0005020203,0.00047130912,0.16039038,0.005328206,0.0006612483,0.00093019113,0.15740398,0.000921824,0.0025477477,0.053398293,0.09567108,0.8652715,0.044433456,0.0009260102,0.00048048177,0.08365324,0.0005347005,0.04324086,0.0007781127,0.020779928,0.0007349517,0.1312467,0.08375471,0.79424,0.1183333
-0.374540105,-0.980077322,-0.962897266,-0.617965685,-0.693007871,-0.710477834,0.585147913,0.792119039,0.904415113,-0.658595279,-0.887948555,-1.041822361,0.622145174,0.751590585,0.909395085,0.709211452,0.34999565,0.334501075,0.219998521,0.903667679,0.281351987,0.015355165,0.011087767,0.970145,1.4489225e-05,4.0322724e-05,0.98435277,0.9225773,0.931458,0.98838913,0.94121397,2.189503e-05,0.01083984,0.017032746,0.018951438,0.9852328,1.4647119e-05,0.9909881,0.026568018,0.92294616,0.0002239976,0.013655917,0.00015380447,0.0032779751,2.3658897e-05,3.208026e-05,0.013837089,1.5624091e-05,5.182727e-05,0.010717737,0.92257196,0.99870086,0.96731925,0.0107748145,4.6459154e-05,0.9480067,2.42439e-05,1.4520183e-05,0.0035483304,3.5178527e-06,8.6483065e-05,8.925192e-05,0.023403307,0.00025257992,1.150799e-05,0.021262873,1.0662116e-05,1.408724e-05,0.021320255,0.0174118,0.010010168,0.9999722,3.5009798e-05,0.000110216344,0.0012072048,1.0797894e-05,4.7805122e-05,0.018410753,0.011407068,0.008117276,0.97091955,0.9357237,0.9435154,0.96890223,0.93635565,1.4139771e-05,0.0016109754,1.6416376e-05,0.00011422288,0.94634914,2.1130772e-05,0.9607448,0.06620968,0.931797,0.0101928925,0.9399723,2.3855777e-05,0.019572249,5.0469414e-05,4.5781322e-05,0.02212527,1.2760393e-05,0.0028604944,0.0027759545,0.00014598627,1.1984821e-05,0.01987395,2.9571527e-05,0.95721585,0.086631164,0.93970495,8.178047e-05,9.387194e-05,0.021638695,3.2755826e-05,2.771642e-05,0.025414443,2.2259657e-05,0.0035120354,0.02500496,4.7898855e-05,2.1751968e-05,0.0013135318,0.93375486,0.012933853,0.9999727,0.94250655,0.9318652,0.99995863,0.93770933,0.015151355,0.002155647,2.638133e-05,1.6739483e-05,0.99994135,0.012088609,0.9984281,0.017103361,0.94715995,1.0418221e-05,0.9207842,0.94326335,0.9999813,0.011789581,0.016506907,0.0015773306,0.00027600102,0.9514215,0.06449513,0.9490509,0.00026195747,0.96685165,0.00020009567,0.94439125,0.92391706,0.0757397,0.00021286319,0.013761567,0.02463872,0.9319749,0.013920636,0.91382396,4.0604486e-05,0.94853365,0.017250214,0.9377096,0.016630257,0.0017587987,1.4723023e-05,0.00027763098,0.9999484,0.013739923,0.9983121,0.017201915,0.93648255,6.97874e-05,0.01366592,0.015018,0.0018306194,6.317062e-05,0.9394673,0.055400617,0.949034,0.00016731831,0.9535542,7.948227e-06,0.94496846,0.95728695,0.023307154,0.014000301,0.9441834,0.0077767638,1.8767276e-05,7.45629e-06,0.01907341,0.9919258,0.0096759815,0.0020032905,0.9657427,0.00052093295,0.0016872558,0.002748474,2.0306947e-05,0.00986651,1.2346732e-05,0.8742481,2.4484636e-05,1.3500794e-05,0.0017736338,0.0030235257,1.5262252e-05,5.3179545e-05,0.001601739,4.2403495e-05,0.0004880697,0.019229155,0.013317088,0.9976708,0.023567459,9.850999e-05,1.5630649e-05,0.01656745,3.248023e-05,0.025295688,3.1934815e-05,0.044207137,6.215473e-05,0.0027942064,0.016979164,0.9508773,0.0180216
0.249554623,1.127881793,1.92266642,-0.248784899,-0.122804201,-0.148161384,0.105891125,-0.166764234,-0.161507286,-0.115820865,0.189926496,0.189791873,0.337824835,0.408818549,0.599718051,0.503431933,0.191596456,0.115847306,0.444816213,-1.158409135,0.123769161,0.036028042,0.03899492,0.051211923,9.878502e-06,3.453824e-05,0.94787633,0.7237438,0.6992504,0.9414097,0.68616897,2.420458e-05,0.060143422,0.022567697,0.047069386,0.9511066,2.4584542e-05,0.92841023,0.0010060723,0.7165435,5.395086e-05,0.042539623,0.00010076203,0.0034845332,9.567739e-06,4.7044356e-05,0.31367093,4.211937e-05,2.703311e-05,0.3379055,0.68513006,0.99687296,0.73585933,0.05765103,2.5482484e-05,0.98711246,2.8384207e-05,1.9259061e-05,0.0027092926,8.382061e-06,5.7679255e-05,7.3826035e-05,0.0008925292,2.0664333e-05,3.262234e-05,0.001348849,3.8962793e-05,2.25856e-05,0.0007784672,0.056875363,0.06917039,0.9999857,8.416096e-06,6.3618274e-05,0.0044100005,9.171981e-06,1.5041178e-05,0.0015952673,0.035959743,0.047047615,0.047507808,0.6979188,0.80233604,0.04335754,0.68459487,4.8608967e-05,0.00289785,1.6816335e-05,4.9922528e-05,0.038578343,2.4835717e-05,0.13171233,0.23854882,0.8618429,0.024452267,0.88103145,3.9258597e-05,0.00092552864,2.8762443e-05,4.0685652e-05,0.0014085666,1.9414627e-05,0.00062016665,0.004841314,1.6522155e-05,1.8190087e-05,0.0008007895,2.4402163e-05,0.90385795,0.28114453,0.8907759,6.4173975e-05,1.6379987e-05,0.0012665446,3.3669377e-05,3.551e-05,0.0019053564,8.609007e-06,0.0008108253,0.0010276972,5.5670775e-05,8.398232e-06,0.003011039,0.9160401,0.036117136,0.9999683,0.891431,0.90119034,0.9999641,0.8534439,0.047313645,0.004264655,2.8929173e-05,1.8096067e-05,0.9999857,0.031945728,0.99373454,0.0007950304,0.74413055,9.465547e-06,0.9077098,0.8946493,0.9999554,0.04698791,0.23159239,0.0033142082,0.0001143482,0.8804064,0.27195483,0.88036305,4.083289e-05,0.05838431,6.427772e-05,0.8605139,0.8777553,0.28439903,8.6930464e-05,0.18377355,0.000843731,0.8815346,0.04349518,0.86211973,1.824443e-05,0.66886276,0.00091999234,0.8826715,0.03821345,0.0037133074,2.1563317e-05,9.143478e-05,0.9999783,0.043538563,0.9940639,0.0012134493,0.70111805,1.1643973e-05,0.04271734,0.28255057,0.002538521,4.7386282e-05,0.89597195,0.30384487,0.9102736,5.1943745e-05,0.053616334,3.970336e-05,0.7456965,0.9796708,0.0013259944,0.02983372,0.92396307,0.074821785,2.2872233e-05,1.1822534e-05,0.00079895,0.74792993,0.05069288,0.003346534,0.9752505,7.895992e-05,0.0030740062,0.00096736284,1.4732166e-05,0.047472835,2.8014203e-05,0.69155705,6.8705604e-06,2.581888e-05,0.0030837113,0.0008739529,2.2937325e-05,5.1569674e-05,0.0050045038,2.875786e-05,0.000101081736,0.0012308606,0.0545735,0.99721223,0.00089014356,3.6933518e-05,1.97087e-05,0.031994317,2.5739226e-05,0.001299146,2.5733338e-05,0.0025665262,2.9846233e-05,0.0030755424,0.038608365,0.9192173,0.042812962
0.124735677,-0.087294638,-0.013065886,-0.516127192,-0.491254925,-0.409693831,0.334100994,0.367287399,0.57821095,-0.362207171,-0.398157761,-0.643115706,-0.382063067,-0.373310766,0.485802955,0.554733721,-0.021027812,-0.755966465,0.698330574,0.936655258,1.379392058,0.001966158,0.0016979874,0.96605307,1.7711944e-05,1.4592772e-05,0.9971789,0.24215965,0.2960931,0.9980965,0.25422612,1.8540215e-05,0.03584251,0.001883704,0.002052114,0.9981359,1.5038195e-05,0.9523039,0.5707145,0.24729253,7.9426165e-05,0.00148597,8.156178e-05,0.10985574,1.695123e-05,1.3509153e-05,0.22423843,3.790508e-05,2.707098e-05,0.19857557,0.2803935,0.96196115,0.8181451,0.0020237283,3.6230722e-05,0.6796714,2.8648727e-05,2.7048582e-05,0.10447989,1.1064312e-05,3.0877134e-05,6.9333015e-05,0.6106643,4.2903313e-05,3.6642057e-05,0.5594647,1.6708367e-05,1.5865016e-05,0.60248214,0.0018771457,0.06832887,0.9999838,5.1582905e-05,3.7525846e-05,0.031393822,1.3846296e-05,2.2288656e-05,0.59470844,0.0017484415,0.0014074979,0.966409,0.28140178,0.24144115,0.967213,0.2874853,2.862311e-05,0.027245529,1.8954137e-05,5.353644e-05,0.9647137,2.9350389e-05,0.8893302,0.7254365,0.23923531,0.002147789,0.23726068,2.1680975e-05,0.5700453,2.796277e-05,3.9382714e-05,0.5809958,6.3415323e-06,0.074171506,0.034355137,3.3136777e-05,1.8641467e-05,0.5928923,1.20505365e-05,0.25236547,0.7532264,0.24691693,7.307239e-05,3.329316e-05,0.6021405,3.8604994e-05,2.3979563e-05,0.5859103,1.139522e-05,0.06217448,0.62061995,2.809101e-05,2.6355656e-05,0.027723046,0.26817507,0.0020199402,0.9999788,0.25009012,0.24319354,0.9999671,0.2349955,0.0014603428,0.031483006,2.4277633e-05,1.3246274e-05,0.9999639,0.0015438242,0.96218526,0.5711445,0.27789694,2.0331981e-05,0.23836544,0.25458878,0.9999528,0.0014674376,0.13767667,0.027820399,8.981721e-05,0.26158914,0.7544133,0.27567366,9.632757e-05,0.9749416,8.564669e-05,0.25230893,0.21778673,0.74827236,3.8768318e-05,0.1370696,0.59119195,0.24636309,0.0011632041,0.3450444,3.3137e-05,0.24988392,0.609383,0.25530285,0.0020855435,0.030181216,2.4646633e-05,9.8795026e-05,0.9999703,0.002556654,0.9655443,0.62015,0.27382696,3.3738288e-05,0.0012450675,0.15292451,0.026618162,2.3518369e-05,0.22009967,0.7398726,0.2525269,9.340815e-05,0.9701948,9.313788e-06,0.255262,0.5823511,0.6170339,0.0024106428,0.26729143,0.042765807,1.8666462e-05,1.7055267e-05,0.6346035,0.79065675,0.001841184,0.041458048,0.56941307,9.228428e-05,0.03142026,0.06473959,1.0427445e-05,0.07045255,1.4790686e-05,0.3722783,3.4896864e-05,1.9909321e-05,0.029412586,0.06797297,1.7172892e-05,2.6513591e-05,0.035147626,4.134107e-05,8.117506e-05,0.57950956,0.0012349025,0.9701764,0.6202845,6.5068554e-05,1.8611538e-05,0.0019892042,1.5011227e-05,0.5967076,2.3728762e-05,0.5262821,4.488902e-05,0.0324306,0.002134109,0.23020607,0.0024121006
-1.248272723,0.148300793,0.119189116,0.923291554,1.091356995,1.026747041,-0.30374335,-0.559259357,-0.911877438,0.328401728,0.614554487,1.029344654,0.389725362,-0.090317943,-1.903919574,-1.137423962,-1.01375797,1.088894584,-0.453571869,-0.738149698,-1.389767745,0.00034053484,0.00024939273,0.99937254,6.707949e-08,9.080236e-08,0.9998852,0.00010541118,8.7133965e-05,0.9997851,6.767899e-05,5.019731e-07,0.099421225,0.0001354815,0.00016775173,0.9998123,1.2725395e-07,0.89090306,0.9999856,5.2660962e-05,1.3850908e-07,0.00037992766,4.798786e-08,0.17361373,5.652976e-07,1.7340753e-07,0.119959205,1.2111586e-06,1.2569586e-07,0.12808396,9.029727e-05,0.8997595,0.92841303,0.00017006088,4.0362036e-07,0.056915008,4.7282597e-07,1.3219393e-06,0.14733471,3.839948e-07,5.0184862e-08,1.0350076e-07,0.9999604,2.3113914e-07,5.68232e-07,0.9999695,4.908404e-07,3.4186772e-07,0.9999486,0.0002833993,0.108060434,0.99999964,5.7718484e-08,3.340659e-07,0.1190146,2.175534e-07,1.8541051e-07,0.9999708,0.00022600406,0.00028608716,0.99952066,5.2420313e-05,9.663734e-05,0.99927515,6.0470695e-05,5.976863e-07,0.08625483,1.8511845e-07,1.2558635e-07,0.9989524,2.7578884e-07,0.92349446,0.99989605,6.0190578e-05,0.0001821195,5.7996618e-05,8.224271e-08,0.99993765,4.825228e-07,2.2911982e-07,0.99993765,1.2952297e-07,0.081369646,0.08146708,8.962781e-08,3.9674825e-07,0.9999465,3.434415e-07,6.813274e-05,0.99992347,6.257054e-05,2.8982245e-07,8.931036e-09,0.99994516,1.7107176e-07,2.2851711e-07,0.99997294,4.2063036e-07,0.111457326,0.99995947,3.0144808e-08,3.1503404e-07,0.0974219,8.642239e-05,0.00015627027,0.99999976,4.501398e-05,3.598219e-05,0.9999999,3.663636e-05,0.000125855,0.08772339,1.57341e-07,2.758904e-07,0.9999995,0.00015325756,0.91301435,0.99997497,6.731655e-05,1.3856193e-07,4.0521707e-05,8.795055e-05,0.9999999,0.00015171935,0.07239307,0.09148098,2.516379e-07,9.457564e-05,0.9999218,8.990024e-05,7.052069e-08,0.99948335,1.896668e-07,3.0673193e-05,5.3682088e-05,0.99995244,4.8112685e-08,0.050826885,0.99997306,5.1279017e-05,0.00024360165,0.011925198,4.1747364e-07,0.00010393684,0.99994195,7.764251e-05,0.00023198572,0.08577391,2.401952e-07,1.719726e-07,0.99999976,0.0003591231,0.91528887,0.99995005,8.329937e-05,5.974999e-08,0.00022627121,0.05614051,0.09273809,9.073622e-08,4.5072997e-05,0.9998485,7.865811e-05,1.4182999e-07,0.9990264,1.390207e-07,7.521119e-05,0.02321718,0.9999447,0.00013130259,7.5707416e-05,0.11159829,6.3366866e-07,1.9289278e-07,0.9999471,0.8665203,0.0001948178,0.10097918,0.026528863,4.2458203e-07,0.10184865,0.113174014,7.89115e-07,0.09868493,7.570963e-08,0.020213291,1.0010211e-07,4.0914802e-07,0.07524571,0.102751635,5.159887e-07,2.2419937e-07,0.08801953,5.0992373e-08,2.12198e-08,0.9999628,0.0003922048,0.9017092,0.9999329,2.1559869e-07,3.7857836e-07,0.00020205717,2.499355e-07,0.9999633,7.316199e-08,0.98843527,4.712908e-07,0.08909713,0.00035895265,6.416883e-05,0.00025412586
0.249554623,-0.372489106,-2.273424107,0.327936954,0.158220806,0.173394002,-0.358957579,-0.158891567,-0.163546238,0.397995676,0.172416743,0.181786677,-0.374799186,-0.272485251,-0.311532423,-0.551025993,0.185325652,-0.132699466,0.483494169,-0.08271417,0.104020251,0.0081352675,0.0075170957,0.3299764,1.6883856e-05,1.489613e-05,0.9852529,0.0085307285,0.007987099,0.98822767,0.010014379,1.9051979e-05,0.16238055,0.00919518,0.007678214,0.9896645,1.3330687e-05,0.70329094,0.81189644,0.0050327578,7.713404e-05,0.009032393,3.469981e-05,0.67391473,4.1792166e-05,3.2985223e-05,0.9632395,1.4970212e-05,2.4557434e-05,0.97861326,0.0075917733,0.9331089,0.052306443,0.013832925,9.939292e-06,0.9332961,2.5375106e-05,2.3571785e-05,0.6841646,1.6740745e-05,1.624508e-05,3.3651144e-05,0.7489355,1.0088247e-05,0.00016490216,0.83308023,1.91544e-05,7.768959e-06,0.77694094,0.0074404096,0.734113,0.9999809,7.248277e-05,2.5731912e-05,0.065515436,2.635709e-05,3.0067262e-05,0.8250717,0.009733172,0.010373917,0.3945592,0.00942259,0.00837568,0.4728424,0.008813595,1.4449966e-05,0.055597432,7.6351156e-05,1.9488922e-05,0.40339842,0.00013898172,0.23056003,0.9896241,0.012397042,0.013518845,0.0143152485,7.169162e-06,0.80564094,9.92251e-06,2.489804e-05,0.7794159,1.6084863e-05,0.55006665,0.07579038,4.867722e-06,2.141358e-05,0.8252113,1.8434364e-05,0.010079286,0.9912356,0.008203248,3.2706914e-05,2.1890523e-06,0.78089446,7.645418e-05,3.1256026e-05,0.8705328,5.2575115e-06,0.6459081,0.75519174,3.497427e-06,3.131083e-05,0.046630926,0.015982015,0.008344968,0.9999919,0.01224695,0.01082915,0.9999846,0.008236351,0.010673221,0.07546071,2.3730006e-05,2.7608265e-05,0.9999862,0.0039232336,0.9241464,0.8116907,0.006867325,1.2120612e-05,0.005778545,0.008149427,0.9999745,0.010164648,0.9548835,0.04797022,5.5264227e-05,0.01033021,0.99327224,0.017446473,1.13686165e-05,0.48554435,2.7008216e-05,0.009626604,0.008919709,0.9939078,1.2476553e-05,0.9641409,0.7230883,0.011064045,0.010534969,0.17563243,7.4539166e-05,0.007156064,0.72837555,0.012928363,0.008361186,0.0711085,1.2554492e-05,3.71104e-05,0.9999813,0.0089196125,0.9369046,0.8070939,0.004994648,1.3133193e-05,0.007167782,0.9593908,0.054977916,2.4059711e-05,0.009401291,0.9899705,0.013901261,3.6532078e-05,0.3989061,1.2370999e-05,0.0097052,0.7992567,0.8182677,0.012573317,0.008432616,0.3193362,1.5386942e-05,2.9931058e-05,0.79814017,0.02204548,0.010088639,0.06983608,0.77734184,2.1601498e-05,0.06575064,0.6223979,3.59662e-05,0.728098,7.898469e-06,0.1665033,3.255757e-05,2.943521e-05,0.093566835,0.5310382,1.3510132e-05,1.471693e-05,0.076926224,2.102809e-05,1.469183e-05,0.80226505,0.010657422,0.9153113,0.783222,0.000115657014,5.1402885e-06,0.0072373603,1.3494938e-05,0.79957587,7.9258825e-06,0.30396125,2.2028358e-05,0.079688035,0.013671191,0.0125779705,0.009681663
0.499192514,0.185500071,1.321507319,0.079331719,0.073206558,0.076569791,-0.158980408,-0.148358102,-0.16650844,0.179231959,0.16688161,0.192805507,0.054025595,0.086053722,0.046405011,-0.020369022,0.076070056,0.074611092,-1.786953229,0.049550501,0.45140186,0.020406429,0.02609245,0.5542506,3.1107134e-05,5.9916547e-05,0.9776098,0.7189459,0.71426916,0.9768158,0.7278143,7.0513146e-05,0.03826095,0.016273782,0.016203092,0.9710118,6.997839e-05,0.958338,0.016148577,0.74037534,0.00014325426,0.024877306,0.00021663842,0.005326303,3.2444754e-05,8.6127286e-05,0.08531118,0.0001282879,8.212096e-05,0.08584354,0.7183497,0.9938075,0.9136651,0.023103993,8.2684295e-05,0.9306313,6.213363e-05,5.635265e-05,0.0046137483,2.809934e-05,0.00015027696,0.00015284687,0.014417643,8.62361e-05,7.9550475e-05,0.01886471,7.736225e-05,8.084473e-05,0.012008777,0.024773426,0.036991123,0.99995804,2.4347793e-05,0.00014072694,0.007332143,1.7998687e-05,4.54887e-05,0.017583398,0.023027897,0.022350976,0.57919604,0.74504143,0.7856374,0.5724915,0.7263918,0.0001031505,0.006013512,4.2851305e-05,0.00013860507,0.58846575,5.091138e-05,0.6710841,0.23011297,0.8205954,0.015644023,0.8399557,9.3630384e-05,0.012720217,0.000101833655,0.0001016217,0.017036786,5.1562e-05,0.0021370791,0.00715156,7.0642905e-05,5.175358e-05,0.01398613,6.199484e-05,0.85651004,0.24021149,0.8273427,0.00012932377,6.66108e-05,0.01587783,8.816451e-05,6.96816e-05,0.020417847,4.650827e-05,0.0024429068,0.017416157,0.00013475124,3.6960188e-05,0.005168172,0.85973305,0.021098325,0.99991393,0.8420208,0.83673835,0.99992,0.8121656,0.026397226,0.0073040016,8.6503605e-05,4.8752045e-05,0.99993813,0.020954074,0.9907573,0.01365166,0.768888,2.4774736e-05,0.85799766,0.8348967,0.99987674,0.031109886,0.08272757,0.005523455,0.00019802799,0.8419971,0.2535252,0.8380668,0.00012002209,0.60179085,0.00018144162,0.79817253,0.8238057,0.26818988,0.0001600947,0.074318714,0.014021888,0.8530189,0.02752283,0.7962019,4.6996018e-05,0.7425075,0.013268649,0.79955226,0.019980898,0.006500281,6.390801e-05,0.00023303585,0.9999436,0.024222432,0.991525,0.014340751,0.7563464,3.937389e-05,0.024935663,0.092702635,0.0051041218,8.5909254e-05,0.8451832,0.25421292,0.83392507,0.00012146032,0.5606441,8.309627e-05,0.74649465,0.9072593,0.015339305,0.019186499,0.8376755,0.040461004,6.520595e-05,2.8683828e-05,0.0122917,0.93451685,0.027152007,0.0050569577,0.91541314,0.00020024895,0.005872522,0.0028987979,4.2583502e-05,0.03715928,4.8419464e-05,0.67852724,3.7397313e-05,6.546726e-05,0.0051753656,0.0022127368,6.8634734e-05,0.00012774492,0.0070934454,7.412047e-05,0.00021049395,0.017314069,0.024824783,0.9933256,0.014043759,8.328142e-05,7.186506e-05,0.021898903,4.804992e-05,0.01652118,6.240036e-05,0.028288595,9.6424985e-05,0.006593253,0.018934222,0.86059785,0.020726422
1.048395874,-0.149293435,-0.001042704,-0.613892861,-0.734341262,-0.704801693,0.019097172,0.209720955,0.442517458,-0.021555112,-0.237697745,-0.516824202,-0.290280006,0.032240655,1.768932752,1.320215121,0.678103961,-1.074026706,2.2216666,-0.582366602,0.330006573,0.00012873003,9.6125514e-05,0.97846675,6.217384e-07,4.5550786e-07,0.9998634,0.028035847,0.026813475,0.9999064,0.030146567,1.1263904e-06,0.021521065,5.3463125e-05,8.002243e-05,0.999912,7.957062e-07,0.9686695,0.9049407,0.028975653,2.0716798e-06,9.873212e-05,1.979939e-06,0.21831056,6.5645685e-07,5.538982e-07,0.4137386,3.324509e-06,1.1310125e-06,0.44243932,0.028303202,0.9609017,0.6857032,8.989004e-05,1.3595103e-06,0.5429143,1.0726385e-06,1.6982774e-06,0.18307343,9.316154e-07,7.61175e-07,2.2010054e-06,0.92581964,1.0728676e-06,2.3433374e-06,0.90089375,1.0450734e-06,8.4157375e-07,0.92095006,7.776551e-05,0.12754135,0.99999917,1.2577145e-06,1.0320186e-06,0.0340831,6.374721e-07,5.173121e-07,0.9216366,9.210405e-05,8.2480954e-05,0.977038,0.040153764,0.021306613,0.9802142,0.030468836,2.3765333e-06,0.03118139,6.3170586e-07,2.2006232e-06,0.9831117,1.0106263e-06,0.8891834,0.97105867,0.02476818,0.0001026488,0.024313984,1.0163462e-06,0.9133952,1.2067119e-06,1.9330375e-06,0.9111615,1.4467201e-07,0.12952943,0.034733538,7.476452e-07,8.4887347e-07,0.9229679,4.733403e-07,0.026265202,0.9734081,0.023634655,2.8333259e-06,1.1408782e-06,0.92562366,1.7603567e-06,1.3256738e-06,0.9055264,6.922862e-07,0.12471873,0.91552263,1.0190764e-06,9.569167e-07,0.027305463,0.018630657,8.900892e-05,0.99999917,0.020417048,0.022473618,0.99999905,0.027683256,7.5011994e-05,0.033361565,8.171427e-07,6.0043254e-07,0.99999857,9.3490664e-05,0.95926046,0.914289,0.025564454,1.0072451e-06,0.023851687,0.022988215,0.9999981,8.2116654e-05,0.30229762,0.036204513,2.911699e-06,0.022215726,0.9748413,0.026210489,2.3884027e-06,0.98520434,2.9838566e-06,0.022473121,0.022099085,0.97391033,9.1982963e-07,0.30181524,0.92310554,0.027175706,5.9531085e-05,0.07055882,1.1950499e-06,0.028280325,0.91916,0.021873558,7.2886025e-05,0.040509008,1.4665308e-06,3.3937984e-06,0.9999989,0.0001569216,0.9614619,0.9175031,0.027174678,9.386338e-07,7.109347e-05,0.29386923,0.032819774,5.901087e-07,0.018155856,0.9728962,0.025353406,3.4819154e-06,0.97943956,6.890029e-07,0.03327876,0.37720534,0.9379682,9.650391e-05,0.022501245,0.032576293,1.3192291e-06,8.024627e-07,0.93315023,0.55455834,6.885053e-05,0.035364,0.35953325,2.6299447e-06,0.033767812,0.12892963,3.153358e-07,0.086050734,5.5953444e-07,0.08954936,1.2470073e-06,1.6292008e-06,0.032771688,0.12901466,1.2897451e-06,8.5326116e-07,0.040027563,1.2989733e-06,2.3707385e-06,0.91492593,5.510467e-05,0.96010154,0.9330899,1.9289348e-06,1.8368481e-06,7.93407e-05,4.5583553e-07,0.9038813,9.559899e-07,0.8091773,2.2930067e-06,0.036848076,9.73434e-05,0.022928638,9.361083e-05
0.361891674,-0.360089347,0.407745485,-0.336029446,-0.241968365,-0.281104623,0.090111767,0.211553526,0.228901753,-0.101303358,-0.23683026,-0.262268962,0.559191185,0.37918944,0.194471272,0.575550646,-0.336603052,0.335065462,-0.75664973,-0.046218284,-0.821431169,0.00242763,0.0033970529,0.9804612,6.1292376e-05,2.356347e-05,0.9976428,0.0497926,0.04517301,0.9979894,0.05303509,5.1457813e-05,0.13063781,0.0021914232,0.0019902068,0.9979721,4.8604237e-05,0.85712343,0.9447602,0.045621775,9.9544945e-05,0.0022475382,8.901486e-05,0.29042703,4.2212658e-05,2.2368398e-05,0.28252602,0.0001431202,6.0166472e-05,0.25135344,0.04895525,0.81403637,0.8655697,0.0018969093,7.833966e-05,0.25053138,6.121323e-05,0.00010660042,0.24838425,5.2064155e-05,4.3450316e-05,0.00010481948,0.95231277,7.591316e-05,9.20411e-05,0.9432515,5.854055e-05,6.249719e-05,0.94315934,0.0017906995,0.09818278,0.99995613,6.488384e-05,6.7795714e-05,0.16365725,3.577116e-05,4.0200935e-05,0.94101,0.0020565414,0.0017240798,0.9761219,0.055424213,0.044097535,0.9787906,0.049278308,0.00010234473,0.14709212,4.0008716e-05,0.00011037789,0.9779454,4.2971038e-05,0.8396287,0.953225,0.04556123,0.002720993,0.044475548,5.7461744e-05,0.93589205,6.0782197e-05,9.7895965e-05,0.94011664,1.5679918e-05,0.10658291,0.14710741,6.87954e-05,5.504952e-05,0.94602466,3.2293774e-05,0.052876074,0.95034456,0.04616118,0.000115920004,8.120355e-05,0.9419949,6.743046e-05,5.5450684e-05,0.93732744,5.1805084e-05,0.12236608,0.9488009,9.114159e-05,6.740558e-05,0.1537303,0.044901,0.0026110702,0.9999442,0.036021996,0.049049642,0.9999161,0.050623868,0.0015322282,0.14999989,6.081606e-05,4.4910517e-05,0.99988306,0.0025034633,0.8475423,0.9416892,0.046625078,6.496631e-05,0.05523608,0.04766356,0.9999113,0.0019167673,0.13871698,0.15014865,0.0001253313,0.05219125,0.95542485,0.055899344,0.00014122041,0.9830104,0.00016501256,0.039010156,0.04739401,0.9509908,5.8696565e-05,0.100281015,0.9392478,0.057891607,0.0019429113,0.16326126,5.4443088e-05,0.052058503,0.9458348,0.046206634,0.0020003344,0.16359246,9.5314244e-05,0.0001040738,0.9999527,0.0026375302,0.843521,0.946628,0.05204032,6.6686946e-05,0.0020052753,0.1259177,0.15597306,3.913543e-05,0.043076314,0.9585236,0.04475198,0.0001553176,0.9800091,4.143193e-05,0.048687447,0.14209738,0.9498094,0.0022847785,0.04577045,0.14398521,7.657909e-05,4.659177e-05,0.95869356,0.73453057,0.002075343,0.17894912,0.13927999,0.00012805141,0.15530916,0.11756318,3.2635162e-05,0.0991539,3.8224884e-05,0.17278169,9.6636235e-05,7.8080644e-05,0.13871434,0.115566626,6.660845e-05,5.5162607e-05,0.16779082,8.921864e-05,0.00011601057,0.9485598,0.0014696298,0.84242415,0.95050555,9.370988e-05,8.491779e-05,0.0027158326,3.594275e-05,0.946048,5.344717e-05,0.82519335,0.000105019986,0.1684189,0.0026274545,0.04125016,0.0025349075
-1.510392508,0.371496464,1.357576865,0.409302778,0.594705455,0.633783336,-0.00513655,-0.390917262,-0.423026936,0.00450012,0.415892477,0.450774088,-0.516831416,-0.756537759,-1.11288508,-0.706856146,-0.581180568,-0.212443751,-0.089098084,-1.741609064,0.536087202,0.076815724,0.06765432,0.79145193,0.000944989,0.001444892,0.89974195,0.4894287,0.50407255,0.9248891,0.49495447,0.0012391602,0.31150547,0.07387986,0.084232524,0.91469955,0.0013070736,0.6843466,0.20584685,0.46520188,0.002666948,0.06795104,0.0037667018,0.12845354,0.0010980886,0.0018034308,0.28087687,0.0019419112,0.0021749053,0.31349674,0.4712176,0.834167,0.9254783,0.080549076,0.001177593,0.82437474,0.001275579,0.0013542513,0.11363834,0.0005156192,0.0017464934,0.0027325193,0.2063513,0.0022605138,0.0014198654,0.23400225,0.0013093443,0.0010740438,0.19863793,0.098242246,0.11716988,0.99903107,0.0013577802,0.0018622901,0.16084509,0.00084878615,0.0014511828,0.19699304,0.06773028,0.07830674,0.79916894,0.4872709,0.5475404,0.8259779,0.50713474,0.002487643,0.16331948,0.0014219622,0.0029823454,0.77381414,0.0015908623,0.5179238,0.4862244,0.64955086,0.08585306,0.60856164,0.0015295459,0.19331132,0.0012024197,0.0025106966,0.20371427,0.001220536,0.022728145,0.16533884,0.002291615,0.0008369424,0.19537872,0.001264567,0.62896127,0.5157908,0.652776,0.0027142134,0.0017909501,0.22512351,0.0017563642,0.0012879107,0.21819863,0.00076948106,0.020229744,0.20214856,0.0018058729,0.00083290844,0.16758062,0.66233414,0.08504315,0.99853253,0.61357677,0.65714455,0.99842834,0.6078094,0.07670278,0.13791543,0.001815746,0.0014175342,0.99858737,0.07758752,0.8245972,0.20189354,0.47365466,0.00088489713,0.65909004,0.6783787,0.9975314,0.07585308,0.081401356,0.15611991,0.0028318495,0.659108,0.49553102,0.6408704,0.002983677,0.8436903,0.003912968,0.58266646,0.6253165,0.5382887,0.0020701834,0.06657752,0.18908158,0.63662636,0.074953094,0.80991435,0.0014086189,0.45773628,0.23314069,0.6430229,0.09042175,0.15266943,0.0010889217,0.0045538503,0.9988312,0.077348836,0.84548175,0.23353474,0.510051,0.0013497176,0.074219644,0.08198693,0.13275887,0.0018412154,0.64370334,0.50290793,0.6717749,0.0033704063,0.81358016,0.0011634047,0.47142786,0.5854887,0.2076546,0.07304115,0.6563569,0.3346715,0.000879062,0.0007774168,0.17455916,0.7309062,0.10675476,0.16362834,0.574657,0.004380323,0.14793484,0.02076984,0.0007401253,0.10916294,0.0011965933,0.6889387,0.0010439741,0.0009648408,0.17035656,0.016536597,0.0012257168,0.0018920098,0.16712004,0.0016827784,0.0043622456,0.22488625,0.071240485,0.83778363,0.20112133,0.0021481416,0.0010360023,0.06256298,0.0010573409,0.20570062,0.0017053473,0.09319315,0.0015113624,0.13059047,0.07147125,0.59052503,0.08559025
0.249554623,0.842687325,-1.840589554,-0.860212015,-0.255367206,-0.319328705,0.799161072,0.187853597,0.096538147,-0.733451575,-0.101260976,0.026869036,1.238616604,1.080575637,0.704408633,1.062341833,-0.216753313,0.860322564,1.181073528,1.109734327,-0.145980228,0.057747558,0.05020482,0.84139663,0.00011654412,0.0001668555,0.93923235,0.05338004,0.05276783,0.9081759,0.039530892,0.00016638586,0.20536487,0.07568422,0.037831906,0.93749523,0.000113322734,0.75570655,0.73002684,0.051706024,0.0003848565,0.052415684,0.00027295915,0.24364792,0.00020008595,0.00027099723,0.51790196,0.00023491106,0.00015202201,0.53469795,0.047715608,0.93820107,0.6795473,0.068778664,0.00011360751,0.49794102,0.00012605221,0.00013554831,0.2105387,0.00011315072,8.845167e-05,9.6687116e-05,0.75477004,0.00011582664,0.00043937232,0.71954066,0.0001383877,0.00013374139,0.7283046,0.055214033,0.31051564,0.99988186,0.0002751857,0.00016588149,0.065487176,0.00013477771,0.00029245127,0.7561605,0.06999347,0.06293431,0.7902191,0.05014199,0.051279053,0.80923676,0.051196285,0.00013814431,0.0600946,0.00022386969,0.00024302585,0.8315879,0.00031861194,0.62700814,0.94578564,0.10540426,0.065774225,0.096246146,8.240218e-05,0.7674618,0.00013374201,0.00021621809,0.77706265,0.00012272922,0.07629809,0.058078263,0.00019379288,0.00022954872,0.7685494,8.4485575e-05,0.08179914,0.9526762,0.07149596,0.00030867453,8.2510924e-05,0.7723101,0.00041897557,0.000121644385,0.7661115,9.327695e-05,0.11791732,0.71058244,3.174365e-05,0.00010624827,0.05537559,0.13017988,0.054242253,0.999907,0.083049364,0.11255859,0.99990726,0.08651924,0.06432928,0.07669523,0.00023091983,0.00032762522,0.9998548,0.048287936,0.93172574,0.78936714,0.041787423,0.00011667343,0.1052071,0.06748776,0.999803,0.08491568,0.29593253,0.03995251,0.00029442724,0.08816273,0.9364498,0.09058701,0.00018325156,0.82115257,0.00028421212,0.087889396,0.102598645,0.94171363,0.00016447344,0.29507822,0.7569091,0.09620484,0.052211765,0.31032893,0.0002465039,0.046816498,0.77570736,0.0771819,0.049145736,0.07055422,9.9921745e-05,0.00035846347,0.9998685,0.04662867,0.9336505,0.7547045,0.05288729,0.0001761452,0.07168302,0.28500983,0.06791017,0.00016737593,0.09967461,0.9518182,0.09548852,0.00027342798,0.82929826,0.00012768793,0.049730524,0.29251617,0.7272577,0.07017566,0.101988,0.25375518,0.00014158513,0.00013463745,0.78078336,0.46358344,0.057156526,0.061924353,0.26953828,0.00033841553,0.0555841,0.14345294,0.00027825398,0.3422264,7.3137926e-05,0.23476611,0.00016352675,0.00020597853,0.05419296,0.10196936,0.00022076754,0.00015739544,0.07932367,0.00027322187,0.00023053354,0.78327614,0.062863044,0.9319638,0.7519988,0.00043422135,0.00011682005,0.053048383,0.00013395873,0.74491763,8.955107e-05,0.5308501,0.00016451126,0.06613797,0.048811443,0.09739124,0.049029563
0.499192514,-1.711663132,0.359652757,0.320948794,0.082910672,0.089394322,-0.298401205,0.205948371,0.123577797,0.240648531,-0.280795008,-0.212577242,0.081428827,-0.100876867,-0.413636826,-0.077636994,-0.392009631,0.138550511,0.336953302,-0.70131601,0.031843372,0.013418871,0.026896924,0.93942904,0.00023966837,0.00017640066,0.98390675,0.59168375,0.5612006,0.987165,0.5835125,0.00017813213,0.12429261,0.019908197,0.015508575,0.984021,0.00015783368,0.85204923,0.3916653,0.5623228,0.0007453461,0.012796054,0.0008383687,0.14490911,0.00019198994,0.00012829683,0.19115058,0.00026522725,0.00053730735,0.177543,0.6001065,0.8827984,0.87318736,0.01431765,0.00029784942,0.777529,0.00018567081,0.0002454832,0.12977447,6.005515e-05,0.00036306668,0.00083369884,0.3413226,0.0006359493,0.0003145507,0.40007806,0.0001697063,0.00014550237,0.34826276,0.01285804,0.05290264,0.99986315,0.00035899336,0.00032553574,0.123065524,8.487074e-05,0.00024321477,0.3148037,0.019321643,0.01554502,0.9305556,0.5953429,0.5222482,0.94573617,0.5816867,0.00022524704,0.1011081,0.00020287183,0.0005478951,0.9358205,0.00018723725,0.8374714,0.43715185,0.54864824,0.01666043,0.5283274,0.00032035937,0.3292908,0.00023869392,0.00047742657,0.31339645,0.00012787044,0.050914638,0.101214066,0.0004291835,0.0001420403,0.3519158,0.00018081625,0.59400684,0.4030708,0.5406842,0.00041741045,0.00049138494,0.31800085,0.000263943,0.00023083399,0.2978846,0.00016054291,0.056654133,0.38753924,0.00048755357,0.00028375347,0.11100007,0.59093237,0.023315247,0.99977607,0.5695076,0.54390854,0.9995034,0.56822604,0.010636457,0.09099056,0.00020393853,0.00016974854,0.99952257,0.013277466,0.91539544,0.3257356,0.5509488,0.00015431967,0.5720177,0.5781063,0.9996105,0.012393417,0.117096685,0.09613126,0.0008761707,0.6153769,0.42440525,0.6249693,0.0009069441,0.9498913,0.0016256813,0.56227016,0.5670152,0.4141414,0.0005379943,0.07151209,0.33526266,0.60478324,0.016811527,0.67464477,0.00031759293,0.5983357,0.34691525,0.5990912,0.014101801,0.08155482,0.00018405516,0.0005696673,0.9998056,0.018663388,0.8981687,0.34463328,0.6125764,0.00031063065,0.013753707,0.106495835,0.11331826,0.00029225866,0.53214574,0.41840705,0.5169641,0.000906856,0.9505412,0.00014450052,0.54778534,0.74003905,0.33002996,0.014771737,0.54782736,0.12973596,0.00018477082,0.00013266418,0.3677149,0.79548293,0.020797454,0.108465075,0.68437433,0.00087969966,0.1191287,0.052360207,0.00018309768,0.07182694,0.00016503538,0.6818598,0.00048132616,0.00014023439,0.09251595,0.047458865,0.00016745942,0.000430144,0.10000691,0.000346801,0.00087720575,0.360395,0.014124811,0.9076745,0.33476776,0.0003763183,0.00016904109,0.015936702,0.00013812586,0.33175933,0.00025289343,0.2665414,0.00038227424,0.114642344,0.018533852,0.5455608,0.020805793
0.374373568,1.251879388,0.119189116,0.058881262,0.193652365,0.141279925,-0.221785259,-0.454465701,-0.455648886,0.217842098,0.471145231,0.477153071,0.226057424,0.392972797,0.40075169,0.077158177,0.390592864,0.221911643,-0.841849714,0.674575653,-0.352825667,0.03803701,0.02853181,0.9613235,7.87254e-06,2.5107196e-05,0.95616263,0.9547524,0.95794934,0.9633594,0.95883536,1.143814e-05,0.05744147,0.03635106,0.02389884,0.9641207,1.6800945e-05,0.9363566,0.010935482,0.95461696,3.5677473e-05,0.036347024,0.00012698902,0.0033191924,1.26071745e-05,3.6657646e-05,0.0173147,2.1438487e-05,2.6680538e-05,0.014494702,0.9648148,0.9897792,0.99736744,0.04756489,1.1742238e-05,0.9663271,6.919846e-06,8.867556e-06,0.0032269184,2.880649e-06,4.1726697e-05,3.525975e-05,0.008401298,4.187682e-05,1.1953135e-05,0.008199613,8.707928e-06,8.978512e-06,0.009682128,0.03184171,0.015117715,0.9999938,1.1646728e-05,2.5210556e-05,0.009029879,1.7708873e-06,1.9985106e-05,0.00986985,0.048068136,0.038411353,0.9617697,0.96073264,0.95245326,0.96463436,0.9553791,2.0245012e-05,0.008258563,5.398675e-06,0.00011437634,0.9698351,1.3868233e-05,0.936889,0.037005953,0.98550814,0.04175289,0.9809121,3.4809447e-05,0.008642385,1.8219287e-05,4.109266e-05,0.008283748,1.0011917e-05,0.00029379997,0.012363756,7.139742e-05,6.334678e-06,0.009153248,1.6907978e-05,0.97797936,0.03693657,0.98124146,3.636593e-05,3.8630074e-05,0.008806408,2.6472157e-05,1.4281213e-05,0.010886588,9.887569e-06,0.00042599865,0.009337342,2.4848418e-05,7.875536e-06,0.008770118,0.98411614,0.04586811,0.99998355,0.9837415,0.98317647,0.9999826,0.98282236,0.04934098,0.011983615,1.8826664e-05,1.5099413e-05,0.9999826,0.036540844,0.98848593,0.008650171,0.9612076,6.2923987e-06,0.9771404,0.9825556,0.9999733,0.050457492,0.0031513313,0.01010389,6.391203e-05,0.98264265,0.048467495,0.984353,9.78438e-05,0.95983636,9.796124e-05,0.9843684,0.98106855,0.038062334,9.261611e-05,0.0026080655,0.0101274755,0.981887,0.03356597,0.9773351,1.6333814e-05,0.96130687,0.009205477,0.98615104,0.025295323,0.012146901,9.0367275e-06,0.0002022322,0.9999821,0.042663917,0.988703,0.010324103,0.9599461,1.8013094e-05,0.030099364,0.0040567107,0.012452058,2.1083752e-05,0.9859116,0.035554696,0.98441976,4.894676e-05,0.9655429,1.2704478e-05,0.96111614,0.9343445,0.010125861,0.03569726,0.98046976,0.066676795,8.421499e-06,5.0518393e-06,0.011319522,0.9865508,0.037426893,0.011436303,0.9271592,0.00011878683,0.014547907,0.0003774585,8.371269e-06,0.020476907,8.583445e-06,0.94877934,1.5907557e-05,8.214336e-06,0.013162817,0.00021984246,1.9433188e-05,1.7605227e-05,0.00919293,2.715698e-05,0.00010100407,0.00736081,0.0319508,0.9910919,0.011039643,3.15865e-05,1.6056923e-05,0.031748366,1.0225986e-05,0.008811575,2.3167497e-05,0.010917126,1.6822765e-05,0.012143578,0.034080658,0.9809475,0.03808564
-1.373091668,-1.624864815,0.840580038,0.800172584,-0.356443457,-0.322645588,-0.300835527,0.729092157,0.683079889,0.299963702,-0.796350966,-0.76109166,-1.06026232,-0.209926558,-0.21655186,-2.023567737,1.756764077,-0.116991602,0.952401576,-0.326299679,0.07118983,0.015501631,0.013362087,0.9888381,5.98688e-05,9.600496e-05,0.9902131,0.7855028,0.8068948,0.99087125,0.7629246,6.245453e-05,0.03379434,0.014353266,0.013590099,0.9831656,5.0013685e-05,0.96489245,0.25681192,0.79486376,0.0003026189,0.0102008665,0.00035128384,0.02537367,7.155781e-05,7.6322176e-05,0.022747833,0.000108385764,0.00021125737,0.024810525,0.7877725,0.98268133,0.98752403,0.011326391,0.00013559045,0.82712084,8.133786e-05,8.1972146e-05,0.028286157,2.2748329e-05,0.00016916556,0.00024213333,0.28154597,0.00047824733,4.573101e-05,0.2829407,5.529596e-05,4.109317e-05,0.26388112,0.012385411,0.025276236,0.9999316,0.0001665573,0.00025775318,0.021798149,3.0203855e-05,0.000120099816,0.24467792,0.013389277,0.010905042,0.99015146,0.76288813,0.7680601,0.99014825,0.78712547,7.0630515e-05,0.024603143,5.5938188e-05,0.0002506834,0.99004805,5.4199256e-05,0.9658411,0.21151501,0.8133974,0.0112370085,0.76428634,0.000119727294,0.26341143,0.00011626595,0.00015744181,0.20372559,4.5461642e-05,0.01311724,0.020405041,0.00035206132,4.857208e-05,0.25601652,7.336243e-05,0.77234626,0.18041399,0.809149,0.0001670002,0.0003651647,0.24366789,0.00012026279,6.5468135e-05,0.22581442,9.0786634e-05,0.014619146,0.29539204,0.00012649508,6.66596e-05,0.02932564,0.8056077,0.014427809,0.9998592,0.81327605,0.78852713,0.99989057,0.7511596,0.007814805,0.020416025,9.8012446e-05,6.815873e-05,0.9998305,0.014051717,0.98464257,0.28187934,0.74305844,4.3360822e-05,0.78613,0.7979554,0.9999031,0.010226184,0.014340966,0.019917523,0.00033934062,0.8111985,0.22982325,0.8305362,0.0003843773,0.99303377,0.0010039533,0.7797548,0.78519666,0.19384935,0.00025758488,0.014412114,0.23543367,0.7925919,0.01502226,0.82567567,0.00010057158,0.8062837,0.26001176,0.8000697,0.016637089,0.0151559105,6.2836865e-05,0.00047949763,0.9999027,0.011672914,0.9788542,0.2564682,0.7496451,0.00016405275,0.009836583,0.020924816,0.019280525,9.6073185e-05,0.78385025,0.1823363,0.7980852,0.00037035992,0.99175733,2.9353301e-05,0.76177967,0.7969317,0.22232154,0.009471862,0.7552894,0.036032878,6.533535e-05,3.6951416e-05,0.22782686,0.9754362,0.018781913,0.02131189,0.7531006,0.0009387724,0.021166902,0.011844897,6.305789e-05,0.033161566,4.611565e-05,0.8011124,0.00010440828,4.5476037e-05,0.023518857,0.011470705,9.845759e-05,0.00025131134,0.017536934,0.00011778524,0.00068086025,0.24405165,0.017237244,0.98076403,0.22693866,0.00015570328,9.432508e-05,0.011711744,5.4374283e-05,0.22965135,0.00012994357,0.19896767,0.00017454816,0.022234594,0.012698127,0.7545973,0.0131747825
1.784827652,-0.000496321,-0.602201806,-1.238928015,-0.194237357,-0.231705393,0.583606775,0.027057844,0.047183408,-0.572501105,0.027252352,0.017307333,1.110346894,0.189538156,0.340962947,2.31412389,-1.906340517,0.014124205,-1.551573989,0.897064008,-0.789841296,0.0004784081,0.0006074836,0.99059755,5.3554927e-06,2.675279e-06,0.99946505,0.05503391,0.04728755,0.9994967,0.05684705,5.8108685e-06,0.059486274,0.00034180854,0.00033879367,0.99965894,3.556351e-06,0.92380005,0.9458917,0.061365128,1.3980507e-05,0.0004065477,1.46172e-05,0.20179541,5.1127636e-06,2.9976784e-06,0.196739,1.9218294e-05,7.865471e-06,0.19082569,0.06495435,0.9172921,0.89462876,0.0004516207,9.336056e-06,0.21088335,6.945332e-06,8.739358e-06,0.21018384,4.2302904e-06,4.555462e-06,9.9332565e-06,0.9511346,1.0077362e-05,1.0986211e-05,0.9493794,7.982677e-06,5.8645587e-06,0.95620775,0.00027563708,0.081130624,0.9999951,6.9622565e-06,4.270028e-06,0.10140693,2.6568125e-06,3.5799462e-06,0.9480444,0.00045554753,0.00042368923,0.98766834,0.06434873,0.042051714,0.9891354,0.051292833,1.2682288e-05,0.08106883,3.4276723e-06,1.5706886e-05,0.9914443,4.483793e-06,0.9250387,0.95384926,0.048460294,0.0005868904,0.044837315,6.066805e-06,0.95006406,7.364427e-06,1.1613543e-05,0.94343036,1.3026043e-06,0.09605513,0.09011001,8.72432e-06,5.8002825e-06,0.9549174,2.963458e-06,0.05078493,0.9422436,0.042852655,1.5866499e-05,6.4999763e-06,0.9431956,1.1039808e-05,7.55826e-06,0.938512,4.5660877e-06,0.11507108,0.95412153,6.8090635e-06,7.4733116e-06,0.076290146,0.041186318,0.00052239187,0.99999535,0.043677434,0.041145436,0.9999914,0.047330998,0.00032378788,0.08484014,3.5818723e-06,4.5648644e-06,0.99998486,0.00041399652,0.92423,0.9414994,0.04619414,5.312615e-06,0.050968442,0.045666113,0.99999,0.0003912913,0.11714902,0.07692911,1.496837e-05,0.052607212,0.9565905,0.049919058,1.779487e-05,0.9930489,1.7051949e-05,0.048711363,0.046341144,0.9443097,6.8888858e-06,0.071578756,0.9547074,0.055236265,0.00038566414,0.13811538,5.921602e-06,0.058525186,0.95688576,0.037418872,0.00028584505,0.091826566,1.136376e-05,1.26056e-05,0.99999416,0.0007094895,0.9144093,0.9466314,0.056760293,5.3120884e-06,0.00036625387,0.094164304,0.10027471,3.6522601e-06,0.036138315,0.94350165,0.03604705,1.587066e-05,0.98920536,3.7631817e-06,0.049400438,0.16840692,0.9534649,0.00042156564,0.044239562,0.077497475,7.682397e-06,4.54243e-06,0.96495914,0.78118134,0.00037566898,0.08289265,0.13933349,1.6517131e-05,0.08816242,0.08403917,3.3460456e-06,0.07500104,3.4095062e-06,0.14385027,1.1652015e-05,9.541843e-06,0.085969105,0.106952846,6.874237e-06,4.7702683e-06,0.088330634,9.625303e-06,1.1349259e-05,0.9525607,0.0002564804,0.91186035,0.95245713,9.685487e-06,9.467786e-06,0.00040098975,3.638771e-06,0.94948524,6.8693025e-06,0.8704312,1.0494575e-05,0.09910504,0.00044957592,0.037800062,0.00059253856
0.199627045,0.495494059,0.720348217,0.605779618,0.154157504,0.291773318,-0.82506501,-0.636079518,-0.25222921,0.826912792,0.606030314,0.170419222,-1.993263001,-1.913988389,-0.161716568,-0.229960562,-0.035844755,-2.20710196,1.156704393,-1.810700398,0.613204968,0.074612565,0.053825658,0.9076911,7.1315975e-05,0.00016751133,0.90734833,0.92330205,0.9311494,0.9374263,0.92063236,0.00010330465,0.05466868,0.07106616,0.06041593,0.92692816,0.00014124061,0.93277377,0.015381005,0.9227598,0.00034353673,0.06779085,0.0007113205,0.0054324875,0.000104684834,0.00027552777,0.022579009,0.00018371134,0.000198371,0.024985982,0.9265336,0.9904482,0.9895822,0.08539663,0.00011957133,0.93357277,9.193504e-05,8.157921e-05,0.0051983804,3.984628e-05,0.00036820103,0.00029663424,0.015404685,0.00032258316,8.786111e-05,0.0141102895,9.916597e-05,8.753571e-05,0.016795078,0.07099425,0.042086422,0.9999199,0.00010089298,0.00025034044,0.008915272,3.3416927e-05,0.00019379068,0.01942576,0.07732641,0.071585305,0.91817445,0.9197672,0.9206204,0.9296149,0.9285204,0.0001690356,0.008324623,7.146875e-05,0.0005654336,0.93092084,0.00014371451,0.91251284,0.06759754,0.9716574,0.0700275,0.9670523,0.0002580615,0.018484304,0.00017178942,0.00028634476,0.015036809,0.00010200062,0.001357808,0.011134701,0.00041940273,8.061302e-05,0.016964493,0.00014530882,0.95917785,0.07030701,0.9657034,0.0002334357,0.00030434335,0.017308235,0.00021259849,0.00013497243,0.019840453,0.00010448319,0.0013897246,0.016775059,0.00021846357,7.061711e-05,0.009926146,0.9716716,0.07847649,0.9998234,0.96990347,0.96567243,0.99983716,0.96813005,0.07826891,0.012554316,0.00018320195,0.00011840381,0.9998621,0.06244908,0.98706424,0.015998948,0.93727255,6.862027e-05,0.9600867,0.9672454,0.9998247,0.08319706,0.010091163,0.01029205,0.00042333113,0.96518654,0.08755451,0.96814215,0.0005802496,0.9285669,0.00046779335,0.9684095,0.9678394,0.06804024,0.00052935304,0.01061001,0.016341692,0.9669689,0.060225952,0.95255834,0.00013591783,0.9326703,0.019589115,0.9681685,0.06962349,0.010733234,0.00011126961,0.0010598798,0.9998148,0.07690999,0.98888004,0.020076947,0.9230576,0.00014839605,0.06498482,0.015874388,0.008695578,0.00016055132,0.9704695,0.06123863,0.97113085,0.0005236327,0.925215,0.0001312803,0.9266084,0.9176665,0.018556923,0.07905606,0.96415794,0.06690187,7.980067e-05,6.0268285e-05,0.014562755,0.97878253,0.080087855,0.009965347,0.91462463,0.00071929063,0.010802993,0.0016765752,7.2961964e-05,0.045990765,8.3687264e-05,0.9009627,0.00012003617,9.062783e-05,0.012303875,0.00096941344,0.00016275364,0.00017872795,0.009518839,0.0001758728,0.0006007127,0.014366756,0.059854615,0.99049675,0.01907563,0.00027083707,0.00015363695,0.056968648,0.00011976405,0.017549075,0.00022806266,0.027429275,0.0001410807,0.00989008,0.07084272,0.9669877,0.06410939
-0.486877155,0.991484438,-0.121274525,0.014968085,-0.115256666,-0.184648046,0.116431604,0.006805028,-0.05270856,-0.123946551,-0.004070799,0.0633998,0.298441702,0.776925024,0.277396417,-0.743005326,1.082845412,0.762682056,-1.268216437,0.494149522,-1.519736921,0.01239194,0.008774927,0.98043984,5.5236145e-05,0.0001107939,0.98758954,0.4209593,0.45039853,0.9877465,0.4444133,9.665863e-05,0.15871362,0.011811863,0.009394148,0.98555195,9.046403e-05,0.84357774,0.56922543,0.43534786,0.00020379273,0.011005996,0.0003167623,0.33415994,9.6035816e-05,0.00013111604,0.3016057,0.000104986335,0.00015054789,0.29451457,0.45329058,0.8158474,0.93689483,0.013003099,7.132237e-05,0.8669583,5.5372686e-05,7.88012e-05,0.31949002,3.8245373e-05,8.219084e-05,0.00015871687,0.61351436,0.0001322929,0.00017265683,0.54458725,5.2156385e-05,6.2853884e-05,0.59055734,0.011048059,0.1278472,0.9999596,0.00017284988,7.391613e-05,0.17258625,3.987399e-05,0.0001038158,0.5737016,0.014048613,0.013558532,0.97847444,0.44537225,0.3965035,0.97810566,0.4250685,9.870087e-05,0.16268921,8.7752014e-05,0.00030454042,0.9842935,9.1798735e-05,0.8593035,0.5634187,0.46681365,0.014414716,0.4805367,8.9582245e-05,0.5654139,9.09289e-05,0.00020677921,0.5666785,5.627822e-05,0.07273997,0.15706167,0.00020329299,6.600738e-05,0.5965589,5.776226e-05,0.46619773,0.5564959,0.47667632,0.00022108329,0.00010759655,0.5953533,0.00015395619,6.330661e-05,0.5757563,4.841665e-05,0.06926189,0.5929428,6.746262e-05,6.67726e-05,0.15625358,0.49781623,0.0117066065,0.99993336,0.43059468,0.4760556,0.99994195,0.48356333,0.014525009,0.16715787,0.00011459784,0.000119774224,0.9999217,0.011095555,0.82110584,0.6168161,0.4279918,6.574259e-05,0.4739333,0.43455562,0.9997855,0.016167238,0.073970914,0.15233783,0.00019219506,0.46241802,0.56768197,0.47450635,0.00027158487,0.9825433,0.0003917142,0.43651703,0.42486566,0.590466,0.00016726457,0.07307911,0.591934,0.46259138,0.010293075,0.72444326,0.00014513766,0.413012,0.57626826,0.45239577,0.008801528,0.16012818,4.6908706e-05,0.0005166038,0.99992085,0.014183129,0.8293935,0.5906023,0.43170515,0.00013071357,0.010673719,0.07549169,0.17888851,0.00012499878,0.44009367,0.57249385,0.49070352,0.00023284306,0.98155576,6.2147854e-05,0.42525637,0.59123063,0.57313895,0.010675043,0.41915712,0.14444792,5.348924e-05,5.231704e-05,0.60514796,0.702577,0.014117946,0.16999248,0.5765986,0.00034217205,0.1699941,0.07026375,6.677585e-05,0.13348633,5.203308e-05,0.71971375,0.0001238026,6.9418296e-05,0.16085856,0.05234877,0.00011599022,0.000118115124,0.18076669,0.00014659474,0.0003364344,0.61362237,0.012295047,0.8140036,0.6005708,0.00018403621,7.953872e-05,0.010170671,4.747158e-05,0.5610422,6.837695e-05,0.24362434,0.00012882384,0.16390482,0.009807177,0.4351242,0.0121161165
-0.624177996,-0.248491511,0.455838213,1.061517127,1.298434285,1.301936841,-0.623789585,-0.832455001,-1.133860575,0.685362531,0.908574891,1.264657492,0.333446482,-0.155966787,-1.599558597,-0.769135202,-1.04027746,0.818214563,0.809816718,0.472315664,1.525532518,0.0001025404,7.3426745e-05,0.9998344,4.603929e-09,7.708027e-09,0.9999722,6.6980756e-05,5.3543896e-05,0.99993396,5.1765328e-05,4.137025e-08,0.034813274,3.352037e-05,4.455547e-05,0.9999411,9.452037e-09,0.95403147,0.999992,3.4377063e-05,1.2351882e-08,0.000106404616,3.0738996e-09,0.060617145,4.7979434e-08,1.389496e-08,0.04243668,1.00119294e-07,1.0710194e-08,0.04259104,6.306956e-05,0.970603,0.9745516,4.7824775e-05,3.4877733e-08,0.030815817,3.6507515e-08,1.1740829e-07,0.046919458,2.971824e-08,3.956281e-09,7.901963e-09,0.9999769,2.7588348e-08,4.168796e-08,0.9999846,3.9743437e-08,2.5058798e-08,0.9999716,7.0558344e-05,0.05317585,1.0,3.0629375e-09,4.029607e-08,0.03494325,1.4592405e-08,1.3759849e-08,0.999985,6.699698e-05,8.145219e-05,0.99987745,3.5938843e-05,6.714473e-05,0.9997979,4.060747e-05,4.6263157e-08,0.028950172,1.1794006e-08,1.0743502e-08,0.9996873,1.8901128e-08,0.97218037,0.999933,3.6122117e-05,5.3060452e-05,3.9989947e-05,5.248303e-09,0.9999609,4.5525507e-08,1.90335e-08,0.9999659,8.572658e-09,0.033455748,0.02927955,8.666533e-09,3.1182726e-08,0.99996865,3.0104186e-08,4.3918935e-05,0.99994755,3.6779922e-05,2.3383757e-08,5.6813726e-10,0.99997234,1.3317922e-08,2.1989727e-08,0.999985,4.5802384e-08,0.047444016,0.9999765,1.7334587e-09,2.4960293e-08,0.03165485,4.722793e-05,3.5647852e-05,1.0,2.730219e-05,2.0017667e-05,1.0,2.2626e-05,3.1761e-05,0.028352894,1.1762644e-08,1.9950969e-08,1.0,4.274792e-05,0.96885765,0.99998534,4.1486648e-05,9.446306e-09,2.2826125e-05,5.036235e-05,1.0,4.2544372e-05,0.026770586,0.031653095,2.269702e-08,5.2775384e-05,0.9999467,4.9629652e-05,6.068036e-09,0.9998474,1.6543563e-08,1.6235803e-05,3.2788423e-05,0.9999683,4.3815596e-09,0.022843521,0.9999846,2.89613e-05,6.798476e-05,0.006457078,3.7165908e-08,6.339009e-05,0.9999639,5.0204824e-05,6.823046e-05,0.029511854,2.1222753e-08,1.7579456e-08,1.0,0.00011613398,0.9720586,0.99996924,5.1455023e-05,4.628379e-09,6.2020445e-05,0.021032777,0.028089091,6.796267e-09,2.4580606e-05,0.999895,4.702776e-05,1.0978995e-08,0.9996977,6.6971184e-09,5.3327934e-05,0.017843548,0.9999695,3.5487723e-05,4.3428114e-05,0.039912492,6.9004386e-08,1.1315068e-08,0.9999715,0.95612884,4.426127e-05,0.030766966,0.018934736,5.2381843e-08,0.032886073,0.04486623,7.560155e-08,0.046528675,4.8904263e-09,0.013281008,6.396203e-09,3.649039e-08,0.026706116,0.041375827,4.342939e-08,1.893241e-08,0.027788911,3.3041716e-09,1.594195e-09,0.99997747,0.00011488713,0.9661936,0.99996126,1.6049931e-08,3.5414278e-08,5.087105e-05,2.2924956e-08,0.99997914,5.8986425e-09,0.99330926,4.4486946e-08,0.027953543,0.0001298285,3.7489328e-05,6.2044346e-05
0.898613139,-0.868479486,1.081043678,1.533180488,0.979971993,0.953240582,-1.51827224,-1.009658969,-1.188005269,1.638913608,1.058191528,1.243097264,-0.267121652,0.293301616,-0.728248424,-2.023342742,1.20330051,0.811985199,0.18482522,-1.722695645,0.810350042,0.0062311823,0.0050250394,0.99644023,1.9883803e-06,4.350403e-06,0.99549097,0.3679602,0.3283324,0.9937928,0.33093697,3.6250137e-06,0.009256155,0.00377703,0.0036312444,0.9949227,2.9205985e-06,0.9900249,0.5993843,0.35575798,1.5176937e-05,0.0043525784,4.83939e-06,0.0015350598,4.7620683e-06,6.54458e-06,0.0028350411,1.0239668e-05,5.394938e-06,0.0029152343,0.3089659,0.9987142,0.99616146,0.0038898787,6.4761484e-06,0.27571392,3.8018043e-06,5.1373627e-06,0.001539092,1.5532327e-06,6.3710777e-06,4.7502253e-06,0.5718918,2.5364194e-05,2.7513995e-06,0.6661427,5.1002967e-06,3.5949313e-06,0.5928097,0.004803391,0.018043693,0.99999404,1.3398226e-06,1.6012471e-05,0.0016309418,1.2048145e-06,4.088339e-06,0.64776945,0.0048462558,0.0061021764,0.9964244,0.3166278,0.40634835,0.9969311,0.36887437,5.533113e-06,0.0016587006,1.5501296e-06,1.4466402e-05,0.9960389,3.1713494e-06,0.9918492,0.6831148,0.4146909,0.004560939,0.44806442,3.3747244e-06,0.58697593,9.677898e-06,6.94834e-06,0.603617,2.4663038e-06,0.0015504343,0.0017140596,1.2028985e-05,3.4750321e-06,0.566196,4.1909902e-06,0.41208133,0.66420734,0.3839074,6.760148e-06,3.6000843e-06,0.6177703,4.029595e-06,4.497437e-06,0.6135326,7.756618e-06,0.001883029,0.6313308,2.2943805e-06,2.669239e-06,0.0021167567,0.44214424,0.0028176028,0.99999344,0.3825363,0.38237745,0.9999958,0.4319156,0.0055905744,0.002058199,3.727713e-06,2.878367e-06,0.999992,0.0051120943,0.9977235,0.6149144,0.2973924,1.5997141e-06,0.4091128,0.4587808,0.9999974,0.0045987484,0.0036752843,0.0021299182,1.2400185e-05,0.44588682,0.67747754,0.42685303,1.1112714e-05,0.99670285,9.584451e-06,0.41689268,0.4615362,0.6872007,7.8557105e-06,0.0046429015,0.6183242,0.3873988,0.004556512,0.39868826,4.6427767e-06,0.34183574,0.6656875,0.44613773,0.005873293,0.0016863178,4.4236763e-06,1.9197338e-05,0.99999213,0.0062585426,0.9981944,0.58477384,0.33787632,3.6507001e-06,0.0049807,0.003896884,0.0014366473,2.9862363e-06,0.36994794,0.6157751,0.45985007,1.0689585e-05,0.9954541,1.7337113e-06,0.32466704,0.3940412,0.61322576,0.0052555674,0.42608565,0.00646206,5.253652e-06,1.2175676e-06,0.57540727,0.99750715,0.0038210554,0.0015980068,0.4138303,3.5134584e-05,0.0016213577,0.0019302901,4.0925597e-06,0.0143243205,1.5661584e-06,0.35056183,1.7183944e-06,4.1363965e-06,0.0021343264,0.0014693008,6.4129863e-06,5.3942235e-06,0.001361328,2.2578445e-06,7.841743e-06,0.5519263,0.0050041503,0.9979869,0.5896754,6.9947196e-06,5.4818925e-06,0.0033509487,4.9790237e-06,0.649567,6.42074e-06,0.6247054,7.27491e-06,0.0015093776,0.006615637,0.44880408,0.003606446
-1.647693348,-0.372489106,-1.083129087,-1.984572583,-1.51400849,-1.47883738,2.263293143,1.82475531,1.686341277,-2.229869117,-1.720288678,-1.481894769,0.708535032,0.205601635,0.755380145,1.901613738,-1.030461184,-0.227227722,0.056604611,0.495688733,-0.162100099,0.00095891877,0.0005068009,0.9997875,7.71781e-09,5.4523177e-08,0.99968517,0.99236745,0.9903522,0.99951696,0.9920311,3.869666e-08,0.00020181034,0.0006727352,0.0011242518,0.9991099,9.189615e-09,0.99993837,0.006616634,0.990906,5.25429e-07,0.0006907053,2.363613e-07,1.8384679e-05,3.5979518e-08,9.3294574e-08,2.7479527e-05,1.5226146e-08,5.7053985e-08,2.1006841e-05,0.9855137,0.99999595,0.99986076,0.00048139037,5.0885788e-08,0.96360105,1.4983227e-08,1.6098587e-08,3.704057e-05,3.0906604e-09,1.8698859e-07,4.8937316e-08,0.012002057,2.5189536e-06,2.0575637e-09,0.005470494,1.011745e-08,8.365947e-09,0.007999092,0.000892815,0.00032582888,0.9999999,2.270256e-08,2.8854942e-07,5.474197e-06,5.424971e-09,6.003925e-08,0.007216262,0.00044715963,0.00033793173,0.99986255,0.99110293,0.992239,0.999764,0.9932334,9.973938e-09,1.1081282e-05,5.2941393e-09,2.9365128e-07,0.9995943,1.0411788e-08,0.9998248,0.008916228,0.9925678,0.00043755438,0.99302787,3.051539e-08,0.008100168,1.3788333e-07,5.9925526e-08,0.0078724,9.642158e-09,3.7200327e-05,2.1588998e-05,1.4341306e-06,9.0003285e-09,0.008644321,4.0443368e-08,0.99411774,0.0100564165,0.9940765,1.2815177e-07,2.9702238e-07,0.010558676,4.999283e-08,4.0349594e-08,0.0109563675,5.471465e-08,4.0844538e-05,0.008806987,3.6086597e-08,1.0611776e-08,1.1349367e-05,0.98559046,0.0005004911,1.0,0.9924816,0.9928958,1.0,0.9913163,0.0008364612,2.3967124e-05,2.8240649e-08,1.7608752e-08,0.9999999,0.0006255017,0.99998903,0.0069374093,0.98980916,3.1622098e-09,0.99082106,0.9916813,1.0,0.0010179412,9.8998826e-05,1.0928989e-05,6.020805e-07,0.99171054,0.009040429,0.9933883,7.755285e-07,0.9998406,5.465166e-07,0.9918573,0.99206334,0.010216111,6.295678e-07,9.353971e-05,0.008107799,0.9892056,0.00088045397,0.97693616,5.0729376e-08,0.9935011,0.005745148,0.9905433,0.0009239611,1.7355644e-05,1.1317312e-08,1.8478099e-06,0.9999999,0.00041254674,0.99999106,0.006124427,0.98987764,9.867243e-08,0.00074664096,0.00012505136,1.1356176e-05,5.1843912e-08,0.99247485,0.0058067534,0.9963716,2.616745e-07,0.99967885,3.5325343e-09,0.9947748,0.98013407,0.009247134,0.00035588126,0.9906825,6.663171e-05,2.6745308e-08,2.9778144e-09,0.007194762,0.999982,0.00028876498,1.3312926e-05,0.9856683,5.5579426e-06,8.082175e-06,2.3363296e-05,1.6809631e-08,0.0002695172,4.921343e-09,0.96045375,1.1610693e-08,1.537715e-08,1.8324605e-05,2.5897027e-05,5.1840846e-08,9.893684e-08,8.97157e-06,3.8121726e-08,5.36408e-06,0.008094323,0.00083360233,0.99997354,0.01061723,1.4588264e-07,4.0786073e-08,0.00034710034,5.614053e-08,0.008390484,7.955288e-08,0.021052927,7.514754e-08,1.940217e-05,0.00095301727,0.99422234,0.0007358347
0.499192514,1.995864958,1.838504146,0.923187484,1.091713981,1.034362647,-1.120333687,-1.380058032,-1.200696289,0.976846202,1.253585041,0.970093848,0.27535071,0.270806937,-0.38543357,-0.443588277,0.019030672,0.569168937,-1.392329302,0.28084079,-0.360494992,0.36533737,0.29654783,0.7368971,2.7024473e-06,1.2084635e-05,0.61131537,0.9509369,0.9322345,0.5804427,0.9487789,3.1237341e-06,0.09119584,0.33999494,0.36639586,0.72657627,8.836449e-06,0.91902614,0.0008376461,0.9556768,2.6676165e-05,0.45136628,4.482836e-05,5.0913764e-05,4.4931503e-06,2.7034012e-05,0.0014175666,1.4222458e-05,1.4634999e-05,0.0020247311,0.91943264,0.99964154,0.99952936,0.39591667,6.225345e-06,0.94215775,2.9518765e-06,4.337337e-06,6.0527178e-05,1.1456166e-06,2.2524298e-05,1.0787982e-05,0.00046326482,2.6940897e-05,3.1336488e-06,0.00047953808,1.1414603e-05,5.7067814e-06,0.00048374163,0.36471236,0.021155238,0.9999944,1.6102156e-06,2.2605898e-05,0.0005416909,1.150694e-06,1.5520938e-05,0.0010569436,0.39467022,0.37521017,0.67806894,0.94404614,0.95601845,0.8019802,0.9351745,1.573261e-05,0.00037679897,1.7399641e-06,4.3276264e-05,0.69182426,6.851435e-06,0.7611921,0.044847492,0.9945972,0.3725555,0.99421614,1.6331664e-05,0.00066115125,6.3743655e-06,1.8043163e-05,0.00037138278,6.04735e-06,2.6421524e-06,0.0011708166,3.8331473e-05,3.910381e-06,0.0004586783,1.1281469e-05,0.99473155,0.06891385,0.9942697,1.222108e-05,1.5082603e-05,0.0005990244,9.515081e-06,9.512504e-06,0.0011325852,5.4419042e-06,4.1805597e-06,0.0006347301,1.9011797e-05,1.4757624e-06,0.0005336766,0.9963601,0.40584314,0.99998724,0.9944722,0.99500823,0.9999819,0.9947825,0.3653226,0.00086980406,7.923056e-06,8.524352e-06,0.99999034,0.3340596,0.99860007,0.0002795748,0.949103,3.0262931e-06,0.99424523,0.9956091,0.9999951,0.2915511,0.00041800912,0.00063738984,5.523156e-05,0.9945857,0.068536684,0.99573624,3.916724e-05,0.6784158,1.9584853e-05,0.9957904,0.99382293,0.06997985,9.840775e-05,0.00016940688,0.0007147663,0.99393904,0.30781066,0.9946898,4.34631e-06,0.94569045,0.00046996213,0.9963683,0.32845497,0.00089948805,7.4141076e-06,7.313709e-05,0.99998593,0.34008685,0.9992537,0.00075412757,0.93883836,7.805051e-06,0.35148922,0.0005525358,0.0007796573,1.10376595e-05,0.996635,0.04529875,0.9971301,5.4583237e-05,0.71747214,1.02250015e-05,0.9448247,0.9590477,0.0013405668,0.3926276,0.9961755,0.09846845,5.9855206e-06,3.1603233e-06,0.00044798345,0.99892586,0.32694352,0.00062270754,0.94484234,8.986861e-05,0.0006355337,5.183233e-06,3.987346e-06,0.012157061,4.4892267e-06,0.9298542,3.54021e-06,5.229748e-06,0.00075989286,2.0505456e-06,9.265806e-06,8.134493e-06,0.00053423387,1.1853749e-05,4.789584e-05,0.00055087934,0.3395895,0.99951875,0.0009862375,1.37750685e-05,1.233762e-05,0.35348687,2.1218046e-05,0.0007686551,1.5431086e-05,0.0011424801,6.429686e-06,0.00033683397,0.41379884,0.99737644,0.41873738
0.87364935,-0.632884056,0.167281844,0.92831848,0.168940709,0.142366053,-0.97194088,-0.311467892,-0.413152693,1.059203587,0.318133291,0.430499337,-0.15726314,0.670541588,0.344115309,-1.39685833,1.802408533,0.592375663,1.26160545,-1.178390478,0.834596101,0.00310365,0.0021929636,0.9872066,1.1953887e-05,1.4693034e-05,0.9961486,0.55579406,0.54802024,0.99644995,0.5374024,1.2062564e-05,0.020385817,0.0023032266,0.0021124503,0.9968876,1.3171373e-05,0.97995126,0.37188137,0.53453,5.781566e-05,0.002520718,4.1766983e-05,0.04048613,1.8235158e-05,2.0942274e-05,0.062818564,1.9247458e-05,2.6870259e-05,0.074475855,0.5718952,0.988902,0.9477431,0.0028295384,2.00045e-05,0.7767349,1.30989965e-05,1.0983834e-05,0.053074393,7.551481e-06,2.777357e-05,2.9872997e-05,0.36343092,4.1572268e-05,1.7573306e-05,0.3840838,1.2222805e-05,8.772693e-06,0.43761382,0.00281636,0.09342128,0.9999871,1.3983933e-05,2.1969281e-05,0.011784716,5.8046485e-06,1.1880334e-05,0.44484624,0.0034937048,0.00461993,0.98631513,0.55560887,0.50370866,0.9898637,0.54006225,1.6978442e-05,0.010262493,1.1283492e-05,6.0680733e-05,0.9907354,1.7039596e-05,0.9773507,0.5283623,0.5791398,0.0037941441,0.57776624,1.5370722e-05,0.47197467,2.592757e-05,3.1701566e-05,0.39021257,9.669391e-06,0.040213473,0.01045559,2.4705207e-05,1.3572455e-05,0.45665538,1.0796854e-05,0.5028551,0.43591627,0.5971475,3.1478008e-05,1.6626493e-05,0.40882018,2.7753133e-05,1.63598e-05,0.4153813,1.4131172e-05,0.03812125,0.41343826,1.0514311e-05,1.47124965e-05,0.014020294,0.5100068,0.0026097936,0.9999851,0.59092563,0.53444463,0.9999882,0.5870822,0.0036919008,0.0131138265,1.2956938e-05,1.0498479e-05,0.99998283,0.0019880836,0.9840954,0.42019293,0.53417635,8.8680135e-06,0.5098291,0.5467426,0.99998116,0.0028343888,0.057319075,0.01638773,3.9016704e-05,0.57477933,0.49737903,0.5798911,3.8951424e-05,0.9882912,4.455551e-05,0.6388329,0.59451836,0.4635712,2.2488433e-05,0.08851374,0.4633626,0.46901336,0.0024173982,0.5544581,2.41306e-05,0.5967861,0.47164965,0.58162045,0.0025060105,0.013045626,1.4264553e-05,6.8339985e-05,0.9999802,0.0035069878,0.9866409,0.40710774,0.52014416,1.3965834e-05,0.002397139,0.072205745,0.01063873,1.0707481e-05,0.51949817,0.4159828,0.6019004,4.4939003e-05,0.9894476,9.987962e-06,0.5532467,0.7896614,0.385626,0.004081364,0.47908798,0.0151223885,9.392612e-06,7.828727e-06,0.4412817,0.9202446,0.0026108539,0.012020618,0.8016634,5.9606642e-05,0.012245531,0.03868333,1.0346665e-05,0.090986855,8.062467e-06,0.5629142,1.40727925e-05,1.3355055e-05,0.012624551,0.03440002,1.4715443e-05,1.4630702e-05,0.009452278,1.3149963e-05,2.8303117e-05,0.35467416,0.002794682,0.9879752,0.45772555,3.160434e-05,1.4754761e-05,0.0019415471,1.0379713e-05,0.41131896,1.8727837e-05,0.4023082,2.00111e-05,0.01199298,0.0029581797,0.5363362,0.0019160012
-1.248272723,-0.124493916,-1.888682283,-1.063331173,-0.305464293,-0.299768573,1.30331332,0.709627601,0.756689874,-1.392094178,-0.729412892,-0.780320672,0.347928867,-0.524695846,-0.49666556,1.309513091,-1.880802596,-0.320465325,-0.096982036,1.858785921,-1.503513856,0.23441777,0.2842961,0.5589488,2.5485974e-06,1.4275576e-05,0.85102797,0.49265394,0.35991815,0.72812986,0.40623236,3.65295e-06,0.08899801,0.22845937,0.34760648,0.83793503,2.6191772e-06,0.96171093,0.011792531,0.37990114,4.6598925e-05,0.33947623,2.5596033e-05,0.0004325465,5.204413e-06,1.0051725e-05,0.033681408,3.6225806e-06,1.0291908e-05,0.030083261,0.37505165,0.9998549,0.9631454,0.24387752,5.1147917e-06,0.6985974,2.5165236e-06,1.5640761e-06,0.0006405309,1.3831719e-06,1.7024196e-05,3.7259213e-06,0.01578974,3.0846793e-05,1.5508807e-06,0.010736925,3.1718755e-06,2.0395576e-06,0.005921336,0.27513894,0.052025497,0.9999895,3.903983e-06,4.873159e-05,0.0003398204,2.3661576e-06,2.0502723e-05,0.017075814,0.23812012,0.24195006,0.6098186,0.33673146,0.46540248,0.4161754,0.26714793,1.7294888e-06,0.00035954633,3.7095836e-06,1.4417042e-05,0.49687368,6.4023907e-06,0.6419893,0.6151132,0.7872968,0.3002206,0.7615906,3.074006e-06,0.01964322,7.3143124e-06,6.625566e-06,0.005313982,4.3752966e-06,0.00038669608,0.00034260785,3.545694e-05,5.5014434e-06,0.012231126,5.2703826e-06,0.7268503,0.65063,0.80914325,9.213457e-06,1.9825236e-05,0.017292444,7.965338e-06,4.0890604e-06,0.015440651,3.9962315e-06,0.0007176706,0.011308576,3.0373064e-06,1.8351953e-06,0.00023664723,0.6439114,0.20433235,0.9999938,0.71381706,0.79665625,0.99999547,0.74192655,0.22109582,0.00061638764,5.4775032e-06,7.4906857e-06,0.99999154,0.3498794,0.99973685,0.011879719,0.3490522,1.2490044e-06,0.8073156,0.8286983,0.9999993,0.26766527,0.0237411,0.0005275393,6.681865e-05,0.7333716,0.5384772,0.78784394,2.180287e-05,0.42666215,4.1482534e-05,0.75903493,0.78592277,0.676529,3.620475e-05,0.021325316,0.0126236295,0.6952358,0.31040272,0.8153596,5.0457247e-06,0.46509176,0.0110328,0.6910374,0.23206024,0.000585933,2.9696537e-06,3.7353864e-05,0.99999285,0.18398897,0.9995776,0.0058688037,0.35827202,7.986568e-06,0.33177182,0.024510484,0.00078569516,9.088722e-06,0.8158999,0.6283938,0.7576659,2.6628075e-05,0.50632954,2.0684936e-06,0.47692886,0.77994674,0.012392092,0.21951501,0.85630006,0.06410016,8.558596e-06,1.0505224e-06,0.008898173,0.9768971,0.21036534,0.0005804606,0.7521084,0.00013269403,0.00027769187,0.000425106,1.0848025e-05,0.053670984,1.0561055e-06,0.45312622,3.0712868e-06,6.736786e-06,0.00035248883,0.0005967598,7.263264e-06,3.9980614e-06,0.00035395264,1.2181669e-05,0.00010896225,0.011314085,0.2920394,0.9996948,0.008669263,3.3562785e-05,2.5862446e-06,0.2858092,1.4053587e-05,0.012307862,4.9393907e-06,0.020862514,4.0791947e-06,0.00059499126,0.26000994,0.8138602,0.27376622
0.499192514,-0.992477081,1.201275498,1.149690639,0.742317273,0.794214367,-1.213913922,-0.777184481,-0.793649744,1.290720975,0.804796581,0.821878183,-1.228032163,-1.089293017,-0.992225962,-1.346831424,0.17545571,-0.68975895,-1.422345988,0.119563183,1.00140858,0.16738522,0.14781679,0.93220603,0.0002637151,0.00041883302,0.8348696,0.8733259,0.86176956,0.839641,0.83560777,0.00022688453,0.07717587,0.14982177,0.15224946,0.855886,0.00031788254,0.91517234,0.038218077,0.86576825,0.0015648595,0.13891162,0.0011897994,0.006119686,0.000345115,0.00068525947,0.013851274,0.0005046769,0.0008053888,0.016192537,0.82982564,0.99215406,0.98927104,0.15517285,0.00045554622,0.79566044,0.00027290266,0.00027107864,0.00584874,9.447415e-05,0.00093105383,0.00067504204,0.044122346,0.0014608038,0.00022988713,0.0388284,0.00037205394,0.00026054887,0.040775362,0.13494614,0.07620568,0.999708,0.00023794544,0.0009497292,0.009522935,0.00012097866,0.00062624103,0.053085633,0.15160856,0.16183472,0.9300251,0.8508081,0.8845104,0.93870705,0.8602716,0.00039067632,0.008201086,0.00022161427,0.0013696345,0.9402764,0.00026988695,0.9296275,0.14486298,0.9462618,0.14418943,0.9381671,0.0004748468,0.053994406,0.00048739483,0.00069206796,0.03920044,0.00031930098,0.0022561518,0.010195481,0.0012663997,0.00027528097,0.045775793,0.00034793123,0.936225,0.13733868,0.9381396,0.0005411111,0.00093412696,0.050499696,0.0004510081,0.0003113437,0.0486285,0.00038472592,0.0021045634,0.05175901,0.00066361984,0.00018340854,0.011168706,0.94826037,0.13770331,0.99943477,0.9414937,0.94784087,0.99934214,0.9364262,0.15140109,0.012476245,0.0004324222,0.000343906,0.99949896,0.14525585,0.98601913,0.037082467,0.861487,0.00021199952,0.9434598,0.95153457,0.99965894,0.14004867,0.008162207,0.010626175,0.0013539355,0.93689746,0.16277166,0.9457552,0.0015056531,0.940358,0.0012661127,0.94791824,0.9448254,0.16124791,0.0015488791,0.009001272,0.04572346,0.9370122,0.1322627,0.9199517,0.00034774953,0.8802555,0.057973675,0.9416901,0.15504242,0.0069547757,0.0003878509,0.0018453054,0.9994636,0.15398255,0.98976994,0.05130135,0.8415908,0.00054279924,0.13910352,0.013562889,0.0083285365,0.00042290558,0.94017017,0.11415947,0.95011866,0.0016504122,0.93556195,0.00029726131,0.8592055,0.8200609,0.046917528,0.18436989,0.9464624,0.067159705,0.00027390048,0.0001798662,0.033544075,0.9889585,0.15439874,0.008600324,0.8163423,0.002347506,0.008946711,0.0026069467,0.00030235763,0.064890474,0.00022652312,0.8019249,0.0002981065,0.00025740077,0.009581402,0.0019732632,0.0005230575,0.0005397612,0.0076963394,0.0005179864,0.0017269604,0.041379184,0.16055512,0.9920393,0.05069763,0.0007031605,0.0004058863,0.13908534,0.0004105496,0.050317425,0.0006954365,0.0814903,0.00040091862,0.0073605627,0.16089807,0.9493712,0.14093705
0.961022612,1.921466401,-0.361738165,0.258578573,0.320786718,0.239134565,-0.360691839,-0.607597526,-0.815958435,0.40911578,0.685450549,0.947288889,1.23864486,1.461314524,0.728915767,0.264021719,0.619805705,1.304189543,0.296326659,-1.3639433,0.114588726,0.033977747,0.018431727,0.97978264,6.1903523e-07,2.8982242e-06,0.96478146,0.9789064,0.9804673,0.9648277,0.9802572,8.230491e-07,0.015507325,0.02577758,0.020939026,0.9749868,1.5788182e-06,0.98712474,0.0024048255,0.9823904,5.4155576e-06,0.029734565,1.4458954e-05,0.00016195775,1.1268911e-06,5.5508876e-06,0.0017823041,2.4796595e-06,2.2473098e-06,0.0015815248,0.9830321,0.9994486,0.99935776,0.03890369,1.3609787e-06,0.9685489,6.3526664e-07,8.39488e-07,0.00019728113,2.1224541e-07,5.591852e-06,3.0543981e-06,0.0018560905,6.801424e-06,8.851949e-07,0.0014199107,9.127724e-07,9.3341527e-07,0.002173436,0.02585936,0.007362103,0.9999994,6.870167e-07,3.6750334e-06,0.0005288548,1.250092e-07,2.48684e-06,0.0027832533,0.03761957,0.031129524,0.9757539,0.98370415,0.9803403,0.9829266,0.9794679,1.8739219e-06,0.0004907725,3.5273086e-07,1.7100641e-05,0.9837016,1.4967081e-06,0.9819328,0.016959295,0.99520916,0.030991856,0.9939918,3.458287e-06,0.0023111855,2.209468e-06,3.6049112e-06,0.0019930967,8.3893656e-07,2.497771e-05,0.00086611597,1.0211057e-05,6.836195e-07,0.0019570217,1.8315882e-06,0.99247414,0.017934058,0.9935709,3.5498044e-06,4.402385e-06,0.0019514405,2.7652095e-06,1.5893069e-06,0.0030872284,1.2712397e-06,3.630474e-05,0.0019401541,2.443154e-06,5.84588e-07,0.0005443227,0.9958045,0.030752331,0.9999981,0.99408203,0.9951794,0.999998,0.99466115,0.046365175,0.0009356478,1.8759317e-06,1.3909897e-06,0.99999833,0.02786348,0.998976,0.0017139585,0.98324424,4.7888057e-07,0.9924711,0.9944883,0.9999982,0.03516877,0.000760687,0.0006772133,1.3033179e-05,0.99361056,0.022781804,0.9947464,1.3661225e-05,0.9745,8.4572575e-06,0.99588037,0.9936848,0.01912409,1.6258005e-05,0.0005040375,0.0026889264,0.9941104,0.022632586,0.98619485,1.4694216e-06,0.9834743,0.0023521641,0.9958896,0.019158544,0.0008392775,9.95518e-07,3.3224205e-05,0.9999974,0.031973183,0.9991241,0.0025312402,0.9828293,1.8485927e-06,0.025866417,0.0008842439,0.0008569885,1.9291076e-06,0.9956917,0.01605193,0.9958567,8.219884e-06,0.9814932,1.2587957e-06,0.9820827,0.973395,0.003021735,0.030444602,0.9938835,0.01279453,8.868646e-07,4.322606e-07,0.0024165497,0.99872524,0.024280988,0.000811456,0.968597,2.1657108e-05,0.0010047848,3.8514645e-05,7.4137006e-07,0.0075733843,7.4115025e-07,0.9584513,9.562142e-07,7.8172064e-07,0.00087583566,1.8194338e-05,2.0871398e-06,1.5683779e-06,0.0005840439,2.5783074e-06,1.2733807e-05,0.0015054711,0.024860034,0.9994697,0.0030378122,4.496905e-06,2.0486261e-06,0.026476515,1.4782189e-06,0.0024480799,2.7975434e-06,0.0058604083,1.6804299e-06,0.00068074506,0.029629167,0.9950334,0.027348772
-0.162347897,-0.136893676,1.297460955,-0.500851467,-0.589781779,-0.528430423,0.199936646,0.279221375,0.558160268,-0.227452472,-0.316420833,-0.651954243,-1.372234182,-1.164038489,0.654744438,0.37529058,0.312881113,-1.816110851,0.66046269,0.274463003,-0.939313716,0.0003259789,0.00034679458,0.9897494,4.7002206e-05,1.9500578e-05,0.99961084,0.00087682466,0.0016380084,0.99971026,0.0019705964,3.8921346e-05,0.18189564,0.00039425152,0.0006943677,0.9996137,4.6122597e-05,0.8240683,0.9969488,0.000980034,0.00011554645,0.000623383,3.5717305e-05,0.9397414,2.1844766e-05,3.2673277e-05,0.920363,0.00013714629,5.0127466e-05,0.92217124,0.0009611232,0.7881487,0.13168606,0.00035894546,5.0932897e-05,0.89982384,3.690553e-05,0.00015410586,0.9417966,6.472181e-05,4.4054676e-05,0.00011829265,0.99691075,2.8931627e-05,0.00010753449,0.997858,7.901958e-05,3.15011e-05,0.99746966,0.00023694638,0.85687643,0.99995375,6.0284492e-05,6.8403686e-05,0.21109925,9.164157e-05,3.9391238e-05,0.99692243,0.00022586276,0.00044914676,0.9904331,0.0024866194,0.0013918914,0.99376196,0.0008912894,9.384796e-05,0.21417978,0.00012576059,7.620044e-05,0.9906887,5.004097e-05,0.87731856,0.99860483,0.0016447125,0.00038069065,0.0018444222,4.727741e-05,0.9953126,3.167047e-05,6.267672e-05,0.9941403,9.670286e-06,0.86903113,0.15835084,1.2018517e-05,6.01632e-05,0.998295,5.1691484e-05,0.0021935971,0.9985545,0.001399423,5.489047e-05,0.00010081018,0.9968976,3.4760884e-05,6.674427e-05,0.99753773,2.4739109e-05,0.8696715,0.9981446,0.00012829181,4.5950153e-05,0.18772385,0.0007868239,0.00044243687,0.9999684,0.0012668648,0.0020361934,0.999925,0.0015502985,0.00048648953,0.20419535,4.4444834e-05,2.5555057e-05,0.99991214,0.00047992606,0.7839516,0.99741,0.0017326089,0.00013430881,0.0008467423,0.0022251415,0.99995434,0.0003066182,0.8527818,0.18236536,0.00015522803,0.0035022418,0.9987804,0.0015936177,7.959077e-05,0.9933149,0.00019727471,0.003779686,0.0014123961,0.99870086,1.860011e-05,0.80325615,0.99755955,0.0015892023,0.00039734435,0.058183588,3.833652e-05,0.0013530292,0.9967314,0.0026005197,0.00042588092,0.21597712,5.985652e-05,0.00010347995,0.99994695,0.0004163601,0.818374,0.99688333,0.0016470607,0.00012932476,0.00036489536,0.85799336,0.20745896,4.692217e-05,0.0027655158,0.9988096,0.001565959,0.00018209816,0.9917361,4.0977848e-05,0.0021911082,0.8202248,0.9974694,0.00026700023,0.0008067111,0.16449785,8.605208e-05,6.478875e-05,0.998516,0.09655653,0.0002107948,0.21654503,0.7771398,5.7977377e-05,0.23978375,0.82301223,2.299541e-05,0.8422891,1.0655326e-05,0.059871223,6.465889e-05,0.00011129613,0.21496283,0.80491596,7.8553916e-05,6.174645e-05,0.2044276,7.725845e-05,9.9571334e-05,0.9976133,0.00014188314,0.8098831,0.99626356,0.00011219033,6.2479434e-05,0.0005159395,1.4621146e-05,0.99719185,3.419279e-05,0.9322218,0.0001308993,0.21582831,0.0005863958,0.0016039801,0.00048454857
0.224590834,-1.538066499,-1.780473644,-1.502578462,-1.631399849,-1.574086715,1.567209389,1.909552838,1.863251663,-1.663876637,-1.978357,-1.876999479,0.442463195,0.313348538,0.850823751,1.215216373,-0.237086258,-0.157300616,-0.363484894,0.350908696,0.911845494,0.0046092616,0.0026045612,0.9961404,1.8681035e-07,8.291824e-07,0.9970085,0.9802412,0.9820696,0.9970995,0.9838958,4.8798256e-07,0.0014228751,0.0039500627,0.0070158634,0.9962831,1.9404614e-07,0.9993825,0.0069246422,0.9789985,8.207148e-06,0.004647838,3.827225e-06,0.00014454297,5.536627e-07,1.0209422e-06,0.0005912884,2.03245e-07,1.2237992e-06,0.00036115426,0.97438383,0.9999609,0.9974425,0.0026178104,8.607903e-07,0.9721557,3.4283934e-07,2.2031023e-07,0.00021373833,5.645687e-08,3.1768554e-06,1.2567948e-06,0.007553144,1.5579099e-05,7.459801e-08,0.0049081836,1.7274499e-07,1.9888475e-07,0.006062603,0.0046401806,0.001793284,0.99999905,4.112111e-07,3.6164363e-06,4.4494962e-05,1.6873692e-07,9.529952e-07,0.0047099884,0.0027557923,0.0018903428,0.9971355,0.98017454,0.98546314,0.99593735,0.98488575,1.777339e-07,7.930598e-05,1.9575522e-07,3.54229e-06,0.9921774,2.5544736e-07,0.9968978,0.01879318,0.9847062,0.002539027,0.9872915,3.957083e-07,0.005394649,1.6317806e-06,9.080164e-07,0.0062201135,2.1402332e-07,0.00022483314,0.00014926786,9.431703e-06,1.9242114e-07,0.0059863087,8.19394e-07,0.98970795,0.025933864,0.9886347,1.790177e-06,3.1407637e-06,0.007559169,7.300252e-07,7.383361e-07,0.009200629,6.2143374e-07,0.00028433462,0.006395201,7.5063366e-07,2.6794942e-07,6.409318e-05,0.97535634,0.0034497918,0.9999994,0.98559386,0.98385864,0.9999993,0.98366284,0.0046563894,0.00012603911,4.389199e-07,2.580489e-07,0.99999833,0.0032012356,0.9999274,0.0041893832,0.9816601,9.915975e-08,0.97828317,0.9871394,0.9999999,0.0037268926,0.0013045216,8.10051e-05,1.1794122e-05,0.9878664,0.017657321,0.98750263,1.002233e-05,0.9960068,7.40233e-06,0.98580176,0.982323,0.024591988,8.917796e-06,0.0013398699,0.0073540164,0.97962373,0.0052167345,0.9691149,7.9889287e-07,0.9875044,0.00404478,0.984511,0.0042403466,9.6571115e-05,2.7139845e-07,1.4302312e-05,0.999998,0.0028660982,0.9999236,0.0037290885,0.98159975,1.7208611e-06,0.0043210224,0.0012208767,9.494206e-05,1.2443973e-06,0.9862321,0.01057379,0.99135286,4.8865872e-06,0.9931859,8.9065786e-08,0.9873748,0.9857649,0.008153128,0.0027654779,0.98247176,0.0005158308,3.979715e-07,7.029066e-08,0.005096877,0.99970776,0.0016596477,9.0387635e-05,0.9901002,3.9711766e-05,6.443852e-05,0.00015598176,3.7119264e-07,0.0013471396,1.2750202e-07,0.9400191,2.5790598e-07,2.539872e-07,0.000110332025,0.00019560604,4.490373e-07,1.3440457e-06,5.781175e-05,8.0429993e-07,4.1059917e-05,0.0051985285,0.003759012,0.9998727,0.0076547754,2.6473206e-06,3.606403e-07,0.003093131,9.3503866e-07,0.0067339293,9.745347e-07,0.015708182,1.4392192e-06,0.00013606151,0.0052416306,0.9894192,0.0051118666
-0.898779676,1.611472413,0.816533674,0.011976574,0.151940139,0.119541407,0.289546466,-0.26254156,-0.28194638,-0.282153796,0.29639983,0.32250769,0.06016738,0.307865317,0.053999224,-0.480112664,0.550620169,0.337404686,-1.146202229,0.265575872,-0.049549308,0.057337567,0.050491646,0.85738206,0.00015713212,0.00041181626,0.9298182,0.5269357,0.4916179,0.9438593,0.52682245,0.00020331219,0.57393456,0.04905215,0.06065424,0.94288486,0.0002703067,0.41989926,0.21505938,0.47757065,0.00053143397,0.05271402,0.0014081494,0.3245561,0.00021160714,0.00036244388,0.508276,0.00034314947,0.00057404133,0.49181834,0.53256196,0.5897357,0.9702814,0.060857844,0.0002017559,0.9206741,0.00017327131,0.0002069293,0.26220015,8.553251e-05,0.00033530378,0.0006007568,0.18920684,0.0004873222,0.00034144556,0.2145766,0.00020684784,0.00017401672,0.17764167,0.06650924,0.112173,0.99987113,0.0005449181,0.00025718316,0.43317702,0.00012837992,0.00025849,0.18142477,0.048811335,0.061581362,0.85914445,0.49551862,0.5391933,0.86064917,0.54487354,0.0005705669,0.38480058,0.00025563862,0.0010897119,0.850339,0.00033722515,0.31137505,0.4981787,0.7179464,0.06720192,0.69541466,0.00039704258,0.1561048,0.00018149804,0.0007422259,0.17475756,0.00020872003,0.013607555,0.42787755,0.000708841,0.00015612015,0.16799946,0.00021849565,0.69968224,0.5144642,0.7330343,0.0008204929,0.00046630815,0.19314557,0.00033832047,0.00021372913,0.18608359,8.758581e-05,0.013979287,0.18927233,0.00037964236,0.00016863683,0.43929613,0.7141339,0.073068455,0.99973804,0.6810114,0.68527275,0.9997383,0.7051521,0.06081052,0.35603857,0.00032033888,0.00035765665,0.9997403,0.0721476,0.5921822,0.1800734,0.45567042,0.0002119512,0.713138,0.75404286,0.9992791,0.0561342,0.04627176,0.4376253,0.0005944953,0.72832793,0.49762926,0.7270948,0.0010069717,0.8857631,0.0015147214,0.6431445,0.70521426,0.50916594,0.00062060653,0.030208537,0.19361721,0.6780841,0.058391336,0.9134567,0.0002671874,0.45668474,0.20635268,0.73260087,0.05672538,0.41688737,0.000181406,0.0015021075,0.99983144,0.06476794,0.5711985,0.18079917,0.5238528,0.0003704228,0.049931668,0.039568063,0.41150782,0.0004547984,0.70090616,0.49908626,0.739031,0.00090623973,0.8752381,0.00022219676,0.47219563,0.5508405,0.18502435,0.046815053,0.7250677,0.57750106,0.00014152183,0.00014462968,0.18281326,0.5081117,0.079725444,0.41843712,0.5881849,0.0012292748,0.42792436,0.011452013,0.00012827627,0.09473919,0.00022754658,0.8372096,0.00028938786,0.00018618636,0.45547366,0.010911119,0.000294274,0.00033726744,0.3988939,0.0005569009,0.0016919489,0.1931963,0.04798034,0.60493237,0.19472131,0.00053077104,0.0001716306,0.046976775,0.00016139461,0.18230292,0.0002781699,0.035878938,0.00030417045,0.36827508,0.041683692,0.64646965,0.06983571
-0.124902214,0.22269935,-0.193413617,0.777326923,0.029913094,0.003161676,-0.645774628,-0.187826032,-0.212740231,0.658102592,0.157628347,0.173537389,-0.337310042,0.371958805,0.289244597,-1.190461954,1.52297088,0.266716797,0.776559158,-0.92140873,0.375305172,0.0024337315,0.0015689266,0.9861318,1.843978e-05,2.0902009e-05,0.99707603,0.18358204,0.1957749,0.99730384,0.1617107,3.180231e-05,0.034551747,0.0021702608,0.0018357052,0.99726427,2.1038179e-05,0.95638525,0.8259288,0.18818684,5.812186e-05,0.0021626626,4.7988513e-05,0.24088602,3.6480174e-05,3.3626344e-05,0.24039769,3.26916e-05,3.648313e-05,0.29426178,0.19949266,0.9512026,0.81935406,0.002797985,2.4351788e-05,0.67656153,2.0414944e-05,2.2276754e-05,0.2775074,1.9160285e-05,2.0510175e-05,3.691204e-05,0.8399279,3.0310475e-05,4.8491736e-05,0.8148426,1.863729e-05,1.6033391e-05,0.86530894,0.0021400037,0.20651977,0.99998355,3.076245e-05,2.3078981e-05,0.04588395,1.602179e-05,2.466006e-05,0.86416304,0.003164703,0.0035633724,0.98536575,0.1669202,0.13609025,0.98749,0.1554549,2.5811345e-05,0.044505235,2.5158057e-05,5.1386516e-05,0.99049157,3.1928357e-05,0.9580062,0.83251,0.15441988,0.0034010895,0.15371197,1.91982e-05,0.85867745,3.4458164e-05,4.752376e-05,0.82176185,1.3858806e-05,0.2090243,0.040828366,2.5774107e-05,2.393054e-05,0.86659503,1.7256618e-05,0.1396678,0.82765615,0.17529525,4.6553974e-05,1.6073747e-05,0.8571344,4.8988695e-05,2.6980773e-05,0.8530439,1.9068812e-05,0.19921747,0.83577955,1.0293832e-05,2.279706e-05,0.044845384,0.14010565,0.0020986232,0.9999831,0.1634061,0.13251168,0.9999858,0.1493201,0.002735672,0.046053033,2.223562e-05,2.29347e-05,0.99997675,0.0013852027,0.94393706,0.85586417,0.16966982,1.8254244e-05,0.13508563,0.13573359,0.9999635,0.0025634542,0.18099886,0.052442525,4.569644e-05,0.15031181,0.8261377,0.15691589,4.1635198e-05,0.9877966,5.3740376e-05,0.16005354,0.15115713,0.83269566,2.2626302e-05,0.2573314,0.8611471,0.12621152,0.0018057293,0.2945943,5.2237818e-05,0.17918861,0.8460152,0.15884441,0.0018892447,0.04981178,1.7678934e-05,8.522565e-05,0.99997044,0.0029595767,0.9577238,0.8557609,0.16266282,2.0670775e-05,0.0019104679,0.22697878,0.046250615,1.8842866e-05,0.13708569,0.8103027,0.16860813,4.934861e-05,0.9881931,1.7607057e-05,0.19240372,0.62895554,0.8463029,0.0028639063,0.110228695,0.0347502,1.443289e-05,1.7878321e-05,0.85987407,0.6820482,0.002149072,0.050733145,0.5800311,5.7538124e-05,0.043139353,0.21058252,2.0964955e-05,0.21539554,1.2708004e-05,0.37337053,2.6318308e-05,2.245588e-05,0.04372658,0.17929472,2.6888996e-05,2.568413e-05,0.04904215,2.1078102e-05,2.7451737e-05,0.8412567,0.0026771075,0.95162976,0.86880046,4.9464044e-05,2.4052899e-05,0.001581004,1.4748064e-05,0.8376548,2.0224867e-05,0.67335176,3.160862e-05,0.04255111,0.0024808107,0.15252294,0.0017852996
-0.748996941,-1.463667942,-0.013065886,0.595793919,0.879742719,0.908760983,-0.329879978,-0.361833759,-0.458264846,0.359321567,0.387462198,0.503156518,-0.498749297,-1.068197606,-1.731024125,-0.692040385,-1.303835013,-0.199498937,0.577509845,0.711030555,-1.250354362,0.0027766558,0.0022398075,0.99163765,3.4524874e-06,6.2568183e-06,0.99750984,0.0806024,0.087540336,0.9978751,0.08282148,7.939e-06,0.046055622,0.0025771202,0.0025523638,0.9965383,3.5901894e-06,0.95393234,0.9423563,0.061067693,9.497249e-06,0.0023649053,8.036781e-06,0.17172419,1.0903806e-05,5.35024e-06,0.20737246,7.3338556e-06,1.0457979e-05,0.20477492,0.08252083,0.9529097,0.8733753,0.0044112713,3.9477723e-06,0.7434775,5.577834e-06,7.475122e-06,0.20737657,2.6954206e-06,4.061792e-06,9.809024e-06,0.9380964,7.5705816e-06,7.755464e-06,0.926865,5.2738565e-06,2.041926e-06,0.9318153,0.001891509,0.11650285,0.9999956,4.861125e-06,7.26598e-06,0.04600088,3.2478872e-06,8.2432225e-06,0.9335512,0.0034761801,0.0035541703,0.9929817,0.08816329,0.068155505,0.99194956,0.07081694,4.2429892e-06,0.05171249,6.240633e-06,6.9945468e-06,0.99264365,4.9972377e-06,0.9478731,0.9073128,0.08845618,0.00282433,0.0662486,2.8249217e-06,0.9305932,5.796611e-06,8.7149065e-06,0.9061481,3.933514e-06,0.13384455,0.049164683,5.1524107e-06,3.7465734e-06,0.9279669,4.6905966e-06,0.0650705,0.8787892,0.0823554,7.824204e-06,2.0666146e-06,0.9201008,9.013524e-06,6.1094847e-06,0.93329775,3.5866237e-06,0.103365906,0.92489815,2.5032916e-06,5.2206083e-06,0.05212403,0.06416558,0.0027639659,0.99999523,0.07767824,0.06992692,0.9999958,0.049494404,0.0024396891,0.054307777,5.6437448e-06,4.903262e-06,0.9999944,0.0015697993,0.95121896,0.9333213,0.078267135,2.3863854e-06,0.050513748,0.07496113,0.9999962,0.002618042,0.1117301,0.04647862,1.09292805e-05,0.069108725,0.9396188,0.08840996,5.564562e-06,0.99299735,1.344389e-05,0.062242072,0.05837333,0.91692847,5.0062295e-06,0.1352098,0.8976399,0.06464121,0.0023262724,0.39288178,1.4296012e-05,0.07903419,0.9098077,0.074750386,0.0026476749,0.037570305,3.1789982e-06,1.4014693e-05,0.9999932,0.0036262344,0.95083296,0.93458056,0.058241934,3.5770588e-06,0.0019770984,0.15924338,0.039686497,4.138914e-06,0.06959879,0.90618175,0.07223477,8.138016e-06,0.99137056,2.0985283e-06,0.08064998,0.70099944,0.92291033,0.0024356723,0.07027191,0.049851518,5.100569e-06,3.2019884e-06,0.9248642,0.80495,0.0026676015,0.05060676,0.6048234,1.6013082e-05,0.04578675,0.11738949,8.430089e-06,0.16299728,2.2121753e-06,0.39822847,5.273741e-06,3.536572e-06,0.054772172,0.107350074,5.7870884e-06,7.632666e-06,0.04286183,3.4545888e-06,6.3103544e-06,0.9275504,0.0041676275,0.96126777,0.91610503,8.052147e-06,4.644105e-06,0.0018442334,3.5989444e-06,0.910304,4.7615417e-06,0.5868281,6.869827e-06,0.0411994,0.003477074,0.053598613,0.0024830608
1.42285271,1.45027554,-0.229483163,0.402793256,0.603676527,0.582940437,-0.631674225,-0.909843366,-0.99670356,0.71187426,1.018740104,1.147118694,0.147201504,-0.026385216,-0.04367381,0.317983864,-0.365920191,-0.004351259,-0.085610117,-0.145041119,-0.131097373,0.015008719,0.007062601,0.9973743,6.483822e-08,3.5993216e-07,0.9856054,0.99007154,0.9912628,0.9870591,0.98987156,8.7503345e-08,0.0035275177,0.009709283,0.00794505,0.9899284,1.5262613e-07,0.99721473,0.0018172235,0.99122334,1.1842739e-06,0.010674631,2.2368988e-06,2.8109578e-05,1.5146409e-07,8.2271083e-07,0.00016478002,2.8763947e-07,2.6541684e-07,0.00016069284,0.9912742,0.99992347,0.99990296,0.015564997,1.6273235e-07,0.9644747,8.159211e-08,9.1606736e-08,3.086683e-05,1.5556989e-08,9.152855e-07,4.1246318e-07,0.0016412188,1.8005355e-06,7.159313e-08,0.0011792639,1.0498217e-07,9.929507e-08,0.0019560878,0.010477715,0.0026837843,0.9999999,6.064359e-08,6.5422626e-07,8.1160426e-05,1.16672565e-08,3.555567e-07,0.0026377297,0.012773407,0.0134854885,0.99742436,0.9913005,0.991791,0.9978345,0.9905261,1.6464651e-07,5.9130056e-05,3.281332e-08,3.117829e-06,0.998099,1.2252141e-07,0.9977851,0.008772182,0.99763167,0.010483752,0.99742043,4.3929262e-07,0.002628037,4.441158e-07,4.88779e-07,0.00198706,9.65672e-08,6.6066564e-06,0.00012165564,2.5745064e-06,8.6832486e-08,0.0018310202,2.0475645e-07,0.99597496,0.009487811,0.9963403,3.8892603e-07,7.4352255e-07,0.0020194463,2.7574652e-07,1.684745e-07,0.0028737902,2.0347966e-07,7.7053555e-06,0.001967137,3.056628e-07,5.5184618e-08,8.9729205e-05,0.99756336,0.00968468,0.99999976,0.99705577,0.9976324,0.99999976,0.9976012,0.018474488,0.00017220435,2.3299107e-07,1.4505608e-07,0.99999976,0.011947682,0.99980265,0.001766099,0.9931666,3.9100787e-08,0.9960765,0.9972465,0.9999999,0.015305312,0.000100374404,0.00010615784,2.0594882e-06,0.996702,0.013964453,0.99739444,2.9199773e-06,0.99708706,1.3314132e-06,0.9980269,0.99750406,0.009270522,2.7848384e-06,9.505747e-05,0.0021593033,0.9967776,0.009908874,0.9889255,1.7755329e-07,0.9932765,0.0024868667,0.9975683,0.008282663,9.693905e-05,9.773738e-08,6.669906e-06,0.99999964,0.013587485,0.99986506,0.0027033815,0.99114406,2.7566946e-07,0.009910198,0.00015096937,0.00010675239,2.0888632e-07,0.9973029,0.00731505,0.9976553,1.3021299e-06,0.99751544,1.1214305e-07,0.9909224,0.97479385,0.00237433,0.013989102,0.9968696,0.0022722085,1.0851256e-07,3.6947153e-08,0.0018732152,0.999879,0.008845733,0.00010814253,0.976115,5.3085487e-06,0.00014719297,9.011641e-06,9.934319e-08,0.0024726973,5.4873297e-08,0.9679069,1.1849977e-07,9.06454e-08,0.00013618988,4.3127293e-06,3.6148154e-07,2.0300129e-07,8.2029626e-05,2.8768525e-07,2.9855216e-06,0.0013144441,0.009524105,0.9999194,0.0027187413,7.352402e-07,2.6165105e-07,0.009191687,1.8699092e-07,0.0025175775,4.1174476e-07,0.008846816,2.276479e-07,0.00012859677,0.015217814,0.99739814,0.008975414
-0.299648737,-0.583285018,-0.385784529,-1.35069669,-0.881097049,-0.874711352,1.24025396,1.034029271,1.100159248,-1.362799818,-1.132968883,-1.23619494,1.133702156,0.867573572,0.99723546,1.634823193,-0.465315388,0.419146926,-0.785615899,0.698752263,1.693478853,0.00052996597,0.00037682394,0.99857783,2.2888656e-07,3.751926e-07,0.99964917,0.24703607,0.29421318,0.99952316,0.26607326,4.474078e-07,0.005180455,0.00035993132,0.00064197445,0.9995478,1.275958e-07,0.9960848,0.7440104,0.25892738,1.945243e-06,0.00048284832,1.6114215e-06,0.0017452011,2.9708556e-07,2.4928516e-07,0.003180211,1.1869424e-06,3.5393012e-07,0.0018870287,0.26734743,0.99919933,0.9966989,0.00038886693,8.380162e-07,0.29393777,4.7523366e-07,7.15667e-07,0.002946035,1.9466262e-07,6.2046786e-07,6.0044573e-07,0.6853131,3.135864e-06,2.2654251e-07,0.6732923,4.339495e-07,2.6690532e-07,0.7064993,0.00045108548,0.0056134053,0.9999994,6.1739973e-07,1.6256607e-06,0.0012846158,2.0910257e-07,4.4675807e-07,0.7314127,0.000294062,0.00014484843,0.9986058,0.29371274,0.34073594,0.99822086,0.28686735,6.57233e-07,0.0013276866,1.1945993e-07,1.6150585e-06,0.9980204,3.7455555e-07,0.9927256,0.6960453,0.26908925,0.00040098705,0.31641236,3.7145364e-07,0.6811658,9.737059e-07,7.9559544e-07,0.7500451,7.606236e-08,0.0016036334,0.0025452964,2.4017443e-06,3.565237e-07,0.6710727,2.0876465e-07,0.27757874,0.7164272,0.2601201,1.935923e-06,6.393961e-07,0.6845776,7.6716475e-07,5.9311594e-07,0.73604476,4.625734e-07,0.002165215,0.7056067,3.869921e-07,3.36341e-07,0.0016330992,0.3028423,0.00039716426,0.9999994,0.26021692,0.27401993,0.9999994,0.29335433,0.00032406457,0.0019619742,3.9626497e-07,2.5106908e-07,0.99999857,0.00048101105,0.9981902,0.7112669,0.2808932,2.6334283e-07,0.25876585,0.2658395,0.99999964,0.00047120042,0.0030951134,0.0009799714,3.0999718e-06,0.27787834,0.70560503,0.27326545,3.8761627e-06,0.9988431,2.280665e-06,0.28730986,0.2503239,0.72960657,1.5943818e-06,0.0027295258,0.7171392,0.27718228,0.00026699336,0.29730168,4.1051126e-07,0.25280887,0.7297677,0.2842417,0.00041132112,0.0017147257,4.939801e-07,3.6339125e-06,0.99999845,0.00065788376,0.9982039,0.7405449,0.31556925,9.897926e-07,0.0004149127,0.0029323127,0.0010345412,3.2403398e-07,0.2652502,0.7445653,0.27681258,2.6820612e-06,0.9985543,8.3765684e-08,0.25639275,0.29726753,0.7579428,0.00033436465,0.29227906,0.0035918308,7.5216644e-07,1.8081882e-07,0.70845455,0.9975222,0.00036818488,0.0017685789,0.29397473,8.0428845e-06,0.0011387803,0.0018479844,2.5624547e-07,0.0051662163,2.432139e-07,0.33686677,2.8819161e-07,6.0017095e-07,0.0016175961,0.002107677,6.624061e-07,5.321608e-07,0.0015108595,8.686534e-07,4.7253884e-06,0.71513575,0.00022774843,0.9985135,0.7106564,1.2391795e-06,8.7933637e-07,0.00047610246,7.2396494e-07,0.7394258,9.425717e-07,0.6848509,1.1677874e-06,0.0013773186,0.0006675205,0.2863597,0.0007544941
-0.49935905,-0.248491511,-0.361738165,0.42360022,-0.047943344,0.057131408,-0.467684812,-0.150857645,0.142969373,0.494644184,0.146343289,-0.190462266,-2.124470173,-1.950041618,-0.464717172,-0.771078379,0.159416245,-2.059961091,-0.097288939,-0.588316531,-0.555091867,0.018951528,0.0146937305,0.8754063,0.00012449372,0.00014770264,0.97399616,0.63254184,0.69476813,0.98131233,0.62128615,0.00015892948,0.03350332,0.024338884,0.014913192,0.97568136,0.00011253985,0.9442475,0.15850076,0.6199293,0.000531832,0.013378529,0.0005740383,0.10745931,0.00016713161,0.00019274764,0.2649264,0.00011604908,0.0002430467,0.31274745,0.66589403,0.9767637,0.74060684,0.03008664,0.00014255455,0.9035427,0.0001031036,8.515254e-05,0.114601,5.0851362e-05,0.00028185075,0.00038605,0.1932356,0.00025874595,0.00023630765,0.15760866,7.63411e-05,5.1047897e-05,0.1984226,0.016674567,0.12782814,0.9999217,0.00037538633,0.00025736936,0.019821106,6.938163e-05,0.00025097493,0.19643071,0.025253031,0.022563584,0.8944693,0.6518352,0.58224237,0.90329814,0.6530704,6.5031396e-05,0.018417766,0.00018555984,0.0003080422,0.92036974,0.00026178118,0.9037369,0.32212436,0.6649246,0.021552708,0.66494584,0.00011668156,0.1839758,0.00018480026,0.00025053718,0.16738428,9.11674e-05,0.11010442,0.020123493,0.00019860225,9.589562e-05,0.17679657,9.1161055e-05,0.61772835,0.3178689,0.66109,0.00027629247,0.00022775972,0.20184487,0.00035354795,0.0001595105,0.15116647,7.1038776e-05,0.09558551,0.19254564,0.000106087,0.00013239095,0.019933162,0.67249906,0.019556215,0.99990416,0.673632,0.6885443,0.9998611,0.6737774,0.022031069,0.024603704,0.00015499108,0.00011161785,0.99986935,0.012094009,0.97747153,0.18087722,0.6546861,7.867146e-05,0.616226,0.64432174,0.9998306,0.020552943,0.26910076,0.019477505,0.00048729478,0.6209819,0.42184427,0.71259457,0.00042282656,0.9131915,0.0006361991,0.696512,0.6745859,0.31598666,0.00030137596,0.31410357,0.17702422,0.69458294,0.013144841,0.63773143,0.00032534802,0.624965,0.19169243,0.6703329,0.018663352,0.018053332,7.358903e-05,0.0007548854,0.9998318,0.019828437,0.97897345,0.22378138,0.62395877,0.0002052367,0.013220035,0.3257441,0.018881083,0.00018384276,0.63989526,0.332471,0.67168295,0.000470734,0.9080483,7.566866e-05,0.6363622,0.8870029,0.16853827,0.024032764,0.6367226,0.045598496,8.940798e-05,0.000111706126,0.20141804,0.6388603,0.018505327,0.022493076,0.86756647,0.000566027,0.021726558,0.11610582,0.0001264841,0.1677691,6.0754846e-05,0.64384466,0.00023132905,7.283711e-05,0.024263056,0.09352981,0.00014856001,0.00021570247,0.021801643,0.00019647506,0.000502364,0.1575572,0.02056686,0.97658825,0.16817842,0.00041517208,8.406816e-05,0.013000162,8.808955e-05,0.15679277,0.00014462526,0.22497334,0.00022424142,0.019636737,0.021200217,0.6649265,0.01773669
-0.124902214,-0.496486701,-0.602201806,-0.082724427,-0.66588755,-0.721415504,0.300280393,0.811070811,0.708813682,-0.323028033,-0.866385212,-0.752626932,0.366577926,1.183383373,0.739283301,-0.958668458,1.833438725,0.962398309,0.380222177,0.466498194,-0.665245485,0.029604858,0.021113092,0.9295239,9.7247554e-05,0.00019220184,0.9688898,0.9099323,0.92699015,0.97482216,0.9142564,8.6850094e-05,0.026044812,0.032466155,0.029576287,0.9721915,9.168964e-05,0.9756344,0.031595957,0.90719026,0.00071083324,0.027621541,0.0007154792,0.016887333,0.00012216387,0.00018724725,0.052917354,8.8801804e-05,0.00030666526,0.04871923,0.9092186,0.99360573,0.91719115,0.023344833,0.00019500325,0.94691646,0.00011062162,6.8723806e-05,0.016927557,2.7626647e-05,0.0004077544,0.00045860067,0.039433636,0.000761525,9.140627e-05,0.025875874,6.378204e-05,6.262265e-05,0.036152545,0.031282946,0.038234636,0.9998841,0.00024629998,0.00035889208,0.005771558,5.4901786e-05,0.00020054185,0.027555304,0.025755009,0.02555006,0.9257493,0.9199974,0.90906525,0.93647146,0.9233491,6.501707e-05,0.006789813,0.00010036082,0.0004916551,0.91983294,0.00014022597,0.9340026,0.0910146,0.9202145,0.027393304,0.92094755,0.00012088273,0.03117311,0.00020109676,0.00022084395,0.026519142,7.102699e-05,0.017349087,0.0073363194,0.00046053348,7.778635e-05,0.031358853,0.00012961043,0.92912954,0.081921026,0.9346481,0.00036800644,0.00042717776,0.034484297,0.00019749002,0.00014130662,0.030714206,9.8751145e-05,0.018229235,0.035096306,0.00017031566,0.00012280812,0.005502188,0.9189051,0.028066112,0.999876,0.93693334,0.92729294,0.9998373,0.9196405,0.029253397,0.008204799,0.00014862914,9.294771e-05,0.99978286,0.021107337,0.9944958,0.028483734,0.9144112,5.505629e-05,0.9047302,0.9415142,0.9998698,0.022536458,0.058684956,0.007618455,0.0009110086,0.93756557,0.08466962,0.9361249,0.0008756424,0.93910176,0.0008701,0.93231225,0.9164487,0.083147965,0.0006721814,0.069005355,0.033343863,0.9153695,0.028699901,0.8741379,0.00021656985,0.92721206,0.031031456,0.93401986,0.030901473,0.005395555,8.172995e-05,0.0010225261,0.9997843,0.027353061,0.99349314,0.025036773,0.9102889,0.00029425242,0.022736322,0.069073275,0.00698719,0.00026053,0.92212725,0.06394554,0.93385726,0.000636344,0.9246591,5.0570205e-05,0.92162097,0.95547456,0.03158213,0.027886312,0.9144035,0.020522723,7.796942e-05,5.706197e-05,0.03225062,0.95489955,0.023000514,0.008656961,0.95548296,0.0012398261,0.006837425,0.015765904,8.910743e-05,0.040127333,5.793272e-05,0.8349398,0.00014512078,5.9797138e-05,0.007973434,0.016844835,9.652434e-05,0.00025172142,0.005732562,0.00022280645,0.0013217051,0.026798835,0.030117854,0.99215454,0.032384098,0.00042647182,7.342941e-05,0.027398359,0.00011119005,0.032934356,0.00017122082,0.05696085,0.00025426812,0.008744776,0.02743007,0.93352497,0.032475743
-0.674105574,-0.744481891,-0.56613226,0.54085833,0.152608278,0.049409017,-0.067786117,0.222615135,-0.052331413,0.076749312,-0.246503099,0.064813668,0.646333318,1.138117486,-0.527380044,-1.704408844,1.148730995,1.704711408,-0.980310354,-0.784074399,-1.498827285,0.018309126,0.015626015,0.8746779,7.076913e-05,0.00011812154,0.976654,0.77746946,0.7930252,0.9777206,0.7715082,7.2752e-05,0.0295855,0.021579372,0.014593875,0.9785377,6.214169e-05,0.96832037,0.06484626,0.74542904,0.0004551636,0.014898488,0.00045246613,0.034661938,9.599077e-05,0.00014157259,0.15592341,6.929812e-05,0.00017298837,0.15650913,0.7631843,0.9911998,0.8155311,0.025627034,0.00010074129,0.92625237,6.633747e-05,4.7105226e-05,0.037507888,2.833609e-05,0.00023122829,0.00028168122,0.0818578,0.0002960491,0.000131527,0.055791996,5.0242517e-05,3.2668853e-05,0.067229144,0.016972672,0.07477209,0.9999337,0.00018976862,0.00020238612,0.008294265,3.6872494e-05,0.00015052564,0.06874286,0.02432159,0.022139454,0.8843043,0.79046303,0.7481688,0.8818343,0.7901381,4.3737957e-05,0.008679497,8.821278e-05,0.00023829234,0.8948125,0.00015911052,0.8945182,0.20916978,0.80090994,0.021110822,0.7844166,6.494129e-05,0.06869713,0.00011834861,0.00013700381,0.057372652,5.610647e-05,0.043762222,0.008386075,0.00017444567,5.9541366e-05,0.071770504,6.598138e-05,0.774914,0.20184778,0.794223,0.00024903798,0.00016828971,0.07116025,0.0002238443,0.00011526044,0.057644803,4.922176e-05,0.040397167,0.078052275,8.338361e-05,9.165275e-05,0.0068545104,0.7756973,0.019990627,0.9999281,0.79502124,0.8097088,0.9998994,0.7596317,0.020639356,0.01085778,0.000113022725,6.966465e-05,0.9998946,0.011933595,0.99040246,0.07128485,0.75220597,3.8448627e-05,0.7515491,0.79885477,0.9998957,0.020784594,0.1911984,0.007370297,0.00051907945,0.79343456,0.25558493,0.8143668,0.00033865677,0.90195256,0.00044661964,0.7853518,0.7847245,0.19678478,0.0002670191,0.21492243,0.06428203,0.79090536,0.01550677,0.7014414,0.00022197506,0.7535483,0.07743763,0.808488,0.01848613,0.007701082,5.0029044e-05,0.0005452179,0.99986327,0.018797345,0.9907404,0.06819509,0.76757157,0.00013859171,0.013129449,0.21565467,0.0084332805,0.00014177359,0.7880658,0.20293218,0.78519493,0.00032423888,0.88275117,3.5252622e-05,0.75479585,0.92973226,0.061520133,0.020848345,0.77962273,0.028311476,6.335196e-05,5.842388e-05,0.08336601,0.82799333,0.01629293,0.010188972,0.92812264,0.00053950923,0.009267243,0.04212789,7.313618e-05,0.08292497,3.5331508e-05,0.7020436,0.00014213567,5.05487e-05,0.010459409,0.040766183,9.695459e-05,0.00014685777,0.008416116,0.00015097094,0.00042729505,0.06497801,0.020012764,0.9917772,0.068680935,0.0003269609,4.9946575e-05,0.013296803,7.2974835e-05,0.065859966,9.797124e-05,0.108426794,0.0001557174,0.008345958,0.01715818,0.78767,0.019357665
0.374373568,2.070263515,-0.602201806,-1.671277488,-0.989171652,-0.955394133,1.15685144,0.411657752,0.653237707,-1.222176119,-0.394630881,-0.651411538,0.492415522,0.246854478,1.479133078,2.175764158,-0.487696497,-0.632811333,1.076018955,-0.17808497,0.790422668,0.00059610716,0.00027058544,0.9878083,4.277144e-06,8.414908e-06,0.9994678,0.20524019,0.18791425,0.9994746,0.21067734,7.573889e-06,0.02169004,0.00031914882,0.0005886043,0.999443,5.9731697e-06,0.97194856,0.6928037,0.2450509,2.2832699e-05,0.0005733204,2.6843365e-05,0.4099392,6.4557253e-06,1.2011893e-05,0.5220745,1.9358497e-05,1.2531e-05,0.49568102,0.26146337,0.96857667,0.6680431,0.00080964604,8.205426e-06,0.8678702,7.186303e-06,8.9256655e-06,0.47889215,5.587076e-06,8.592488e-06,1.3127684e-05,0.6882375,7.960432e-06,1.7405584e-05,0.64503336,6.454143e-06,7.0586752e-06,0.75571793,0.00040782304,0.36466184,0.99999416,1.6878446e-05,4.5458273e-06,0.03733643,5.90509e-06,5.0272515e-06,0.755215,0.0004516696,0.00041845944,0.9814461,0.25257847,0.180059,0.9853747,0.2280889,1.1339197e-05,0.03815711,6.62561e-06,3.1368032e-05,0.9895285,1.0802302e-05,0.9655108,0.802586,0.2117402,0.00040685633,0.21153547,9.359412e-06,0.7188449,1.1208247e-05,1.6053955e-05,0.7514719,1.9515699e-06,0.29244772,0.043836452,1.1285471e-05,9.333714e-06,0.7657692,3.5492355e-06,0.18997063,0.78746027,0.2109027,2.4474435e-05,9.8015435e-06,0.7276992,1.6397475e-05,9.636666e-06,0.7124182,4.9585055e-06,0.32249758,0.6802274,4.446711e-06,8.279125e-06,0.0415808,0.17922871,0.00049475906,0.99999464,0.21860367,0.18620077,0.9999945,0.22962362,0.00068083784,0.048536416,7.5419875e-06,7.651411e-06,0.9999933,0.00048390764,0.9510504,0.6618106,0.23102123,8.9780915e-06,0.18679595,0.2052747,0.9999864,0.0006616914,0.36331,0.046170857,1.3850363e-05,0.1690526,0.79478073,0.17850384,2.8554025e-05,0.98552346,3.0589297e-05,0.21522297,0.2473311,0.7641534,1.0405055e-05,0.4312744,0.7564713,0.18264167,0.000413066,0.22081016,9.756351e-06,0.22604525,0.75465316,0.16737469,0.00035954238,0.04170823,8.845799e-06,6.4167914e-05,0.99999046,0.00067117513,0.95279735,0.7062185,0.21649331,1.32825535e-05,0.00039390835,0.3697459,0.041740354,8.628322e-06,0.21539335,0.71493536,0.18638878,2.9834166e-05,0.9853616,5.0329168e-06,0.17959967,0.8385552,0.7243185,0.0005301726,0.17652898,0.026492005,6.9809926e-06,7.669718e-06,0.7354561,0.4823919,0.00032784362,0.032864977,0.8347561,2.0588463e-05,0.041651458,0.2973179,3.3769263e-06,0.30159232,3.6797192e-06,0.31942087,7.0231545e-06,8.916401e-06,0.051346403,0.35831264,1.273025e-05,1.0723954e-05,0.0342455,2.3249255e-05,3.3502474e-05,0.65465164,0.00039282368,0.9588913,0.7555241,2.3787285e-05,1.26463465e-05,0.00032779298,2.9079085e-06,0.7043665,8.203689e-06,0.65364164,1.4789134e-05,0.032335658,0.00034231093,0.22456448,0.0004726737
-1.934776923,0.991484438,0.576070033,-0.730226953,-0.587792092,-0.538634779,1.238800989,0.691881431,0.616748961,-1.219479317,-0.607349707,-0.474158098,-0.535777224,-0.370451432,0.124353885,-0.184380592,0.306822025,-0.52511267,-1.134133532,0.238837671,0.238294001,9.392253e-05,4.7086323e-05,0.998898,1.7718754e-06,2.4663298e-06,0.9998944,0.019091956,0.02065609,0.999913,0.023240665,2.3222717e-06,0.01050724,8.032266e-05,0.0001494225,0.9998845,1.4185503e-06,0.9893036,0.9832503,0.018711984,1.1116857e-05,9.1127506e-05,5.7633943e-06,0.33009407,2.1696073e-06,2.8520888e-06,0.27492094,1.49243415e-05,3.1375662e-06,0.27580553,0.021841785,0.9889682,0.78610617,0.00012349922,4.4181616e-06,0.4875115,4.3854893e-06,7.44571e-06,0.4114163,2.9568325e-06,2.0419866e-06,4.2881716e-06,0.98439413,3.5277499e-06,5.4004777e-06,0.9863027,3.1234658e-06,2.4254616e-06,0.9873827,7.571911e-05,0.34691373,0.99999654,6.208856e-06,3.6783013e-06,0.010367413,3.9414563e-06,2.5822715e-06,0.98840135,6.532158e-05,7.2271156e-05,0.99847704,0.027148312,0.021325743,0.9990847,0.01970504,7.3856822e-06,0.015057743,2.6798675e-06,8.343135e-06,0.9988894,4.782421e-06,0.9935313,0.97591895,0.019838672,0.000109829525,0.019546626,3.15841e-06,0.9830645,4.2710135e-06,4.7931144e-06,0.983881,4.4070418e-07,0.36682066,0.0150309475,2.9140438e-06,2.7012723e-06,0.98976994,1.4712178e-06,0.018899221,0.9804246,0.0198794,9.024516e-06,3.0493452e-06,0.98630106,4.2867896e-06,2.9751304e-06,0.986661,1.9841316e-06,0.31415182,0.9855735,1.7994026e-06,2.6879354e-06,0.018466767,0.016054738,9.27861e-05,0.999997,0.02143312,0.026653744,0.999997,0.019187925,0.00011830506,0.018914456,3.5531134e-06,2.196958e-06,0.99999607,0.000118682685,0.9815564,0.98108095,0.022045923,4.4747153e-06,0.01792322,0.02003823,0.99999595,0.0001096026,0.20712042,0.013191774,5.819897e-06,0.018703569,0.97644275,0.021777576,9.392119e-06,0.9992505,6.9639696e-06,0.031950854,0.021796305,0.97965884,1.6428309e-06,0.20891596,0.9848807,0.01841323,4.8406997e-05,0.06697054,2.9298378e-06,0.01901877,0.98879004,0.022825763,8.567985e-05,0.016218971,4.6007895e-06,2.1199196e-05,0.99999464,8.2747785e-05,0.985067,0.98815084,0.024691086,5.3387257e-06,7.5072254e-05,0.235976,0.011079446,2.0351588e-06,0.03404774,0.97670126,0.021783173,1.3828651e-05,0.99908435,1.1619729e-06,0.018859794,0.49790892,0.98523766,0.000119479344,0.017604496,0.012821692,3.2115913e-06,3.2622163e-06,0.98690885,0.7121482,6.562922e-05,0.014490221,0.4629358,7.5628896e-06,0.011802565,0.36702567,9.537462e-07,0.33417186,1.3310146e-06,0.07306858,2.6431453e-06,4.507747e-06,0.018295096,0.35191235,4.872938e-06,3.289891e-06,0.014331741,7.2779426e-06,9.046005e-06,0.98120844,4.7790265e-05,0.9839184,0.9858262,9.3075905e-06,5.400472e-06,9.062843e-05,1.0970506e-06,0.98596245,3.619148e-06,0.96728915,6.235808e-06,0.009487578,8.4013176e-05,0.021388553,0.00011859273
0.436783041,-0.248491511,-1.479894094,0.477198541,1.240982226,1.262296763,-0.593741648,-1.094197279,-1.221163406,0.657764981,1.174560539,1.334712482,0.537644889,-0.467003005,-1.190356903,0.799060153,-2.150913025,0.185563374,0.560914034,-0.210995836,0.731864389,1.4641672e-05,7.6530305e-06,0.9999008,9.206782e-11,1.4306464e-10,0.99999535,4.4119806e-06,4.1882295e-06,0.9999914,3.5917576e-06,9.630299e-10,0.044045188,4.3252717e-06,8.046704e-06,0.99999213,1.709212e-10,0.94977045,0.9999993,1.6007624e-06,2.8165953e-10,1.9528232e-05,5.1011074e-11,0.20759347,2.333211e-09,3.231892e-10,0.24085349,1.4479336e-09,2.5211033e-10,0.218866,4.153889e-06,0.96102077,0.8800085,8.059023e-06,4.1666218e-10,0.11654375,9.687188e-10,2.7916625e-09,0.20896344,7.5250167e-10,6.281594e-11,1.632516e-10,0.9999969,3.326657e-10,1.7784326e-09,0.9999975,1.0432277e-09,3.7456438e-10,0.99999714,7.684185e-06,0.15526164,1.0,6.020165e-11,5.051257e-10,0.037620813,5.40184e-10,3.0089287e-10,0.9999981,9.442178e-06,1.3647044e-05,0.99992096,3.1397963e-06,4.8512143e-06,0.9998826,2.4943315e-06,8.8968244e-10,0.03821762,5.153685e-10,1.4191935e-10,0.99978036,5.931188e-10,0.9551729,0.9999956,3.3200286e-06,8.221876e-06,3.3888823e-06,5.572077e-11,0.99999547,7.19498e-10,3.714284e-10,0.99999547,2.0749384e-10,0.13098907,0.044170547,7.087645e-11,7.738162e-10,0.99999714,9.164597e-10,2.7458161e-06,0.9999957,2.5706643e-06,4.4697832e-10,2.7165134e-12,0.999995,5.6067917e-10,7.5873346e-10,0.9999987,6.7299344e-10,0.14461988,0.99999607,1.8426913e-11,7.1786954e-10,0.039479535,3.282764e-06,5.962186e-06,1.0,2.3275686e-06,1.3046607e-06,1.0,1.3344667e-06,6.281103e-06,0.040628236,2.2663427e-10,5.446523e-10,1.0,3.6013719e-06,0.9542709,0.9999981,3.310269e-06,1.964947e-10,9.0606227e-07,3.5007542e-06,1.0,4.8504926e-06,0.10774744,0.042716436,5.998093e-10,3.819557e-06,0.9999964,3.984617e-06,7.4087715e-11,0.9998791,2.3561292e-10,1.4323468e-06,1.979016e-06,0.99999833,6.719772e-11,0.11556189,0.9999981,1.7939384e-06,9.656141e-06,0.006133571,1.6093544e-09,6.550631e-06,0.9999945,3.7484244e-06,7.745139e-06,0.039289832,4.4215692e-10,2.5670496e-10,1.0,2.3543927e-05,0.95754945,0.99999547,2.972728e-06,6.2107916e-11,9.010979e-06,0.08809494,0.03541096,1.3082804e-10,1.7990182e-06,0.9999895,4.502338e-06,2.539239e-10,0.99974793,1.4629371e-10,4.5714337e-06,0.050604895,0.99999666,4.8167317e-06,3.120905e-06,0.049407575,1.0314908e-09,3.9191317e-10,0.9999963,0.78195655,5.757505e-06,0.03803909,0.05918308,8.261903e-10,0.045925763,0.13095091,2.3181423e-09,0.13413505,8.481474e-11,0.008110216,1.323399e-10,9.846722e-10,0.04190624,0.12704271,6.6511474e-10,3.1305578e-10,0.033485945,5.985838e-11,1.7051244e-11,0.9999969,1.7245531e-05,0.9595137,0.99999547,4.1696988e-10,5.5138266e-10,6.52602e-06,6.258695e-10,0.9999976,9.523872e-11,0.9928848,8.697926e-10,0.042518184,2.7394883e-05,2.3978926e-06,8.701112e-06
-0.686587468,1.561873375,0.840580038,-0.935905885,-1.087635916,-1.086193291,0.860189562,0.614915091,0.914724947,-0.949513563,-0.664305839,-1.014018192,-0.764661958,-0.087106461,1.26710514,0.011746503,1.408253407,-0.902271905,0.286624053,0.600690013,-1.464641885,1.9862062e-05,1.6182426e-05,0.9808132,1.1693734e-06,2.6441035e-06,0.9999763,0.0043985904,0.0040069977,0.9999807,0.005443838,3.009012e-06,0.030597577,1.19779415e-05,5.2195195e-05,0.9999738,1.0525602e-06,0.9751232,0.9718151,0.003417224,9.767392e-06,4.081724e-05,4.7207313e-06,0.96481633,1.2593913e-06,3.997104e-06,0.9859409,8.4548865e-06,4.2893903e-06,0.98626417,0.002935235,0.96368563,0.014869229,3.3619228e-05,2.3725363e-06,0.9919809,2.5235267e-06,7.05379e-06,0.9685509,2.3527155e-06,1.3311669e-06,6.6989746e-06,0.9719792,1.1549167e-06,1.1947619e-05,0.9783312,2.571498e-06,1.2478139e-06,0.9811002,2.0954461e-05,0.9212718,0.9999975,4.1053895e-06,1.6960472e-06,0.04417966,5.954026e-06,1.8355191e-06,0.9775128,1.7379245e-05,3.5972822e-05,0.9748029,0.0057527036,0.0034566233,0.9873776,0.004344766,4.886014e-06,0.055952452,5.0600847e-06,4.119398e-06,0.9844141,4.184229e-06,0.92445755,0.9958633,0.0028836231,1.7525892e-05,0.0037219087,3.3201488e-06,0.97396255,2.7360245e-06,4.244207e-06,0.9664288,3.8839156e-07,0.95882976,0.054046698,7.73498e-07,1.8041795e-06,0.9810637,1.7053146e-06,0.004028546,0.99755245,0.0033740795,6.62676e-06,2.1502692e-06,0.9776424,1.923855e-06,3.24637e-06,0.9768446,7.347706e-07,0.9392058,0.98080164,2.6271323e-06,2.3435364e-06,0.050893776,0.0017156653,2.6512505e-05,0.99999857,0.0033255527,0.0047921394,0.99999774,0.004432467,4.798032e-05,0.07356545,2.060514e-06,1.5985262e-06,0.999998,2.3016144e-05,0.9559383,0.97431684,0.005048876,5.6813515e-06,0.0019851292,0.0034204342,0.99999666,2.6632062e-05,0.98036826,0.048031136,6.077402e-06,0.0040077535,0.9929333,0.0029921301,5.955145e-06,0.984297,1.0059684e-05,0.007847843,0.0032359755,0.995826,9.726609e-07,0.9766975,0.9768708,0.0028056616,2.03371e-05,0.033236045,3.6758152e-06,0.003700735,0.97551423,0.005342843,1.4278e-05,0.053112555,1.3868583e-06,1.4436303e-05,0.9999958,2.1482057e-05,0.9470874,0.9761681,0.0043371916,5.098089e-06,2.114589e-05,0.97993636,0.05780052,3.5263877e-06,0.007074854,0.99523073,0.003611393,1.5470132e-05,0.9866355,2.2355744e-06,0.004152056,0.989792,0.97445923,2.1332518e-05,0.0022226993,0.025169773,2.8778481e-06,3.9002207e-06,0.9726073,0.01333199,1.2497036e-05,0.05055348,0.98576653,3.4600685e-06,0.055214755,0.9591247,7.3670293e-07,0.90798056,7.945173e-07,0.064781465,1.8821282e-06,4.0934265e-06,0.061317466,0.9481744,5.3135623e-06,5.0932586e-06,0.05573504,6.649341e-06,9.818674e-06,0.9768926,1.01110445e-05,0.9488324,0.977571,7.522994e-06,3.889427e-06,2.1542024e-05,4.5072255e-07,0.97444487,1.4161793e-06,0.8792316,7.643541e-06,0.043648914,1.6825412e-05,0.0046591284,2.8541202e-05
-1.497910614,-0.062495119,-0.121274525,-0.896343845,-0.845767092,-0.814982118,1.263075339,1.095878067,0.87222309,-1.112972563,-0.926004619,-0.575134579,-0.144189706,-0.155175687,0.088699106,0.133258574,-0.039334012,-0.242993304,0.009935035,-0.014589045,-0.303527855,0.0015030389,0.0011900732,0.9992842,2.7597142e-07,9.2342447e-07,0.99932563,0.90560085,0.8946715,0.9991571,0.8929997,7.142072e-07,0.0018216522,0.0014168526,0.0018377283,0.9980867,2.2156644e-07,0.9988545,0.111253604,0.8963154,4.8589004e-06,0.0010328774,3.8203293e-06,0.0004278241,5.5445156e-07,8.6498636e-07,0.0004536365,8.736731e-07,9.3517417e-07,0.00036696089,0.88357544,0.9998406,0.9990821,0.0011209229,1.3297965e-06,0.7836923,5.4458536e-07,7.094891e-07,0.00056780444,1.12493105e-07,1.4529271e-06,1.1160271e-06,0.11639883,1.3421767e-05,1.372693e-07,0.11174536,3.581042e-07,2.7675551e-07,0.119585976,0.0016216125,0.0016826037,0.9999989,8.4152083e-07,4.41055e-06,0.00021681759,1.9452158e-07,1.1461685e-06,0.12578146,0.0010147812,0.000540279,0.99940467,0.8987455,0.9061662,0.9991179,0.90955395,5.06121e-07,0.00028148122,1.6923165e-07,3.5905591e-06,0.9986395,3.8674602e-07,0.9979552,0.09817866,0.8922442,0.0008176177,0.90416753,8.1754257e-07,0.113696106,1.7850998e-06,1.3113067e-06,0.11910564,2.0883213e-07,0.00036134486,0.0005094444,8.100601e-06,2.918366e-07,0.10950618,4.679846e-07,0.90559787,0.11478685,0.8983446,2.5072818e-06,2.7940587e-06,0.1215267,9.3718836e-07,6.2816326e-07,0.13771783,9.059681e-07,0.00040899278,0.11620002,7.996247e-07,3.7077376e-07,0.000380424,0.8962767,0.0010253233,0.9999987,0.8921046,0.90003955,0.9999993,0.89444447,0.0010346323,0.00046685006,7.610893e-07,4.2277068e-07,0.9999982,0.0012525218,0.9997008,0.12652631,0.9061398,1.948595e-07,0.89998585,0.87737733,0.99999964,0.0015959403,0.0006958767,0.00021866633,5.349791e-06,0.8902392,0.1042456,0.90973544,8.8590195e-06,0.9994241,6.9819107e-06,0.8901058,0.8920535,0.09469808,4.6248347e-06,0.00054669316,0.11732231,0.8897359,0.000998952,0.8579993,8.4838626e-07,0.89864445,0.1098314,0.88568985,0.0017854602,0.00040085637,4.020579e-07,1.2109959e-05,0.99999785,0.001040885,0.99973816,0.13696183,0.88961107,1.6101833e-06,0.0012835499,0.0008238185,0.00023560798,8.172697e-07,0.9019688,0.10981361,0.9208494,4.531116e-06,0.99919075,1.1960425e-07,0.9109797,0.8019904,0.1234968,0.00095767895,0.9087247,0.0011120347,7.314489e-07,1.3156203e-07,0.100647725,0.9996182,0.001133528,0.00038090083,0.80943227,2.8331227e-05,0.0002494736,0.00034145647,4.4919406e-07,0.0017993579,2.9038242e-07,0.84240377,4.003896e-07,4.5342574e-07,0.00030765714,0.00036835426,8.6627665e-07,1.7080978e-06,0.00032687924,9.2251435e-07,2.1596697e-05,0.11936169,0.0011644873,0.99959654,0.1130615,2.0722728e-06,1.0040707e-06,0.0011326612,8.72267e-07,0.12491868,1.3905109e-06,0.17532247,1.4933205e-06,0.000432801,0.0016701602,0.90079224,0.0015242754
-2.059595868,0.619491654,-1.443824548,-0.941408305,-1.073892844,-1.061718325,1.526692187,1.457860016,1.22297892,-1.631205269,-1.481778579,-1.20203661,0.970282409,1.096120997,0.699867783,0.458086553,0.378754983,0.881931801,-0.231266324,-0.534252317,1.902004648,0.0017334668,0.00069590926,0.9968219,4.5003534e-07,1.6188395e-06,0.998733,0.89906865,0.9021896,0.99855417,0.8964294,9.669766e-07,0.0019482985,0.0017914531,0.001740697,0.9983607,4.00011e-07,0.99893147,0.04741169,0.88721067,8.419154e-06,0.0012165485,5.6259737e-06,0.00081632345,8.2732464e-07,1.8966078e-06,0.0018675596,1.1009012e-06,1.121524e-06,0.0018985728,0.897877,0.99984896,0.9936639,0.0013399592,2.1942985e-06,0.90049005,1.0850754e-06,8.4173917e-07,0.0011023165,2.2555645e-07,2.9794971e-06,1.9040164e-06,0.053671636,1.4513746e-05,3.4726858e-07,0.043679766,5.7041524e-07,4.5849592e-07,0.059405785,0.0017764524,0.00525942,0.9999982,2.0100408e-06,5.5720384e-06,0.00016008341,4.1766123e-07,1.5411644e-06,0.053318884,0.0010540235,0.0006811218,0.9967147,0.91651464,0.9151671,0.9963993,0.9191009,7.785721e-07,0.00019070042,4.4442933e-07,5.75734e-06,0.9940375,1.1546271e-06,0.99575293,0.10847455,0.882315,0.0011768232,0.90448624,9.0739303e-07,0.05658799,2.6461266e-06,1.843415e-06,0.06613425,3.0748163e-07,0.0013488644,0.00042714356,6.393342e-06,5.8279005e-07,0.052256335,5.8226124e-07,0.90738606,0.1109427,0.9064155,5.4467437e-06,2.3867951e-06,0.06986607,2.0928724e-06,1.2397551e-06,0.06477888,1.0016299e-06,0.0015384166,0.058561116,8.289603e-07,8.997334e-07,0.00025693513,0.8928447,0.0009832259,0.9999987,0.9072833,0.9102824,0.99999905,0.8912337,0.0014847005,0.00037890312,1.3274258e-06,5.914384e-07,0.999998,0.0010766377,0.9996885,0.061517738,0.90550905,3.967747e-07,0.87404877,0.89727694,0.99999917,0.0015255067,0.0046095527,0.00019363515,1.1522518e-05,0.8898795,0.11063879,0.90500224,1.2414693e-05,0.99703026,7.022525e-06,0.926292,0.8851,0.09351926,6.4032024e-06,0.0048846803,0.066332825,0.86918783,0.0008404475,0.8044404,1.5294627e-06,0.8999506,0.056483045,0.9009843,0.0016191747,0.0003081656,7.048566e-07,1.8762372e-05,0.9999958,0.0011763116,0.9997677,0.055227883,0.8969654,2.5489815e-06,0.0012987847,0.005314143,0.00022281051,1.6554632e-06,0.9087335,0.103945434,0.9212117,6.7166047e-06,0.9966912,1.8383206e-07,0.92678756,0.9227999,0.06089638,0.0013061899,0.90257704,0.0009482661,9.439067e-07,3.3651298e-07,0.05630099,0.9980281,0.00092136115,0.0003573806,0.91819376,2.816593e-05,0.00018571278,0.0014989111,6.147464e-07,0.0040631024,4.3910035e-07,0.7706975,5.219938e-07,7.4117077e-07,0.00030675007,0.0014079631,1.0529075e-06,1.8168807e-06,0.0002557571,1.7300957e-06,2.1719074e-05,0.04986367,0.001090723,0.9996351,0.062757954,4.3050413e-06,1.0998696e-06,0.0012041688,1.3133817e-06,0.06260131,1.6692302e-06,0.13552557,2.612566e-06,0.00031418205,0.0015573048,0.9087696,0.0016193613
-1.173381356,1.227079869,1.501855049,-1.348408297,-0.758913309,-0.841132168,1.620796692,0.743498108,0.768546874,-1.688285956,-0.744702566,-0.776719869,0.555912666,0.616018736,0.601277872,0.515138484,0.19065335,0.36481167,1.545479109,-1.77788769,-1.850353937,5.0230246e-06,2.8056766e-06,0.9942095,3.1650237e-07,5.0478866e-07,0.99999523,0.0007283783,0.0007097302,0.9999958,0.0010485452,6.4515746e-07,0.016750317,2.3076104e-06,1.3917679e-05,0.999995,2.4364243e-07,0.9861545,0.99580944,0.0004914639,2.3940856e-06,1.1041134e-05,7.1768665e-07,0.9569245,3.1260328e-07,7.9232444e-07,0.9775328,2.198077e-06,7.159687e-07,0.98158413,0.0005225572,0.9869515,0.01704356,7.91216e-06,7.037611e-07,0.98006666,6.147371e-07,2.5248771e-06,0.9638684,8.5698315e-07,2.8420268e-07,1.4079541e-06,0.9945589,3.3095793e-07,2.8397021e-06,0.9971597,1.0373017e-06,3.2324135e-07,0.997288,3.5416754e-06,0.9496783,0.9999989,7.125622e-07,6.633631e-07,0.021034338,2.0000823e-06,4.095462e-07,0.9977145,2.7218225e-06,7.8145995e-06,0.9941375,0.0011515762,0.00076109916,0.99692446,0.00058890117,1.3827749e-06,0.027929787,1.2690411e-06,6.9361846e-07,0.99537575,9.96143e-07,0.96980125,0.99924976,0.00046348284,4.541438e-06,0.0008398127,5.539246e-07,0.9958313,5.9323696e-07,7.054531e-07,0.9932454,6.0686055e-08,0.974777,0.02988213,1.3325676e-07,5.0384455e-07,0.99759656,4.6924262e-07,0.00069401535,0.99947566,0.0005864783,1.4943719e-06,3.7558283e-07,0.9969392,4.224128e-07,9.904262e-07,0.997216,2.1827246e-07,0.9630556,0.99760264,5.7164544e-07,4.6893885e-07,0.027005935,0.00025115686,4.4526096e-06,0.9999995,0.00056151085,0.0008731975,0.9999994,0.00082967454,8.695745e-06,0.03584981,4.739451e-07,2.6532928e-07,0.9999993,5.4903103e-06,0.97395724,0.99633336,0.00098728,1.9010154e-06,0.00032210528,0.00066673534,0.9999995,5.0986037e-06,0.97670865,0.025449647,1.4928136e-06,0.00088019355,0.9990018,0.000510043,1.1317851e-06,0.99648345,1.6903954e-06,0.0016518869,0.0005736221,0.9993218,1.4259271e-07,0.9775823,0.99698037,0.00046908742,3.044359e-06,0.009600108,9.3834564e-07,0.00064882974,0.99705863,0.001130696,2.4719434e-06,0.03258278,4.474147e-07,2.550494e-06,0.99999845,5.1348893e-06,0.9748882,0.9969754,0.0008348054,1.472616e-06,3.7097393e-06,0.98221785,0.026019646,5.286695e-07,0.0014263468,0.9992549,0.0006129176,3.577973e-06,0.9968008,4.9498885e-07,0.00083915837,0.979257,0.9966466,5.1414163e-06,0.00035833142,0.016933843,9.737163e-07,9.662272e-07,0.9970631,0.01834807,2.0792647e-06,0.027369937,0.9775335,7.065788e-07,0.027440362,0.97469056,1.9178106e-07,0.9514816,1.8235137e-07,0.0177124,4.1325302e-07,1.5113527e-06,0.03641727,0.9677407,1.6514673e-06,7.7155596e-07,0.025408529,1.1510144e-06,1.6338595e-06,0.99660945,1.65594e-06,0.9765132,0.9961241,1.3863374e-06,1.2920423e-06,4.577943e-06,1.6811529e-07,0.996662,5.112277e-07,0.9680256,2.5507031e-06,0.01980642,4.8434163e-06,0.0007645058,7.343598e-06
0.124735677,0.507893818,-0.001042704,0.326433817,1.460853111,1.405129398,-0.308135733,-1.21935026,-1.300030297,0.311206511,1.27184905,1.358295598,1.0083535,-0.030914602,-1.076339543,0.973673593,-2.177385183,0.639883428,1.420780644,1.881940142,-0.40230338,4.9056107e-05,3.219e-05,0.99995315,3.5803954e-10,8.959628e-10,0.99998736,3.869013e-05,3.0893276e-05,0.9999672,3.090182e-05,5.1460556e-09,0.01097746,1.4641028e-05,1.828062e-05,0.9999739,9.398281e-10,0.9856962,0.9999957,2.5130457e-05,1.4762691e-09,4.453457e-05,2.396069e-10,0.013650831,5.213085e-09,1.6407268e-09,0.009266691,1.5100452e-08,8.671241e-10,0.008291112,3.1785297e-05,0.9930194,0.9920065,1.9893661e-05,3.9533994e-09,0.01009124,3.2486422e-09,1.3010752e-08,0.010341789,2.6779492e-09,3.6332565e-10,5.6300675e-10,0.9999893,3.8630494e-09,3.9175494e-09,0.9999925,4.8125233e-09,3.1648886e-09,0.9999858,3.199621e-05,0.017994408,1.0,2.3862406e-10,4.971667e-09,0.0073909005,1.340272e-09,1.7479344e-09,0.9999919,3.0394589e-05,3.5437162e-05,0.9999627,2.1511682e-05,4.395237e-05,0.99994016,2.3846838e-05,4.3679758e-09,0.0064789136,8.9729163e-10,1.4243113e-09,0.999894,1.9454887e-09,0.9919418,0.9999597,1.770426e-05,2.2209933e-05,2.3888515e-05,4.8805093e-10,0.99998033,6.4354966e-09,2.054387e-09,0.9999852,8.3133395e-10,0.00751136,0.007479579,1.1833389e-09,3.7150512e-09,0.99998415,3.3978271e-09,2.7164648e-05,0.9999733,1.9425925e-05,2.612594e-09,5.009279e-11,0.9999857,1.3939655e-09,2.114557e-09,0.99999213,5.9566654e-09,0.0122747095,0.9999895,1.1989118e-10,1.9548736e-09,0.0066928063,2.8914086e-05,1.18397065e-05,1.0,1.4402475e-05,1.2267801e-05,1.0,1.2837583e-05,1.8208537e-05,0.0076296288,1.2064939e-09,2.1120297e-09,1.0,2.2345861e-05,0.9918691,0.9999926,2.4653733e-05,7.306863e-10,1.6178816e-05,2.9737332e-05,1.0,2.3039485e-05,0.0068944064,0.006576998,2.7941343e-09,3.127591e-05,0.999964,2.578716e-05,6.936126e-10,0.99994946,1.5668172e-09,1.0209791e-05,1.8929895e-05,0.99998283,4.886713e-10,0.006505909,0.9999931,1.9961792e-05,2.6566186e-05,0.003295176,3.5471381e-09,3.6350328e-05,0.9999831,3.0237748e-05,3.0312525e-05,0.00684723,1.8470848e-09,2.3173334e-09,1.0,5.5061177e-05,0.99377173,0.99998474,3.2422296e-05,5.265808e-10,3.238685e-05,0.0043187235,0.0064573498,7.1961603e-10,1.45439635e-05,0.99994636,3.0828207e-05,9.945382e-10,0.99989605,5.9847e-10,3.0878695e-05,0.006513783,0.99998593,1.5859676e-05,2.7647757e-05,0.012023585,8.8662855e-09,9.016097e-10,0.99998677,0.9911233,1.5508627e-05,0.0072597913,0.007266423,7.574123e-09,0.008056716,0.0124998605,8.394607e-09,0.015617508,4.5765491e-10,0.0072752405,4.733511e-10,4.118152e-09,0.005745072,0.010699319,5.893301e-09,2.2213136e-09,0.007066107,3.018983e-10,1.6428522e-10,0.9999887,4.9935003e-05,0.9909786,0.9999814,1.8498488e-09,3.952359e-09,2.5614785e-05,2.9018288e-09,0.9999906,6.386861e-10,0.9971111,5.58598e-09,0.006428313,6.2756924e-05,2.8970668e-05,2.6436182e-05
-0.748996941,-0.236091752,-0.361738165,-0.797494358,-1.716011123,-1.587547698,0.769900856,1.407403435,1.513004823,-0.725166149,-1.391324696,-1.443548106,-2.134867628,-1.221293206,0.979485244,-0.739878193,1.782485772,-2.089486939,-1.230527475,-2.00005094,-0.577609942,0.004597336,0.00337577,0.99554896,1.8437789e-06,3.444121e-06,0.99754757,0.58849025,0.6757874,0.9974171,0.56688744,3.6484728e-06,0.010324722,0.004653732,0.008952277,0.9954412,1.0035882e-06,0.9921929,0.36763647,0.58802974,1.5243241e-05,0.004391655,1.2950292e-05,0.0019114309,2.8273741e-06,2.4003268e-06,0.003317871,5.189896e-06,3.7050017e-06,0.002326789,0.60952985,0.99882,0.9954756,0.0029920875,5.7645707e-06,0.61322224,3.511347e-06,5.0316066e-06,0.003416808,9.5356245e-07,5.876551e-06,5.6157087e-06,0.29486635,2.2462798e-05,1.358748e-06,0.3191871,2.7667975e-06,2.3570408e-06,0.35239506,0.005147375,0.008060367,0.9999949,5.0427657e-06,1.4783368e-05,0.0016176585,2.1753297e-06,4.9552527e-06,0.29057714,0.003007364,0.0012768911,0.99578923,0.5784439,0.6808389,0.9958217,0.6032613,3.2037176e-06,0.0021167113,1.3483246e-06,1.1673415e-05,0.9917822,2.7848516e-06,0.98897105,0.3923249,0.66098666,0.002879873,0.6896218,3.1703514e-06,0.3090368,7.3659935e-06,6.619907e-06,0.3360022,1.1325668e-06,0.0013764604,0.003290404,2.4787401e-05,2.4300853e-06,0.29128242,2.8384022e-06,0.63648415,0.3978543,0.64130133,1.0388526e-05,7.9842985e-06,0.29185534,4.299834e-06,3.6999738e-06,0.40193558,3.9339943e-06,0.0021652046,0.28476435,3.474525e-06,2.5708139e-06,0.0028356882,0.72285914,0.003988145,0.99999475,0.6581578,0.64476377,0.99999464,0.6743177,0.0030239667,0.0025318554,3.0020524e-06,1.7792803e-06,0.9999894,0.00388839,0.99854773,0.3131911,0.62940305,1.4925089e-06,0.62270033,0.670021,0.99999785,0.003968455,0.0028627831,0.0016896639,2.3081557e-05,0.68071556,0.33020508,0.6773641,2.8503802e-05,0.9966125,2.5053907e-05,0.6768843,0.60415107,0.41461876,1.5714288e-05,0.0035568327,0.3104165,0.6594976,0.0038143073,0.6854586,3.166997e-06,0.61698306,0.317086,0.67302966,0.0048652696,0.0020454398,3.7286516e-06,2.9757162e-05,0.9999914,0.0036535126,0.99808264,0.33182406,0.59982574,8.549648e-06,0.004503407,0.0036625427,0.0014833354,3.6832823e-06,0.6845667,0.38175902,0.72908634,2.4247347e-05,0.9955918,8.4654596e-07,0.56964064,0.6352351,0.38574377,0.002824581,0.647597,0.0073094564,4.183056e-06,1.0685952e-06,0.24535483,0.9978496,0.0040859133,0.002844734,0.6169671,6.908348e-05,0.0015941049,0.0017115762,2.9478929e-06,0.007133199,1.957701e-06,0.6375739,2.0284485e-06,2.968773e-06,0.002016307,0.0017211573,2.9614098e-06,8.845275e-06,0.001627422,8.264483e-06,5.839514e-05,0.28801262,0.0028352207,0.99801093,0.2809174,9.392944e-06,4.8403454e-06,0.00575032,5.017533e-06,0.37954617,7.270693e-06,0.31286988,7.835905e-06,0.002584695,0.006237221,0.70335287,0.0068449182
1.497744078,0.297097907,0.239420936,0.426702031,1.113399643,1.120302175,-1.035066576,-1.373808318,-1.075904098,0.996836665,1.338308495,0.930214892,0.624133952,-0.23707516,-0.288418141,1.503076965,-1.826613494,-0.104526528,0.697093505,1.477912872,1.420663126,0.00054007204,0.00042341588,0.9993431,3.546024e-08,1.02258646e-07,0.9995357,0.20820518,0.20283838,0.99935573,0.21562426,9.069919e-08,0.0024998388,0.0002971814,0.00028623256,0.99953055,5.7503215e-08,0.9973123,0.83253866,0.21917611,2.7620155e-07,0.00037744144,1.2533748e-07,0.00066107657,1.13688955e-07,1.3583188e-07,0.0015370402,3.3287301e-07,8.255011e-08,0.0013457981,0.23336162,0.99944526,0.99847394,0.00044091715,1.4141345e-07,0.19372994,8.784867e-08,1.0854236e-07,0.0006282227,3.4181355e-08,1.2682628e-07,9.3291725e-08,0.82009554,5.006144e-07,7.29822e-08,0.8587632,1.0132865e-07,8.015726e-08,0.80796385,0.00043425694,0.005014779,0.9999999,2.397612e-08,2.813887e-07,0.0005828495,1.7600222e-08,8.201557e-08,0.84839094,0.0005055527,0.0007060929,0.9994,0.17402865,0.23447965,0.99940217,0.19379483,1.3239159e-07,0.00054573134,2.705247e-08,3.8634863e-07,0.99927324,7.757795e-08,0.9976781,0.8282235,0.17850491,0.0005099715,0.21688841,7.525368e-08,0.8158,2.8310927e-07,1.786507e-07,0.8359541,4.8869044e-08,0.00063561427,0.00059641694,2.405184e-07,7.663933e-08,0.7948686,9.55048e-08,0.1743951,0.7900507,0.18869793,1.8291797e-07,4.6828504e-08,0.81802154,1.02687274e-07,9.231747e-08,0.831215,1.4525514e-07,0.00085579546,0.8235707,2.9991455e-08,5.8027663e-08,0.00062086154,0.20050205,0.0002613176,0.9999999,0.19961585,0.17298861,1.0,0.19021259,0.0006244858,0.000906684,7.745951e-08,6.006376e-08,0.9999999,0.000493075,0.99902666,0.8373879,0.17296045,2.198545e-08,0.1860474,0.22780813,0.9999999,0.0005742616,0.0018491757,0.00076014776,2.9201757e-07,0.22718795,0.8179434,0.20397362,2.3886344e-07,0.9993451,2.2834695e-07,0.19934534,0.23387568,0.80904186,1.3708967e-07,0.0022253457,0.833886,0.19278283,0.00043581,0.23755254,9.979937e-08,0.20689343,0.85477066,0.24101727,0.00043437036,0.000659767,7.594668e-08,5.755391e-07,0.9999999,0.0007347808,0.9992816,0.81202906,0.2086929,5.5831176e-08,0.0005096319,0.0015766677,0.0005500246,5.7508043e-08,0.17382576,0.78657985,0.20736513,1.4454997e-07,0.99918145,3.370107e-08,0.18635526,0.30431193,0.80536526,0.00045139214,0.19340251,0.0018893499,1.1346517e-07,1.8453566e-08,0.8402255,0.9986222,0.00032750185,0.00060353795,0.33742017,7.441426e-07,0.0007587951,0.0008482343,8.709256e-08,0.005558566,2.6175982e-08,0.29485065,3.411232e-08,8.585311e-08,0.0007587547,0.000621945,1.5408278e-07,1.0583079e-07,0.0005693902,4.3737383e-08,1.1912762e-07,0.77180994,0.00046733295,0.9993,0.7997844,2.0156352e-07,1.1181626e-07,0.00030192552,8.37192e-08,0.8439675,1.0306775e-07,0.77490264,1.7401054e-07,0.0006714093,0.00067953457,0.21124338,0.00032255088
-0.748996941,-0.446887663,-0.722433626,-0.506377306,-0.614240608,-0.640107097,0.915654883,0.939273817,0.749972617,-0.892656763,-0.92112354,-0.670949779,0.552477805,0.788204881,0.096174776,-0.437297304,0.576192929,0.890303998,0.042322182,-0.455809452,-0.171699026,0.0063837674,0.0045092404,0.9926138,2.5658712e-06,9.3720955e-06,0.9950919,0.9568093,0.954009,0.99532276,0.9631706,5.0302633e-06,0.003907768,0.0072405604,0.007267221,0.99350893,2.8391335e-06,0.9974137,0.021206591,0.95234984,5.3249372e-05,0.005532003,3.3842272e-05,0.0010231833,5.074737e-06,8.482718e-06,0.003022409,3.2790906e-06,1.0485952e-05,0.002581475,0.948651,0.9996431,0.9920276,0.004371407,1.01892865e-05,0.95005655,4.450576e-06,3.0458866e-06,0.0012375213,6.847195e-07,1.9370482e-05,1.4119412e-05,0.023110038,8.830334e-05,1.6291046e-06,0.016588137,2.0281411e-06,2.3389102e-06,0.02038415,0.007080165,0.0041886596,0.99999344,6.5545114e-06,2.815143e-05,0.00032107392,1.7667021e-06,1.085469e-05,0.01820126,0.004713128,0.0035772114,0.9935961,0.9638172,0.9630891,0.9922361,0.9611814,2.5320558e-06,0.00051240687,2.3432974e-06,2.7110456e-05,0.9870618,3.75619e-06,0.99088484,0.044003785,0.95576936,0.0043496303,0.9616119,5.4403527e-06,0.018377326,1.2847014e-05,9.429203e-06,0.019743523,2.3261327e-06,0.0011495157,0.0008741845,4.430688e-05,2.0631053e-06,0.019025564,5.6124104e-06,0.9716859,0.051153768,0.96199656,1.9063502e-05,2.720395e-05,0.021909451,7.2824137e-06,5.5199102e-06,0.022968177,5.7417574e-06,0.0012977299,0.021435251,8.875915e-06,3.5072237e-06,0.00045412758,0.95245874,0.004966294,0.9999931,0.9631799,0.961091,0.99999344,0.9604196,0.005985003,0.0007558038,6.3393613e-06,3.410095e-06,0.9999875,0.0050575407,0.9994992,0.01828374,0.9650635,1.5981678e-06,0.9506606,0.96081007,0.9999969,0.005856409,0.0047129174,0.00047627292,5.6822773e-05,0.96485746,0.039864037,0.96746576,6.5403736e-05,0.99232167,5.154622e-05,0.9660711,0.95094144,0.04581677,4.6447283e-05,0.0036865112,0.021905804,0.95467424,0.005540351,0.9358396,9.205956e-06,0.9686837,0.01637053,0.9584136,0.007148138,0.0006325606,2.5890085e-06,8.9004934e-05,0.99998677,0.004886722,0.99950266,0.017224615,0.95844406,1.5552407e-05,0.005464437,0.0044570332,0.00059199834,1.13753285e-05,0.96583307,0.035189338,0.9722276,3.3935088e-05,0.99009776,1.3442994e-06,0.9692606,0.96120113,0.019577194,0.0050771795,0.96448475,0.0024218906,3.879939e-06,1.3495275e-06,0.018878583,0.9977907,0.0036544637,0.00064530474,0.9678886,0.00017641412,0.0004882163,0.0010728841,3.6527758e-06,0.0044043073,2.2417507e-06,0.9027905,4.088491e-06,2.8345235e-06,0.0005840584,0.0010606697,4.276883e-06,1.2763533e-05,0.00051668385,8.183561e-06,0.00015865694,0.017585803,0.0058174715,0.9991357,0.021749314,1.9418942e-05,4.1597364e-06,0.005782993,6.821288e-06,0.021723837,7.631486e-06,0.043067057,1.16035135e-05,0.00094209204,0.0063934773,0.96805197,0.0066676894
0.87364935,-0.868479486,1.814457782,0.423677455,0.227803699,0.179558322,-0.601063934,-0.170657773,-0.184097158,0.563941782,0.109527789,0.088564871,0.265487849,0.268227539,-0.06702423,-0.098447799,0.033995727,0.365731146,0.155370336,0.381339173,-0.851630992,0.039410096,0.064700045,0.9576538,0.00027240225,0.00011260512,0.9553615,0.08265351,0.0952396,0.95819795,0.087973855,0.00020539861,0.15804893,0.04190948,0.031533655,0.9610309,0.0002883578,0.8295258,0.76391983,0.09578067,0.00048690682,0.044914007,0.0003226948,0.022964625,0.00012844297,0.00015647843,0.035898283,0.0010473691,0.000336335,0.04351147,0.07358898,0.95027,0.97683173,0.02804192,0.000484076,0.1881128,0.0002869698,0.00047005242,0.019351328,0.00025010473,0.00044438225,0.00035661383,0.7911026,0.00034339703,0.00029382043,0.8254756,0.0005225761,0.00048260382,0.7159499,0.037170526,0.070890225,0.999731,0.00015362815,0.000717043,0.044644814,0.00016100619,0.00016723426,0.69090235,0.035113227,0.035953898,0.94271976,0.11052358,0.12757125,0.93839985,0.07380317,0.00053615245,0.039552335,0.00020664756,0.0005596493,0.9600273,0.00013890356,0.8451326,0.9230004,0.16639833,0.03260302,0.14912091,0.00025512194,0.7159723,0.00032383885,0.0004964484,0.76338804,0.00018290871,0.006105763,0.025578223,0.00035639718,0.00041450493,0.8021429,0.0002841376,0.21697588,0.8701224,0.20070545,0.00026121223,0.00051230646,0.7537541,0.00032477628,0.00020525607,0.77872705,0.00038285117,0.005413279,0.8183701,0.00065735064,0.00020157034,0.03751273,0.2006587,0.031825766,0.99965775,0.17500544,0.2188633,0.99952507,0.14837904,0.05297582,0.036893748,0.00044010126,0.00026154716,0.9994086,0.050838128,0.9437271,0.740063,0.09345808,0.0001729567,0.2066826,0.2280325,0.99952126,0.044467166,0.017943224,0.03990842,0.00077837374,0.24056005,0.9152644,0.19686414,0.0004264019,0.9625493,0.0009524699,0.19755578,0.17307548,0.921435,0.00032480012,0.023149684,0.7696552,0.24028811,0.071749225,0.43044692,0.00010874313,0.10310584,0.7638572,0.15270679,0.050770957,0.027830647,0.0006569768,0.00048138623,0.99984455,0.044329084,0.9579127,0.7156833,0.10081245,0.0002724872,0.053643044,0.016885156,0.029519364,0.00023130832,0.22833623,0.89244705,0.18275967,0.0006467775,0.95040864,0.00028467452,0.12240702,0.11292543,0.69866127,0.036447417,0.18138814,0.14151621,0.0003642489,0.00013798606,0.7767711,0.97920793,0.042389918,0.02486143,0.097066425,0.00065559294,0.031618368,0.0070346473,0.00020275966,0.044800058,0.00013270669,0.22648716,0.00018155239,0.00041943355,0.027009651,0.0055317013,0.00033468322,0.00043592925,0.032696683,0.0004250278,0.000668978,0.7856188,0.032991234,0.9623316,0.7532854,0.00034953206,0.0003536194,0.072517134,0.00019712167,0.78688914,0.00019108591,0.554942,0.00037517204,0.029557487,0.044947226,0.22886448,0.03766336
-1.747548505,0.743489249,0.347629575,0.191697371,-0.158335666,-0.096267342,0.251495877,0.181629055,0.222923617,-0.256006248,-0.181104547,-0.211905196,-1.558105316,-0.982108714,-0.245304068,-1.429620865,1.101483843,-1.030386082,0.09953376,-1.21542088,-0.194165681,0.004454578,0.0030822426,0.990728,6.268963e-05,0.00013085948,0.9951615,0.23249646,0.23652546,0.9963379,0.2219982,0.00013435351,0.06266883,0.005273136,0.0044319723,0.99440444,8.5099935e-05,0.93536335,0.7957506,0.23371883,0.00033005959,0.0036104873,0.00029377223,0.45080584,0.00010451009,0.00016318189,0.3709694,0.0001989931,0.00020049693,0.37798145,0.21014036,0.9111483,0.8050477,0.0042651044,0.00010243202,0.842053,0.0001059383,0.00015059541,0.47054568,4.8808048e-05,7.56263e-05,0.00019694808,0.83469534,0.00014766362,0.00019775987,0.8232097,6.849364e-05,7.67364e-05,0.85053074,0.005256113,0.22488925,0.99993825,0.00029347886,0.000116302865,0.08141088,9.045601e-05,0.00014714399,0.8191387,0.0044644726,0.00461215,0.987783,0.23874004,0.20819405,0.99215275,0.24652752,0.00014721978,0.08780506,0.0001521074,0.00029307875,0.9926133,0.00014856539,0.95095843,0.7327233,0.252176,0.0040721465,0.20375878,0.00013411185,0.8320956,0.00013825211,0.00021566381,0.83896154,6.158597e-05,0.25834674,0.07133647,0.00016790422,8.162153e-05,0.82952714,6.392276e-05,0.23636796,0.77845395,0.22469005,0.00021634778,0.00013671227,0.8354593,0.00018007298,7.3913805e-05,0.82027507,7.634613e-05,0.22794035,0.8080994,7.194721e-05,8.890534e-05,0.09604579,0.27718467,0.004233545,0.9999074,0.21154433,0.23666137,0.99992824,0.25035417,0.005652027,0.08507984,0.0001593568,0.00012973978,0.9999088,0.0038530203,0.90295213,0.8159245,0.23560758,0.00010557716,0.21886887,0.19357403,0.9997429,0.0048337476,0.20270999,0.082243614,0.00018072645,0.21305394,0.7455993,0.24261089,0.00031785102,0.9930894,0.00045212728,0.20966019,0.2522481,0.793784,0.000116871626,0.20473474,0.8257452,0.22714609,0.0035142559,0.49500486,0.00015178288,0.22164945,0.82667446,0.20003709,0.004418865,0.07436651,7.620887e-05,0.0006463893,0.99987996,0.0038373708,0.91759485,0.8545802,0.2556108,0.00014883479,0.0042015156,0.21980578,0.083406895,0.00014139854,0.2287459,0.7609341,0.23220275,0.00039645899,0.99207616,7.113138e-05,0.19333255,0.6896885,0.81067914,0.0046819868,0.21082728,0.062383704,7.184485e-05,9.456311e-05,0.78103715,0.5930812,0.005371343,0.0732949,0.6478718,0.00037888417,0.07183899,0.2659706,7.3008036e-05,0.24371739,5.299426e-05,0.513841,0.000114699404,8.123794e-05,0.07851399,0.20154206,0.00013255884,0.00018915946,0.09332848,0.00015489654,0.00038207968,0.85190916,0.0038360734,0.89706546,0.82437974,0.00027548076,0.00011054327,0.0032354742,4.0776038e-05,0.8050752,7.69134e-05,0.6118822,0.00017265715,0.06320714,0.003371392,0.23339473,0.0041176244
1.123287241,-1.364469866,-0.025089068,-0.130009732,0.078673244,0.093451768,-0.023284699,0.060413455,0.052029792,0.020055263,-0.060273926,-0.04653615,0.316833719,-0.232779491,-0.07101242,1.09229227,-1.174308598,-0.236124803,0.819943614,1.406447496,0.297850099,0.0014259286,0.002980337,0.9754097,2.088896e-05,1.5847505e-05,0.99793977,0.42661056,0.33325675,0.99822575,0.3921103,1.681922e-05,0.06921685,0.0017923308,0.0016494925,0.99826616,1.2532948e-05,0.9164117,0.5935454,0.40358084,9.227777e-05,0.001440006,7.912348e-05,0.20880158,2.1960293e-05,1.1996576e-05,0.2377386,3.4159417e-05,5.686858e-05,0.21489719,0.4449526,0.9184933,0.8635896,0.0020394586,3.0407231e-05,0.74592423,2.0377714e-05,2.527071e-05,0.1801436,5.8438404e-06,2.5826464e-05,7.727672e-05,0.548454,6.22269e-05,4.085322e-05,0.65366983,1.6890523e-05,1.2748401e-05,0.5769755,0.00126619,0.05935079,0.9999881,3.5613837e-05,2.3422033e-05,0.09021101,6.981258e-06,1.9782326e-05,0.5726017,0.0024824385,0.0020725983,0.9703096,0.3865589,0.3183226,0.9803538,0.38003236,2.989095e-05,0.073523365,2.0214664e-05,6.247848e-05,0.97765404,2.0853211e-05,0.8925484,0.6471253,0.30162206,0.002294925,0.309269,3.0488734e-05,0.5749671,2.3050607e-05,5.0276307e-05,0.53243285,9.40239e-06,0.08209759,0.077348955,3.175673e-05,1.3046784e-05,0.595747,1.3651068e-05,0.35685083,0.6387967,0.30602345,4.848101e-05,3.3915872e-05,0.55239683,3.032039e-05,2.560995e-05,0.52742255,1.309013e-05,0.070699476,0.58453375,3.726957e-05,2.8325581e-05,0.08696079,0.32132825,0.0026262964,0.9999814,0.31582385,0.30637744,0.9999565,0.3450784,0.001263965,0.06504062,1.5313295e-05,1.5594467e-05,0.99995494,0.0012622392,0.92785645,0.54624903,0.33517498,1.4868441e-05,0.36616236,0.30693984,0.99995005,0.0013395638,0.14609525,0.069561265,8.2257255e-05,0.36125597,0.6361159,0.36272812,9.4873634e-05,0.98025423,0.00012824924,0.34239206,0.3757064,0.6146801,3.768364e-05,0.085313834,0.58053875,0.32600918,0.0016356364,0.50497365,3.483233e-05,0.3961165,0.57336104,0.34367174,0.0012709214,0.07632562,1.984506e-05,5.466502e-05,0.99997616,0.0023864713,0.91968554,0.5826939,0.43065125,1.9680603e-05,0.0015131667,0.11211531,0.087961435,2.1658658e-05,0.27724347,0.62297076,0.28879315,9.7017575e-05,0.9816565,1.3091452e-05,0.35106423,0.69090974,0.55703557,0.0020154784,0.34796718,0.07003334,1.7978924e-05,1.2430141e-05,0.62379414,0.7362344,0.0026205946,0.07815984,0.6496027,8.7352935e-05,0.08592912,0.06697052,1.3243029e-05,0.06920606,1.5769398e-05,0.57596666,5.1509465e-05,1.586296e-05,0.067404814,0.067404926,1.7458982e-05,3.2180178e-05,0.07196107,3.1942945e-05,6.823026e-05,0.56665003,0.0012491322,0.92560273,0.5911517,3.8386675e-05,1.7133501e-05,0.0015502521,1.1306468e-05,0.5201799,2.2034137e-05,0.4491056,3.384618e-05,0.07737361,0.0021482296,0.28516564,0.0022852067
-0.124902214,0.867486844,-1.780473644,0.684151486,0.919170062,0.913610921,-0.814178345,-1.059613915,-1.001782088,0.857701097,1.097037525,1.00567416,0.006858876,-0.28136641,-0.743840104,-0.216809942,-0.632610244,0.128572243,-1.020830572,0.00274292,0.611338349,0.000513846,0.0003579045,0.9984731,2.2830573e-08,3.9499945e-08,0.99973506,0.00029538205,0.0002664568,0.999589,0.00018184657,1.4209262e-07,0.07464351,0.00024676046,0.00041568212,0.9996792,3.3542612e-08,0.91386944,0.9998803,0.00016105869,7.034793e-08,0.00056197774,1.8728088e-08,0.18451273,2.727417e-07,6.8454725e-08,0.22164814,1.8345884e-07,5.5312757e-08,0.20882913,0.0002051688,0.9440373,0.88100046,0.00035864682,5.9876285e-08,0.16565242,9.1606736e-08,1.8691692e-07,0.2001926,7.539606e-08,1.710453e-08,2.8590438e-08,0.99980336,6.080911e-08,1.6387173e-07,0.9997305,1.1963346e-07,5.5177882e-08,0.9997788,0.000308999,0.15643275,0.9999999,1.9410939e-08,6.680116e-08,0.052402064,7.7470595e-08,8.0495546e-08,0.99980265,0.00036740507,0.00052446086,0.9985104,0.00018461038,0.00024686896,0.99831676,0.00017269995,8.366573e-08,0.05610633,7.0792794e-08,4.399122e-08,0.9973303,7.2836464e-08,0.94115484,0.9997875,0.00021937302,0.00040404833,0.00019835473,1.6395639e-08,0.9997054,9.186728e-08,7.407031e-08,0.99970883,4.5792955e-08,0.09503786,0.059226904,2.9912385e-08,1.0557011e-07,0.9997867,1.00693256e-07,0.00020758402,0.9997726,0.0002186382,7.419106e-08,2.9682423e-09,0.99964225,9.427249e-08,6.999699e-08,0.9998411,7.416898e-08,0.10223002,0.99971646,7.0415562e-09,6.877011e-08,0.055307962,0.0002369841,0.000286525,1.0,0.00020989269,0.00016799838,1.0,0.0001263085,0.00037508266,0.05573917,4.357476e-08,1.0400974e-07,0.9999999,0.0002445982,0.9403311,0.99980396,0.00018420388,2.8001482e-08,0.00013225418,0.00026298093,1.0,0.00027871568,0.08956897,0.052513443,1.0968576e-07,0.00023893299,0.9997553,0.00029825716,2.9045326e-08,0.9978028,5.5580838e-08,0.00017741733,0.00016857285,0.9998684,2.6710387e-08,0.1005877,0.99981135,0.00018908625,0.00036477187,0.04133503,1.6083953e-07,0.0003627064,0.99970895,0.00025376654,0.00030105605,0.04359077,4.8150593e-08,6.240439e-08,0.9999999,0.00067561294,0.9450172,0.99971,0.00018185696,2.1624501e-08,0.0003956546,0.07955675,0.059437085,3.27806e-08,0.0001886161,0.9996631,0.00029975007,5.786784e-08,0.99731666,3.7269267e-08,0.00026165342,0.096933044,0.99974734,0.0002756531,0.00025431905,0.07299762,7.9970036e-08,5.123122e-08,0.9996941,0.801523,0.00027309736,0.058876112,0.087239265,1.198854e-07,0.062318347,0.1045819,1.979311e-07,0.15731885,2.1459574e-08,0.040471926,2.481821e-08,1.0318242e-07,0.052534882,0.08918517,9.770141e-08,6.1968855e-08,0.053520877,1.9948724e-08,1.0286229e-08,0.9997553,0.0006148235,0.94622797,0.9997018,9.544871e-08,6.513756e-08,0.0003367431,8.881929e-08,0.9997937,2.7734439e-08,0.96619797,8.992576e-08,0.061129153,0.0007925867,0.0002505183,0.00034584766
1.210660503,0.855087084,-0.361738165,0.117681722,0.095736619,0.05545628,-0.526595051,-0.509866013,-0.629307754,0.588726845,0.564995314,0.712162352,0.957263943,1.215733188,0.977229597,0.485000312,0.668819671,0.851718725,1.058525202,-0.81099703,0.898610242,0.0055077067,0.002627587,0.9819017,6.2942553e-07,2.1016247e-06,0.993295,0.9713722,0.9765548,0.9940911,0.97664696,1.0797551e-06,0.0052917902,0.004396628,0.00298788,0.9948555,1.5179307e-06,0.9956334,0.0049596042,0.9777274,5.5220694e-06,0.005110785,1.1784756e-05,0.0003785567,1.0507719e-06,3.708972e-06,0.0041520423,2.7400429e-06,1.9184465e-06,0.0037185592,0.97971785,0.9993759,0.99682236,0.0062819254,1.5053256e-06,0.9737012,7.784785e-07,8.4753555e-07,0.0005131451,2.7857018e-07,5.5698924e-06,3.9083748e-06,0.0038871751,5.437381e-06,1.142323e-06,0.003946031,7.896209e-07,8.638973e-07,0.0052085477,0.0043130205,0.0070821093,0.9999993,8.712403e-07,2.7981785e-06,0.00047372788,1.3533628e-07,1.5887764e-06,0.0055204253,0.006389852,0.0056265155,0.98217666,0.9802178,0.97273827,0.9878983,0.975343,2.0322534e-06,0.0005094823,4.71893e-07,1.3676425e-05,0.987525,1.9415882e-06,0.98895884,0.021822743,0.9879546,0.0050076037,0.9874542,3.0663027e-06,0.0048081367,2.6517498e-06,3.2919277e-06,0.0045731436,8.366794e-07,0.00019034834,0.0007077691,4.946806e-06,7.006097e-07,0.004827412,1.4657547e-06,0.9803885,0.019801127,0.984769,3.917443e-06,3.0653816e-06,0.0040330603,3.5694868e-06,1.7497334e-06,0.0057445574,1.136813e-06,0.00022840823,0.0041112844,1.8030993e-06,8.148758e-07,0.00053038844,0.9896947,0.005160122,0.9999982,0.9863012,0.98629504,0.99999857,0.98787785,0.009018869,0.00092388195,1.8818375e-06,1.0363425e-06,0.99999845,0.0045853546,0.999019,0.004392234,0.9793528,4.3725458e-07,0.9811318,0.9848801,0.9999975,0.0070481133,0.0044210325,0.00063727837,9.200277e-06,0.9845734,0.024882874,0.9864188,9.8583905e-06,0.9823068,7.067998e-06,0.98889357,0.9857507,0.02273764,7.844534e-06,0.003750215,0.006475974,0.9866846,0.003776158,0.9568419,1.6971408e-06,0.9798195,0.0059085307,0.988535,0.0031320849,0.0009336451,1.0058878e-06,2.7452574e-05,0.99999714,0.0061253905,0.99917406,0.005164638,0.9810616,1.4070976e-06,0.0047291815,0.0044846595,0.00068731647,1.948797e-06,0.9874034,0.022050705,0.9882692,6.387552e-06,0.98566324,1.146363e-06,0.972392,0.9788238,0.0063622924,0.0051595205,0.98229975,0.004636544,8.811932e-07,4.01014e-07,0.005776989,0.9965346,0.005051529,0.0006763338,0.98063046,1.4438781e-05,0.00094486703,0.0002499164,6.028539e-07,0.008929545,7.162617e-07,0.93812764,9.716522e-07,7.973455e-07,0.0008344992,0.00012939458,1.7763812e-06,1.5685844e-06,0.0005948364,1.9258578e-06,8.228433e-06,0.0035013268,0.0038102928,0.9993304,0.005865358,4.4661374e-06,1.9365286e-06,0.003746081,1.0545535e-06,0.005208965,2.2795516e-06,0.016256522,2.0805935e-06,0.00063743297,0.0048225513,0.98557323,0.0039608194
-0.836370203,-1.104074916,1.946712784,-0.517094428,-0.652332669,-0.61643472,0.911688348,1.090925774,1.177175291,-1.003642639,-1.185521883,-1.294779136,-0.213024681,-0.191015942,-0.23256636,-0.297570827,0.025913619,-0.084104242,-0.659647586,0.335442596,0.188695891,0.00041896975,0.00025680094,0.99668115,3.9825236e-06,1.975081e-06,0.9994413,0.0059914663,0.011874715,0.99968565,0.010488685,2.9183432e-06,0.04292455,0.00034202452,0.00077459787,0.9995795,2.1518242e-06,0.9510781,0.9900011,0.007820749,1.0689066e-05,0.0006037111,7.842073e-06,0.19046329,2.2471918e-06,2.5531244e-06,0.20097354,1.6342756e-05,3.6795714e-06,0.15676627,0.009846066,0.96740603,0.9062444,0.00047780672,6.8630884e-06,0.38731408,7.575319e-06,1.6781409e-05,0.2028508,5.0175954e-06,4.967811e-06,1.1445385e-05,0.9869573,6.33614e-06,6.76594e-06,0.9909532,7.632695e-06,4.429071e-06,0.99005216,0.00029072573,0.17323214,0.99999344,7.858205e-06,1.11872305e-05,0.034127835,6.6558314e-06,3.6541205e-06,0.9874516,0.00026940953,0.00023748804,0.99728894,0.012506724,0.012437817,0.99793255,0.008771946,1.0405005e-05,0.045389447,5.561336e-06,7.4831746e-06,0.9964954,5.4565594e-06,0.9665119,0.98756313,0.013017708,0.00032150213,0.014541325,3.7406828e-06,0.98130465,4.789697e-06,5.65011e-06,0.984377,8.233686e-07,0.122810274,0.04544089,4.6806363e-06,7.48381e-06,0.991784,4.0760215e-06,0.011552752,0.9877472,0.0096336845,1.0488112e-05,6.48923e-06,0.98692316,6.966015e-06,6.7917863e-06,0.99207956,4.0187188e-06,0.12765524,0.99149394,4.7816775e-06,4.7641124e-06,0.04513033,0.013004218,0.00043917008,0.9999939,0.013355946,0.014034843,0.99999046,0.009613061,0.00035934278,0.035466507,5.511662e-06,2.8240408e-06,0.999985,0.0007708799,0.9603556,0.9868732,0.011793393,7.008809e-06,0.008373411,0.01645647,0.9999951,0.00033798604,0.097974636,0.025876692,1.5239374e-05,0.015304313,0.98709375,0.01078708,1.3067055e-05,0.99835396,1.520439e-05,0.015937801,0.009282508,0.9902096,3.6130336e-06,0.0894347,0.98864424,0.01525276,0.00032877512,0.0922222,3.638889e-06,0.010477674,0.9905488,0.017000802,0.00054510724,0.037689894,1.02012655e-05,1.6748985e-05,0.9999914,0.0005108392,0.95678973,0.98768425,0.011589789,1.4817015e-05,0.00030484106,0.13442068,0.027955811,3.1199143e-06,0.018516885,0.9870411,0.012351319,2.1552833e-05,0.9978064,1.5535629e-06,0.00936315,0.3051293,0.9900345,0.00032482552,0.01108196,0.058559302,9.4142515e-06,3.9380598e-06,0.991226,0.8592342,0.0003567842,0.043522403,0.25878492,1.7115064e-05,0.04810806,0.11375679,2.417257e-06,0.198647,2.3582056e-06,0.08704687,4.6217924e-06,9.533183e-06,0.061292145,0.13191459,6.516865e-06,6.218954e-06,0.034222238,1.2667784e-05,1.7586482e-05,0.98778164,0.00020695478,0.97070485,0.9858431,1.359773e-05,8.989401e-06,0.0006470204,3.7260068e-06,0.9897239,7.798793e-06,0.9200843,1.4149417e-05,0.033855792,0.00068823015,0.010667875,0.00063473464
0.249554623,-0.620484296,-1.347639091,1.113454,1.018604864,0.99819377,-0.998204049,-0.923653962,-1.10353569,1.101691464,0.99645437,1.209804109,-0.395507896,-0.404276598,-1.251744914,-1.37268695,-0.060944401,0.299852362,-1.222439613,-0.142178305,-0.328285355,4.2271917e-05,2.3163344e-05,0.99952114,1.9381294e-09,2.335388e-09,0.9999809,2.4979043e-05,2.3926019e-05,0.9999722,2.0295445e-05,1.2327663e-08,0.09169705,1.5477497e-05,2.816378e-05,0.9999733,2.7614708e-09,0.8990262,0.9999938,8.5131005e-06,4.824296e-09,5.6006833e-05,1.314735e-09,0.48695493,3.2614892e-08,4.8965587e-09,0.54069155,1.4630446e-08,5.2291584e-09,0.5375256,2.5438028e-05,0.90306103,0.69269884,3.304624e-05,5.2475726e-09,0.36855707,1.4644294e-08,2.8543962e-08,0.5037614,9.8973585e-09,1.3169411e-09,4.019856e-09,0.99997723,4.3254116e-09,2.8979144e-08,0.99998,1.2399517e-08,4.0737467e-09,0.99998176,2.4326255e-05,0.3326795,1.0,1.5792083e-09,6.0398846e-09,0.09777461,8.452575e-09,4.5438475e-09,0.9999857,3.1387422e-05,4.4332828e-05,0.9995956,1.8434434e-05,2.4685587e-05,0.99948525,1.4950581e-05,1.2075098e-08,0.09955018,1.1415913e-08,2.2674895e-09,0.99920434,1.00984785e-08,0.90172774,0.9999764,2.2207329e-05,2.8846362e-05,1.8097757e-05,1.0664364e-09,0.9999715,7.728696e-09,6.2497394e-09,0.99996614,3.5648675e-09,0.3531352,0.111634396,9.750584e-10,9.0560865e-09,0.9999814,1.13572085e-08,1.4960808e-05,0.99997294,1.5546595e-05,6.824532e-09,7.670416e-11,0.99996686,1.0731951e-08,1.1222688e-08,0.99999,6.7979133e-09,0.3482093,0.9999709,4.7845783e-10,1.1531725e-08,0.107399024,1.8234376e-05,2.3997405e-05,1.0,1.5194039e-05,8.048509e-06,1.0,8.5276615e-06,2.1971922e-05,0.09727888,3.6816434e-09,8.295651e-09,1.0,1.0222604e-05,0.8919687,0.9999862,1.8220504e-05,3.733499e-09,5.0572576e-06,1.878735e-05,1.0,1.5591122e-05,0.2975647,0.109558836,8.81336e-09,2.1030393e-05,0.99998116,2.4681161e-05,1.4351046e-09,0.9994783,4.5718838e-09,1.0085091e-05,1.2080142e-05,0.9999883,1.1641377e-09,0.3167999,0.99998474,9.927924e-06,3.0512849e-05,0.019720143,2.5695703e-08,3.6096673e-05,0.9999633,2.0821377e-05,2.4599436e-05,0.097030364,6.6831203e-09,4.1045545e-09,1.0,6.941803e-05,0.89204884,0.9999709,1.5446794e-05,1.0879305e-09,2.406047e-05,0.30215365,0.09446563,2.3347468e-09,1.0872178e-05,0.99993885,2.5241783e-05,5.157995e-09,0.9990232,2.6040616e-09,2.7200344e-05,0.1872896,0.99997723,1.8538944e-05,1.7386423e-05,0.10166883,9.8486055e-09,7.115854e-09,0.99997354,0.48072603,2.427319e-05,0.099292,0.20076068,1.0490587e-08,0.11239653,0.32468516,2.4938593e-08,0.3055797,1.5806728e-09,0.022138117,2.90895e-09,1.1937378e-08,0.11794021,0.31590378,7.600722e-09,4.623491e-09,0.083788306,1.2294478e-09,4.0668352e-10,0.99997663,5.318913e-05,0.9047726,0.9999708,6.716627e-09,6.477823e-09,1.8109047e-05,7.1930075e-09,0.9999819,1.7396625e-09,0.9755553,1.0406467e-08,0.10465377,7.3342e-05,1.18798e-05,2.792506e-05
0.162181361,1.673471211,1.165205952,-0.985821731,-0.578242213,-0.607328331,0.514529714,0.123671228,0.288025084,-0.576665497,-0.132267986,-0.322917236,0.447384566,0.135559098,1.086365182,1.877895037,-0.63804801,-0.519958303,0.081810859,-1.062558606,-1.831196925,0.0010697305,0.0011545488,0.102644466,2.468855e-06,8.395734e-06,0.9988444,0.2433823,0.23005122,0.99902093,0.2019095,1.225357e-05,0.031416103,0.00040216462,0.0012405845,0.9988482,5.0484587e-06,0.96390224,0.028917708,0.22165926,9.92269e-06,0.0014210767,1.5984018e-05,0.11887325,3.433083e-06,8.760303e-06,0.9172908,1.2699281e-05,6.629181e-06,0.8992499,0.20386037,0.98613507,0.08777368,0.0018699398,5.141622e-06,0.9928215,8.627516e-06,6.8483455e-06,0.10990927,3.869478e-06,7.743419e-06,2.005902e-05,0.023762036,2.5757736e-06,1.3953321e-05,0.027944608,8.711583e-06,5.116812e-06,0.029564809,0.0011587407,0.18456832,0.9999958,3.898994e-06,6.7987717e-06,0.019313838,4.8409916e-06,2.2920601e-06,0.026879981,0.0009238269,0.0011925834,0.10951286,0.21271518,0.2564683,0.08978362,0.255056,1.0351639e-05,0.015125562,6.208471e-06,8.755943e-06,0.10791659,6.574507e-06,0.21176727,0.8022506,0.18544805,0.0005152814,0.2231355,8.793331e-06,0.027140515,9.809015e-06,9.074753e-06,0.035612732,2.8089883e-06,0.08031354,0.023919737,2.6597938e-06,5.9041213e-06,0.021538755,4.056392e-06,0.22461265,0.7741302,0.2421748,1.6730371e-05,3.6276383e-06,0.02828076,7.887359e-06,1.1041387e-05,0.032591257,2.1384308e-06,0.08786727,0.031636957,8.010887e-06,4.049813e-06,0.01127584,0.17870492,0.0009624537,0.99999547,0.2788769,0.19311562,0.9999944,0.25058866,0.0012346297,0.020375429,5.0347367e-06,3.5128942e-06,0.9999964,0.0009833673,0.98434734,0.034421824,0.26037696,3.5226903e-06,0.1987928,0.23723283,0.99998856,0.0011450775,0.911151,0.01872352,1.7082843e-05,0.20766534,0.7892086,0.19241147,8.099968e-06,0.094823465,2.1774944e-05,0.21286848,0.22235581,0.7224663,8.043467e-06,0.92459357,0.025688102,0.20490249,0.0016162051,0.29107004,5.348541e-06,0.24167952,0.026104048,0.21886046,0.0007334432,0.01676523,3.2356259e-06,2.2271572e-05,0.9999939,0.0018321867,0.975911,0.02566056,0.20165451,3.5315402e-06,0.0010953502,0.9102809,0.014122753,9.375465e-06,0.24637857,0.7779324,0.21947367,1.0977352e-05,0.10319923,8.483106e-06,0.23567906,0.9874746,0.023663618,0.0007118589,0.23248991,0.04160392,7.5018597e-06,3.7763398e-06,0.022957586,0.08437614,0.00080773834,0.016076762,0.985685,1.0042613e-05,0.01792866,0.08892829,3.3767844e-06,0.20911276,4.0735345e-06,0.29212406,2.433636e-06,7.3178426e-06,0.02025154,0.09664762,7.135113e-06,1.7246533e-05,0.019355953,7.311411e-06,2.3250628e-05,0.027487116,0.0011825046,0.9863049,0.026265323,9.520745e-06,6.652734e-06,0.00067992,2.4678357e-06,0.02614796,4.890149e-06,0.043424886,1.3356812e-05,0.022786353,0.0008780788,0.26035562,0.001065083
0.124735677,-1.922459043,-0.061158614,0.448439063,-0.588274963,-0.63163179,-0.047838195,1.031518442,0.900228976,0.059121728,-1.106821257,-0.96843507,0.173067494,1.178581509,0.458218847,-1.674045009,2.227707183,1.133436658,1.074585639,1.595481371,0.914690534,0.012426887,0.0108050825,0.9874128,1.5773294e-05,3.70387e-05,0.9901911,0.9527363,0.956205,0.99179626,0.94985056,1.6716815e-05,0.0110454075,0.011308945,0.012386771,0.98687965,1.3664664e-05,0.99068964,0.037787143,0.95807546,0.0001492112,0.009838669,0.00014222461,0.007003868,2.5090081e-05,3.3740827e-05,0.011665434,1.6792615e-05,8.244368e-05,0.010481354,0.9432957,0.99695396,0.98825026,0.009400709,3.4244644e-05,0.93881726,1.5178356e-05,1.3009361e-05,0.009381527,4.084329e-06,7.714081e-05,7.164125e-05,0.04834697,0.00024375941,1.0734023e-05,0.030773176,9.817185e-06,8.9039095e-06,0.043004487,0.010089149,0.012839146,0.99997985,3.35851e-05,6.803022e-05,0.0032203132,6.403972e-06,3.521005e-05,0.034249015,0.011552007,0.011121677,0.9883562,0.9522374,0.9449657,0.9901564,0.9551822,1.1349637e-05,0.0047444836,1.3661746e-05,0.00011039179,0.98834527,1.3199591e-05,0.985314,0.057058748,0.9562176,0.0111607155,0.9514041,2.664845e-05,0.041299656,3.8725564e-05,4.8355694e-05,0.03401053,1.2921104e-05,0.005708434,0.003907211,0.0001719369,1.1174628e-05,0.041080397,2.6875947e-05,0.9545453,0.03786224,0.96333176,6.0164923e-05,0.00013263432,0.042751383,3.3637185e-05,2.2704246e-05,0.03624575,2.4819241e-05,0.0057404297,0.040872015,3.4201006e-05,1.6566144e-05,0.004144718,0.9407416,0.01253627,0.9999747,0.9624686,0.96015805,0.9999695,0.94909644,0.010090368,0.0051688342,2.3648023e-05,1.7756456e-05,0.99995315,0.009670599,0.99661106,0.034284286,0.9434818,7.6340775e-06,0.95035243,0.9613201,0.9999802,0.009185102,0.011054923,0.004769873,0.00016120067,0.95842403,0.046610124,0.9614484,0.00018818119,0.98872876,0.00030574627,0.95791125,0.95654196,0.04716642,0.00014716799,0.013323711,0.04221697,0.95108426,0.013841234,0.9177485,4.0618197e-05,0.9648706,0.03654615,0.95751214,0.011212076,0.0031491977,1.3344233e-05,0.00024937608,0.99996114,0.010601174,0.9960699,0.029615715,0.9493731,5.47651e-05,0.009353597,0.013213393,0.00415731,3.801959e-05,0.95300895,0.035164326,0.96193147,0.00012926348,0.98821366,8.175136e-06,0.95663893,0.9519402,0.032492813,0.008760009,0.9413012,0.008410417,1.3110855e-05,6.8486197e-06,0.03711001,0.9900829,0.0092446,0.0038903742,0.9492916,0.00043220195,0.0040642177,0.0047760517,1.4215014e-05,0.016276103,8.759718e-06,0.90841466,2.5561005e-05,9.710551e-06,0.0047866115,0.0050906953,2.4129586e-05,6.479999e-05,0.0029655995,3.3768672e-05,0.00040105666,0.032799065,0.01385743,0.99517447,0.040844504,6.590705e-05,1.9488809e-05,0.009164516,1.7200231e-05,0.034094647,3.5992278e-05,0.061768275,3.96917e-05,0.004831893,0.011122123,0.9550558,0.010551804
-1.784994188,1.363477223,-0.025089068,-0.529493358,-0.234182186,-0.163461507,0.835250724,0.198756237,0.259230014,-0.89716399,-0.196106057,-0.251696142,-0.769318512,-0.774854523,-0.182272131,-0.145989956,-0.093231153,-0.820031565,-0.771777294,-1.407070859,0.149184313,0.010383026,0.0073827785,0.9939003,4.724284e-05,0.00016501413,0.9929242,0.4400854,0.40165743,0.9920065,0.42848545,9.274461e-05,0.047095742,0.010468474,0.011561081,0.98568547,7.23822e-05,0.9653638,0.6210591,0.48298237,0.00027420383,0.0071636094,0.00027354975,0.15304926,8.2970844e-05,0.00013743115,0.12228882,0.00020025295,0.00016220086,0.1053662,0.49052137,0.9721504,0.93510103,0.009784851,0.000104904575,0.70468557,0.0001020442,0.00011927217,0.16932617,3.5830122e-05,6.4827866e-05,0.00012966161,0.632394,0.0001605002,0.00011429205,0.6413462,5.504259e-05,8.261918e-05,0.65205365,0.010405692,0.13464162,0.9999372,0.00017811549,0.00011109542,0.033089824,6.5076056e-05,0.00014762237,0.6487383,0.008267457,0.0075875106,0.9892134,0.48137343,0.44557992,0.99309856,0.4575411,0.00012385963,0.038134433,8.0897255e-05,0.00031601515,0.99271554,9.9812605e-05,0.96980524,0.53736955,0.48243573,0.0072850827,0.46712103,0.000108046464,0.6548224,0.00011411847,0.00017008942,0.6806187,4.5831992e-05,0.070849955,0.035150234,0.00022421105,7.8857876e-05,0.6428426,4.4207318e-05,0.48271808,0.56284577,0.48880914,0.0001906744,0.00014188138,0.6690089,0.00010840757,4.842842e-05,0.6581537,7.917601e-05,0.072344474,0.63134396,6.039232e-05,6.491955e-05,0.04360514,0.55710685,0.007931324,0.9998956,0.49981803,0.44802737,0.9999355,0.5187539,0.01151097,0.039090183,0.0001291643,0.000112087684,0.9999132,0.010866039,0.9655178,0.62374395,0.48537052,7.171828e-05,0.51653534,0.4427218,0.9998528,0.011202925,0.063441835,0.03613655,0.00016150791,0.444142,0.52780414,0.45220223,0.00029931343,0.99220157,0.00039534824,0.44333914,0.50738674,0.51107043,0.0001275964,0.0581941,0.6466252,0.46681565,0.007986676,0.5548362,9.4242096e-05,0.44020855,0.66335803,0.43110034,0.010477275,0.032405823,6.0358412e-05,0.0006634128,0.99990463,0.0081247855,0.9599216,0.66324306,0.4577846,0.00015777694,0.011266275,0.066325985,0.034635082,0.00011139934,0.49784562,0.5866245,0.44071898,0.00031699674,0.99341244,5.2335945e-05,0.3984982,0.597817,0.61712945,0.010125282,0.46860716,0.038288686,7.611947e-05,5.4281132e-05,0.5659657,0.8944318,0.011818299,0.03243669,0.5780006,0.00045215787,0.031105999,0.09189272,8.006212e-05,0.13347489,5.1012907e-05,0.58846056,7.552534e-05,6.421156e-05,0.02818365,0.07284051,0.00011169057,0.00020767725,0.03706845,0.00016174155,0.0004313919,0.6581952,0.009326903,0.96158147,0.61433995,0.00019887552,0.00011139807,0.008878645,4.0025505e-05,0.63381743,6.954412e-05,0.54776376,0.00012100543,0.03132887,0.0061140447,0.4704588,0.008744554
1.822273336,0.371496464,0.215374572,-0.090819755,0.543300715,0.572285132,-0.673124986,-0.992988492,-0.786725031,0.711080961,1.04023899,0.798697142,0.35351702,-0.468485468,0.251033015,2.045450736,-1.768978792,-0.72307098,1.543993998,1.24225647,0.91306865,0.004050491,0.0019142986,0.994558,2.85117e-07,1.1470673e-06,0.995726,0.9746319,0.9772066,0.9962209,0.9787604,4.8124156e-07,0.0026970303,0.0028258169,0.0018173836,0.9965193,6.4549715e-07,0.99764484,0.0074459687,0.98118424,3.3437009e-06,0.0030649842,6.3912203e-06,0.0001905112,4.950766e-07,1.927642e-06,0.001088357,1.5286591e-06,9.516982e-07,0.0009877769,0.98159903,0.99973315,0.9990476,0.0039412677,8.6479577e-07,0.9509544,4.417667e-07,4.1106836e-07,0.00023619842,1.3098365e-07,3.2626454e-06,1.8973712e-06,0.0064819157,4.877955e-06,4.4491486e-07,0.007162382,4.6299044e-07,4.343876e-07,0.008186272,0.0030406613,0.0044783438,0.9999995,3.9190243e-07,1.8090985e-06,0.00024203614,6.086051e-08,8.880342e-07,0.00975633,0.0037284472,0.0038776225,0.9957,0.9794829,0.9767273,0.9965139,0.97885406,1.0365382e-06,0.00022135391,2.141681e-07,8.219037e-06,0.9966641,8.244592e-07,0.9963169,0.022050457,0.98840755,0.0030057516,0.98968214,1.7586852e-06,0.009737093,1.7209842e-06,1.7872343e-06,0.0081248935,4.236154e-07,0.000100220044,0.00030737568,3.7854838e-06,4.1653473e-07,0.008062098,7.8067166e-07,0.97977763,0.017064318,0.985321,1.9374172e-06,2.0174655e-06,0.0076551526,1.5510907e-06,8.4372743e-07,0.009152322,7.6600594e-07,0.0001258045,0.0075462232,8.4005825e-07,4.0211503e-07,0.00027545844,0.9883541,0.0031327566,0.9999989,0.9874958,0.98655987,0.9999994,0.9882116,0.00544991,0.0005589334,9.617637e-07,5.013751e-07,0.99999917,0.0033054652,0.9994655,0.008046388,0.9815409,1.8514034e-07,0.9830467,0.9862345,0.9999988,0.0047499854,0.0013522151,0.00033615515,4.537654e-06,0.98468286,0.029065019,0.98635095,5.5124824e-06,0.9958502,3.9679885e-06,0.9892343,0.9886342,0.01957282,4.2617125e-06,0.0013660671,0.009854675,0.9879076,0.0027755322,0.947978,7.806062e-07,0.98224306,0.011039326,0.9880856,0.002407568,0.00038391896,5.3270514e-07,1.554526e-05,0.99999833,0.004355975,0.9995956,0.008904884,0.9803616,7.638947e-07,0.003118969,0.001746061,0.00027781262,9.271076e-07,0.9851532,0.0187756,0.9862941,3.3011738e-06,0.99583626,5.170862e-07,0.97301054,0.96445405,0.0091712475,0.0033353276,0.98323566,0.0022751982,4.891623e-07,1.7128221e-07,0.008838331,0.9989705,0.003437571,0.00027908452,0.96738315,9.263226e-06,0.00042778332,0.00014341828,3.3783328e-07,0.00525722,2.9873908e-07,0.93289036,5.088904e-07,4.2185886e-07,0.0004321171,8.162512e-05,1.2524205e-06,8.284165e-07,0.00026348614,8.140043e-07,5.367872e-06,0.005815525,0.0026255446,0.99965954,0.009295831,2.4169806e-06,1.1788438e-06,0.002112017,5.456334e-07,0.008296999,1.3119522e-06,0.030489752,1.2149624e-06,0.00033070968,0.0032784517,0.9855936,0.0022599353
-0.699069363,-0.992477081,-1.059082723,0.364462548,0.280079056,0.218858119,0.109632568,0.216816547,-0.040966963,-0.118256472,-0.235204986,0.054947498,0.607281825,0.503691352,-1.022146592,-0.970035501,-0.163632909,1.250683611,-1.96423794,-1.360866948,-1.065689338,0.014796512,0.013646793,0.87925375,8.197449e-06,1.9648121e-05,0.9803122,0.84841615,0.8763763,0.9827718,0.86422175,8.728281e-06,0.013505809,0.014255066,0.011666121,0.983564,7.946317e-06,0.98635197,0.018965563,0.8422881,9.6117714e-05,0.012721715,8.036717e-05,0.0060000005,1.2623596e-05,1.8913024e-05,0.07756426,5.8351584e-06,2.8760604e-05,0.0757021,0.83759516,0.9985166,0.8826725,0.018018529,1.14865e-05,0.95820135,6.236932e-06,4.2608835e-06,0.008307757,2.2756853e-06,4.3645126e-05,4.2411182e-05,0.02243952,6.4617954e-05,1.2911066e-05,0.016292486,5.122759e-06,3.2454411e-06,0.0159056,0.01250195,0.02853784,0.9999908,2.234288e-05,4.0388226e-05,0.001413128,3.5837104e-06,2.2843285e-05,0.020100106,0.018295778,0.016149879,0.88493603,0.8803995,0.83269835,0.86860317,0.8553961,3.6231124e-06,0.0015740966,9.3907765e-06,4.0498297e-05,0.9040056,2.0069141e-05,0.9177674,0.14010021,0.89779896,0.016184025,0.87426513,7.5979797e-06,0.019959597,1.7636063e-05,1.7326685e-05,0.012323493,7.871752e-06,0.009851744,0.001538676,3.6623052e-05,7.061557e-06,0.018143196,9.871223e-06,0.8893866,0.14143765,0.8956007,3.0981046e-05,3.084647e-05,0.019048333,2.6597214e-05,1.5499903e-05,0.016131062,5.9020776e-06,0.009968298,0.024040157,1.05896515e-05,1.0076977e-05,0.0011610974,0.8632033,0.014722111,0.99999166,0.88779384,0.8953965,0.99998677,0.86988723,0.018174566,0.0023209078,1.3363208e-05,9.096475e-06,0.99998593,0.011708383,0.99833137,0.020014059,0.85600215,3.3120405e-06,0.8545823,0.89739925,0.99999154,0.016066086,0.11151353,0.0015575435,0.00012464647,0.8947374,0.16356292,0.90334654,6.86136e-05,0.89673173,9.38586e-05,0.88546336,0.8695457,0.13358437,6.443932e-05,0.114042774,0.018058514,0.88796556,0.012005785,0.807734,3.3267705e-05,0.8520588,0.017185945,0.8913213,0.012996399,0.0016306015,4.448997e-06,0.0001185682,0.99998176,0.017226059,0.9979448,0.015444276,0.8623487,2.24571e-05,0.012119491,0.10469644,0.001759193,2.3125247e-05,0.87617236,0.13188133,0.876808,5.5900273e-05,0.86319107,3.7370387e-06,0.8563156,0.9646926,0.015408601,0.015128299,0.88916814,0.012412195,8.956696e-06,5.689897e-06,0.02197549,0.91884404,0.011295085,0.0018911905,0.96996695,0.00013814551,0.001683804,0.008667624,9.5371115e-06,0.034583207,2.877527e-06,0.75502956,1.8981144e-05,5.7603174e-06,0.0019699596,0.010108382,1.2531214e-05,1.3861569e-05,0.0014506839,1.9122972e-05,0.0001206913,0.016945181,0.016330613,0.9982821,0.019360125,6.23884e-05,4.964505e-06,0.010687848,1.1802549e-05,0.01993933,1.2019731e-05,0.04032926,2.0961195e-05,0.0017871436,0.015519399,0.88909227,0.015534975
0.124735677,-0.124493916,-0.481969985,-1.261625792,-1.081281518,-1.078287214,1.196508166,1.069018684,1.009502002,-1.160154301,-0.998107756,-0.887089995,0.35967039,0.423912764,1.040889995,1.015958514,0.179063335,-0.143506513,1.716631178,0.670135255,-0.050025207,0.0013084648,0.0010093801,0.9984817,8.334811e-07,1.8024476e-06,0.9991986,0.68098485,0.6941976,0.99899906,0.6712167,1.606709e-06,0.004724002,0.0010822017,0.0015524043,0.9984951,5.384142e-07,0.9965011,0.367586,0.68140787,7.933179e-06,0.0010400069,7.4236664e-06,0.0020561002,1.2267286e-06,1.2686661e-06,0.0023945735,3.235922e-06,2.0134771e-06,0.001683982,0.6823843,0.99917525,0.99705005,0.0011629099,2.8569561e-06,0.6020952,1.5119554e-06,2.1087055e-06,0.0031183225,4.3746647e-07,2.6084883e-06,2.6086175e-06,0.35594866,1.4641533e-05,6.3932964e-07,0.35228708,1.2156288e-06,7.3371325e-07,0.36278984,0.001250917,0.00540017,0.999998,2.4654737e-06,6.212742e-06,0.0011810771,5.804754e-07,2.1131405e-06,0.39082098,0.0009191818,0.0004983596,0.9986009,0.6753104,0.6927872,0.9982999,0.70163065,1.7137304e-06,0.0012604803,5.270908e-07,6.6074e-06,0.9979721,1.26117e-06,0.9946589,0.29090455,0.66948336,0.00097427174,0.6905766,1.6935418e-06,0.36234766,3.4013515e-06,3.209779e-06,0.37232625,4.2741897e-07,0.0017277416,0.0020980071,1.0629871e-05,9.587354e-07,0.3507955,9.2096633e-07,0.67101735,0.3202509,0.6718178,5.89214e-06,3.63524e-06,0.36664477,2.4507942e-06,1.7026186e-06,0.3765101,1.7271778e-06,0.0018045196,0.34836215,1.6598533e-06,1.0405802e-06,0.0018873421,0.69492465,0.0010327711,0.9999975,0.66339695,0.66732126,0.9999982,0.6879538,0.0008909463,0.0019837352,1.664763e-06,9.97141e-07,0.99999607,0.001048729,0.9984403,0.37244087,0.6857189,7.121682e-07,0.69063765,0.64247537,0.9999987,0.0014631469,0.0026080343,0.0009482016,9.650359e-06,0.6628056,0.31371567,0.683791,1.4726478e-05,0.9988306,1.1868262e-05,0.6775142,0.67272544,0.30981857,6.691326e-06,0.0023041605,0.35366666,0.6745333,0.00075669854,0.61178935,1.8450983e-06,0.64997756,0.36785156,0.67618483,0.0013087366,0.001663689,1.314961e-06,1.5568583e-05,0.9999951,0.0012692182,0.9985177,0.41395137,0.6862439,3.2419887e-06,0.001082836,0.0029843196,0.0010106638,1.4485345e-06,0.6647746,0.337919,0.6988737,9.322337e-06,0.9985404,3.4163764e-07,0.674238,0.59260094,0.39214858,0.00090810633,0.689523,0.003159623,1.978682e-06,5.063716e-07,0.3440439,0.9980117,0.0011523477,0.0016378056,0.6001592,3.3923374e-05,0.0012047397,0.0017594921,9.749697e-07,0.0057800408,8.241668e-07,0.65319806,1.1018496e-06,1.3323964e-06,0.0014721383,0.0018940188,2.218103e-06,2.9154614e-06,0.0014622889,2.6731393e-06,2.3613971e-05,0.36667225,0.00086451514,0.99839896,0.36050665,4.1563026e-06,2.506029e-06,0.0011360635,2.0841642e-06,0.38051426,3.2825353e-06,0.41527784,3.435405e-06,0.0014397783,0.0015898704,0.67285603,0.001639269
-0.748996941,-0.372489106,0.359652757,0.562929017,0.121572987,0.187824346,-0.271366224,-0.023008914,0.034070334,0.217147469,-0.036268816,-0.106075111,-1.286620588,-1.022059389,-0.448218225,-1.000538209,0.445757581,-0.950915784,-1.044337827,-0.626167468,0.296204088,0.0084432755,0.007593366,0.964793,0.00013988235,0.00018397918,0.98977554,0.85183156,0.8547004,0.9922741,0.8214801,0.00015298948,0.03026382,0.009844101,0.0069459556,0.9897271,0.00014195566,0.96333337,0.12825984,0.8224643,0.0007286188,0.0052290377,0.00092676666,0.108712815,0.00018073678,0.0001919213,0.14214379,0.00016630007,0.0004159973,0.16219176,0.82964617,0.9679893,0.87727344,0.009351428,0.00025694567,0.9414349,0.00014327886,0.00012215444,0.106698684,5.546602e-05,0.00038150573,0.0006616246,0.17973588,0.0006307825,0.0001978221,0.13579944,8.383104e-05,7.4579766e-05,0.16159844,0.008794629,0.07239271,0.99991286,0.0004790581,0.00034892594,0.028556041,6.520856e-05,0.0002588871,0.16416395,0.009784736,0.010028505,0.9676595,0.82259834,0.7769822,0.9691924,0.8351692,0.00013361276,0.026296793,0.00016959291,0.0005269771,0.9753145,0.00022021924,0.9407566,0.15977097,0.8303873,0.009908457,0.7892599,0.00023746042,0.15636815,0.00021243557,0.00035144764,0.12282305,9.09035e-05,0.08063664,0.022019548,0.0003799309,8.745195e-05,0.14811207,0.00011140763,0.8111092,0.16666979,0.8434881,0.00043617282,0.0005966034,0.16631445,0.0003482518,0.00014946681,0.11561454,0.000105392886,0.067675665,0.16262664,0.0002765302,0.00015429422,0.03153396,0.8133066,0.0093463,0.99982834,0.8309056,0.8246537,0.99981993,0.8053668,0.007466126,0.028084809,0.00020929317,0.00012537267,0.9998109,0.0053686174,0.97204596,0.15630487,0.802881,0.000105820065,0.80694467,0.81585896,0.99964523,0.007082757,0.10958784,0.027984345,0.00067134463,0.8276295,0.1914377,0.85559094,0.00092848745,0.97787035,0.0013417336,0.81760055,0.81717193,0.15177606,0.00044162598,0.11300181,0.13817488,0.8026176,0.005533816,0.7822697,0.000391456,0.822464,0.16830477,0.8273223,0.009448528,0.024158511,0.00010173019,0.001130332,0.99975294,0.008902056,0.9716275,0.16755119,0.81927097,0.00028071314,0.0052308985,0.15305889,0.029807547,0.0002245752,0.8048507,0.15253782,0.8200274,0.0007202852,0.9763731,9.044636e-05,0.83449155,0.91297084,0.13049825,0.009357866,0.80723906,0.034211777,8.369126e-05,0.00012216247,0.16882929,0.81597674,0.009558803,0.032315727,0.90724015,0.0010980363,0.028638832,0.07015679,8.698901e-05,0.095579065,9.448009e-05,0.797072,0.0003037184,8.34837e-05,0.028388502,0.05904006,0.00016337354,0.0003209521,0.029293636,0.00023517685,0.00094826886,0.14684418,0.009323238,0.96843976,0.15574583,0.0004135281,0.00012615815,0.0055577992,0.00010069057,0.13220604,0.00018750934,0.1620043,0.00031559603,0.026721075,0.006933209,0.7951703,0.007974576
-0.374540105,-0.471687182,0.479884577,-1.015243533,-1.080164261,-1.055224046,0.927102918,1.034074803,1.197935927,-1.017856497,-1.129316304,-1.341568824,0.040784012,0.095810952,0.693586584,0.662937027,0.125211261,-0.320791065,0.27865714,-2.145663417,-0.013161841,0.00035583615,0.00030907002,0.99852896,2.578135e-07,2.6562398e-07,0.99976,0.03051871,0.04751283,0.9997193,0.03634641,4.82509e-07,0.011227619,0.000246308,0.00047369895,0.99968934,1.5045346e-07,0.9882274,0.9673411,0.041219078,1.2064345e-06,0.00035114624,1.0442794e-06,0.0056118565,2.8115213e-07,1.563584e-07,0.0073648808,2.2137856e-06,2.838649e-07,0.0047623906,0.039716292,0.99613047,0.99533045,0.00025358394,8.622676e-07,0.0744236,6.824411e-07,1.2772636e-06,0.008869976,3.6757552e-07,3.5464709e-07,5.6828515e-07,0.9588791,1.383693e-06,3.427439e-07,0.96016496,6.878808e-07,4.5048708e-07,0.96027136,0.00028053066,0.009474394,0.9999993,5.984095e-07,1.3832286e-06,0.005013454,3.3757274e-07,4.0552212e-07,0.9603424,0.0002145849,8.721684e-05,0.9985997,0.046131436,0.057974093,0.9982132,0.046197176,1.0079485e-06,0.0064112497,1.3420818e-07,1.0335867e-06,0.9980854,3.644706e-07,0.98613364,0.9531382,0.047434147,0.00023786104,0.05620419,3.9301062e-07,0.9521915,9.335151e-07,7.349815e-07,0.9638059,6.479655e-08,0.0034560745,0.009115278,1.7120444e-06,5.170818e-07,0.95939165,2.1747479e-07,0.04494082,0.95213765,0.037550464,1.5873211e-06,6.5713584e-07,0.9537388,6.099973e-07,5.080447e-07,0.96667427,5.314452e-07,0.0048213457,0.96135557,3.74211e-07,3.5569576e-07,0.006560861,0.057797443,0.00028007262,0.9999993,0.041037545,0.045624238,0.9999993,0.043484874,0.0001787876,0.00729869,4.4230336e-07,2.5292582e-07,0.99999833,0.00045588418,0.9940732,0.9621398,0.04807821,3.49754e-07,0.047547873,0.047672402,0.99999964,0.00031406345,0.004135154,0.0037319118,1.8462651e-06,0.049222127,0.9506398,0.045761716,2.263042e-06,0.9991002,1.7897023e-06,0.042936128,0.03499153,0.95862454,8.110783e-07,0.0035844862,0.95473474,0.054291055,0.00022520496,0.10342978,3.3774438e-07,0.03857167,0.96600115,0.045336574,0.00036402186,0.006418437,8.213194e-07,2.3680223e-06,0.99999905,0.00046391846,0.99323845,0.96625906,0.04896327,9.724635e-07,0.00026379028,0.004563672,0.003541189,2.3703716e-07,0.047077972,0.9619976,0.043096915,2.1227831e-06,0.99852186,1.1084458e-07,0.03452912,0.053358763,0.9695369,0.00025973486,0.055175316,0.012644651,9.803495e-07,2.4804538e-07,0.95887035,0.9940919,0.00028490883,0.00712004,0.048773076,4.6592545e-06,0.0045174845,0.0042782836,2.729134e-07,0.009090001,3.3697674e-07,0.10611044,3.5736625e-07,9.2692363e-07,0.005873012,0.00529926,6.9952813e-07,5.32038e-07,0.0058905995,1.1068164e-06,3.0830988e-06,0.9586635,0.00016573572,0.99503374,0.9546006,9.710631e-07,1.1608653e-06,0.00043513087,6.6129013e-07,0.968328,1.018645e-06,0.9159943,1.1962574e-06,0.0057992325,0.00048198635,0.045496654,0.0005059962
0.611529565,0.284698147,0.2634673,-0.088021154,-0.296045408,-0.185737992,-0.348408054,-0.206434483,0.136375224,0.371350795,0.21061636,-0.17778028,-1.561438176,-1.273080168,0.577605467,0.125933887,0.469088825,-1.899116154,1.082855712,1.261791365,0.460118449,0.0063705696,0.0042783283,0.95170015,3.066129e-05,4.5243574e-05,0.9912305,0.9068091,0.9221474,0.99391055,0.9179599,5.4275337e-05,0.027509462,0.0062214397,0.0039577433,0.991379,4.511045e-05,0.96349704,0.03680309,0.9064918,0.00012536524,0.0050955666,0.00032281608,0.03708523,3.5433077e-05,7.6953824e-05,0.10589037,6.8483576e-05,8.377519e-05,0.11118408,0.9293313,0.97301066,0.94588035,0.007844472,4.5689685e-05,0.97226715,3.1160343e-05,3.100425e-05,0.03524248,1.3963864e-05,0.00011008841,0.00016176005,0.038361583,8.7116845e-05,6.561514e-05,0.042186767,2.4030245e-05,2.5457468e-05,0.051402282,0.0071326313,0.040552925,0.9999794,6.0152703e-05,5.5570214e-05,0.020302836,9.336083e-06,4.3064734e-05,0.041052476,0.008264447,0.007425961,0.95623034,0.90945464,0.88408977,0.96396315,0.90500957,6.0090497e-05,0.016839402,3.629868e-05,0.00022213427,0.96946824,5.9068967e-05,0.9371496,0.080296814,0.9327452,0.006609072,0.9226978,9.118531e-05,0.040757112,6.936423e-05,0.00012508917,0.036428962,3.1104435e-05,0.012770425,0.020328943,9.5239746e-05,2.2881135e-05,0.043446083,3.7216436e-05,0.8965952,0.0755346,0.91354024,0.00012007669,8.52867e-05,0.042908728,0.000119440156,4.6625017e-05,0.039293658,2.8014418e-05,0.012681543,0.037979547,5.663225e-05,4.0164337e-05,0.02081757,0.92784727,0.0074279862,0.99995196,0.9272585,0.91152483,0.9999641,0.9319176,0.008220074,0.0239782,5.6569854e-05,3.4822166e-05,0.99995935,0.0047411616,0.97645706,0.044236083,0.9143785,2.3934463e-05,0.909623,0.89519686,0.99985015,0.009666929,0.05383801,0.01967212,0.0001188784,0.913307,0.09211663,0.9214428,0.0002168792,0.96472865,0.00027069717,0.9134726,0.92265046,0.07739552,0.00012210227,0.07314763,0.043750837,0.9219416,0.0056462274,0.8836679,6.974954e-05,0.9120863,0.0406945,0.9172112,0.005174482,0.024357818,3.3065153e-05,0.00041639523,0.99994695,0.007896249,0.97842455,0.048748992,0.9073514,4.4955166e-05,0.005354573,0.07593408,0.020296387,6.8136374e-05,0.90693593,0.07377147,0.9182087,0.00012884595,0.96230423,3.801031e-05,0.9082557,0.94625163,0.041796237,0.006732421,0.89939684,0.035252318,2.715522e-05,1.9767882e-05,0.045145255,0.8994069,0.009344398,0.019640092,0.9437061,0.00022579772,0.02573317,0.012093924,2.3394845e-05,0.061988566,2.8541666e-05,0.8871327,5.9294485e-05,2.9188805e-05,0.023449223,0.008501643,4.6536752e-05,6.9400296e-05,0.022957157,7.22199e-05,0.00020634041,0.04049909,0.0059267133,0.97620904,0.044867497,9.84697e-05,5.2159172e-05,0.0043144403,2.1608523e-05,0.036110085,5.023404e-05,0.0543719,6.9585316e-05,0.023594879,0.0054964926,0.8944326,0.005777285
-1.110971883,0.383896223,-1.467870912,-1.105471914,-0.352665287,-0.350311082,1.399017769,0.688715106,0.503973238,-1.311985384,-0.570437783,-0.285589516,1.249926742,0.69522169,-0.146990086,0.958821321,-1.087172946,0.931124741,-0.510326794,0.029755835,1.234333049,0.01607091,0.009815558,0.97166944,1.0020227e-05,3.1487823e-05,0.9858174,0.9260505,0.9094186,0.98425645,0.9200291,1.8773182e-05,0.006601869,0.022980956,0.014868384,0.98573685,1.26702e-05,0.9961281,0.015967384,0.8940066,0.0001727996,0.014691032,0.000105848216,0.001732848,1.6523258e-05,5.934268e-05,0.007840907,1.5181092e-05,2.8803697e-05,0.009549273,0.90956336,0.9996966,0.9659411,0.014243868,4.195917e-05,0.9020582,2.1212827e-05,1.160825e-05,0.001357579,4.183419e-06,7.891686e-05,3.139269e-05,0.019749222,0.00020018901,9.44861e-06,0.014734989,1.0404589e-05,1.1680353e-05,0.018792475,0.019603617,0.014069228,0.9999701,3.1813714e-05,0.00011115634,0.0003056058,9.069569e-06,4.2735242e-05,0.018049976,0.013225211,0.011378948,0.9732352,0.93061805,0.9296836,0.96471924,0.91457915,8.966506e-06,0.00039533203,1.2887716e-05,9.677475e-05,0.9519942,2.8435115e-05,0.98224086,0.09943299,0.9242078,0.014222512,0.9362132,1.7974226e-05,0.020861149,5.0026272e-05,3.1603075e-05,0.018602997,1.1384195e-05,0.002666985,0.00058398163,0.00010511687,1.46861985e-05,0.019517582,1.3975575e-05,0.9453981,0.09324322,0.92972136,9.1625225e-05,6.571764e-05,0.024485923,4.0588617e-05,2.1450513e-05,0.02318175,2.432918e-05,0.004089159,0.021139476,1.813473e-05,1.4144561e-05,0.0003532693,0.92251533,0.011330889,0.99997246,0.938002,0.940539,0.99998176,0.9346627,0.015149983,0.00067314785,3.8757637e-05,1.8365963e-05,0.99996114,0.013055594,0.9995425,0.023636395,0.9121068,7.1204304e-06,0.9216479,0.93893534,0.99998486,0.021325951,0.019422999,0.00032398273,0.00017915876,0.9236748,0.08677731,0.9380353,0.00017092639,0.9679653,0.00011827269,0.94576806,0.9282249,0.07892936,9.77994e-05,0.023368252,0.023327032,0.9180109,0.012276287,0.8440829,2.8942224e-05,0.928697,0.024215952,0.91131645,0.017294211,0.0005127308,1.4203467e-05,0.00023693599,0.9999517,0.010040408,0.99964345,0.018367514,0.9171187,4.6193334e-05,0.017457299,0.022620153,0.00045658002,4.675641e-05,0.9430584,0.08023672,0.93932194,9.5998636e-05,0.9637236,5.9833405e-06,0.9379403,0.9401772,0.018321471,0.014874944,0.9443864,0.004375485,2.246299e-05,6.3680222e-06,0.023621675,0.99158794,0.010467684,0.0005745805,0.9406347,0.00037166628,0.00038109533,0.0042836783,1.7336637e-05,0.014936839,7.5057887e-06,0.7400838,1.4695963e-05,1.6661714e-05,0.0004654976,0.003183835,1.8282852e-05,3.8451486e-05,0.00045008858,3.4727087e-05,0.00032061507,0.016754817,0.013536414,0.999335,0.020714927,9.032757e-05,1.5060267e-05,0.013502944,2.4731373e-05,0.021832824,2.6678656e-05,0.069628745,4.228542e-05,0.0007833645,0.011078997,0.94406205,0.0147188455
0.748830405,-0.347689587,-0.121274525,2.303905655,1.705615389,1.685993193,-2.165757492,-1.655507281,-1.831755745,2.171927928,1.645897676,1.794636932,-1.848899474,-1.536729506,-1.647691301,-2.425935179,0.49112103,-0.817117864,-1.151188748,-0.656938806,-1.757111457,9.265117e-06,3.4116463e-06,0.99998784,6.6821795e-12,2.2165797e-11,0.99999845,2.5037427e-05,2.6121474e-05,0.99999595,2.841191e-05,1.12243465e-10,0.0043254024,1.956417e-06,3.1155316e-06,0.99999464,1.6604645e-11,0.9947301,0.999997,1.1176098e-05,3.6549822e-11,6.9977627e-06,5.239873e-12,0.009120249,1.6540486e-10,3.1740926e-11,0.008831656,1.7498247e-10,3.06467e-11,0.0072189854,2.7069276e-05,0.9983693,0.99403536,3.7519078e-06,6.322354e-11,0.037408534,9.3441185e-11,2.9807448e-10,0.007954002,4.9267285e-11,9.420813e-12,2.1104087e-11,0.99999034,1.0347258e-10,7.64786e-11,0.9999939,9.4824724e-11,3.363879e-11,0.99999094,3.5044754e-06,0.023178898,1.0,3.8952058e-12,1.6000612e-10,0.0018907018,2.8629411e-11,3.380783e-11,0.99999475,4.241674e-06,5.257722e-06,0.99999297,1.759754e-05,3.4162967e-05,0.99998486,2.1881046e-05,7.755963e-11,0.002708579,2.4216453e-11,2.5333695e-11,0.9999732,3.8084026e-11,0.99668676,0.9999659,1.8772394e-05,3.1531133e-06,2.4555091e-05,5.710526e-12,0.99998355,1.0967535e-10,4.093058e-11,0.9999862,1.3637887e-11,0.009852791,0.0030978115,2.4181239e-11,6.070553e-11,0.999987,8.042054e-11,1.8728657e-05,0.999969,1.5046486e-05,5.7239852e-11,6.295729e-13,0.9999889,4.0909817e-11,7.672581e-11,0.9999938,1.3688868e-10,0.01275068,0.9999895,1.6412314e-12,4.5333945e-11,0.0030005777,1.7678261e-05,1.918677e-06,1.0,1.3490974e-05,7.18949e-06,1.0,1.1394286e-05,2.201803e-06,0.002349422,2.3650788e-11,3.468265e-11,1.0,2.0997213e-06,0.99734205,0.99999344,1.8072611e-05,1.2753413e-11,6.6823463e-06,1.8235036e-05,1.0,2.8184659e-06,0.00564935,0.0028509274,7.397151e-11,1.9781231e-05,0.9999783,2.1684926e-05,1.34111455e-11,0.99998975,4.161592e-11,6.4224973e-06,1.44696305e-05,0.9999856,1.1315482e-11,0.008459571,0.9999918,1.1538706e-05,4.5305023e-06,0.004993269,1.2517318e-10,2.6051715e-05,0.9999814,2.2511154e-05,4.9804144e-06,0.0026567436,4.7808722e-11,7.756452e-11,1.0,1.0610011e-05,0.99776137,0.999985,1.6883181e-05,9.791276e-12,3.5382218e-06,0.006888793,0.0018585455,1.3882038e-11,8.75839e-06,0.9999343,2.3089548e-05,2.6417294e-11,0.9999684,5.0525916e-12,2.6210308e-05,0.034360636,0.9999907,2.0433267e-06,1.6736882e-05,0.0042438153,1.9272245e-10,1.49028e-11,0.99998987,0.993487,2.0946095e-06,0.0021883931,0.038663696,3.2674574e-10,0.0022300105,0.0105676465,2.8135455e-10,0.018714655,6.226849e-12,0.007861935,8.758415e-12,7.6474514e-11,0.0034681864,0.010428658,8.81959e-11,5.1278166e-11,0.0019381385,4.3182498e-12,4.294643e-12,0.99998736,1.0281469e-05,0.9967122,0.99998355,3.5648845e-11,9.61374e-11,1.9995675e-06,7.425678e-11,0.99999154,1.6525246e-11,0.99469477,1.3374266e-10,0.0021785258,1.4744746e-05,1.1866111e-05,3.1744084e-06
-0.249721159,0.383896223,1.201275498,-1.769656418,-1.599436091,-1.674216763,1.653110175,1.468555772,1.565795815,-1.76322619,-1.555032414,-1.673467009,2.224865922,2.327876254,1.867946423,1.750755249,0.460794367,1.632905869,0.305724446,0.006406204,0.782549583,3.961127e-07,1.9373586e-07,0.99925894,2.5482259e-09,1.9569701e-09,0.99999964,4.3301858e-05,6.0308816e-05,0.99999964,7.2717325e-05,3.7070669e-09,0.006848482,1.3769214e-07,1.0797386e-06,0.99999976,1.0755183e-09,0.9947162,0.9997682,3.297085e-05,1.38056695e-08,1.1618378e-06,5.4491545e-09,0.6443305,1.4807754e-09,2.6618217e-09,0.798945,3.875257e-08,2.4016984e-09,0.7620882,3.872627e-05,0.9967428,0.18943307,5.8960023e-07,6.9258848e-09,0.7143207,5.8359184e-09,4.0644814e-08,0.6947094,9.908919e-09,1.982279e-09,7.611951e-09,0.99956995,3.594973e-09,1.7245192e-08,0.9998024,1.548369e-08,4.694939e-09,0.99977607,2.031016e-07,0.70989394,1.0,4.010245e-09,7.772662e-09,0.0067212763,1.5070931e-08,2.5724034e-09,0.99983144,1.4567854e-07,3.0647513e-07,0.9994893,9.0173184e-05,7.412005e-05,0.99969256,3.30487e-05,2.0140572e-08,0.006834411,5.2800315e-09,5.5735705e-09,0.9994764,5.8959095e-09,0.98783374,0.99994993,4.1135398e-05,3.6457908e-07,9.301989e-05,3.0256082e-09,0.9995993,4.8076516e-09,4.4570667e-09,0.99953234,1.7173259e-10,0.78300935,0.012778736,1.4117644e-09,6.921856e-09,0.99980587,3.1076608e-09,5.555898e-05,0.9999459,4.6842906e-05,1.9402757e-08,1.9376267e-09,0.9997533,3.9314574e-09,1.1830709e-08,0.99982697,1.9489874e-09,0.76541173,0.9998398,3.714102e-09,3.5031322e-09,0.0055666063,2.4798655e-05,2.9980765e-07,1.0,5.2832787e-05,8.407137e-05,1.0,7.82656e-05,4.6998605e-07,0.008123636,2.9780187e-09,1.6473399e-09,1.0,6.121915e-07,0.99225384,0.9997725,7.584015e-05,1.7631134e-08,2.3780729e-05,5.8543395e-05,1.0,3.214559e-07,0.7876797,0.00499763,1.8056921e-08,8.292046e-05,0.9999187,3.6546786e-05,1.0401367e-08,0.9996252,8.611646e-09,0.00012184767,3.6537935e-05,0.99994445,1.1396305e-09,0.78537107,0.99980277,4.3038952e-05,1.808828e-07,0.0014635726,4.7253135e-09,5.6065983e-05,0.99981076,0.00010842567,1.8088676e-07,0.009803575,5.8577645e-09,1.5011773e-08,1.0,6.142811e-07,0.99179006,0.99976426,7.2377785e-05,1.5983243e-08,2.5607838e-07,0.8096659,0.00680522,2.043359e-09,0.00012327438,0.9999541,3.9672963e-05,3.294325e-08,0.9996513,2.0144482e-09,6.563591e-05,0.6907352,0.99978906,3.0917505e-07,3.521781e-05,0.0071306797,1.590724e-08,5.679598e-09,0.9998605,0.1793943,1.2412322e-07,0.009459079,0.6604324,9.775057e-09,0.007516779,0.80877644,1.4516307e-09,0.7595683,1.3884409e-09,0.0026260528,2.4784041e-09,2.8808577e-08,0.012017667,0.75844187,1.6108046e-08,3.6127623e-09,0.007258406,1.076656e-08,1.269671e-08,0.9998115,6.765643e-08,0.9940347,0.9996464,1.0219894e-08,1.8338865e-08,4.7030886e-07,2.9129974e-09,0.99976295,6.1667214e-09,0.9954733,3.6180115e-08,0.0061868452,5.5916746e-07,5.502826e-05,8.003075e-07
-1.248272723,-0.112094157,-0.481969985,0.70670872,0.920387647,0.938788655,-0.143965111,-0.393506078,-0.576278363,0.135373851,0.405644062,0.603317959,0.148919777,-0.141566839,-1.050345417,-0.567669898,-0.622609585,0.490049437,0.524316981,1.087954635,1.096145596,0.0001605544,9.9194156e-05,0.99886024,6.427489e-08,7.570747e-08,0.99990094,0.00027901295,0.00028283382,0.9998838,0.0001732097,3.8766586e-07,0.07832123,0.00010029767,0.00010366365,0.9998753,1.0680292e-07,0.9252157,0.9999299,0.0001497704,1.6730966e-07,0.0001609009,7.434121e-08,0.44268897,5.040123e-07,1.4113336e-07,0.38334897,6.380986e-07,1.4959245e-07,0.4265064,0.00028162217,0.9045527,0.7439938,0.00015922527,2.2154086e-07,0.27898717,3.4519368e-07,6.2184336e-07,0.4398725,2.6537433e-07,4.3239453e-08,1.3212495e-07,0.9998473,1.18774935e-07,5.72193e-07,0.99985695,3.0774714e-07,1.4895966e-07,0.9998462,0.00013209147,0.27255294,0.99999976,1.0156975e-07,1.9027807e-07,0.10855606,2.0559214e-07,1.7559573e-07,0.99988616,0.00015636104,0.00019390711,0.9991523,0.0001548732,0.00021922853,0.9988617,0.0001629942,3.9137282e-07,0.08496118,2.5539157e-07,1.05636374e-07,0.99883336,3.0199254e-07,0.9180415,0.9996563,0.0002200507,0.00013411812,0.00014752572,6.865033e-08,0.9997942,2.5465636e-07,2.1340963e-07,0.9997696,1.0544856e-07,0.2950368,0.09257841,4.8731746e-08,2.3230174e-07,0.99983656,1.8748821e-07,0.00018022842,0.99976665,0.00018254563,2.8046523e-07,9.364181e-09,0.9998124,2.6797193e-07,1.8121898e-07,0.9998982,1.4835317e-07,0.2896604,0.99982184,2.534577e-08,2.1130889e-07,0.09643022,0.00021381435,0.00010558682,0.9999999,0.0001470203,0.00010551284,0.9999999,0.00010736185,9.7544194e-05,0.09725237,1.3555366e-07,2.0101241e-07,0.99999976,5.798738e-05,0.8918656,0.99988544,0.00018782947,1.3778394e-07,0.000101343765,0.00021136255,0.99999976,9.231209e-05,0.24222898,0.101361185,2.3062103e-07,0.00021795447,0.999778,0.00026237537,5.990644e-08,0.9991714,1.8733022e-07,0.00012470687,0.00016510763,0.99985015,3.563299e-08,0.22294737,0.9998878,0.00012924266,9.803469e-05,0.031318527,5.098634e-07,0.00027903795,0.9997744,0.00020096297,0.00012014587,0.08765854,1.440937e-07,2.0298852e-07,0.99999976,0.00020222545,0.91046196,0.9998567,0.00021424124,5.1593847e-08,0.00010079452,0.25327426,0.08769958,7.388434e-08,0.00013951177,0.9995857,0.000235557,1.5670278e-07,0.9987264,1.13825536e-07,0.00025945937,0.12875919,0.99983835,0.000108107786,0.0001949843,0.082309455,2.6037358e-07,1.9221444e-07,0.9998099,0.5572561,0.00011948196,0.10467437,0.14850157,2.9508186e-07,0.09319263,0.32581493,4.5561558e-07,0.26566288,6.2186004e-08,0.0423595,1.1901656e-07,2.4012007e-07,0.07377753,0.32304892,2.903082e-07,1.6068729e-07,0.09940249,5.066015e-08,2.5636076e-08,0.9998528,0.0002212136,0.906944,0.999813,2.1732592e-07,1.7666419e-07,7.706736e-05,1.12738185e-07,0.999843,5.8357536e-08,0.97212315,2.8477785e-07,0.071277104,0.00016396346,0.00016813252,0.00013205256
2.209212067,-1.835660727,0.359652757,-0.065398138,-1.000660151,-0.904329877,-0.593978397,0.599116266,0.912351083,0.614605384,-0.66716177,-1.01300631,-1.786676704,-1.137445346,0.940852675,-0.231879256,1.238320928,-1.964035648,-0.696637649,0.494674947,-0.348415769,9.763372e-05,0.00022980932,0.99906963,9.5568765e-08,1.5291047e-08,0.9999312,0.00041998085,0.0004619756,0.9999634,0.00058296,8.988306e-08,0.12399896,5.5003657e-05,6.593673e-05,0.99994946,8.683944e-08,0.83440036,0.99959904,0.0006430479,1.3843645e-07,0.00011931859,1.0005134e-07,0.15980037,5.407371e-08,1.3709159e-08,0.053742327,1.1347637e-06,9.9173754e-08,0.056405026,0.0006086665,0.8382155,0.9873964,3.449558e-05,2.2980257e-07,0.011700721,1.0044848e-07,5.6440933e-07,0.1273526,1.5600791e-07,5.8201472e-08,1.3846285e-07,0.99966383,1.1310778e-07,1.3155326e-07,0.99972194,2.948473e-07,2.090587e-07,0.9995689,2.9382314e-05,0.025741946,0.9999999,7.758564e-08,1.2988701e-07,0.14647627,6.2644574e-08,4.841259e-08,0.9995018,5.4305365e-05,4.2175678e-05,0.99886024,0.0009577733,0.00044789253,0.998919,0.00037058155,3.3189258e-07,0.18381281,4.1183107e-08,2.3190196e-07,0.99916387,3.426033e-08,0.93563503,0.9996176,0.00078116544,6.804177e-05,0.0007181762,9.5601216e-08,0.99947923,7.553179e-08,2.2008572e-07,0.99940896,1.322376e-08,0.01629419,0.12975089,1.7188765e-07,2.3219475e-07,0.99970055,6.780551e-08,0.0009984743,0.9992311,0.00052131346,1.4638155e-07,2.7377132e-07,0.99946433,7.935239e-08,1.04550146e-07,0.999466,1.4536337e-07,0.02581063,0.99970955,2.6000959e-07,1.0470122e-07,0.13515261,0.00058690074,7.6769706e-05,0.9999999,0.0005433772,0.0005876768,0.99999976,0.0007588371,3.9910436e-05,0.12266054,5.8735317e-08,6.235157e-08,0.99999917,0.0001663627,0.88324285,0.9995728,0.00061907235,1.2496987e-07,0.0005359218,0.0010406615,0.9999999,5.3708358e-05,0.014166751,0.1398526,3.1195793e-07,0.0013326526,0.9996087,0.00079763465,2.933602e-07,0.99933785,6.971638e-07,0.00071540626,0.0005858137,0.9995747,7.305017e-08,0.008121282,0.999668,0.0011162051,0.00013897232,0.019461574,3.5739717e-08,0.0009843507,0.9995173,0.00042486333,6.865044e-05,0.15623619,3.8004416e-07,1.1122048e-07,1.0,0.00012923207,0.8364795,0.9994479,0.0005806399,1.6832226e-07,7.6530545e-05,0.009564096,0.15979668,3.5285428e-08,0.00049940293,0.9995864,0.00043042374,3.5198187e-07,0.9988512,8.538898e-08,0.00071289897,0.0040840977,0.9996276,4.1372467e-05,0.00057050167,0.14276442,4.0453327e-07,5.1803188e-08,0.999754,0.9478255,5.247713e-05,0.122529574,0.002478921,4.471195e-07,0.15779746,0.015589106,4.775885e-08,0.021094115,3.4859244e-08,0.018587071,2.0823434e-07,4.3259007e-07,0.14298616,0.017924512,1.2955275e-07,8.684607e-08,0.13595507,1.7758242e-07,2.0657403e-07,0.9996711,2.5169431e-05,0.83569574,0.99948704,9.746001e-08,3.7835676e-07,0.0001678258,4.3007503e-08,0.9995709,9.2596984e-08,0.9881798,2.2311879e-07,0.19480084,0.00012658328,0.0006626829,8.5757834e-05
-0.099938425,1.115482033,-0.001042704,-0.070924592,0.095974387,0.053980627,-0.158537454,-0.45124352,-0.368440696,0.166404109,0.464865659,0.356219365,0.238408726,0.161673814,0.086685189,0.24963597,-0.14349156,0.140489506,0.929213898,-1.871836057,-1.286951605,0.03766907,0.028667005,0.97962934,3.4968823e-05,8.1287995e-05,0.96028453,0.7284979,0.7659444,0.9642822,0.7548048,5.5931465e-05,0.11371067,0.031372067,0.028026253,0.9621414,5.5476285e-05,0.8868421,0.18616013,0.7327671,0.00010850675,0.029580474,0.00024981302,0.032599613,5.655971e-05,9.819899e-05,0.05333116,8.605561e-05,8.291279e-05,0.04956392,0.7819438,0.9459643,0.9907206,0.04356829,4.5783636e-05,0.820377,3.659659e-05,4.3438547e-05,0.030150004,1.5798041e-05,7.844904e-05,9.79207e-05,0.20176983,0.00010585024,6.2934254e-05,0.16920699,3.831079e-05,4.1102616e-05,0.18722226,0.03409108,0.04075423,0.9999739,5.04141e-05,6.6559944e-05,0.048446443,1.5333153e-05,7.504133e-05,0.18301982,0.038593873,0.03887749,0.9788513,0.75231856,0.7450645,0.97731584,0.73392713,5.648813e-05,0.04193694,3.2673277e-05,0.00025055296,0.98081136,4.4225024e-05,0.92312527,0.26797512,0.8297426,0.037104085,0.8156839,6.80626e-05,0.19240072,7.017138e-05,0.00013606112,0.1942435,4.012594e-05,0.0045583937,0.05045586,0.00020553025,3.46055e-05,0.18861672,4.359238e-05,0.7996829,0.23330598,0.8260833,0.00011304191,8.216725e-05,0.19961107,7.711051e-05,3.6015423e-05,0.19991367,3.364896e-05,0.0047340253,0.20863043,5.7827845e-05,3.607286e-05,0.04539114,0.8458748,0.033037364,0.99994636,0.83770126,0.83396584,0.9999523,0.8375195,0.044237543,0.053273425,6.917934e-05,6.025558e-05,0.9999435,0.03937683,0.9458429,0.21694764,0.76157594,2.7107999e-05,0.82354033,0.82970303,0.99990606,0.050471947,0.009526957,0.0482459,0.00014264688,0.833232,0.28122407,0.8310129,0.00021248947,0.978848,0.00026683585,0.833457,0.80503416,0.22953233,0.00014858805,0.009696802,0.17928195,0.8280207,0.032794036,0.86131114,6.4437045e-05,0.7495292,0.20589858,0.8459306,0.028408848,0.04456236,2.8720287e-05,0.00042294912,0.9999497,0.04399873,0.9471616,0.21869166,0.729656,7.4224234e-05,0.032028355,0.010850491,0.050008222,6.825454e-05,0.84043014,0.2597056,0.8282431,0.00012460464,0.98080426,3.6795005e-05,0.74457926,0.63328373,0.17075318,0.037258595,0.81869304,0.1186548,3.7576665e-05,2.1767159e-05,0.21159886,0.96038604,0.038594607,0.054110862,0.6172475,0.00027749178,0.06211759,0.005287362,4.6217745e-05,0.050365265,3.3131186e-05,0.8265107,5.5295015e-05,3.524173e-05,0.054721575,0.0032598504,7.290695e-05,8.051982e-05,0.046510488,9.7494914e-05,0.000231365,0.17545332,0.032753676,0.95989525,0.19032572,0.0001099989,5.044959e-05,0.033740424,3.7416645e-05,0.19243076,6.685141e-05,0.11793236,6.2274215e-05,0.057141617,0.033574898,0.79998827,0.0376252
-0.736515046,-0.000496321,-0.001042704,0.424555607,0.442691311,0.47413408,-0.086894179,-0.198507654,-0.220675029,0.093838511,0.210027762,0.23094422,-0.444423227,-0.284558559,-0.408725028,-0.781516541,0.304448384,-0.086115077,0.564607056,0.856152061,1.319768682,0.0012360582,0.0008545174,0.98957413,7.3203137e-06,8.961096e-06,0.9985434,0.089630626,0.09375244,0.99870384,0.068560876,1.7604203e-05,0.028732363,0.0012945838,0.00091445167,0.99839836,9.207994e-06,0.9679587,0.9136682,0.089817405,2.9255882e-05,0.00087256456,2.0885791e-05,0.26685327,1.7961975e-05,1.2837461e-05,0.2806786,2.0265063e-05,1.7771077e-05,0.3347761,0.09217621,0.96126896,0.76132774,0.0015494182,1.3140837e-05,0.60599494,1.1489074e-05,1.2549344e-05,0.28952244,8.415646e-06,7.0860515e-06,1.8142651e-05,0.93030185,1.2687418e-05,2.5720528e-05,0.9167517,8.302995e-06,7.710494e-06,0.930719,0.0011505049,0.20176144,0.99999344,1.611236e-05,1.2636822e-05,0.03828465,8.341464e-06,1.5891485e-05,0.9365252,0.0017351501,0.001662662,0.9904943,0.07566019,0.06014306,0.99071246,0.07120644,1.4458554e-05,0.037392978,1.42026e-05,1.8727853e-05,0.99361175,1.731428e-05,0.95597184,0.90311974,0.072819136,0.0017993374,0.05916736,8.371748e-06,0.9306289,1.539221e-05,2.0847883e-05,0.9084666,6.00267e-06,0.2395367,0.031854797,1.0631291e-05,1.00860725e-05,0.9258325,6.351883e-06,0.06841755,0.9254036,0.07448803,2.227429e-05,7.2754374e-06,0.9416798,2.4058496e-05,9.865463e-06,0.9230512,7.6121514e-06,0.19695911,0.9224337,4.691791e-06,9.377424e-06,0.03573176,0.06762121,0.0010086846,0.999992,0.06893238,0.06370655,0.99999404,0.0651775,0.0012881923,0.034516603,1.1242054e-05,9.829382e-06,0.9999887,0.0006728557,0.9541009,0.9256596,0.076054536,8.684971e-06,0.06782958,0.059334964,0.99997926,0.0012221215,0.22544703,0.038710795,2.3728604e-05,0.062793545,0.9202468,0.06940386,1.7213555e-05,0.9925655,2.5630277e-05,0.06476841,0.07102567,0.9246237,8.149239e-06,0.2817155,0.9350369,0.062080666,0.00074308016,0.21218546,2.5755924e-05,0.07467925,0.92151576,0.0648077,0.0010401501,0.03869685,7.3701462e-06,4.175018e-05,0.9999852,0.0013949143,0.9654974,0.93896,0.082790755,8.786475e-06,0.00093195465,0.27313757,0.036173876,8.57187e-06,0.060454484,0.91717017,0.07229422,2.4335839e-05,0.99221027,7.799031e-06,0.09341405,0.50971514,0.9253315,0.0015660685,0.061531723,0.031222412,8.045461e-06,9.506038e-06,0.9252537,0.6356566,0.0012170556,0.03861589,0.45465374,3.2227472e-05,0.029736862,0.2563935,1.0314163e-05,0.2044301,5.9886497e-06,0.25968346,1.3883424e-05,9.291804e-06,0.028192034,0.20924419,1.2788951e-05,1.2903668e-05,0.043346733,8.643212e-06,1.2296017e-05,0.92996967,0.0013558742,0.95793563,0.93273187,2.1386497e-05,1.04731e-05,0.000718826,5.6292956e-06,0.9126699,7.0968663e-06,0.7779486,1.5399068e-05,0.02639489,0.0011064596,0.06318755,0.0009317931
0.249554623,0.904686122,-1.083129087,-0.842222629,-0.467418174,-0.558453328,0.628377907,0.25900959,0.179926952,-0.667841821,-0.252374472,-0.15028052,1.484319191,1.2085803,0.676892243,1.271165016,-0.449486533,1.032046523,-1.649411325,0.965396157,-0.983173152,0.017080601,0.013990688,0.93894374,0.00052268995,0.0006254683,0.98223925,0.5224654,0.53947896,0.9738565,0.525739,0.00049765967,0.121703975,0.023096148,0.014328972,0.98040766,0.00054075563,0.8951053,0.36967456,0.5376018,0.0016443823,0.0191545,0.0020716842,0.30776235,0.0005961612,0.0009716331,0.36054873,0.00079583644,0.00082565396,0.36238858,0.6121195,0.91229427,0.7174054,0.024488857,0.0007176272,0.8414077,0.0005665886,0.0004627476,0.29565924,0.00038111367,0.0007266821,0.0009851608,0.33858225,0.0008730257,0.0012770126,0.3311509,0.0004157628,0.0006060593,0.36916685,0.016854536,0.27642378,0.99959475,0.0011268132,0.0005360431,0.09879691,0.00033737966,0.0006653823,0.36708495,0.023642955,0.019315636,0.9162301,0.5231628,0.48116586,0.9224626,0.52196366,0.0007504437,0.082716666,0.0006991042,0.0017129325,0.94404763,0.0009509624,0.8357341,0.49636656,0.535078,0.021950295,0.5598873,0.0006857818,0.36349246,0.00073118135,0.0011080292,0.37377292,0.00031947577,0.1743464,0.091358155,0.0010574628,0.00059503375,0.4037991,0.00037201936,0.52066135,0.5018976,0.55475223,0.0016575624,0.00072288833,0.37336388,0.001301165,0.00065465417,0.37883478,0.0004177982,0.22264352,0.35863698,0.00041904306,0.000717659,0.08275573,0.5862294,0.019130133,0.9995741,0.556897,0.51390195,0.9994673,0.5339928,0.023350976,0.091272056,0.00069764274,0.0008237663,0.99929523,0.013304349,0.92140293,0.3903849,0.51387715,0.00063206675,0.5205427,0.5043778,0.9987074,0.022138514,0.26182878,0.07698083,0.00144846,0.5368039,0.45634162,0.5388468,0.0015496617,0.9253358,0.0015927586,0.5237613,0.531165,0.39560422,0.0010407695,0.2809336,0.41751656,0.5093564,0.020076273,0.56900036,0.00090863724,0.5221375,0.37777993,0.5027651,0.013382481,0.09590058,0.00048626284,0.002017095,0.9992817,0.019424517,0.9131358,0.32366872,0.5090444,0.00087986566,0.018313691,0.27768105,0.116368994,0.0008636432,0.5422177,0.41929334,0.46470746,0.0016169131,0.9301378,0.00050357694,0.5561483,0.7738633,0.35820463,0.019799836,0.49463558,0.10194648,0.00047334057,0.0005190911,0.4299298,0.621273,0.019792022,0.09549718,0.77935845,0.00172255,0.087123446,0.2082617,0.0005734625,0.26800415,0.00042599565,0.6042451,0.0008829962,0.0005734264,0.08205249,0.19343206,0.0006612508,0.00081996963,0.09919961,0.001385724,0.0015055212,0.36187854,0.020987242,0.91029906,0.40404728,0.0014693065,0.0005181054,0.016053526,0.00040600725,0.3666787,0.00047582007,0.30284402,0.0009635575,0.10082431,0.013085407,0.52862,0.016934844
-8.33e-05,1.239479628,-0.121274525,0.654219433,0.285600329,0.300181236,-0.701001643,-0.549621846,-0.512234001,0.726712814,0.555347202,0.51905282,-0.516165435,0.098721069,0.232959445,-1.038148402,1.29673265,-0.027478432,0.346964434,-0.732320191,1.117013767,0.02694654,0.017712664,0.98012793,6.895176e-06,2.0980016e-05,0.970225,0.91461897,0.93266064,0.97522247,0.9117381,1.0101349e-05,0.037380617,0.020245263,0.018995756,0.97672254,1.16559495e-05,0.9657584,0.028320594,0.91299635,4.166665e-05,0.01711409,7.793522e-05,0.004592372,1.3347185e-05,2.7169363e-05,0.016972123,1.6043807e-05,1.9258712e-05,0.014906223,0.9269872,0.9927516,0.9959559,0.030104324,1.0527956e-05,0.91722083,7.091251e-06,6.935907e-06,0.0053769248,2.6423513e-06,2.8406112e-05,2.7681235e-05,0.0341921,4.3273867e-05,9.264807e-06,0.026696667,7.687131e-06,6.3717152e-06,0.035761148,0.02207973,0.02173034,0.99999416,9.274461e-06,2.2753578e-05,0.0066936435,2.4027454e-06,1.7752156e-05,0.034997985,0.02425595,0.028145421,0.97975516,0.91783327,0.91687787,0.98321116,0.9196297,1.1634317e-05,0.006187223,5.989187e-06,8.079973e-05,0.98409444,1.0981143e-05,0.96587557,0.090878785,0.962218,0.02646811,0.9543421,1.6863387e-05,0.036347892,1.6614445e-05,2.836943e-05,0.03357297,8.341464e-06,0.0011623612,0.007477895,6.323619e-05,6.681531e-06,0.035796236,9.824921e-06,0.944995,0.0704484,0.95834935,2.8750484e-05,2.8597738e-05,0.035359215,2.0385956e-05,9.840863e-06,0.037543796,7.559637e-06,0.0010703192,0.035728954,1.6531376e-05,6.4692103e-06,0.0074835517,0.9590736,0.022300787,0.99998605,0.95767844,0.9596498,0.9999869,0.96229815,0.03137245,0.008725974,1.4271247e-05,1.0584412e-05,0.9999876,0.024190359,0.9896276,0.032826446,0.9199415,5.2204837e-06,0.94935125,0.95925444,0.99998426,0.02725834,0.0042498545,0.008697,5.219684e-05,0.9600317,0.09929374,0.96069133,7.641554e-05,0.9809383,7.124345e-05,0.9656902,0.9573171,0.07387087,5.390478e-05,0.0046049533,0.033721805,0.95316654,0.018616922,0.9335003,1.6474074e-05,0.9264075,0.045640312,0.9619417,0.019238353,0.007578102,6.425726e-06,0.00015091771,0.9999838,0.030114163,0.9907363,0.04251415,0.9137919,1.6360877e-05,0.016919276,0.0057967035,0.008048344,1.3759418e-05,0.95994425,0.08284001,0.95883954,4.6577687e-05,0.98354715,7.49754e-06,0.9150913,0.8778985,0.033526346,0.028222721,0.9515292,0.034163997,6.545641e-06,4.0205437e-06,0.038010456,0.9874676,0.021373177,0.008802892,0.8738534,0.000111225054,0.009742952,0.0011947608,7.518985e-06,0.0260506,6.2157583e-06,0.8995806,1.0337886e-05,7.2332364e-06,0.010262463,0.0006639782,1.4762235e-05,1.3987667e-05,0.0071141603,1.7868366e-05,8.3964806e-05,0.02762543,0.019126331,0.99363893,0.039471645,3.5949844e-05,1.0613158e-05,0.01746205,1.0111411e-05,0.036351934,2.1408312e-05,0.048625853,1.3629109e-05,0.008297529,0.023729263,0.9469093,0.020814886
1.872200914,0.123501274,1.117113224,-0.945937108,-0.858998065,-0.817130357,0.163433982,0.261792936,0.650843842,-0.178122051,-0.280402845,-0.71963099,-0.827074279,-0.94883383,1.152298149,1.620065518,-0.354701403,-1.869543726,-0.994914065,1.584927115,-1.798162976,6.2679166e-05,0.00011519857,0.99530506,3.0327044e-08,1.132662e-08,0.9999559,0.0008300514,0.0007173738,0.99996924,0.0008474995,9.2641855e-08,0.0473804,2.1483103e-05,4.635427e-05,0.999961,4.2249255e-08,0.95042425,0.9976666,0.0009359439,7.5884415e-08,7.9873535e-05,4.7002278e-08,0.056249302,2.2853447e-08,1.2455314e-08,0.06545152,7.98069e-07,5.2889234e-08,0.06355304,0.0006870243,0.9683641,0.96494174,2.5535177e-05,1.5053239e-07,0.038787577,4.922885e-08,2.4302028e-07,0.043854475,1.0771679e-07,3.5389156e-08,6.73324e-08,0.99806494,4.910347e-08,8.358661e-08,0.9979894,1.681445e-07,1.3503421e-07,0.9972378,2.8869668e-05,0.035364155,0.9999999,3.2595985e-08,1.1647183e-07,0.029654972,4.9015878e-08,2.4223327e-08,0.9970509,3.4351204e-05,2.8024357e-05,0.9960536,0.0014106628,0.0008176764,0.99424016,0.00069696055,2.1504283e-07,0.032626867,2.4461603e-08,8.8413636e-08,0.9973003,2.285471e-08,0.9213765,0.9994809,0.0009956871,3.5713012e-05,0.0009447073,4.4207134e-08,0.9967997,6.344312e-08,9.342243e-08,0.996518,6.7685053e-09,0.012691445,0.029883955,6.6083494e-08,1.2562181e-07,0.99818206,3.094797e-08,0.0015560612,0.99894017,0.0010352994,1.05629326e-07,1.13772906e-07,0.99752766,6.069659e-08,4.729481e-08,0.996626,7.153102e-08,0.014506068,0.9986406,1.3773717e-07,3.6957303e-08,0.021250209,0.00082824007,3.4856286e-05,1.0,0.00080813555,0.00092250446,0.9999999,0.0010928665,3.6643523e-05,0.02605077,4.4341746e-08,3.3171307e-08,0.99999976,9.180039e-05,0.9685092,0.99779725,0.0008015641,5.7276406e-08,0.00093675393,0.0014495364,0.9999999,4.8557446e-05,0.02675321,0.02712447,1.9045127e-07,0.001777233,0.9992687,0.0009938756,1.1809554e-07,0.9969856,2.9499185e-07,0.0011705055,0.0006746704,0.9994267,3.728804e-08,0.030808698,0.9981852,0.0016700171,6.1004255e-05,0.016687848,2.190646e-08,0.0010910393,0.99709487,0.0007258931,3.6257577e-05,0.027846888,1.4687713e-07,1.16012444e-07,1.0,0.000104701605,0.9664197,0.9966697,0.0006754851,7.647827e-08,5.195484e-05,0.022472065,0.029665211,2.0939964e-08,0.0009505638,0.9994306,0.0007692043,2.003311e-07,0.9946582,5.928004e-08,0.0015138318,0.012824311,0.9971511,3.4560384e-05,0.0011400133,0.051636185,2.362689e-07,2.7123251e-08,0.9983677,0.94794565,2.6584585e-05,0.025648475,0.010296092,2.1914326e-07,0.024258194,0.015788155,2.6011342e-08,0.027928185,2.743261e-08,0.011955464,4.8720228e-08,2.6895557e-07,0.023575185,0.013556932,1.2659886e-07,6.483896e-08,0.03080731,9.605377e-08,1.4292029e-07,0.9982438,1.9347257e-05,0.9696932,0.99718875,5.6256184e-08,2.37482e-07,9.426897e-05,2.7847664e-08,0.9969518,4.4537455e-08,0.97064376,1.5267038e-07,0.033997968,4.371352e-05,0.0011881748,4.1435367e-05
0.449264936,0.371496464,-0.998966812,-0.671423103,-0.33093044,-0.44061199,0.410251867,0.263824236,0.012655856,-0.417042469,-0.249815972,0.036774911,1.884224324,1.78618918,0.531469689,0.695935054,-0.016868667,1.820308646,-0.872514069,-1.640166002,1.055686721,0.008286722,0.005772628,0.819171,0.0002545165,0.00026658844,0.98887503,0.5148477,0.53343636,0.9843699,0.523352,0.00019488021,0.06966205,0.010089744,0.006534994,0.9925833,0.00024296467,0.93528306,0.19459292,0.48253813,0.0012332229,0.009046587,0.0010756309,0.22019678,0.00027802328,0.0004648879,0.5322382,0.0002979599,0.0004308985,0.54177505,0.50681007,0.95998335,0.38269755,0.009694124,0.0004036212,0.90472096,0.0003128275,0.00019543659,0.22160001,0.00018966697,0.00052070606,0.00079334615,0.18827708,0.0005959728,0.0007580247,0.16892636,0.00022062402,0.00024118196,0.1976615,0.008573666,0.2719344,0.99973184,0.0006486545,0.00036732559,0.042693716,0.00017221978,0.00024487963,0.17597416,0.01027875,0.010863902,0.78584737,0.5285588,0.47783595,0.794527,0.52462816,0.00036592718,0.037520863,0.0003904896,0.0007764232,0.80141914,0.00065908395,0.75106674,0.52373034,0.4692891,0.011771362,0.4832929,0.00026384238,0.19379337,0.00034191352,0.000465544,0.1825334,0.00011266247,0.24037018,0.038216554,0.00033254214,0.00026326015,0.21291997,0.00020064725,0.48719198,0.5290553,0.48878726,0.0011142546,0.00027256957,0.18425368,0.00081142434,0.00048896164,0.19011512,0.00016660432,0.28675687,0.21477832,0.00023715157,0.0005167747,0.029475985,0.48924416,0.009056219,0.9998041,0.5377309,0.46088037,0.9996551,0.44076565,0.009479466,0.03290058,0.0003093315,0.00023685917,0.999589,0.004520981,0.9632145,0.19244277,0.43643877,0.00026001732,0.4477189,0.5101285,0.99930584,0.0069202003,0.5566652,0.033301447,0.0013100036,0.5003808,0.48948717,0.51094264,0.00077640696,0.8147716,0.0006387024,0.50807464,0.45687142,0.43516397,0.00055432774,0.5780335,0.22417802,0.41600558,0.007029224,0.47615287,0.0006020889,0.48504663,0.21655004,0.49749687,0.006858589,0.037364326,0.00027979826,0.0009254881,0.9995447,0.009415088,0.96773046,0.14515018,0.49564305,0.00035361538,0.0065644295,0.57373583,0.048221353,0.0004674929,0.4832461,0.42129788,0.4373854,0.001000551,0.80154544,0.00018484218,0.5511858,0.8973468,0.20403598,0.010548354,0.43848163,0.06025616,0.00019231788,0.00028755833,0.2504117,0.46552604,0.007738053,0.047583137,0.8954585,0.00075808936,0.035508078,0.23502566,0.00020043002,0.24941348,0.00019866855,0.48753482,0.0004668525,0.00026419025,0.04214409,0.23536563,0.00022330477,0.00035162913,0.040079203,0.0005392912,0.00052287907,0.18240975,0.009442933,0.9627808,0.24067652,0.0009861402,0.00015612565,0.0060850303,0.00025068916,0.20803688,0.00025763083,0.21875225,0.00055146695,0.03916679,0.0066342084,0.52510154,0.010884274
0.436783041,-0.087294638,2.127060515,-0.764804872,-0.812131378,-0.752316887,0.131870857,0.272783508,0.608243621,-0.148931481,-0.308325877,-0.708542074,-1.074032109,-0.846445778,1.375445225,1.130083778,0.386912118,-1.886425251,0.557193087,1.018566231,-0.703548356,0.00013945617,0.00015809531,0.9856838,2.975363e-06,1.1586168e-06,0.99984825,0.0002572499,0.00038776954,0.999858,0.00044698786,3.3957606e-06,0.11869909,9.0864414e-05,0.0002590866,0.9998419,3.2422763e-06,0.90579623,0.99776936,0.00026286964,6.685967e-06,0.00032259853,1.542523e-06,0.62753206,1.043276e-06,1.87493e-06,0.75944626,1.8270059e-05,2.871945e-06,0.8005166,0.00017642017,0.94611835,0.271484,0.0001267918,4.9064097e-06,0.7937817,2.5701986e-06,1.3919761e-05,0.6586576,6.460757e-06,3.4004465e-06,5.238093e-06,0.99694353,1.5177745e-06,6.908708e-06,0.99811363,9.9014305e-06,3.3247054e-06,0.9969798,0.00011082846,0.6808575,0.999995,2.0678092e-06,9.568724e-06,0.058345813,6.8434165e-06,1.5267084e-06,0.9958103,8.636415e-05,0.00017490485,0.9817214,0.00087955385,0.0005137726,0.98336995,0.00018186007,1.1765262e-05,0.054379918,5.434229e-06,5.507554e-06,0.9864287,2.6386926e-06,0.84586525,0.9997533,0.0005111619,0.00011009472,0.00064139656,2.67147e-06,0.9954086,3.0288775e-06,4.511975e-06,0.9946996,6.232612e-07,0.45227593,0.039689478,6.5290675e-07,6.462754e-06,0.9982856,3.4189356e-06,0.0008460847,0.9995652,0.00055480236,3.6716845e-06,7.0166743e-06,0.99691796,2.5447116e-06,3.8271482e-06,0.99733704,2.0666323e-06,0.41413838,0.9985415,1.0531068e-05,2.1315711e-06,0.04201773,0.00028459608,0.00012031555,0.99999774,0.00042536014,0.00071405864,0.9999957,0.00051611976,0.00029728794,0.044735763,2.9329633e-06,1.5208216e-06,0.99999297,0.00019999917,0.94693893,0.99790925,0.00048632704,6.90971e-06,0.00034924925,0.0008407063,0.9999968,0.00014113143,0.6545279,0.04192951,1.5744092e-05,0.0015068954,0.99970907,0.000414325,4.051304e-06,0.9869904,1.267165e-05,0.0017269899,0.0004069671,0.9996822,1.3250367e-06,0.68011004,0.9982021,0.0005654411,0.00023819604,0.02766414,1.3401407e-06,0.000356571,0.9970169,0.0007160508,0.00017880328,0.04275508,5.1992884e-06,6.4565934e-06,0.9999963,0.0002762219,0.9521221,0.9961308,0.00040055075,6.8595286e-06,0.0001849053,0.57580924,0.042414926,2.3907135e-06,0.0011935937,0.9997625,0.000481409,1.23035e-05,0.9828992,4.010365e-06,0.0008555443,0.5875429,0.99657273,9.648689e-05,0.00032601343,0.08215001,1.0042632e-05,2.5390366e-06,0.99874085,0.30936816,7.954805e-05,0.051344823,0.51833546,4.5257607e-06,0.06000286,0.37974265,2.0514767e-06,0.56800705,8.0272974e-07,0.018126609,1.8350186e-06,1.2000741e-05,0.03025655,0.33990446,6.095256e-06,4.537728e-06,0.04964463,5.480643e-06,7.704467e-06,0.9979785,6.141805e-05,0.9524411,0.9951054,4.998334e-06,5.9353742e-06,0.00032350555,1.1929524e-06,0.9974141,1.832605e-06,0.93382806,8.831857e-06,0.058868952,0.00021131964,0.0007562346,0.00019139645
-1.18586325,-0.682483094,-0.56613226,-0.060301001,-0.603991136,-0.606705635,0.573855587,0.905309043,0.990579441,-0.635306525,-0.997727405,-1.10816466,-0.7573804,-0.092483073,-0.300580685,-1.735302804,1.381206219,0.077547027,0.268058414,-1.703754264,-1.199578851,0.024682337,0.023985105,0.9672076,6.002876e-06,2.106277e-05,0.97969717,0.9258537,0.91795826,0.9800214,0.9203627,8.87589e-06,0.010570095,0.024319274,0.03547625,0.97949666,7.175236e-06,0.99279094,0.017262384,0.92242795,9.376995e-05,0.029078828,6.544086e-05,0.0011219836,1.20367995e-05,1.7947285e-05,0.00891183,5.6570007e-06,3.656962e-05,0.0077953045,0.9230185,0.99954945,0.9829473,0.018223684,1.6636088e-05,0.9351666,7.0760375e-06,4.1554704e-06,0.0016733682,1.7233771e-06,4.8101083e-05,2.4355317e-05,0.017872863,0.00012552267,3.3184997e-06,0.014023062,5.1508882e-06,4.906714e-06,0.014396978,0.027511302,0.012323552,0.9999864,1.1460087e-05,6.5555716e-05,0.0005625281,4.3824666e-06,2.8452529e-05,0.014263425,0.026343713,0.022423137,0.9700143,0.9196942,0.92648965,0.96348786,0.91137666,4.5915763e-06,0.0008985201,6.515398e-06,4.3764074e-05,0.96314174,8.063136e-06,0.9680996,0.09795593,0.9553973,0.026379652,0.9511369,9.364769e-06,0.01891267,2.524597e-05,1.6922382e-05,0.009433839,7.114376e-06,0.0016821431,0.0010069098,8.65749e-05,6.2732133e-06,0.015592494,1.5563684e-05,0.9501548,0.08484116,0.96644205,2.5593834e-05,7.55517e-05,0.01784878,1.3742291e-05,1.1144956e-05,0.018050496,1.2324567e-05,0.0021788129,0.018563414,1.3529704e-05,6.6500256e-06,0.00057519804,0.91245764,0.020635843,0.9999875,0.9519555,0.9417942,0.9999863,0.9483206,0.02699834,0.0011640133,1.1435348e-05,9.023432e-06,0.99997365,0.027127283,0.9994407,0.013849482,0.926772,3.1090317e-06,0.9389214,0.9629962,0.9999956,0.02181873,0.010846991,0.0010433178,0.00014084319,0.9543168,0.07750777,0.95386744,9.36728e-05,0.95972943,0.00011849146,0.95451903,0.9399981,0.09017527,9.4014016e-05,0.012188454,0.018956201,0.941162,0.03446656,0.9251773,1.9419942e-05,0.9469276,0.013740415,0.9422636,0.026430083,0.0008519998,5.9585877e-06,0.00014086509,0.99997866,0.02350776,0.9992601,0.007946763,0.92393,2.3066306e-05,0.028092222,0.009449764,0.001082658,2.2781915e-05,0.95060843,0.0646159,0.9524113,6.7750865e-05,0.95337194,3.8155013e-06,0.9381117,0.96113515,0.015558453,0.020933868,0.94958586,0.007965204,8.26524e-06,2.4655938e-06,0.012676749,0.99310863,0.017694827,0.0009285857,0.9623241,0.00033778985,0.000746963,0.0014041174,1.033073e-05,0.011597248,3.3401316e-06,0.83675295,9.608483e-06,7.666186e-06,0.0007695298,0.0017273749,8.454274e-06,1.9551655e-05,0.0005854283,1.8721477e-05,0.00027756667,0.013580686,0.028764423,0.99905366,0.015754255,4.5318364e-05,7.0173032e-06,0.027587963,1.6629774e-05,0.017865907,1.6118092e-05,0.03149529,2.0539142e-05,0.0014398551,0.025255391,0.9545933,0.0243076
-0.49935905,-0.124493916,-1.443824548,0.036408802,0.24720304,0.299288188,0.062064357,-0.099083166,-0.100915943,-0.067655865,0.11002101,0.113812958,-0.217459671,-0.580641448,-0.541208787,0.189206867,-0.820953653,-0.359928306,-0.968745328,-0.223386684,1.596776497,0.012726619,0.009522558,0.6406909,1.206659e-05,1.6606858e-05,0.9819902,0.24475075,0.29386786,0.9803152,0.2504587,1.5405149e-05,0.022694783,0.01604102,0.008767159,0.98118836,1.1984546e-05,0.9620227,0.107379854,0.2265852,0.000109215434,0.009587974,5.921933e-05,0.049486734,2.0110718e-05,2.6209955e-05,0.4855076,1.1507188e-05,1.925965e-05,0.52885866,0.26595438,0.9960918,0.425694,0.023132022,1.3425978e-05,0.87395734,1.2361293e-05,8.46368e-06,0.049246307,7.5103208e-06,2.7112059e-05,3.5905337e-05,0.13301578,2.0670304e-05,5.2584383e-05,0.13821279,9.427594e-06,5.97644e-06,0.1288917,0.013056207,0.19313616,0.9999883,3.9961356e-05,3.8390994e-05,0.0038926217,1.0144357e-05,3.3180826e-05,0.14456941,0.017238319,0.014438173,0.66284907,0.29532686,0.2522968,0.66531783,0.289078,6.532452e-06,0.003633215,2.7481177e-05,2.9945475e-05,0.6676302,7.2389856e-05,0.7386288,0.68060577,0.33345717,0.014759875,0.3449243,6.1813657e-06,0.13061544,1.5578325e-05,1.908202e-05,0.117231004,1.0884294e-05,0.07515976,0.0040596477,1.3508303e-05,1.7050144e-05,0.12199357,8.251174e-06,0.30130446,0.7491297,0.2693546,3.862061e-05,1.0947734e-05,0.14717697,5.9097812e-05,2.1943923e-05,0.14247352,5.768772e-06,0.08188384,0.13627432,5.608387e-06,1.748214e-05,0.002915294,0.3753074,0.010106178,0.9999902,0.31498638,0.3395766,0.99998665,0.3281157,0.01607245,0.0045780693,1.9509765e-05,1.3144796e-05,0.9999869,0.0071034604,0.99507153,0.13482794,0.26670307,7.604446e-06,0.2903852,0.27728555,0.9999813,0.017141527,0.5868971,0.002624969,8.3185456e-05,0.30186984,0.76984423,0.35995346,3.2504988e-05,0.67795545,4.176539e-05,0.29952654,0.31605646,0.69432664,2.815041e-05,0.685118,0.12427738,0.35001022,0.00901514,0.33368522,4.3620494e-05,0.22065115,0.1551318,0.29857656,0.012141999,0.004420243,8.387922e-06,7.6887656e-05,0.9999796,0.011820754,0.9957581,0.15869837,0.23930389,2.0354797e-05,0.010095251,0.6041082,0.0032780936,2.29837e-05,0.3276521,0.7655734,0.3360461,5.5469034e-05,0.6430291,7.0871943e-06,0.23626181,0.85752743,0.13858752,0.023033787,0.33130583,0.033559944,1.3696576e-05,1.2920784e-05,0.15990059,0.4498596,0.01173284,0.005289853,0.85102934,6.0639897e-05,0.0039640134,0.09783078,2.2307899e-05,0.18162836,5.4629845e-06,0.32139245,2.5739226e-05,1.3445121e-05,0.0043537025,0.07807333,1.2899607e-05,1.6789525e-05,0.004819236,2.3842496e-05,3.711309e-05,0.12725073,0.012959848,0.99572986,0.123829626,9.622144e-05,5.958815e-06,0.010116167,1.2415142e-05,0.14285533,1.0996747e-05,0.20800878,2.5194671e-05,0.0036576404,0.015791822,0.3614319,0.011687038
-0.249721159,-0.620484296,1.670179598,-0.516428976,-0.37092846,-0.357821426,0.682590539,0.630465582,0.574266519,-0.702972609,-0.633832429,-0.545483608,0.266913684,0.01870137,0.260079632,0.816133146,-0.517284423,-0.14106883,1.424976763,2.110412903,0.100893729,0.00056125614,0.00047743157,0.9933356,3.0773837e-05,1.360716e-05,0.99920815,0.005711794,0.008287407,0.99955183,0.008343022,2.318005e-05,0.107120365,0.000519643,0.0009515986,0.99943477,2.2282575e-05,0.8900332,0.9911209,0.005961301,6.878937e-05,0.0007781757,4.223972e-05,0.67928374,1.720699e-05,1.944353e-05,0.61259013,9.96362e-05,3.287349e-05,0.5865895,0.007074489,0.8795715,0.6110552,0.0006795715,4.0877112e-05,0.6518744,3.9110957e-05,9.606613e-05,0.64208186,3.500048e-05,3.072006e-05,7.87858e-05,0.9902395,3.1222567e-05,5.6835022e-05,0.9927533,4.199043e-05,2.5964264e-05,0.9919532,0.0004254287,0.4634101,0.99996924,5.0870523e-05,5.3044565e-05,0.12368031,4.283198e-05,2.7726308e-05,0.99143994,0.0004136955,0.0005208615,0.99402833,0.0085913725,0.0081274565,0.99550015,0.006056813,6.888757e-05,0.13580723,5.5099306e-05,5.1020495e-05,0.99391043,3.487125e-05,0.9259628,0.9909484,0.008771054,0.0005800254,0.009176735,3.1212505e-05,0.9874435,2.746344e-05,3.91333e-05,0.9875628,7.106361e-06,0.4697576,0.121368416,1.8625813e-05,3.7930753e-05,0.9933381,2.7522854e-05,0.00896974,0.99143,0.007020383,5.675898e-05,4.952238e-05,0.99016666,3.5655707e-05,4.0211595e-05,0.9929316,2.3103337e-05,0.4689825,0.99334705,5.02326e-05,3.1363903e-05,0.14234838,0.0068119275,0.0006429486,0.99996984,0.007314111,0.009738744,0.9999485,0.007100881,0.00058011716,0.12137686,3.803834e-05,2.2496131e-05,0.99993277,0.00090455357,0.8579898,0.9909492,0.008278646,6.949175e-05,0.0055950456,0.010250421,0.99996233,0.00049381325,0.3963877,0.10897961,7.683284e-05,0.010339593,0.99177986,0.008277041,6.681445e-05,0.99591273,0.000107199805,0.012227439,0.007868394,0.99294853,1.6372771e-05,0.35189092,0.99126095,0.0095214695,0.0005047298,0.10172147,2.6352714e-05,0.007747208,0.9918326,0.010682031,0.0006548926,0.13153699,4.9787977e-05,7.719071e-05,0.99995697,0.00063705095,0.8696207,0.9916727,0.0084658405,7.7968674e-05,0.0004981179,0.46129525,0.12569104,2.4481016e-05,0.0119194975,0.99120104,0.008045775,0.0001252153,0.99584925,1.8254263e-05,0.008753999,0.52059835,0.99195766,0.00051090616,0.006714706,0.11985756,5.107346e-05,3.168298e-05,0.9938281,0.4547411,0.00048753867,0.13639492,0.47423315,6.7751185e-05,0.15394565,0.45201498,1.4548888e-05,0.51553184,1.41766195e-05,0.108968355,4.188817e-05,5.2547293e-05,0.16508467,0.46277487,4.661608e-05,3.968163e-05,0.12198398,6.392252e-05,7.979877e-05,0.9912369,0.00030994613,0.88772005,0.9904522,8.44921e-05,5.1979918e-05,0.0006958516,1.4471288e-05,0.9915896,3.520693e-05,0.90755343,8.532591e-05,0.11371406,0.00080609944,0.006660238,0.00075519545
0.87364935,1.289078666,0.407745485,-1.931818628,-1.116405219,-1.309472612,1.052414338,0.425103193,0.150793576,-0.332788646,0.089044859,0.485597428,2.435874907,2.507677786,1.217176126,1.068791498,0.414455515,2.259230715,-1.88866065,-2.139875267,-1.264220621,3.8786107e-05,2.2699483e-05,0.77451783,1.594543e-07,2.3236376e-07,0.9999621,0.016417533,0.014473084,0.99994576,0.015008924,4.426401e-07,0.009536726,1.1616844e-05,3.9402734e-05,0.99997485,1.7092337e-07,0.99059665,0.67595744,0.011088703,6.968162e-07,5.883162e-05,5.0498994e-07,0.2508474,1.5495367e-07,3.6283058e-07,0.8685046,8.8135295e-07,2.7294334e-07,0.87111825,0.00895683,0.99454194,0.074437715,4.048934e-05,3.824124e-07,0.9423691,3.6042232e-07,5.3121516e-07,0.28940004,3.70027e-07,2.5823206e-07,5.3714643e-07,0.65714407,2.086482e-07,9.635522e-07,0.65855986,6.5723486e-07,2.622356e-07,0.68648154,2.583718e-05,0.39942855,0.9999995,2.5759059e-07,4.7939966e-07,0.008745802,3.7084482e-07,1.0213e-07,0.75384367,2.3433786e-05,3.9457933e-05,0.792228,0.015309976,0.012073107,0.78496593,0.0114342505,7.4482557e-07,0.006991506,2.774016e-07,4.7814723e-07,0.8000837,4.069773e-07,0.75014746,0.99081916,0.008725388,2.9843668e-05,0.013315345,2.607774e-07,0.6861433,5.072571e-07,4.23342e-07,0.6584941,3.9408135e-08,0.3765212,0.01162084,1.17659035e-07,3.268689e-07,0.69891226,1.7969077e-07,0.011447835,0.98757076,0.012466272,1.4997601e-06,1.4785289e-07,0.6896512,5.643168e-07,7.7180175e-07,0.68227214,1.3419333e-07,0.42202044,0.7226734,2.1047605e-07,2.2935285e-07,0.0052931504,0.007056585,2.171373e-05,0.99999976,0.01227845,0.012430351,0.99999976,0.014214505,3.5914996e-05,0.009287132,1.9013206e-07,1.6641867e-07,0.99999976,2.6262498e-05,0.9922191,0.71858037,0.012093787,3.849742e-07,0.008016039,0.011140525,0.99999964,2.9593111e-05,0.90539366,0.007269227,9.517145e-07,0.010569222,0.9857808,0.009263706,4.68235e-07,0.804986,5.508355e-07,0.016248228,0.009811263,0.98458993,2.8127013e-07,0.9321909,0.7234734,0.008729719,2.332178e-05,0.025944976,3.9753033e-07,0.01288628,0.7154905,0.013030212,1.3514539e-05,0.009028292,3.062928e-07,8.795091e-07,0.99999917,5.040583e-05,0.99110657,0.6584022,0.010854759,2.742579e-07,2.7495833e-05,0.9017667,0.0072965478,3.0919185e-07,0.014422365,0.98916596,0.009079029,9.126445e-07,0.79374504,3.0825558e-07,0.0155218905,0.93427444,0.70874554,2.518912e-05,0.009905048,0.011756816,5.541973e-07,2.9514888e-07,0.75173795,0.088134885,1.2234677e-05,0.008292269,0.9325481,5.0850474e-07,0.006621117,0.42253667,1.2370631e-07,0.37332246,1.5723525e-07,0.034144636,1.0971714e-07,6.925761e-07,0.010180819,0.41027012,5.7019173e-07,4.141194e-07,0.008534629,3.9163342e-07,6.265927e-07,0.70590955,2.2810675e-05,0.993178,0.65853363,5.894506e-07,5.0770524e-07,2.2266942e-05,2.3000712e-07,0.6750753,3.5818306e-07,0.6009937,1.2983478e-06,0.007872802,2.767205e-05,0.018456554,3.7676273e-05
-1.123453777,0.383896223,-0.001042704,-0.995468328,-1.164079345,-1.260195835,1.3254606,1.224760452,1.226046406,-1.380735489,-1.27144258,-1.27843906,0.550731672,1.218988905,0.975879216,-0.380165745,1.526430819,0.856495691,-1.541745712,0.465683172,-1.599710963,8.0047306e-05,4.4269877e-05,0.9993693,1.2585731e-07,1.4757636e-07,0.99993885,0.021279892,0.027484886,0.9999058,0.021751825,2.0854019e-07,0.0055251657,5.341293e-05,0.00010104608,0.9999211,6.9892934e-08,0.9946615,0.983086,0.022539908,7.0200883e-07,8.332781e-05,5.0299093e-07,0.0119698355,1.4934841e-07,1.1312223e-07,0.011838831,1.6591205e-06,1.6145857e-07,0.00908169,0.025511067,0.9978264,0.99019706,7.3666604e-05,4.578658e-07,0.09753531,4.3035328e-07,6.63088e-07,0.02255633,2.1922729e-07,1.5953064e-07,2.2285255e-07,0.98221636,6.208621e-07,2.1942641e-07,0.98032266,3.2355135e-07,2.2734069e-07,0.9828552,6.621991e-05,0.02696517,0.99999964,3.405557e-07,5.083234e-07,0.002797501,1.9092846e-07,1.9043492e-07,0.98472875,5.1914332e-05,2.9176113e-05,0.999328,0.027016701,0.031093942,0.99939513,0.023117526,6.5767375e-07,0.003707961,8.522546e-08,6.656623e-07,0.9993511,2.887666e-07,0.99486166,0.97339386,0.026446063,7.932066e-05,0.031699795,1.7171678e-07,0.9795645,5.0316703e-07,3.4975534e-07,0.98043114,2.5269022e-08,0.015814012,0.0049943496,5.5711286e-07,2.508922e-07,0.98449683,8.765017e-08,0.022490889,0.9711247,0.023899717,1.0424803e-06,2.2269704e-07,0.9825005,3.7984086e-07,2.695855e-07,0.98367506,2.2139281e-07,0.016067352,0.9807515,1.1669343e-07,1.7385726e-07,0.0041793277,0.02778213,6.458728e-05,0.99999964,0.027550219,0.029996315,0.99999976,0.024191733,5.5177337e-05,0.004977492,2.112704e-07,1.4005361e-07,0.9999994,9.510271e-05,0.99609345,0.98373437,0.024610981,2.0573748e-07,0.023546783,0.025217153,0.99999976,8.3854546e-05,0.010074163,0.002238823,7.345268e-07,0.026681209,0.9701892,0.023340223,9.804935e-07,0.999673,5.757291e-07,0.032943916,0.022055004,0.97369397,2.3752185e-07,0.010004149,0.980602,0.0241054,4.076247e-05,0.056264166,1.8529403e-07,0.022159614,0.9860707,0.028688477,7.626165e-05,0.004270442,4.3474316e-07,1.4995398e-06,0.9999994,9.3670205e-05,0.995743,0.9844409,0.027457943,4.1215176e-07,5.8874888e-05,0.01094163,0.0021366847,1.1685813e-07,0.030480077,0.9735421,0.024011422,9.689873e-07,0.99941015,4.948359e-08,0.022640973,0.08372621,0.9839244,6.960297e-05,0.02758225,0.006192606,4.7251626e-07,1.546345e-07,0.98446965,0.98759115,5.82186e-05,0.0044802553,0.07689535,1.7965939e-06,0.002469546,0.017057378,1.0587238e-07,0.02467199,1.4069619e-07,0.061475698,1.487646e-07,4.4386553e-07,0.0041908817,0.019928966,4.0703821e-07,2.280451e-07,0.003569337,5.856192e-07,1.0499174e-06,0.97945595,3.7692913e-05,0.9960829,0.97635615,5.3401493e-07,6.3163844e-07,8.53242e-05,2.3095029e-07,0.9826712,4.9043706e-07,0.96501935,5.869214e-07,0.0030175464,8.812164e-05,0.023322236,0.000121613426
1.660008707,-1.0172766,1.886596874,0.521995832,0.904236462,0.895299875,-1.04411081,-0.818190425,-0.921782202,1.069259979,0.820846695,0.93587091,0.671021761,0.025176484,-0.449642676,0.850398695,-1.348442125,0.313261724,0.572390494,1.023792734,0.699426162,0.09873066,0.09608696,0.96354276,1.6352547e-05,2.890099e-05,0.9226357,0.8701671,0.8461745,0.8883754,0.87383807,1.8374583e-05,0.029241344,0.10339905,0.06963789,0.90571696,2.5358124e-05,0.9727994,0.019471277,0.88979954,0.00013554159,0.11338619,0.000108854554,0.0002497306,1.8365577e-05,5.7758905e-05,0.0011436658,0.00010548347,5.3218813e-05,0.0013044955,0.83720064,0.9993235,0.99870265,0.09816596,4.5743047e-05,0.6823443,1.9886911e-05,2.826681e-05,0.00023195872,7.505817e-06,9.717609e-05,4.6411773e-05,0.014654452,0.00013355468,2.1571504e-05,0.02130904,4.699808e-05,3.8843627e-05,0.013846514,0.09032194,0.020062843,0.9999721,9.9039235e-06,0.00011957075,0.0009777476,5.3351073e-06,3.722325e-05,0.023352243,0.0984693,0.07766589,0.96078026,0.8767812,0.92027384,0.9695518,0.867436,5.7735335e-05,0.00074712746,1.3072041e-05,0.00012964653,0.9697733,2.025969e-05,0.96882623,0.101149455,0.9604211,0.07613443,0.96316475,5.043242e-05,0.01856252,5.677284e-05,6.8748974e-05,0.016755989,2.5253628e-05,7.9495876e-05,0.001259696,0.000110366746,2.6372625e-05,0.016862975,3.2758577e-05,0.9628941,0.11086018,0.9531111,4.1882973e-05,4.70213e-05,0.019408626,4.007271e-05,2.9782856e-05,0.026002962,4.5730227e-05,7.910371e-05,0.024010941,6.542738e-05,1.4608102e-05,0.0011210606,0.9744912,0.08187469,0.9999323,0.9573095,0.96205944,0.99993753,0.962646,0.12596203,0.0013617267,4.7335787e-05,2.9760822e-05,0.99994373,0.09035101,0.9979596,0.012339552,0.8886851,1.1976754e-05,0.9703038,0.9681051,0.9999616,0.11576255,0.0012768679,0.0008911407,0.00015177144,0.9622016,0.12132039,0.9612257,0.00010965341,0.96642137,7.8666504e-05,0.96495473,0.9650419,0.16390835,0.00015193956,0.0009984361,0.020912033,0.967765,0.09214846,0.94213355,1.6421245e-05,0.8817949,0.018217305,0.9583976,0.09008551,0.0008639556,5.4040247e-05,0.00020360977,0.99994826,0.09256049,0.9989483,0.020361766,0.8833167,2.7857926e-05,0.11427416,0.0017391274,0.00081616465,3.777499e-05,0.96492606,0.093752764,0.97026336,0.00014908165,0.9612036,2.8598828e-05,0.8793634,0.7528548,0.021419443,0.104549594,0.967475,0.021327654,3.721743e-05,1.17372e-05,0.011997681,0.9993315,0.11941616,0.0007233297,0.7478735,0.0002535431,0.00080329407,0.00012497972,2.8293858e-05,0.0142333945,1.6834369e-05,0.7722866,1.755776e-05,2.7398512e-05,0.0008972244,6.72817e-05,5.1397736e-05,4.3096945e-05,0.00083366357,4.7801845e-05,0.00014172168,0.019408187,0.098193645,0.999127,0.020980278,4.931676e-05,4.9928385e-05,0.10671447,3.9327355e-05,0.021303836,5.5705827e-05,0.04548401,3.8593105e-05,0.0005559866,0.09627591,0.97501963,0.0972363
0.836203667,-0.459287423,-0.68636408,-0.547890781,-0.611060919,-0.65177065,0.128281707,0.402982972,0.473885667,-0.142475293,-0.444449811,-0.530291567,0.718300535,0.513306088,0.456546512,0.916371921,-0.374754798,0.331966626,-0.563346509,-1.018439224,-1.399029836,0.006931735,0.016586728,0.9098373,0.00015032382,8.7264256e-05,0.9897426,0.22381262,0.2222861,0.9911953,0.25453135,0.00011154954,0.16812111,0.0114783365,0.011562186,0.9918848,8.3745304e-05,0.81301963,0.6412534,0.22169043,0.0003973591,0.009515319,0.00035512767,0.17669217,0.0001029092,6.0973198e-05,0.29325926,0.00021984748,0.00020532576,0.23649433,0.26041397,0.8819574,0.7678112,0.008212645,0.00017998766,0.5625244,0.00015692864,0.00021566791,0.15981662,5.0002236e-05,0.00014568062,0.0003852254,0.5693053,0.00023177524,0.0002377937,0.6437127,0.00014173737,0.00013627457,0.5851826,0.0078016836,0.069607675,0.9998871,0.00019900716,0.00016926689,0.124080025,7.2798706e-05,0.00012849075,0.53476006,0.009767988,0.007164318,0.8857357,0.2612648,0.23235874,0.9118272,0.24273829,0.00019615647,0.11606155,0.00012002759,0.00026855222,0.865424,0.00013843336,0.7290255,0.7812455,0.18530753,0.01019091,0.22118905,0.00013679078,0.5605861,0.0001233453,0.00026357535,0.59227526,5.5420653e-05,0.06400882,0.13587624,0.00018868875,0.00010878305,0.599657,0.000104532315,0.28298554,0.7750382,0.19853973,0.00029322325,0.00014500902,0.5426445,0.00015895661,0.00016566226,0.607309,8.127188e-05,0.0785819,0.6225909,0.0002530391,0.00021082193,0.09879371,0.27484322,0.012595031,0.99988234,0.22226511,0.22176875,0.999637,0.22961268,0.006891743,0.103105485,0.00010872416,9.979481e-05,0.99963415,0.007181898,0.91937244,0.55177593,0.23348792,0.00012041414,0.24012199,0.24377121,0.9997508,0.0077016396,0.19213463,0.08872568,0.000537739,0.2887407,0.7476243,0.2520068,0.00047922984,0.92096055,0.0005140697,0.23410323,0.20333855,0.77063596,0.00027831367,0.1061252,0.5734197,0.26714215,0.010217075,0.43757293,0.00014825843,0.24221115,0.56451565,0.24229696,0.0075951195,0.10272598,0.00017223028,0.00024726117,0.9998677,0.01191546,0.89032996,0.57297146,0.28426343,0.00015193404,0.009535501,0.14427684,0.1187919,0.00016617707,0.21414664,0.77210945,0.1869163,0.00048715126,0.90385115,8.713986e-05,0.2115502,0.49559444,0.6499138,0.009546531,0.22937322,0.16565298,0.0001560947,8.7368426e-05,0.6335843,0.7422242,0.010838103,0.13513592,0.45830423,0.00035199957,0.1181647,0.066241115,0.00011464747,0.07793209,0.000109099376,0.43683118,0.0002524126,0.00012696577,0.09778174,0.064227484,8.129157e-05,0.00019852917,0.113380946,0.0002779928,0.0003828085,0.6100828,0.005954856,0.8956725,0.5637105,0.000260493,9.581153e-05,0.013196932,0.00010590961,0.6239716,0.00014869904,0.4524626,0.00023651571,0.14024839,0.01272587,0.24156457,0.016377565
-0.199793581,-0.372489106,0.804510492,1.039110406,0.932055691,0.856772559,-0.468884479,-0.429606122,-0.80827071,0.5286771,0.473786161,0.91800076,0.796564627,0.966189744,-0.708514947,-1.219805033,0.45666406,1.611275336,-0.172842825,0.498834816,1.119043028,0.0034608438,0.0033418206,0.9888235,1.7556187e-05,1.6457994e-05,0.99746823,0.016193092,0.014458455,0.99612564,0.0132449465,3.9541486e-05,0.09100839,0.0024757443,0.002311532,0.997122,2.1694419e-05,0.9005691,0.99159724,0.012920351,3.9933162e-05,0.003593304,1.9741658e-05,0.13388844,4.7958456e-05,2.5386917e-05,0.14654987,7.6951845e-05,2.7769494e-05,0.14963305,0.015672239,0.92194736,0.896695,0.0030207124,4.4391803e-05,0.16144295,3.5494155e-05,5.5029835e-05,0.113988005,3.1446056e-05,1.7223523e-05,2.6823865e-05,0.9878056,4.205868e-05,4.5838464e-05,0.99009657,3.6550617e-05,3.0963416e-05,0.9875694,0.0030791732,0.123365104,0.999969,1.2842726e-05,3.8015925e-05,0.08927665,1.86942e-05,2.3489565e-05,0.9887143,0.0037268358,0.0041542803,0.98967,0.010662542,0.016250027,0.9891238,0.012114052,4.7147296e-05,0.08045962,2.3824334e-05,3.4764133e-05,0.98648447,2.9941846e-05,0.9078802,0.9853952,0.011909898,0.003653462,0.010508857,1.6816879e-05,0.982989,4.9351624e-05,3.8929105e-05,0.9865435,2.0766467e-05,0.08920584,0.07488655,2.0354835e-05,3.3136337e-05,0.98562974,2.861356e-05,0.012842693,0.9869177,0.012415392,4.16657e-05,7.3431843e-06,0.9873998,3.084776e-05,3.0452527e-05,0.9890056,3.7888745e-05,0.10727688,0.9866252,1.2059274e-05,3.4554778e-05,0.07460472,0.012230222,0.0026077179,0.99997294,0.010622832,0.009423644,0.99998,0.009260595,0.002667972,0.0681983,2.2475118e-05,2.6918167e-05,0.99995255,0.0025970219,0.9189723,0.98893005,0.010731016,1.8226761e-05,0.011244444,0.015330731,0.9999689,0.002614011,0.123228766,0.079324506,4.6163874e-05,0.014728358,0.98570585,0.014104068,2.301037e-05,0.9877916,3.76353e-05,0.00906595,0.012617485,0.9886564,1.5213686e-05,0.113534115,0.990218,0.009624084,0.0030747063,0.094127655,3.58415e-05,0.015065572,0.9868578,0.014623873,0.0031608876,0.07140103,3.083206e-05,3.7982983e-05,0.99997115,0.0037852058,0.9285086,0.9864182,0.015827822,1.4671247e-05,0.003029995,0.10291139,0.075267024,1.7523702e-05,0.0111896,0.9812275,0.014435873,2.8641489e-05,0.9861724,1.853921e-05,0.01490665,0.14670628,0.9850522,0.002836047,0.012039988,0.08165054,3.9602546e-05,1.7943416e-05,0.9871187,0.8461386,0.0029261822,0.08075975,0.14260742,5.5906028e-05,0.08207102,0.10051509,3.821067e-05,0.10855184,1.4827631e-05,0.12134692,1.9096875e-05,3.9229104e-05,0.068824574,0.09371197,3.6351852e-05,3.1793606e-05,0.070209384,1.4606331e-05,1.13922e-05,0.9877237,0.0041670236,0.9224279,0.9865827,3.329011e-05,3.0724103e-05,0.0025799223,2.1698059e-05,0.98795533,1.7062164e-05,0.8969519,4.2295505e-05,0.06577197,0.0039845044,0.012375121,0.0031194375
-0.012565163,0.805488046,-1.047059541,-0.251703879,0.08006347,0.127558792,0.036268822,-0.321876285,-0.236795024,-0.041603009,0.362636207,0.272635064,-0.459237166,-0.790004214,0.035650105,0.786840265,-0.775204207,-0.975411756,1.133021168,-0.299364743,-0.477622586,0.055175155,0.046792056,0.93858826,4.4344415e-05,9.981203e-05,0.93547213,0.044724856,0.043520875,0.94025195,0.034791563,9.1161055e-05,0.55736405,0.057425,0.052385695,0.93894565,6.560137e-05,0.33473772,0.91853994,0.04614191,9.433128e-05,0.054884337,0.00011152944,0.67450756,0.00012087281,0.000105465966,0.63234407,7.399413e-05,0.0001275632,0.6863735,0.037441522,0.51572055,0.9189469,0.063607894,3.1917127e-05,0.7138629,3.725507e-05,7.071273e-05,0.6538053,3.2338427e-05,3.3072596e-05,4.9481358e-05,0.90878093,5.388797e-05,0.00016316494,0.89835775,7.429399e-05,4.245557e-05,0.90786904,0.04783118,0.2743633,0.99995136,0.00014111515,5.75839e-05,0.464219,5.919855e-05,0.0001208259,0.9162308,0.05757548,0.06030132,0.9367489,0.047589906,0.04285645,0.9255031,0.042484302,6.827036e-05,0.4808298,8.8487606e-05,0.00014747254,0.9405821,7.680383e-05,0.48143432,0.95696753,0.08636644,0.063298054,0.105630435,4.4214314e-05,0.89953816,4.893197e-05,0.00017097725,0.91296804,5.7419347e-05,0.066509955,0.5093371,0.00010725624,6.0520422e-05,0.91348714,5.8307167e-05,0.093543276,0.9578286,0.07990156,0.0001322045,3.4073946e-05,0.9055081,0.00011605914,5.0714163e-05,0.9054172,2.6163358e-05,0.0773457,0.90685475,2.1220676e-05,3.4374014e-05,0.48415393,0.09411682,0.04916515,0.99996006,0.09294026,0.094590984,0.99995196,0.080738656,0.06410896,0.51794535,7.770754e-05,0.00014458942,0.9999367,0.0483535,0.4771178,0.9182887,0.04042489,6.354127e-05,0.083545536,0.08499968,0.9999144,0.06901314,0.074803,0.46760252,9.435638e-05,0.08085688,0.9525388,0.08941205,9.611707e-05,0.944283,0.0002237056,0.11008155,0.08395958,0.9626553,8.813249e-05,0.078157485,0.902606,0.092425235,0.048184704,0.64859915,0.00013405866,0.04330428,0.9036824,0.09806574,0.045547683,0.47724214,2.5245612e-05,0.00020746647,0.99994755,0.06567348,0.5283841,0.9175934,0.044422828,9.694516e-05,0.053590447,0.06744667,0.45628905,8.293508e-05,0.07928355,0.96513265,0.10266603,0.00012756951,0.9413111,5.6323104e-05,0.045554347,0.17944428,0.91826725,0.061398327,0.08614737,0.6200409,4.564122e-05,5.361512e-05,0.9131741,0.29879865,0.05079629,0.46045768,0.1863264,0.0001470419,0.46807697,0.08929177,0.00010501929,0.3035876,4.598347e-05,0.52740985,7.665186e-05,6.114882e-05,0.49417648,0.06628732,0.00013163655,8.315516e-05,0.46215335,9.728744e-05,0.0001439039,0.9034807,0.05331259,0.5074631,0.91197157,0.0001263303,4.458297e-05,0.049638286,5.5308406e-05,0.90913373,5.6689303e-05,0.36296016,7.0238595e-05,0.47168133,0.061463088,0.10704254,0.057105925
-1.123453777,0.359096704,-0.481969985,-0.375616672,-0.358817367,-0.347318397,0.644545888,0.497392043,0.583788544,-0.722275729,-0.552099878,-0.663182792,0.050615854,0.178585363,0.080433422,-0.189817159,0.286527937,0.164823199,-0.161717493,0.269448297,0.467645416,0.010943447,0.006008304,0.97726417,3.195102e-05,8.146019e-05,0.98881745,0.8536967,0.86490786,0.99039626,0.8745893,4.901683e-05,0.011330686,0.0141019,0.0097663505,0.98732066,3.738882e-05,0.9913448,0.053560376,0.8476896,0.0003446098,0.0073658847,0.00024162665,0.010756488,4.5562938e-05,9.0946945e-05,0.028798254,5.8354333e-05,7.818272e-05,0.030019535,0.86784303,0.99740654,0.943138,0.010124231,0.00011270158,0.8853192,7.273924e-05,4.1440384e-05,0.009134205,1.1793525e-05,0.000121940415,0.0001296485,0.06780726,0.00029959265,4.2239317e-05,0.061993565,2.7425493e-05,3.157515e-05,0.06480413,0.012227019,0.02397455,0.99994576,0.00011044928,0.00020317092,0.0019674806,2.8098804e-05,0.00010718294,0.061801244,0.0086865155,0.0069747353,0.97206306,0.88632715,0.8732132,0.9731708,0.86613363,4.0059185e-05,0.0024625852,4.5781147e-05,0.00020933388,0.96380067,7.994379e-05,0.9669411,0.14295402,0.84427464,0.008624586,0.8562648,5.3312884e-05,0.0670471,9.2987255e-05,8.87985e-05,0.067707226,2.6388301e-05,0.009941857,0.0033614438,0.00016423994,3.448762e-05,0.06208852,3.2612697e-05,0.8780492,0.1589529,0.8619618,0.00022244667,0.00015114047,0.07799517,9.3240844e-05,4.414981e-05,0.06813383,4.6287307e-05,0.010488398,0.070925064,6.124266e-05,4.538168e-05,0.0028539316,0.88426864,0.007115012,0.9999256,0.87686116,0.8802651,0.9999491,0.8633548,0.009620096,0.0033756432,9.2112656e-05,4.251655e-05,0.9999219,0.008510519,0.9970402,0.06906855,0.8816236,2.894667e-05,0.86494315,0.8571867,0.9999194,0.010110426,0.03221568,0.0020263628,0.00030198455,0.8579129,0.14018016,0.8752042,0.0003535978,0.97470945,0.00027244227,0.88509405,0.84901726,0.11837517,0.00019202619,0.037805576,0.06988462,0.8608857,0.0058502825,0.7793861,8.620995e-05,0.8640483,0.070447065,0.8470794,0.011786643,0.0028936132,3.7940015e-05,0.000504834,0.99989915,0.0077578127,0.9972838,0.071180746,0.8529652,0.00011429958,0.008790249,0.040577833,0.0023336345,9.3736686e-05,0.8727938,0.15972942,0.8752432,0.00026446974,0.973678,1.9012195e-05,0.8786457,0.8900837,0.05798223,0.01234704,0.9048327,0.009777826,4.5513174e-05,2.3587774e-05,0.0700548,0.9732738,0.010209073,0.0034623109,0.8884916,0.0006144245,0.0026135587,0.0129311625,3.6402504e-05,0.02415457,3.5322213e-05,0.72782964,4.4040138e-05,3.6678626e-05,0.0025439323,0.01158233,3.7146903e-05,0.00011006164,0.0031306231,9.9836594e-05,0.0005067845,0.05530279,0.00884626,0.9962674,0.062760845,0.00017314317,4.2311643e-05,0.011012714,4.8209644e-05,0.071774885,5.875419e-05,0.14312057,0.00011245231,0.0035780766,0.0077910083,0.86771935,0.009945279
1.360443238,-0.27329103,0.720348217,0.178520669,0.053971914,-0.018431783,-0.630391152,-0.389475733,-0.468597681,0.706361616,0.430294362,0.529763012,0.376638275,0.418925015,0.398512755,0.335592021,0.132607021,0.254626438,-0.442555249,-0.68905964,-1.273601192,0.0029269643,0.0032103886,0.9808952,2.0864732e-06,3.550695e-06,0.9968388,0.76076365,0.75054675,0.997148,0.8117273,3.7720063e-06,0.011431863,0.0024488298,0.0015537782,0.9963946,3.773312e-06,0.9902352,0.08186764,0.7886776,1.1154291e-05,0.003228506,1.604321e-05,0.0018643058,2.2474576e-06,4.939358e-06,0.008502435,1.1979484e-05,5.4743855e-06,0.008388886,0.7911257,0.99754095,0.99341196,0.002659507,5.6498084e-06,0.79149044,3.2734727e-06,3.623686e-06,0.0020027843,1.6882461e-06,1.0580758e-05,9.093491e-06,0.0682663,1.16358815e-05,3.8232743e-06,0.09035094,4.115754e-06,4.2497277e-06,0.06475866,0.0027078732,0.011188214,0.9999969,1.8188258e-06,8.0529e-06,0.0023827767,5.8657054e-07,2.6883658e-06,0.07944244,0.003590616,0.0028631126,0.9831482,0.8208506,0.78087866,0.9863171,0.80078423,9.381645e-06,0.0023789112,1.8864681e-06,1.8900546e-05,0.9864689,3.865716e-06,0.9761619,0.19582948,0.8550141,0.0026655344,0.8569281,7.8468975e-06,0.06908149,8.414891e-06,8.090317e-06,0.071200214,2.344444e-06,0.00085350877,0.0028968414,7.981695e-06,2.7720007e-06,0.08355959,3.9682004e-06,0.83030945,0.17128773,0.8325076,9.376922e-06,5.401183e-06,0.06707029,7.710156e-06,4.0762584e-06,0.08568027,4.4292105e-06,0.000986503,0.07825969,5.8115006e-06,3.1926154e-06,0.0025893569,0.8578261,0.0033022338,0.9999932,0.8349451,0.8365392,0.99999607,0.84937817,0.0038601423,0.0033510637,5.0332287e-06,2.656696e-06,0.9999943,0.0033122685,0.9959413,0.062454205,0.7908494,1.4138758e-06,0.85924715,0.82639724,0.999992,0.004139964,0.009270041,0.0028215554,1.2310754e-05,0.8355957,0.21160686,0.85973686,1.12000835e-05,0.9873232,1.2834022e-05,0.8439167,0.85108155,0.21507768,9.967503e-06,0.0070364196,0.08813686,0.8684075,0.0028323815,0.77434653,3.0225985e-06,0.812717,0.07403134,0.84370893,0.002159257,0.0034721221,5.017787e-06,2.850402e-05,0.999995,0.003505875,0.996603,0.07194583,0.80516124,2.6420919e-06,0.003113636,0.009562271,0.0023291272,3.520957e-06,0.84286845,0.19721924,0.84227115,1.1152164e-05,0.9841829,3.9488227e-06,0.77430034,0.766905,0.077787064,0.002886733,0.8315057,0.010790073,4.401894e-06,1.5074689e-06,0.08040049,0.99177647,0.0039411215,0.0020539626,0.8042635,1.8072215e-05,0.0028439844,0.0011619084,2.230087e-06,0.012081943,2.4927572e-06,0.71337014,3.545271e-06,3.5791302e-06,0.0026609672,0.00077628857,5.2368796e-06,5.073382e-06,0.0026203566,4.1437247e-06,1.287472e-05,0.07035028,0.0024188037,0.99717075,0.07670469,7.138469e-06,7.0912774e-06,0.0024469004,2.8923123e-06,0.066152774,5.4445677e-06,0.12007124,6.0134303e-06,0.0025919382,0.0025213857,0.84567326,0.0028349361
-1.123453777,0.371496464,0.479884577,-0.233367533,-0.510846329,-0.488530565,0.540152272,0.587490602,0.577853082,-0.567895117,-0.609173732,-0.585264605,-0.627676985,-0.064611944,0.27856902,-0.867098559,1.171112077,-0.253202276,-1.021516397,-0.144598377,0.167684738,0.00042742543,0.00022600386,0.99435943,7.797097e-06,1.02303175e-05,0.9994617,0.107653014,0.13000086,0.9995937,0.124059156,9.68739e-06,0.014425775,0.0004305729,0.00051899854,0.9994785,7.4899713e-06,0.9844683,0.83379376,0.10539261,4.7967143e-05,0.00033433439,3.0337713e-05,0.22289905,9.473512e-06,1.0706828e-05,0.29140964,3.0512094e-05,1.3754039e-05,0.27515978,0.11616422,0.9836727,0.7688011,0.00048263004,1.8359711e-05,0.74332964,1.6452643e-05,1.7706625e-05,0.2704891,7.5175226e-06,1.1233031e-05,2.5244624e-05,0.87050074,1.8369816e-05,1.9474262e-05,0.85764676,8.564884e-06,7.3373117e-06,0.8663136,0.00042131793,0.20573255,0.99999034,3.211877e-05,1.9564766e-05,0.012205211,1.0819737e-05,1.2401629e-05,0.87792075,0.00036174798,0.0003300989,0.992397,0.13937506,0.11376517,0.9943316,0.123225816,2.1000193e-05,0.014928015,1.1671523e-05,3.2563814e-05,0.9942696,2.0288013e-05,0.978096,0.85998064,0.113238275,0.00045301707,0.09611023,1.3559492e-05,0.85422444,1.661844e-05,1.9471625e-05,0.86490464,2.5394968e-06,0.22301058,0.0154206995,1.183817e-05,9.014847e-06,0.8861823,5.824067e-06,0.10656963,0.895248,0.11297297,3.8764807e-05,1.7534601e-05,0.8679492,2.089607e-05,1.2121617e-05,0.86318845,7.6126166e-06,0.18368256,0.85987854,9.826027e-06,1.1803179e-05,0.018960077,0.105812065,0.00040707807,0.99998844,0.11428796,0.13310564,0.9999888,0.100286484,0.0004698047,0.019791614,1.60294e-05,8.266966e-06,0.9999869,0.00037839287,0.97814137,0.84146714,0.12528202,1.4974424e-05,0.10020153,0.103116035,0.9999765,0.00039032006,0.18975991,0.014091066,3.1018768e-05,0.111265585,0.8781987,0.1304903,4.255119e-05,0.99582714,3.849096e-05,0.13963476,0.11463796,0.8825346,1.1985186e-05,0.21656781,0.85658944,0.09949654,0.00020650022,0.2087154,1.577036e-05,0.10843211,0.8725299,0.1209458,0.00043634,0.017736306,1.40055545e-05,8.875287e-05,0.99998176,0.00036534786,0.98304373,0.8820977,0.12637016,2.0432844e-05,0.00029064176,0.24921522,0.012329828,1.0805373e-05,0.1425384,0.87355435,0.12641028,5.4739616e-05,0.99543285,4.6693563e-06,0.11423434,0.6990318,0.8642986,0.00054404914,0.110961765,0.017634878,9.427637e-06,1.204006e-05,0.87722355,0.70396537,0.0003540152,0.017320227,0.68122065,4.2747102e-05,0.013404548,0.20140019,4.084006e-06,0.19747011,6.8699837e-06,0.2165787,1.2801298e-05,1.25340475e-05,0.01688685,0.20065038,1.3084738e-05,1.4628399e-05,0.017980028,2.6503227e-05,4.5468358e-05,0.8299967,0.00028794628,0.9829175,0.87351334,4.2213505e-05,1.3718251e-05,0.0003779466,5.159108e-06,0.8622736,1.3212033e-05,0.8084873,2.5267216e-05,0.012344132,0.00038327882,0.11574859,0.00046171236
0.87364935,0.371496464,-0.001042704,0.582038667,0.905337174,0.844113251,-0.784612645,-0.984612456,-1.095911513,0.836338802,1.043771843,1.163557768,0.894290921,0.43345695,-0.443029773,0.442444274,-0.9183799,0.80161023,0.717709958,0.785242823,-0.615520719,0.0014566379,0.0011472491,0.99851865,1.9034195e-07,4.474232e-07,0.99883026,0.083274975,0.08468464,0.9983011,0.08414552,5.4200194e-07,0.0073951026,0.00086311175,0.000870294,0.9987808,3.041986e-07,0.991622,0.9363622,0.084899224,9.2692363e-07,0.0011768665,4.0376008e-07,0.002479013,6.5340635e-07,6.040745e-07,0.004620268,1.5422494e-06,3.571669e-07,0.004631782,0.09023554,0.99779284,0.9958704,0.0012385325,5.94356e-07,0.13049464,4.2366105e-07,6.3828844e-07,0.0022332626,2.1527202e-07,4.1619995e-07,3.5162353e-07,0.92820024,1.2850636e-06,4.0878996e-07,0.93557954,5.123112e-07,4.3049405e-07,0.9175969,0.0011451931,0.012153283,0.9999995,1.1398033e-07,1.0064693e-06,0.002324729,1.3049801e-07,4.437813e-07,0.935733,0.0013888472,0.0017581308,0.9985812,0.07050862,0.09887884,0.9984376,0.07297082,5.497838e-07,0.002184727,1.555152e-07,1.2003245e-06,0.99810314,3.5900624e-07,0.9936718,0.92561805,0.06857927,0.0013399853,0.08286987,2.9537753e-07,0.91906756,1.1344563e-06,7.5654333e-07,0.9326851,2.5380268e-07,0.00192302,0.0024754251,8.443569e-07,4.1301266e-07,0.90956503,4.7323914e-07,0.07437988,0.92083967,0.0745709,6.672258e-07,1.5841498e-07,0.92048067,4.52579e-07,4.1268513e-07,0.932428,6.588137e-07,0.0025343637,0.9290828,1.3422508e-07,2.8365736e-07,0.0021904996,0.085160896,0.0007079836,0.9999995,0.082025915,0.07089641,0.99999976,0.07404599,0.0015607561,0.0027868117,3.6334754e-07,3.5049993e-07,0.9999993,0.0013120552,0.9969216,0.9370255,0.07383095,1.2686863e-07,0.07638598,0.09685819,0.99999964,0.0014966988,0.004677365,0.0025820755,1.1140323e-06,0.09078082,0.921836,0.08685611,7.576899e-07,0.9982572,7.6681727e-07,0.07449438,0.08587949,0.9271892,5.0114465e-07,0.0052163634,0.9302901,0.078688934,0.0011898936,0.16611287,4.4698345e-07,0.084044114,0.9341239,0.09986093,0.0011262408,0.002385333,3.2185653e-07,1.6975001e-06,0.9999993,0.0019055879,0.997635,0.924499,0.0824156,2.665914e-07,0.0014666637,0.0039737285,0.0022100946,2.6348275e-07,0.0794132,0.92100686,0.08863508,5.3497376e-07,0.99801755,1.8458888e-07,0.076459035,0.18676601,0.9216934,0.0012244496,0.07878845,0.0060984786,5.775917e-07,1.1759038e-07,0.931643,0.9957653,0.000886866,0.00243228,0.19431114,2.2750041e-06,0.002882292,0.0025355828,5.24751e-07,0.013266975,1.4548279e-07,0.19852942,1.6419978e-07,4.2007954e-07,0.0025631129,0.0018530205,6.9351927e-07,5.1035965e-07,0.0022200106,2.1168589e-07,3.6481035e-07,0.90567774,0.001410145,0.9976169,0.913041,7.732583e-07,5.165549e-07,0.0010073809,4.3012187e-07,0.93765104,4.242797e-07,0.8432628,7.013009e-07,0.0025286302,0.0020802766,0.09431581,0.0009573217
1.235624292,-1.364469866,1.177229134,-0.338468894,-1.154252372,-1.140321049,0.093816075,0.955686542,1.105489733,-0.095555289,-1.024785282,-1.19113495,-0.865084689,-0.014172607,1.051642294,-0.601922477,1.778597205,-0.67873396,0.70732184,-0.849510831,-1.054130635,0.00018064995,0.0002384578,0.9994105,1.0416217e-06,1.8744423e-07,0.99985576,9.881557e-05,0.00017479832,0.9998802,0.00018826553,9.129935e-07,0.20453015,0.00012063158,0.00019735337,0.99988914,1.1368065e-06,0.83204144,0.99989927,0.0001523074,1.2945571e-06,0.00036036823,4.4085635e-07,0.38986728,4.3536883e-07,2.1453974e-07,0.09823192,1.525713e-05,7.7158546e-07,0.15133952,0.0001481509,0.847795,0.9549707,7.965782e-05,2.096964e-06,0.041265655,7.22615e-07,7.738568e-06,0.3662668,2.783086e-06,6.925266e-07,9.929248e-07,0.99988925,8.275314e-07,1.5929487e-06,0.9999263,2.8375687e-06,2.079114e-06,0.9998486,7.820084e-05,0.23756333,0.99999785,7.809874e-07,1.9109088e-06,0.12367077,1.2206905e-06,5.9940845e-07,0.99984753,9.179506e-05,0.00010610541,0.99930143,0.00036321903,0.00019118632,0.999416,8.452756e-05,4.4046064e-06,0.1561428,8.396369e-07,2.124922e-06,0.999584,5.87881e-07,0.960474,0.9999,0.000333403,0.00013000095,0.00034619682,7.067123e-07,0.99978524,7.3296e-07,1.701286e-06,0.99975663,1.2935682e-07,0.10140034,0.087995686,7.371977e-07,2.3873688e-06,0.9999361,1.184152e-06,0.00042511412,0.9997248,0.00026934303,1.0658249e-06,2.9287596e-06,0.9998368,7.0457764e-07,8.718146e-07,0.9998648,1.4190807e-06,0.11478745,0.99993134,3.01236e-06,9.4603354e-07,0.12636378,0.00025371043,0.00012720087,0.99999905,0.00019744935,0.00029900708,0.9999982,0.00025200285,0.00020633804,0.1066551,1.0175798e-06,6.8372964e-07,0.99999356,0.0003146212,0.8745149,0.9998956,0.00019329849,2.4119217e-06,0.0001541845,0.0005001113,0.9999993,0.00014170751,0.046606608,0.11420466,3.726771e-06,0.00080985314,0.99985933,0.00027404964,1.5041732e-06,0.99965036,4.9692135e-06,0.0006545466,0.00019320709,0.99988055,3.411128e-07,0.03747988,0.99991417,0.00035735028,0.00026325465,0.017415848,3.2485207e-07,0.00022309387,0.99988055,0.00030147482,0.00023090311,0.13052242,3.5121604e-06,1.4461742e-06,0.9999994,0.00020663356,0.8615078,0.999811,0.00019635762,2.6177463e-06,0.00020704912,0.028318731,0.12916867,4.2617916e-07,0.00038599293,0.99986005,0.00024700738,4.580738e-06,0.9993723,9.357345e-07,0.00038731715,0.014446304,0.9998828,9.016338e-05,0.00016330814,0.16004966,4.1117523e-06,7.449044e-07,0.999948,0.9176591,9.592699e-05,0.11705543,0.010634677,2.8437944e-06,0.13329673,0.10584323,4.235617e-07,0.15000802,2.6682284e-07,0.013780095,1.1082466e-06,5.014333e-06,0.11060655,0.06407377,1.8579616e-06,8.993654e-07,0.09951235,1.7378678e-06,1.8452565e-06,0.9998938,4.355353e-05,0.85789305,0.99981886,1.2127329e-06,3.4518616e-06,0.00043404172,3.9396306e-07,0.99989104,8.742791e-07,0.99217683,2.4374242e-06,0.12677222,0.0002242551,0.0003011212,0.00018715176
-0.374540105,1.785069046,0.491907759,0.747629149,1.453111916,1.428109984,-0.703966685,-1.523313309,-1.745398269,0.780732464,1.658195592,1.921953882,0.306774432,-0.340722191,-0.9641778,0.294564465,-1.390453106,0.195596115,-1.588007166,0.447603592,0.191518637,0.0005393015,0.00040507186,0.9999101,7.692895e-10,4.847762e-09,0.9998343,0.1093644,0.09545778,0.99958056,0.13260058,5.4450404e-09,0.00066866155,0.0002191719,0.00020492951,0.999607,1.7493818e-09,0.9993923,0.9327612,0.11760974,1.5331173e-08,0.00022869566,2.553724e-09,2.3463012e-05,4.9893076e-09,6.51276e-09,4.8319187e-05,2.5159274e-08,3.2142256e-09,3.8176833e-05,0.08015913,0.9999641,0.9999119,0.00020690644,6.91481e-09,0.050763145,2.5105766e-09,7.9851725e-09,2.03108e-05,8.2815926e-10,4.2786246e-09,2.3460316e-09,0.9183004,6.017775e-08,1.8102121e-09,0.9437961,5.6696727e-09,4.0648365e-09,0.8947692,0.00026038967,0.0006817848,1.0,4.0170792e-10,3.1250483e-08,3.4469864e-05,5.391485e-10,5.0537943e-09,0.9290424,0.00026526063,0.00029042378,0.9999324,0.09230213,0.15415987,0.9999249,0.12278229,4.8153788e-09,5.0966613e-05,6.3563216e-10,1.5991324e-08,0.9998462,2.1616944e-09,0.99954695,0.89880306,0.08355882,0.00026861136,0.12599099,1.9283617e-09,0.8843388,1.55084e-08,6.266785e-09,0.9199643,1.6186575e-09,2.292298e-05,6.82701e-05,2.2871413e-08,2.7865235e-09,0.8872278,4.227132e-09,0.12826133,0.9165908,0.0946644,6.1510037e-09,1.6585416e-09,0.9071584,2.6577935e-09,3.5071437e-09,0.92013645,1.0950949e-08,3.2580214e-05,0.93799204,1.0246161e-09,1.5201589e-09,5.9721e-05,0.14069948,0.0001230462,1.0,0.07831438,0.09550547,1.0,0.12663928,0.00038684282,6.167565e-05,3.2957876e-09,2.8749003e-09,1.0,0.0004623684,0.9998977,0.91884667,0.0697223,4.4041046e-10,0.14299758,0.1376108,1.0,0.00037409132,7.668688e-05,5.139862e-05,2.2037678e-08,0.14309092,0.8953767,0.13705862,1.2875223e-08,0.99988544,9.4329105e-09,0.08507987,0.116902225,0.9187547,8.698329e-09,7.265002e-05,0.9186282,0.13835806,0.00024915603,0.15310584,3.6046472e-09,0.0800085,0.9158503,0.14295447,0.0003561521,5.9495673e-05,2.2377877e-09,3.873395e-08,1.0,0.0005462265,0.99994624,0.9110419,0.112517364,2.5078675e-09,0.00037538543,5.430355e-05,4.810209e-05,2.7711635e-09,0.087754704,0.9013945,0.13728921,6.4862555e-09,0.9998184,6.5589556e-10,0.09417804,0.096261114,0.93089765,0.00022181172,0.14725097,0.00045399036,9.803475e-09,4.1524284e-10,0.9108046,0.9999685,0.00018283026,5.129946e-05,0.105155736,1.0067846e-07,5.3942575e-05,2.994733e-05,4.7838324e-09,0.0005564656,7.491591e-10,0.14618023,7.2011996e-10,3.669767e-09,7.9227975e-05,1.6860396e-05,9.180995e-09,6.2083583e-09,5.144378e-05,1.2237813e-09,8.0041875e-09,0.9042629,0.00038890773,0.9999162,0.8899695,6.9068222e-09,5.909431e-09,0.00019446368,7.717059e-09,0.9326663,5.8308447e-09,0.86992943,9.579411e-09,5.6419434e-05,0.00060469005,0.15676822,0.00026899014
-0.986152937,-0.794080929,-1.912728647,-1.312888276,-1.333262854,-1.264309463,1.507955351,1.572938397,1.784886677,-1.634565526,-1.688134894,-1.927485347,-0.063946213,-0.090949235,0.622771544,0.767355818,-0.066073499,-0.501526936,0.054099524,0.119432427,1.093002585,0.0072034323,0.0042427653,0.9903251,3.3813433e-07,1.8585765e-06,0.99426043,0.980518,0.9821879,0.99437165,0.98318154,7.218257e-07,0.002375085,0.007700492,0.012942718,0.9947292,4.4669414e-07,0.9990195,0.0037769794,0.97918516,1.5342193e-05,0.009434783,7.45688e-06,0.0001985856,1.0293255e-06,2.0087073e-06,0.0014278921,3.4733546e-07,3.073206e-06,0.0010185781,0.9779238,0.99995434,0.9928404,0.004231947,1.5907428e-06,0.9813421,7.352444e-07,3.1364786e-07,0.00027399661,9.6108565e-08,6.572915e-06,2.3388052e-06,0.004098981,2.3902507e-05,1.460682e-07,0.0028530157,3.1358954e-07,3.7458696e-07,0.0038055172,0.00852228,0.0035417143,0.99999845,9.005137e-07,7.072313e-06,5.4677635e-05,3.173638e-07,1.99741e-06,0.0026901402,0.005596571,0.004143329,0.99211454,0.9816544,0.9842784,0.98912084,0.98199224,2.9629896e-07,8.7738954e-05,4.577855e-07,6.6359553e-06,0.98285365,5.6372886e-07,0.9929798,0.023358263,0.98537606,0.0057822666,0.98849034,7.459857e-07,0.0038787094,3.0622145e-06,1.6061008e-06,0.0025799419,4.607612e-07,0.00039012512,0.00013188041,1.2073244e-05,3.9855223e-07,0.0039268127,1.5130314e-06,0.9902384,0.026319457,0.99079365,3.0632134e-06,6.5009494e-06,0.0040197433,1.2522306e-06,1.2120379e-06,0.005306665,1.0921308e-06,0.00049690006,0.0036579655,1.313219e-06,5.481232e-07,5.7408448e-05,0.9731424,0.005549943,0.99999905,0.9882783,0.98518294,0.9999987,0.98560065,0.00943813,0.00013725094,8.8132265e-07,5.1112926e-07,0.99999714,0.006072979,0.9999317,0.0026483247,0.9829799,1.8529083e-07,0.9785341,0.9908732,0.99999964,0.005798561,0.0029487566,0.00010221356,2.491602e-05,0.98903906,0.017753387,0.98864985,1.8434961e-05,0.9873913,1.41217815e-05,0.98945695,0.9821232,0.02510576,1.5322687e-05,0.0034905754,0.0045285607,0.9789027,0.00956827,0.9740035,1.412834e-06,0.9887527,0.002305792,0.98578554,0.007712514,0.00010084306,5.022508e-07,2.3479957e-05,0.99999666,0.005662171,0.9999157,0.0017107876,0.98228776,2.640515e-06,0.008529043,0.0027477476,0.00012935758,2.8313677e-06,0.9878298,0.01083937,0.98974824,9.424204e-06,0.9821761,1.8603149e-07,0.9879737,0.99144167,0.0044506397,0.005520313,0.98575217,0.00089404517,7.2485335e-07,1.5029973e-07,0.002791492,0.99919456,0.0032523784,0.000109369474,0.9931594,6.2522406e-05,7.0810034e-05,0.0002501629,6.0961236e-07,0.002678586,2.2402965e-07,0.92140496,5.1094304e-07,4.831928e-07,0.00011584387,0.000326873,6.8287017e-07,1.9397633e-06,5.4962762e-05,1.5469898e-06,6.046147e-05,0.0024186992,0.0065021715,0.9998796,0.004060976,5.182897e-06,4.7714144e-07,0.006750058,1.7855597e-06,0.004004808,1.5133431e-06,0.011397925,2.5399281e-06,0.00018673482,0.008556733,0.9895929,0.008638593
0.499192514,0.247498869,-0.361738165,0.764690503,0.926755362,0.848282877,-0.895584194,-0.967075112,-1.093049721,0.947100106,1.012276177,1.137528245,0.790908219,0.534565001,-0.567022884,-0.135081842,-0.479935225,1.001586823,1.045205754,-0.300649297,-1.082977641,0.0005168245,0.000355722,0.99901533,9.17454e-08,1.4918555e-07,0.99970454,0.002926978,0.0025114012,0.99946815,0.00243356,3.99924e-07,0.01657198,0.00027292556,0.00029871648,0.9996107,1.4844643e-07,0.9782891,0.9989932,0.0025523226,3.1368077e-07,0.000499411,8.37331e-08,0.02991866,5.1341806e-07,2.2221587e-07,0.029358137,8.30143e-07,1.703408e-07,0.02936261,0.0027121904,0.98948365,0.97440207,0.00037228758,3.4841437e-07,0.04831311,2.6619202e-07,5.40099e-07,0.02594249,2.2629548e-07,9.385374e-08,1.201459e-07,0.99843246,4.093697e-07,3.6229224e-07,0.99871695,3.4127748e-07,2.5713064e-07,0.9983903,0.00037028774,0.045340493,0.99999964,6.3779325e-08,3.871863e-07,0.011996399,1.5127787e-07,2.1470674e-07,0.9987324,0.00047570534,0.0005664779,0.99910766,0.0019604547,0.003122553,0.99881506,0.0020604117,3.0281103e-07,0.011950964,1.2595278e-07,2.8462173e-07,0.9984841,2.306945e-07,0.98567235,0.99747074,0.0015818208,0.00040891673,0.0018394137,8.61916e-08,0.99793017,5.253248e-07,3.2406302e-07,0.9983754,1.2810534e-07,0.022113474,0.012423785,1.8110079e-07,3.1622693e-07,0.9980798,2.6172742e-07,0.0020604392,0.9977986,0.0019252672,3.0891303e-07,2.8714714e-08,0.99831736,2.2496204e-07,2.4729994e-07,0.99858993,4.043034e-07,0.032021392,0.99846673,3.5335198e-08,1.9968012e-07,0.011002389,0.002002079,0.00021774591,0.99999976,0.0018918199,0.0013825445,0.9999999,0.0015511106,0.00039535633,0.011321469,1.468018e-07,2.1336528e-07,0.9999995,0.00034214303,0.98711085,0.99867755,0.0020612257,9.7641426e-08,0.0017193059,0.0025238935,0.9999999,0.0003773529,0.027031397,0.01184253,3.9760351e-07,0.0022659362,0.99737984,0.0022346207,1.605551e-07,0.99875844,2.5302836e-07,0.001485902,0.0020117268,0.99806577,1.10352644e-07,0.030963771,0.99883705,0.0017597777,0.0003516102,0.027234176,3.3594097e-07,0.0027421007,0.9983352,0.0025534593,0.00037703,0.010910614,1.855513e-07,3.7580423e-07,0.99999964,0.00060937117,0.99011225,0.9981779,0.0026665665,1.07162876e-07,0.00043949884,0.020958833,0.010781129,1.11519356e-07,0.0016995595,0.9969644,0.0026320042,1.921417e-07,0.99841475,1.01569945e-07,0.0026304303,0.053085838,0.998307,0.00035925664,0.0019754535,0.015255396,4.0291465e-07,9.5491686e-08,0.99851507,0.96737605,0.0002573529,0.012350017,0.054545227,6.7176796e-07,0.013159647,0.03015937,4.6401198e-07,0.040086348,8.324327e-08,0.042163443,8.662207e-08,3.166307e-07,0.010794258,0.028188612,3.8444696e-07,2.6084732e-07,0.010933397,7.599131e-08,5.6891857e-08,0.9981501,0.00060706836,0.9875101,0.99814725,2.740469e-07,2.7818896e-07,0.0003223987,2.3791179e-07,0.9986701,1.3608368e-07,0.9753355,4.277489e-07,0.0108173415,0.00071291433,0.0027358283,0.0003370288
0.886131245,0.842687325,0.840580038,0.293164986,-0.097528936,-0.115291647,-0.577920753,-0.444777622,-0.496752264,0.648491014,0.493508244,0.563048655,0.14455637,1.006806659,1.222440547,-0.496583372,1.909901712,0.445416799,-1.389863239,0.938291273,1.759571429,0.009179778,0.006033642,0.8489238,1.611961e-07,8.713524e-07,0.9902021,0.98435956,0.98751104,0.9885533,0.98659515,5.175865e-07,0.0041630566,0.0063126595,0.0054250313,0.990131,5.556516e-07,0.99596715,0.00027753942,0.9883421,2.2482056e-06,0.0106458645,6.017561e-06,7.9698846e-05,2.4550604e-07,1.7359099e-06,0.0040286304,8.35383e-07,7.9074835e-07,0.003696736,0.9863077,0.9998789,0.9953485,0.010289622,4.56183e-07,0.9954099,2.4724005e-07,2.5834316e-07,0.00010566518,7.420096e-08,2.2229863e-06,1.6165687e-06,0.00018985332,1.7763575e-06,3.8471836e-07,0.00022629429,3.7056978e-07,2.920443e-07,0.00027356148,0.008475296,0.005701721,0.99999976,1.6769194e-07,1.5303381e-06,0.00013432417,3.8313953e-08,5.6198536e-07,0.00039837483,0.010237676,0.008268575,0.8684397,0.989262,0.9878127,0.8924957,0.9846948,7.0367713e-07,0.00011813912,1.3985286e-07,4.77625e-06,0.8881946,5.0674697e-07,0.9596331,0.009293171,0.99576616,0.006588423,0.99622476,1.327655e-06,0.0002742875,1.0723919e-06,1.0860703e-06,0.0002575645,3.219686e-07,2.6612739e-05,0.00025575806,1.5556355e-06,2.4678494e-07,0.00022699963,5.8042383e-07,0.9941129,0.011063288,0.9938705,1.4832405e-06,8.1960815e-07,0.0002662879,1.1187509e-06,7.066839e-07,0.00046606726,3.5412288e-07,3.546458e-05,0.00024383751,1.0093222e-06,2.011593e-07,0.00012457732,0.9964064,0.008196209,0.99999905,0.9951858,0.995514,0.9999994,0.9960901,0.011531035,0.00028846148,6.7967875e-07,3.3535645e-07,0.9999995,0.0067325328,0.99968934,0.00021839442,0.9909587,1.3522494e-07,0.9942847,0.99427575,0.99999917,0.014151182,0.00521427,0.00014112915,4.3054433e-06,0.9936702,0.01231006,0.9948955,3.6939975e-06,0.85344446,2.7198012e-06,0.99586535,0.9952565,0.011795638,5.706286e-06,0.00434352,0.00032587792,0.99514693,0.0066736713,0.98073834,5.0134923e-07,0.9892868,0.00025260425,0.9955895,0.004855293,0.0002285228,3.4669543e-07,9.555629e-06,0.9999989,0.010265419,0.9997271,0.00035603956,0.9897684,4.0623704e-07,0.009090203,0.006323347,0.0001484848,9.0097933e-07,0.99553776,0.01202584,0.995999,2.1602257e-06,0.8795502,5.6697513e-07,0.9869292,0.9961976,0.000429452,0.008246441,0.9946254,0.0037657002,4.2668265e-07,1.5496461e-07,0.00023787671,0.9968527,0.009430497,0.00015839573,0.9958889,6.0680836e-06,0.00020202096,4.4999557e-05,2.6426335e-07,0.006328778,2.9255668e-07,0.96078914,2.4805058e-07,3.483911e-07,0.00017880584,2.250639e-05,7.327986e-07,7.034148e-07,0.00017342356,5.966515e-07,3.835874e-06,0.00024627254,0.007443347,0.9998405,0.00031609225,1.1947103e-06,8.7225203e-07,0.0066984836,5.3032073e-07,0.00031103395,8.743624e-07,0.0015450668,7.360863e-07,0.00015874804,0.008613471,0.9963068,0.008277471
-0.237239265,-0.843679967,0.119189116,-0.770303334,-0.418684586,-0.46681954,0.843198348,0.898171347,0.854271931,-0.935129846,-0.983272451,-0.950429702,1.015790678,0.446525484,-0.253360115,0.884729704,-1.143838709,0.698044724,0.072361969,-0.577114162,-0.645086561,0.0032409409,0.0042776256,0.99774206,3.379291e-06,5.775026e-06,0.9983797,0.54119813,0.5658232,0.99758744,0.55778706,6.729485e-06,0.011701946,0.0032597433,0.004054049,0.996114,2.1275096e-06,0.99098176,0.54368025,0.5550698,2.4937131e-05,0.002947579,2.191709e-05,0.0023484912,4.3957857e-06,3.631948e-06,0.0025396927,1.2709544e-05,6.948333e-06,0.0015630205,0.5468172,0.9979907,0.997265,0.0025156764,1.06214e-05,0.39183965,5.23634e-06,9.91481e-06,0.0032811468,1.805517e-06,7.619865e-06,8.990104e-06,0.47134385,5.166975e-05,2.428482e-06,0.522799,5.3454305e-06,3.7261204e-06,0.47448853,0.0032953576,0.004433163,0.99999213,6.4481083e-06,2.608167e-05,0.0031548087,2.2221277e-06,8.415959e-06,0.5149239,0.002557981,0.0011033062,0.99793434,0.55012405,0.603984,0.9969078,0.5683389,7.864023e-06,0.0033386406,1.7852735e-06,1.9412275e-05,0.9963362,3.4570833e-06,0.9888104,0.41289383,0.55659217,0.002219641,0.5709883,7.1052627e-06,0.45925274,1.2691e-05,1.10469055e-05,0.5051634,1.783861e-06,0.0012385873,0.005538594,4.2851836e-05,3.4356672e-06,0.44730273,4.1595144e-06,0.58399355,0.451997,0.52785134,1.744911e-05,1.4536795e-05,0.44213873,6.991199e-06,5.7991933e-06,0.50950724,7.6567685e-06,0.0017068377,0.5019931,8.483285e-06,4.2392076e-06,0.0040055765,0.6034951,0.002927258,0.99998915,0.5124095,0.53957564,0.99999106,0.56312543,0.0020277915,0.0044420953,5.947114e-06,4.193969e-06,0.99998045,0.003512665,0.9969488,0.5030045,0.5707344,3.0230397e-06,0.60501593,0.511779,0.9999956,0.003701674,0.0021961294,0.0020052867,3.386613e-05,0.5690133,0.4081721,0.59309447,4.44981e-05,0.9980444,4.179978e-05,0.50486195,0.5223272,0.4382508,2.6238815e-05,0.0014363669,0.48051006,0.5863927,0.002440685,0.5738673,5.5005935e-06,0.5253701,0.47819495,0.5451764,0.0034720928,0.0038632771,5.1389898e-06,3.832712e-05,0.9999863,0.0031862918,0.99669266,0.5551759,0.57497185,1.1877468e-05,0.0032429444,0.0021985727,0.0026927001,5.737406e-06,0.55289966,0.4868603,0.55559653,2.9480663e-05,0.99748564,1.5710666e-06,0.5407812,0.3672279,0.5168912,0.0021533791,0.58568674,0.008643038,9.877287e-06,1.9014432e-06,0.45408577,0.99808645,0.0035273933,0.0037797114,0.35945177,0.00010487507,0.0029524795,0.0014443761,5.1124025e-06,0.005505158,4.0486393e-06,0.5908803,5.0183326e-06,6.151527e-06,0.0028789311,0.0014531445,8.293103e-06,1.1566677e-05,0.0038676455,9.474687e-06,7.130258e-05,0.5352084,0.0022794085,0.9967614,0.47143772,1.252136e-05,1.038197e-05,0.003660944,9.063309e-06,0.5171063,1.2228857e-05,0.4711246,1.4389021e-05,0.0038386835,0.004630061,0.5781171,0.0049075754
-2.022150185,-0.744481891,1.249368227,0.034166755,-0.137767332,-0.103712598,0.686005019,0.611116892,0.570702828,-0.70413779,-0.61085157,-0.562953444,-0.772992023,-0.751695969,-0.863970233,-0.975416286,-0.0346587,-0.363207109,0.77756681,-0.584508094,-1.343855428,0.013500441,0.010057903,0.97964555,9.202398e-05,0.00012752524,0.9876061,0.74274015,0.786552,0.9911805,0.74702245,9.3931216e-05,0.040224798,0.015082712,0.018783072,0.9833709,6.499674e-05,0.96480745,0.2207345,0.73993593,0.00047208383,0.010853961,0.0005118264,0.035259716,9.846303e-05,0.00010632469,0.04730654,0.00013162765,0.00021601944,0.040707737,0.74591553,0.9818818,0.96854246,0.014436451,0.00018703651,0.86472064,0.0001241703,0.00011961478,0.038477834,3.0681767e-05,0.00023191738,0.00038318112,0.20200884,0.0004832386,8.2548e-05,0.24583578,6.885487e-05,5.886754e-05,0.21957646,0.014907169,0.032907553,0.99991226,0.00025980172,0.00035769757,0.018955337,5.9923692e-05,0.00015192029,0.1951565,0.013450497,0.009672892,0.98167795,0.7295052,0.7746345,0.97921365,0.75773966,0.00010162528,0.022153866,9.724589e-05,0.00027015933,0.9762719,0.00011182538,0.9455842,0.21768396,0.7731942,0.010096708,0.7284103,0.00013305005,0.19310573,0.00014251364,0.00021065334,0.19501428,6.483733e-05,0.018152643,0.02037551,0.00036822245,6.811962e-05,0.2245459,9.791567e-05,0.75117654,0.22316542,0.7776197,0.000277026,0.00034434398,0.20088884,0.00018229184,0.00010350807,0.2158215,0.000100289835,0.01782321,0.2275765,0.00018469614,9.087611e-05,0.029738782,0.81876945,0.015063612,0.9998198,0.77133524,0.77497315,0.9998318,0.7204193,0.009602701,0.019854248,0.00016239338,8.1315906e-05,0.9997936,0.012295423,0.98281133,0.20395647,0.7537469,6.683216e-05,0.7424726,0.7747545,0.99984086,0.010613794,0.027519487,0.01769583,0.00048615853,0.8003964,0.23173779,0.78562975,0.000543234,0.9861244,0.0010634313,0.7475621,0.75427854,0.23167914,0.0003035974,0.027510835,0.18883948,0.7761481,0.011718473,0.82631594,0.00016998372,0.73662466,0.21508554,0.7863694,0.017723659,0.015176993,9.257885e-05,0.00077199104,0.99983263,0.013138541,0.97985625,0.23244667,0.74564475,0.00025065758,0.010336665,0.039290793,0.015179914,0.000144081,0.78393024,0.20591217,0.79597306,0.0006012838,0.98420185,3.798179e-05,0.7447045,0.82864386,0.20326605,0.012501498,0.78034276,0.039342973,8.4993204e-05,5.1313844e-05,0.19915056,0.9651559,0.02040678,0.023703339,0.82679766,0.001113392,0.020633902,0.016364012,7.995096e-05,0.045353644,8.720944e-05,0.7959454,0.00012884053,6.2359075e-05,0.022070779,0.017373776,9.663098e-05,0.00031123328,0.019446217,0.0002308146,0.001017996,0.20365274,0.015961826,0.9830958,0.1960334,0.00027012918,0.00010642653,0.013314131,8.895962e-05,0.20937572,0.00016807835,0.15777582,0.00025181167,0.019797273,0.0131385345,0.72327036,0.016010484
1.372925132,1.214680109,-0.157344071,0.914702464,1.088853214,1.154852367,-1.346221211,-1.52413053,-1.484886864,1.431769942,1.611957004,1.584856053,-0.725266026,-1.00344698,-0.484312435,0.101019847,-0.687686609,-0.90575506,-0.933560169,0.134223968,1.733926008,0.0021299447,0.0010706297,0.99968183,2.3302533e-09,1.5964963e-08,0.9987961,0.9274987,0.9302846,0.9985959,0.91792077,7.1604562e-09,0.00049195206,0.00090215215,0.00089078286,0.99867684,6.123016e-09,0.99961555,0.030257637,0.9262183,8.7819515e-08,0.0008654127,3.3237367e-08,5.8967494e-06,9.816891e-09,2.8735641e-08,2.9041674e-05,2.651901e-08,1.0974786e-08,2.5557396e-05,0.90887,0.9999906,0.9999598,0.0012050759,1.3069724e-08,0.6784778,4.8279416e-09,7.1694215e-09,6.751708e-06,9.143663e-10,3.2808497e-08,1.3790563e-08,0.035354614,2.3209115e-07,2.934551e-09,0.032597512,7.906863e-09,5.852349e-09,0.03398929,0.0011772566,0.0006985897,1.0,1.8062527e-09,7.5500246e-08,1.0655541e-05,7.5289497e-10,1.4729397e-08,0.049352486,0.001013866,0.0016046927,0.99975055,0.9178186,0.94562554,0.99975485,0.9341483,9.112885e-09,1.07713695e-05,1.5273433e-09,1.1242017e-07,0.99969685,5.6104636e-09,0.9996063,0.079745784,0.9567474,0.0011472534,0.96545845,1.0237824e-08,0.039251335,3.0944488e-08,1.9592493e-08,0.042084884,4.3615986e-09,5.2123605e-06,1.7130153e-05,1.1950095e-07,5.2658105e-09,0.032271635,9.135875e-09,0.9532717,0.084899545,0.94734687,2.1783423e-08,1.9866821e-08,0.038390823,1.1102141e-08,8.254031e-09,0.041136373,1.541221e-08,5.6465815e-06,0.043730155,7.57392e-09,2.6058107e-09,1.8184814e-05,0.9664142,0.00057484506,1.0,0.94782364,0.95869803,1.0,0.97000104,0.0020737771,2.3531738e-05,1.0429736e-08,6.125294e-09,1.0,0.001881842,0.99996483,0.03371441,0.9158113,1.4603506e-09,0.9588657,0.9645686,1.0,0.0016648449,4.0376977e-05,1.761843e-05,9.769116e-08,0.9574569,0.099618554,0.9650638,1.1188177e-07,0.9997004,5.1437123e-08,0.9674192,0.96879894,0.09198298,7.9248025e-08,4.0944098e-05,0.042444266,0.96321404,0.0007508948,0.87232953,1.084583e-08,0.9294839,0.058339708,0.96126413,0.0012179833,1.5574582e-05,5.038241e-09,2.8253072e-07,1.0,0.001983186,0.99998033,0.046153262,0.92044127,1.1211178e-08,0.0011718823,4.4882643e-05,1.4586677e-05,8.493916e-09,0.9479063,0.07235719,0.9695039,5.3666103e-08,0.9996321,2.384754e-09,0.9101782,0.8071881,0.053825866,0.0014376013,0.9613569,0.00026752288,1.02899955e-08,9.806688e-10,0.035639476,0.99998176,0.00078541704,1.4595442e-05,0.8688603,4.991709e-07,1.8755629e-05,6.0297048e-06,6.5833743e-09,0.0006217969,2.033278e-09,0.802096,2.7228357e-09,6.1514265e-09,2.4510404e-05,3.2328624e-06,2.0859442e-08,1.2542808e-08,1.4552606e-05,6.2312546e-09,1.03648524e-07,0.028405514,0.0010216925,0.9999788,0.040972937,3.631999e-08,1.3250978e-08,0.00075085036,1.5043131e-08,0.049073745,2.7064031e-08,0.14006494,1.8351601e-08,1.7109205e-05,0.0021602015,0.9673597,0.0009114288
-1.123453777,0.371496464,-0.614224988,-0.303473791,-0.538186362,-0.513707656,0.439481033,0.482501486,0.690677535,-0.49076414,-0.536969589,-0.78837237,-0.904241475,-0.205159484,0.565236755,-0.820467167,1.440846617,-0.603100994,-0.018275019,1.22191107,-0.050156614,0.03625443,0.025203433,0.9079957,4.5909943e-05,0.00010578465,0.96649283,0.6920658,0.6877765,0.96355546,0.68294233,5.9235936e-05,0.023040086,0.041562278,0.030449273,0.9605698,5.006417e-05,0.9736685,0.056298308,0.68623316,0.00033253324,0.030832367,0.00029035096,0.01440868,5.509227e-05,0.00012392308,0.07199029,6.165989e-05,8.664461e-05,0.078973286,0.7086412,0.99662685,0.9224892,0.037310973,8.872444e-05,0.81944263,6.3485495e-05,3.9498143e-05,0.01161849,2.1689537e-05,0.0001379645,0.00011977273,0.07262553,0.00023373902,7.173846e-05,0.06352343,3.2036267e-05,3.7495905e-05,0.074273326,0.038535465,0.060614657,0.99993694,0.00015076192,0.00021835444,0.003154008,3.4136785e-05,0.00014605033,0.0807315,0.033483483,0.029786803,0.89582723,0.7061264,0.7146313,0.9067699,0.70713377,3.292852e-05,0.0033850926,6.1856124e-05,0.00019332486,0.8989614,0.00012898215,0.9126254,0.30375817,0.76545,0.03187283,0.79903877,5.432598e-05,0.07733492,0.0001006229,0.00010326112,0.072025076,4.270929e-05,0.012445708,0.004006648,0.00019635145,6.555254e-05,0.06920657,4.253074e-05,0.77035236,0.31996387,0.76903504,0.00018522856,0.00016223427,0.091012426,0.00012863823,6.239441e-05,0.07276174,5.6432993e-05,0.016612198,0.06715856,4.0356037e-05,5.5319008e-05,0.0037200153,0.80608964,0.024892114,0.99992335,0.7883576,0.7882881,0.99994767,0.8053036,0.038531695,0.004815533,0.00011281374,7.390577e-05,0.999913,0.028735293,0.996317,0.087930515,0.71866655,3.2307235e-05,0.78545254,0.7429637,0.999944,0.041906662,0.06731954,0.0032451276,0.00026456002,0.7688891,0.28464547,0.7872715,0.00027582294,0.9027655,0.00030788864,0.77830523,0.79524034,0.25013366,0.00020178418,0.091688976,0.072222754,0.7643647,0.027628254,0.6482954,0.00010909459,0.7051255,0.07985455,0.7524702,0.041259147,0.004490676,4.1757346e-05,0.00049481593,0.99990904,0.026212245,0.9960161,0.071087554,0.68093663,0.00013117107,0.03405792,0.093994215,0.0039148238,0.00010911394,0.7824206,0.3368657,0.7880951,0.00028054565,0.91088265,2.8518265e-05,0.70003015,0.80082124,0.061021976,0.03750174,0.8022893,0.028582033,6.352189e-05,3.5254372e-05,0.08420252,0.92066944,0.03207632,0.004764624,0.80580676,0.000569978,0.0036125153,0.019188546,6.954087e-05,0.060011115,2.8500539e-05,0.5858356,6.325664e-05,5.5145618e-05,0.003816009,0.016999496,7.1987764e-05,0.000105519786,0.004088988,0.00012800489,0.00053490186,0.061696853,0.028430512,0.99469817,0.060101558,0.0002362187,4.8524304e-05,0.031677805,6.4450694e-05,0.06967523,6.690492e-05,0.15048732,0.00011139254,0.005560992,0.03174762,0.7806476,0.02610646
0.87364935,-0.298090549,-1.323592727,-0.02498467,0.020782301,-0.02985587,-0.045828296,0.007934558,-0.132997447,0.051414836,-0.008897478,0.152674323,1.385164721,1.208658382,0.353597894,0.69622145,-0.241885839,1.235540362,1.355655144,-0.378605548,0.467580379,0.0031266776,0.0032483402,0.6996126,5.7871926e-05,4.0155875e-05,0.99445146,0.031763557,0.027991248,0.993476,0.03567541,5.3512656e-05,0.13263758,0.0043547363,0.0034107617,0.99577963,4.0723502e-05,0.814457,0.82505614,0.027652942,0.00019674988,0.0045746197,0.00010571971,0.69105625,9.649232e-05,8.3317165e-05,0.9152584,5.6117122e-05,7.7920056e-05,0.93714374,0.031762164,0.89878976,0.11556691,0.006206125,4.2758562e-05,0.85623765,7.0705246e-05,5.3688185e-05,0.7034643,5.5726498e-05,4.397937e-05,0.00010788504,0.7632266,3.7940088e-05,0.0003434889,0.8125376,5.158812e-05,3.4997345e-05,0.8010042,0.0029888346,0.634394,0.99995637,0.000117571486,4.675472e-05,0.10963692,5.864979e-05,5.483648e-05,0.79551375,0.005681105,0.005207969,0.69713014,0.03661662,0.0304118,0.72991425,0.02907281,6.059735e-05,0.101974376,0.00013249906,6.759463e-05,0.72347546,0.00019066222,0.5132432,0.9630957,0.027616637,0.0062715546,0.032221835,2.9740198e-05,0.80829716,4.7434114e-05,9.6094904e-05,0.79015887,3.0341474e-05,0.61032236,0.118855804,1.8893556e-05,5.969623e-05,0.84356636,4.318544e-05,0.028565764,0.9711456,0.026151853,9.9858495e-05,1.1637269e-05,0.8111902,0.00018021125,0.00010456252,0.84577525,2.3702187e-05,0.6705677,0.8109902,2.0034473e-05,0.000114067116,0.07774521,0.026847048,0.004122437,0.9999747,0.031778548,0.02491507,0.9999466,0.020416277,0.004777904,0.08392539,5.11236e-05,5.5587065e-05,0.9999391,0.0015731181,0.8925594,0.80020785,0.026618153,5.0270315e-05,0.01997154,0.024862522,0.9998895,0.003923718,0.9006791,0.0810419,0.00016341826,0.03071141,0.9741805,0.035662714,4.7289945e-05,0.7215396,7.8119156e-05,0.030723058,0.028531265,0.9686415,4.40785e-05,0.9077624,0.7952946,0.021139022,0.0043309242,0.1964341,0.00016813396,0.031747855,0.74749935,0.035437092,0.0027993026,0.097862564,4.9551763e-05,8.856274e-05,0.99994314,0.004092749,0.9171555,0.78272,0.02829337,3.4798762e-05,0.0033828637,0.8953361,0.10557455,5.7425368e-05,0.029171659,0.96201694,0.029284362,0.000105449275,0.70357835,4.776448e-05,0.041783236,0.7702601,0.8080567,0.006092949,0.020336615,0.16723892,3.9459443e-05,7.882773e-05,0.81956315,0.07401937,0.0040844916,0.11132956,0.71230197,5.9731763e-05,0.08635775,0.62076056,8.1842096e-05,0.59643906,3.0661027e-05,0.22119693,0.000113771974,6.921008e-05,0.09581358,0.6046697,4.223078e-05,5.2511874e-05,0.10703415,6.362525e-05,3.2510165e-05,0.80999154,0.0046914313,0.9055681,0.82236886,0.0001846949,2.0963775e-05,0.0030112036,3.360243e-05,0.7945451,2.663272e-05,0.46802402,6.500684e-05,0.10590057,0.0051448313,0.034156837,0.0046893302
-0.624177996,-0.670083334,1.441739139,-1.159999585,-1.636331592,-1.616309144,1.377627421,1.721244372,1.545801244,-1.364640186,-1.668674295,-1.405314898,-0.488666075,-0.096773611,0.77962787,0.062602909,0.809633532,-0.607238561,-0.177023388,-1.082481333,-1.45324131,2.0954702e-05,1.2072737e-05,0.99977237,3.9170654e-08,2.4133033e-08,0.99997973,0.0009181962,0.0016923468,0.9999825,0.001603664,4.527715e-08,0.010248476,1.3826501e-05,3.9346378e-05,0.9999808,1.5232537e-08,0.990827,0.999212,0.0012775565,1.4476724e-07,3.564918e-05,9.648196e-08,0.04537026,2.896809e-08,2.228376e-08,0.028708993,6.523784e-07,3.562334e-08,0.020707205,0.0014431285,0.9947632,0.98291713,2.3158242e-05,1.07362965e-07,0.0742533,1.0961862e-07,4.1662332e-07,0.0636849,9.729638e-08,3.8945522e-08,8.2781256e-08,0.9988042,1.0871019e-07,7.9581724e-08,0.9992913,1.6029425e-07,8.223016e-08,0.999046,1.2916336e-05,0.06853891,0.9999999,8.183446e-08,1.5078226e-07,0.0064277006,8.596797e-08,4.9433208e-08,0.99893326,1.2091056e-05,7.8521225e-06,0.99983025,0.0019923304,0.0021134657,0.9998789,0.0012430779,2.6554852e-07,0.009935218,3.9629594e-08,1.2000322e-07,0.99979943,7.087007e-08,0.99555653,0.99819916,0.0022598945,1.734024e-05,0.0027636425,4.7042185e-08,0.99833566,9.187516e-08,7.925785e-08,0.99849105,4.7142676e-09,0.040687222,0.012512609,9.9143676e-08,1.03438985e-07,0.9992706,4.1128008e-08,0.0017726901,0.99791783,0.0014841866,2.0841094e-07,6.4120854e-08,0.9986964,7.713148e-08,8.75546e-08,0.99926263,5.6971125e-08,0.042065345,0.9992735,4.095625e-08,5.1590995e-08,0.009474255,0.0019294738,2.1753794e-05,0.9999999,0.0021012803,0.0022236535,0.9999999,0.001780065,1.7762519e-05,0.008228425,5.8022465e-08,3.3070613e-08,0.99999964,4.378027e-05,0.9926237,0.99898964,0.0017219662,8.4726096e-08,0.0014206689,0.002484032,1.0,2.1087611e-05,0.01684339,0.0042477,2.2334872e-07,0.002465316,0.99762696,0.0015691612,1.8819402e-07,0.99991715,1.4141992e-07,0.002564758,0.0012491299,0.9984855,3.4635566e-08,0.0147574,0.99877495,0.0021790597,1.4162999e-05,0.018003592,3.3806206e-08,0.0014798737,0.99915373,0.002670056,2.5660358e-05,0.008727343,1.5708957e-07,2.6794484e-07,0.99999976,2.706902e-05,0.9913537,0.99893516,0.0017206504,1.8089055e-07,1.4605998e-05,0.023389546,0.005018325,2.4557062e-08,0.0033027017,0.9983076,0.001745226,3.3423385e-07,0.9998449,1.3192849e-08,0.0014768688,0.06074875,0.999047,1.5009138e-05,0.0019210203,0.013163078,1.8376932e-07,4.4091774e-08,0.9992236,0.97887623,1.709826e-05,0.010586939,0.041643407,3.8082706e-07,0.0075750253,0.043542556,2.6035863e-08,0.078648336,3.1805516e-08,0.01688552,4.7974222e-08,2.2329972e-07,0.013484606,0.04115014,1.2189358e-07,6.7172316e-08,0.0069523854,1.9482921e-07,2.6072e-07,0.99891686,7.772754e-06,0.9930246,0.998533,1.4978488e-07,2.1610695e-07,3.3886616e-05,5.6564005e-08,0.9990753,1.4040613e-07,0.99139154,2.2705728e-07,0.0066086655,3.4631383e-05,0.001539347,4.0698964e-05
1.123287241,0.495494059,-0.602201806,1.129292554,1.400316227,1.404075659,-1.648316126,-1.828501807,-1.454915923,1.665411316,1.783573626,1.291662796,-1.001380775,-1.121405465,-0.67273247,-0.438042872,-0.369256765,-0.929504571,-0.423022703,0.405118587,-0.676736269,6.861778e-05,3.3749326e-05,0.9999269,2.936806e-10,9.387836e-10,0.999977,0.0010207337,0.00093989726,0.99994874,0.0010403591,2.410413e-09,0.0025498813,2.36628e-05,3.1189895e-05,0.9999498,6.094851e-10,0.99645376,0.9997296,0.00083725824,2.0652857e-09,5.2742278e-05,2.899443e-10,0.0044165077,3.454134e-09,1.0907688e-09,0.0045330278,4.061303e-09,1.0406978e-09,0.0037563844,0.0009522026,0.99910307,0.99525934,3.539606e-05,1.6980995e-09,0.031231236,1.3436737e-09,3.5273229e-09,0.0039799614,9.005389e-10,4.102298e-10,5.611349e-10,0.9995326,3.8674433e-09,1.4703566e-09,0.99966717,1.8623811e-09,1.0282301e-09,0.9995819,3.1228315e-05,0.015363011,1.0,1.7865506e-10,3.772626e-09,0.001020583,6.978191e-10,1.3007444e-09,0.9996964,4.4863427e-05,5.5198496e-05,0.99994886,0.00081419596,0.0013270424,0.9999145,0.0009319005,1.2753328e-09,0.0014365228,4.570739e-10,1.5884827e-09,0.99987125,9.0260416e-10,0.9980545,0.99905306,0.00062164845,3.486453e-05,0.0009489047,2.444073e-10,0.99937135,3.0901062e-09,1.5477128e-09,0.9995407,4.767798e-10,0.0049911565,0.001602629,1.4006043e-09,1.5450288e-09,0.99941385,1.5088237e-09,0.0008318642,0.9991173,0.000675925,1.5851745e-09,9.266663e-11,0.9995485,1.1162098e-09,1.5454827e-09,0.9996019,3.1173675e-09,0.0073799132,0.99953663,8.3768124e-11,8.2790974e-10,0.001381072,0.0006494484,1.6470069e-05,1.0,0.0007254871,0.00045017095,1.0,0.00064019253,3.785689e-05,0.0011852793,6.946002e-10,9.1017627e-10,1.0,3.088129e-05,0.99843234,0.999597,0.000725946,3.288879e-10,0.00051960367,0.00079740933,1.0,3.734606e-05,0.00419567,0.0013760914,2.6614866e-09,0.0007475156,0.999067,0.0007635771,8.937473e-10,0.99991035,1.4072182e-09,0.00044797536,0.00073450815,0.9992878,7.0393363e-10,0.007429523,0.99960893,0.0005948353,3.5418718e-05,0.014621495,2.3624662e-09,0.00096401013,0.99944955,0.0009244912,4.3192525e-05,0.0012451765,8.9327357e-10,3.057912e-09,1.0,7.885262e-05,0.9988405,0.99940205,0.0008353219,5.3644045e-10,4.2881842e-05,0.003775566,0.0010061953,5.0778315e-10,0.0005013613,0.9987356,0.00093250634,1.0945764e-09,0.99984443,2.1840398e-10,0.001004325,0.04488458,0.9996106,3.3749002e-05,0.00066207565,0.0020855027,3.1497611e-09,2.9053165e-10,0.9995946,0.99600166,1.9037796e-05,0.0011155965,0.049939677,8.6867065e-09,0.0012264627,0.0064574783,3.8802406e-09,0.0128794145,2.7060496e-10,0.02235913,2.8320776e-10,1.6867852e-09,0.0014552196,0.005737211,2.150681e-09,1.4743753e-09,0.0010016022,2.3057675e-10,3.2218658e-10,0.99938047,6.851604e-05,0.99845815,0.9994319,1.2856688e-09,1.8424613e-09,2.4863351e-05,1.8545334e-09,0.9996112,7.7731166e-10,0.9877708,2.8880798e-09,0.0011341652,0.00010922346,0.0008711294,2.5711137e-05
0.311964096,0.036702957,0.948788676,0.396252109,0.675771516,0.687310025,-0.320631949,-0.477642835,-0.71525656,0.362551916,0.536647404,0.824593989,0.784357007,0.207772736,-0.569114548,0.557809153,-1.184308525,0.608693066,0.115943826,-0.417754537,2.01576972,0.038173925,0.031419165,0.927067,3.6685167e-05,7.5775235e-05,0.95978695,0.8953817,0.90298504,0.95752144,0.90340096,5.4632972e-05,0.024013987,0.03556065,0.028931323,0.9640805,7.016248e-05,0.9763981,0.02103507,0.9098259,0.00019023567,0.04000368,0.00023963659,0.0012778984,4.535157e-05,0.00013284899,0.01005891,0.00013144627,8.070593e-05,0.0105901705,0.90620583,0.99699056,0.99092555,0.04040701,7.96778e-05,0.87237245,4.2191852e-05,5.4405715e-05,0.0013354054,1.828252e-05,0.00017731095,0.00012344836,0.017476251,0.00019527417,5.1149003e-05,0.018678842,5.091386e-05,5.730398e-05,0.017066292,0.03573186,0.018917091,0.99995804,3.1332784e-05,0.00015590177,0.0030294505,1.2066763e-05,7.993221e-05,0.022645116,0.04300391,0.039532453,0.9311395,0.9097506,0.9169985,0.9434955,0.8991313,0.00010220732,0.0029317162,2.6409572e-05,0.0002612085,0.9342542,6.807532e-05,0.9458583,0.08399209,0.9476229,0.03894462,0.948646,0.00010549453,0.017309226,0.00010501898,0.00011404406,0.019794377,4.697666e-05,0.0006792992,0.0036723972,0.00015426273,3.8780854e-05,0.01710373,6.98298e-05,0.93850225,0.085856676,0.93954253,0.00012087696,0.00011039979,0.018738108,9.7519645e-05,7.53524e-05,0.023401443,6.4249165e-05,0.00085287786,0.020140726,9.906881e-05,3.9992385e-05,0.0027836899,0.95836467,0.034357414,0.99990666,0.94082844,0.9482564,0.99990976,0.9422485,0.049674187,0.003797882,8.749715e-05,5.431914e-05,0.99991953,0.03888344,0.99525565,0.01842681,0.91276747,2.7790527e-05,0.94233775,0.94828147,0.99991584,0.045825206,0.011564334,0.003094225,0.00028643568,0.9417776,0.09492838,0.9448761,0.0002335156,0.9264994,0.0001894293,0.94621176,0.93916684,0.10606942,0.0002447286,0.00843861,0.022841673,0.9511502,0.031872287,0.8944359,6.2703744e-05,0.9090059,0.022688407,0.95135576,0.030604405,0.0037566398,5.8958325e-05,0.00045975117,0.99989843,0.04159005,0.99629277,0.02105161,0.91889286,5.987274e-05,0.04220414,0.010827653,0.003466639,8.243755e-05,0.9544036,0.09283951,0.9519636,0.0002068297,0.93586135,5.3920357e-05,0.8956174,0.90158486,0.025153158,0.0361378,0.9411167,0.023687331,5.4788394e-05,2.3902712e-05,0.018528624,0.99206585,0.040220805,0.003203727,0.8982958,0.00038241092,0.0037909893,0.000899635,3.7962887e-05,0.020538265,3.8459555e-05,0.83643186,4.097007e-05,4.8133756e-05,0.0034378178,0.000516446,7.7443e-05,8.306347e-05,0.003196671,7.436629e-05,0.00022441828,0.017934915,0.030933442,0.9965668,0.021154664,0.00013671997,8.7498156e-05,0.035527147,6.309506e-05,0.021967085,0.0001078549,0.045267314,8.810736e-05,0.0027927877,0.040092405,0.94992995,0.036563493
-0.012565163,-1.153673954,0.095142752,-0.556755456,-0.740652914,-0.744215348,0.474499208,0.809121867,1.070983215,-0.534288258,-0.901736264,-1.220626201,-0.43913357,-0.303829134,0.38307034,0.167469645,0.251038257,-0.607516814,0.947385715,1.644512875,-1.935836959,0.0121315485,0.015996397,0.9881931,2.8401886e-05,3.8858114e-05,0.9912513,0.7741838,0.78767335,0.99200153,0.76650614,3.9618935e-05,0.027702548,0.01423941,0.018644743,0.98493654,1.8190016e-05,0.9719059,0.21913543,0.7817284,0.00019248464,0.009673582,0.00018718869,0.009027145,3.2261854e-05,2.9624254e-05,0.013023481,5.2049858e-05,7.491406e-05,0.0091408705,0.7724905,0.99317837,0.987655,0.010624126,6.971935e-05,0.73910743,3.8156486e-05,4.600724e-05,0.010669807,8.8080105e-06,7.5318996e-05,0.00010083653,0.19487363,0.00024169161,1.9770312e-05,0.24511272,2.4363031e-05,2.389984e-05,0.20525075,0.0137781575,0.011054516,0.9999591,5.5498083e-05,0.00014596693,0.007594102,1.6893166e-05,6.405268e-05,0.19235878,0.012155692,0.006547355,0.98933804,0.7383589,0.776825,0.9876808,0.7809329,3.383143e-05,0.010124575,2.2482236e-05,0.00012271237,0.9815957,2.7154754e-05,0.9663559,0.23050657,0.7827736,0.00938854,0.7719231,4.7728325e-05,0.19524005,6.712091e-05,8.477433e-05,0.17304966,2.1258047e-05,0.0041651484,0.012574335,0.00022939972,2.1877664e-05,0.18662746,3.9767547e-05,0.7950414,0.24755222,0.7673735,9.397126e-05,0.00013814431,0.17947118,4.516469e-05,3.6466085e-05,0.21750957,3.845398e-05,0.0049146083,0.2200619,7.623155e-05,3.3862158e-05,0.010787116,0.825747,0.012727045,0.99993706,0.78291005,0.7662089,0.99992585,0.7799125,0.009321988,0.011507064,4.0625364e-05,2.9136936e-05,0.9998889,0.011520833,0.99260205,0.18847464,0.7745683,2.0931411e-05,0.78056186,0.77099717,0.99996555,0.011438088,0.008441715,0.0072839176,0.00020167763,0.811747,0.20848927,0.81486547,0.00029419718,0.9901273,0.0003954391,0.76853454,0.759054,0.2436817,0.0001681152,0.006533196,0.19919759,0.8092085,0.013567087,0.8315858,4.912811e-05,0.778156,0.18589243,0.78332365,0.015291722,0.009212042,3.3118675e-05,0.00024911042,0.99993575,0.011661668,0.99191135,0.21484564,0.76079196,8.212934e-05,0.011891578,0.009087433,0.008062034,6.181426e-05,0.7833748,0.22515602,0.81455815,0.00023119918,0.9865854,1.4574885e-05,0.75415164,0.74793416,0.20245902,0.010419696,0.79966116,0.02394646,3.7353544e-05,1.2020075e-05,0.17956871,0.9912491,0.013909434,0.0113126235,0.7267064,0.000581395,0.00881245,0.00410034,3.578481e-05,0.015585111,2.5761672e-05,0.8086155,4.0128314e-05,2.4821416e-05,0.008499686,0.0038846682,3.3681998e-05,0.000112002635,0.0097364355,6.599126e-05,0.00049135054,0.21296708,0.012022498,0.9913284,0.18088822,9.1208014e-05,4.1248335e-05,0.014787304,4.0103983e-05,0.21323429,6.607841e-05,0.20336011,8.398795e-05,0.011512587,0.016200546,0.7965433,0.016528951
-1.797476083,0.991484438,-2.129145923,-1.674643189,-0.644782443,-0.748154813,1.959929056,0.925117204,0.592148149,-1.641233961,-0.656729312,-0.210562861,2.203040097,1.801368481,0.218991224,0.981138998,-0.650470436,2.035214318,0.103999543,-0.295513386,-0.076723674,0.0031791409,0.0012982183,0.9819989,1.1370082e-06,3.0396216e-06,0.9974017,0.39485115,0.33170426,0.99531615,0.31937107,3.0530582e-06,0.006613902,0.003988863,0.002759341,0.9969217,1.2296193e-06,0.99687636,0.25387874,0.25077993,1.3634517e-05,0.002703956,6.3287484e-06,0.0049269316,2.858924e-06,6.2002823e-06,0.024558948,5.1961706e-06,2.375414e-06,0.022217233,0.3267813,0.9997385,0.937069,0.0046485174,5.496566e-06,0.6333668,3.8677663e-06,2.3286875e-06,0.004411081,1.5919251e-06,5.913611e-06,2.318092e-06,0.2722968,8.518671e-06,2.1847288e-06,0.27706078,2.1059461e-06,1.5674285e-06,0.24692316,0.003914359,0.050316762,0.9999944,3.6720767e-06,1.0694725e-05,0.00033287832,1.9416734e-06,4.824018e-06,0.3192036,0.0037114716,0.0022660897,0.98606306,0.31148434,0.40330243,0.97254634,0.33069918,2.502819e-06,0.0005094512,2.4138408e-06,6.376353e-06,0.9744238,7.380908e-06,0.9796728,0.66555524,0.3311782,0.003470707,0.36781833,1.1768747e-06,0.35076827,7.162417e-06,4.116877e-06,0.3056949,1.2932566e-06,0.01382323,0.0007097607,4.5660745e-06,2.8304362e-06,0.32986656,1.2510274e-06,0.33654606,0.65445167,0.37342817,1.1751748e-05,1.6678522e-06,0.3387176,8.525807e-06,3.7263833e-06,0.31031966,2.600143e-06,0.012891127,0.34793442,7.2257296e-07,2.5476838e-06,0.00046663184,0.38072264,0.0021372573,0.999997,0.41188928,0.39758936,0.9999987,0.37668163,0.0041208463,0.0010925157,4.0701752e-06,2.1367734e-06,0.9999956,0.0018580493,0.99935144,0.3638725,0.3059728,1.2091851e-06,0.3234171,0.37517083,0.999998,0.004666591,0.05680245,0.0003770262,1.27545045e-05,0.30396703,0.6901445,0.3801422,6.3880398e-06,0.98255676,5.681986e-06,0.42025733,0.37960947,0.60609597,3.766345e-06,0.08919642,0.34162474,0.332961,0.0023769194,0.39401293,3.7868922e-06,0.3168708,0.3969651,0.31832784,0.0030439703,0.0009610628,2.6194018e-06,1.7863647e-05,0.9999918,0.0021268446,0.9995927,0.2643567,0.32987005,2.773209e-06,0.0028936616,0.07395784,0.00044501264,3.055773e-06,0.42186272,0.6300578,0.4098918,7.648704e-06,0.98007166,5.932947e-07,0.38826054,0.7131587,0.29045293,0.0032247305,0.48065442,0.003442755,4.0416876e-06,1.1538588e-06,0.36166605,0.9749253,0.0020743832,0.0007497765,0.7473769,2.7243204e-05,0.00035187072,0.021595163,3.7673399e-06,0.045905292,1.1499875e-06,0.29290566,1.2498886e-06,2.9427695e-06,0.00058547297,0.015406791,3.209485e-06,4.2437136e-06,0.00059971306,4.5302218e-06,1.1704651e-05,0.27109006,0.0035717003,0.99927837,0.33616695,9.0033e-06,2.4438996e-06,0.0021282376,3.3926722e-06,0.32849982,2.867159e-06,0.41052046,5.994238e-06,0.0005787293,0.0022574854,0.4305915,0.002555804
0.249554623,-0.868479486,-1.443824548,-0.231399377,-0.559806176,-0.580764678,0.121822879,0.449352402,0.553520781,-0.137634954,-0.507142817,-0.642080844,0.063658931,0.470113548,0.563457015,-0.248272621,0.899832723,0.212601024,0.819319242,-2.173844159,-0.562981312,0.08919481,0.09075884,0.3806172,0.00012420912,0.0003142252,0.88457,0.549992,0.583898,0.91637814,0.6060287,9.253895e-05,0.10479334,0.10272256,0.0928812,0.90164244,0.00011332025,0.89784473,0.028705057,0.5720371,0.0010333182,0.08678466,0.0008810914,0.030044496,0.00016870197,0.00018530154,0.3780409,0.0001245177,0.00034723274,0.3289036,0.55979484,0.98922145,0.5613625,0.08968556,0.00021559597,0.9203342,0.00014525923,0.000100251775,0.030216629,4.2331096e-05,0.00039590322,0.0006604521,0.0311884,0.0005640634,0.0003398442,0.0360965,0.00010835465,8.779453e-05,0.020379655,0.09346012,0.10223455,0.99982077,0.00040512404,0.0003678523,0.010447369,8.749749e-05,0.00036781267,0.030527517,0.09598985,0.087820336,0.3916161,0.5907587,0.5890688,0.421243,0.61870056,9.760887e-05,0.0104472,0.00022911622,0.00045767592,0.35296285,0.00047477937,0.44733194,0.40307444,0.69760495,0.07873437,0.70089096,0.00011320155,0.027384833,0.00017166579,0.00023767697,0.021947261,0.0001175698,0.021317016,0.010682161,0.00035646564,0.00015800474,0.030376595,0.00016422663,0.72261035,0.3799453,0.67323965,0.0003886983,0.00031195546,0.031169875,0.00029347412,0.00019321943,0.028359666,8.261273e-05,0.030800698,0.041446794,0.00015183601,0.00017199118,0.006396738,0.73426163,0.11166166,0.99987507,0.7236045,0.6776678,0.9997372,0.66438115,0.084418885,0.012723541,0.00019371454,0.00013200422,0.999744,0.081217736,0.99100107,0.033396114,0.6076962,6.16973e-05,0.68574053,0.73809433,0.9998323,0.08030531,0.39124832,0.011279184,0.0014593633,0.73169035,0.42547712,0.69230783,0.0006166867,0.44431275,0.00087729935,0.66711867,0.68200773,0.41455516,0.0007382333,0.34319857,0.025677942,0.7370768,0.11071108,0.67934567,0.00032643828,0.5870235,0.028210266,0.7053296,0.09928137,0.009906357,9.29619e-05,0.0007976252,0.99980193,0.09753636,0.98877245,0.023090078,0.5993242,0.00035625126,0.08424595,0.39155197,0.011386223,0.00048625516,0.65380996,0.38837233,0.63118994,0.00077072054,0.38154307,8.871945e-05,0.5342777,0.90383905,0.029291656,0.09563598,0.6895576,0.10997868,0.00014433665,8.599056e-05,0.0264625,0.6589674,0.09800385,0.011282924,0.905856,0.0009852026,0.009649497,0.02680714,0.00020746865,0.115122095,7.348013e-05,0.59950984,0.00036077708,0.000108473025,0.010774917,0.032810383,0.00011720958,0.00020032228,0.008716772,0.00030251968,0.0014228799,0.031691264,0.09044742,0.98626846,0.027428823,0.00079136866,6.576266e-05,0.10135368,0.00017198938,0.035576396,0.0001629527,0.04474678,0.00024759828,0.010816847,0.10502396,0.7326126,0.108699955
-0.873815886,-1.488467461,1.201275498,-0.266762556,0.067812391,0.043660077,0.659035799,0.569747718,0.375543285,-0.727087299,-0.618922518,-0.407570524,1.128853343,0.450336659,-0.837766321,0.45334817,-1.371988988,1.070319525,-1.726566543,1.850335537,0.360430973,0.004660575,0.0044953446,0.98533106,3.9895633e-05,4.393477e-05,0.9953387,0.35697055,0.39833355,0.9958106,0.36312377,4.444509e-05,0.037541572,0.004533884,0.0054709995,0.9950152,2.5412497e-05,0.9637917,0.6216861,0.3876444,0.00016204009,0.004262776,0.00015691786,0.039370537,4.2246527e-05,3.6011643e-05,0.053784184,0.00010211652,6.6121465e-05,0.037773862,0.36363667,0.9789908,0.96893144,0.0050711804,8.9421956e-05,0.51291364,6.244072e-05,6.79429e-05,0.04512428,2.351646e-05,6.633854e-05,0.00010774069,0.58411366,0.00016704049,4.7286336e-05,0.64125746,4.1984586e-05,3.699549e-05,0.59530395,0.0044225147,0.032983955,0.9999554,8.819293e-05,0.00012874843,0.025352329,2.7740853e-05,5.6644996e-05,0.6204548,0.004578573,0.0028999173,0.98626626,0.3442832,0.4089296,0.98362654,0.3854396,7.8138815e-05,0.027286714,3.2872485e-05,0.000115285715,0.9855326,4.433063e-05,0.94528157,0.6084239,0.35413426,0.0044584787,0.34038344,5.4999044e-05,0.58695555,7.01388e-05,8.415158e-05,0.61000204,2.0105712e-05,0.023168428,0.027452217,0.00013658927,4.028494e-05,0.60090274,3.398629e-05,0.34874925,0.6012424,0.3759642,0.00014669962,9.7459684e-05,0.5915046,7.9814294e-05,5.545031e-05,0.6069058,4.7906437e-05,0.024115307,0.6244903,6.021239e-05,4.423228e-05,0.030117895,0.41986084,0.0050352537,0.99993134,0.37656718,0.39808622,0.9999249,0.32769546,0.0032485132,0.029330062,5.8253092e-05,4.1549283e-05,0.9998884,0.0048515345,0.9749537,0.6182736,0.36605912,4.4509557e-05,0.37230057,0.36236665,0.99992466,0.0038752768,0.03074781,0.020746712,0.00017752917,0.4126313,0.60979843,0.36802498,0.0001970495,0.9895216,0.00024445646,0.34587803,0.37170082,0.6099557,9.869202e-05,0.027956603,0.5878603,0.37084904,0.0039564706,0.48026863,5.768795e-05,0.35109395,0.6370171,0.3915974,0.0047960775,0.023798387,5.1462623e-05,0.00023183272,0.99990726,0.0058380705,0.97108275,0.6223625,0.40936917,8.819226e-05,0.0038296229,0.03399187,0.020641968,4.5132958e-05,0.3783186,0.61615443,0.35795194,0.00020713797,0.9890842,1.736672e-05,0.35150254,0.4544987,0.58485645,0.00457274,0.40274802,0.04120761,5.5313685e-05,2.8423266e-05,0.62871003,0.95451283,0.005729141,0.028955521,0.43724397,0.00033059556,0.02345536,0.023180954,3.4914974e-05,0.046299797,4.2422507e-05,0.482114,5.6960147e-05,4.570193e-05,0.025814418,0.024971478,5.973057e-05,8.235341e-05,0.027211675,9.506553e-05,0.00024999172,0.6072095,0.0037810057,0.9784557,0.60419345,0.000111236084,6.571539e-05,0.0049248515,4.6149085e-05,0.58215475,7.4671705e-05,0.51374644,0.00011818148,0.022791864,0.005033978,0.32062158,0.00579127
-0.748996941,1.859467603,-0.001042704,0.064413859,-0.217072642,-0.154300992,-0.109118679,-0.17693579,0.043718209,0.11659692,0.189759217,-0.058551716,-1.294036338,-0.530618121,0.631903117,-0.860164478,1.541141632,-1.037644899,0.963064841,-0.842843691,0.874888372,0.011160494,0.0059123356,0.98245496,1.3225524e-05,3.4402576e-05,0.9870925,0.85398436,0.87053585,0.9907386,0.856562,1.9241825e-05,0.07632772,0.008554637,0.008366306,0.9886847,2.1862188e-05,0.9078403,0.09426432,0.840047,8.0805505e-05,0.007286894,0.0001684827,0.10843219,2.010623e-05,3.879306e-05,0.13908802,2.1899166e-05,5.0012917e-05,0.13261788,0.8786517,0.9403979,0.98471385,0.012275721,1.6329546e-05,0.953723,1.1931017e-05,1.3498052e-05,0.09757146,5.9895865e-06,3.8315357e-05,6.794782e-05,0.10369692,5.9824055e-05,2.9627023e-05,0.09980475,1.0445092e-05,1.0903088e-05,0.12835431,0.009901924,0.061984137,0.99999106,5.5431963e-05,2.734096e-05,0.056957763,7.46868e-06,2.2278964e-05,0.11198935,0.010108349,0.011215355,0.9826413,0.84581894,0.84154683,0.983751,0.8605609,2.2147835e-05,0.047898397,1.8507377e-05,0.00013762852,0.98822844,2.350348e-05,0.9157887,0.16645128,0.89932483,0.011088817,0.8978314,2.9501614e-05,0.108380266,2.2914479e-05,6.327703e-05,0.09874637,1.2805951e-05,0.015283466,0.05299218,8.8475375e-05,1.3454511e-05,0.11528943,1.2873922e-05,0.8802236,0.13533214,0.9022098,6.8472145e-05,5.590443e-05,0.12233179,4.2006333e-05,1.7581688e-05,0.10419908,1.0014839e-05,0.013633905,0.11169922,2.5988962e-05,1.5058875e-05,0.06508231,0.89659864,0.0097708665,0.99997747,0.8851033,0.8753764,0.9999827,0.9192787,0.011024806,0.052540068,2.9470291e-05,2.1523378e-05,0.9999808,0.009567114,0.93190664,0.115299545,0.8413411,1.39702715e-05,0.8896797,0.88640946,0.9999473,0.0116685415,0.020206336,0.06295075,6.5250795e-05,0.89601374,0.1611432,0.9001817,0.00015949483,0.9870263,0.00019785436,0.8851486,0.8953727,0.13197939,6.947671e-05,0.025756381,0.11006756,0.88013,0.007131551,0.8997406,3.773125e-05,0.8367176,0.13212456,0.89202684,0.007931504,0.057714406,1.17903655e-05,0.00030559208,0.99997735,0.013514585,0.93739706,0.12495403,0.84378344,4.0952727e-05,0.0070951786,0.026821116,0.05905854,3.176306e-05,0.87909263,0.14903958,0.9031573,0.000116058705,0.9870495,1.2033862e-05,0.83325493,0.82942355,0.104686104,0.010968129,0.8643136,0.07564183,9.906918e-06,8.676461e-06,0.1282388,0.86090267,0.011730789,0.06200402,0.83197695,0.00017135525,0.06551241,0.012982369,1.128827e-05,0.06397082,1.1643951e-05,0.889173,3.0185023e-05,1.3560797e-05,0.07695579,0.009545739,2.8186056e-05,2.9566962e-05,0.05346861,4.91171e-05,0.00021203025,0.1007169,0.008236558,0.9433442,0.12319525,6.4770094e-05,1.7462111e-05,0.00652589,1.1914246e-05,0.10558873,2.6883561e-05,0.07062628,3.3222084e-05,0.057528015,0.007741155,0.86149776,0.008921109
0.998468296,0.396295983,-0.481969985,-0.445751415,-0.022504346,-0.025126619,0.079118231,-0.200992553,-0.105703492,-0.08461508,0.228061194,0.126727246,0.181590993,-0.456893669,0.234560983,1.639406375,-1.383841783,-0.698724458,0.698542666,0.367288999,-1.211485559,0.0067229928,0.0052293204,0.98006195,7.394003e-05,8.301294e-05,0.9904152,0.4680995,0.51660067,0.9909984,0.5145148,8.641291e-05,0.10361881,0.008716055,0.0054489826,0.9908646,6.917947e-05,0.87404734,0.50936276,0.50912017,0.00017725398,0.007697191,0.00032271576,0.33800724,9.972394e-05,0.00011438124,0.29366156,0.00010505804,0.00014821335,0.30304956,0.5769372,0.858299,0.8945489,0.011197908,6.043185e-05,0.88307476,5.930608e-05,6.86399e-05,0.31937188,3.3275286e-05,9.139624e-05,0.00015800234,0.46687925,0.000106689295,0.0001909058,0.50492674,5.5862332e-05,4.9051992e-05,0.57698756,0.0066037085,0.15741865,0.99996054,0.000120913384,5.390858e-05,0.12656735,3.1398376e-05,8.7868735e-05,0.5008017,0.009948937,0.008941867,0.97761256,0.52714694,0.4741281,0.9771872,0.48132837,8.0610946e-05,0.113235585,8.683551e-05,0.0002676841,0.9844416,8.5342435e-05,0.91494346,0.494684,0.50175434,0.008209313,0.5468134,8.893163e-05,0.5310107,0.00010254109,0.00022195687,0.53730136,5.2815558e-05,0.10035861,0.1267308,0.00012417325,6.0454495e-05,0.57981735,6.081247e-05,0.47393587,0.47874045,0.48542184,0.00014912401,6.760101e-05,0.5061778,0.00018346887,8.322426e-05,0.52727175,4.9152055e-05,0.107582085,0.4968668,5.2173047e-05,8.630931e-05,0.12154828,0.5138615,0.007964594,0.99994636,0.553351,0.48701215,0.99993813,0.5290094,0.0122012,0.13746251,9.452993e-05,8.8269495e-05,0.99991524,0.0048720483,0.8634522,0.54790175,0.53680897,5.6794226e-05,0.47885245,0.44498405,0.99979764,0.010796717,0.10375867,0.114867374,0.00016638049,0.5025988,0.49700773,0.49146405,0.00023190191,0.9784969,0.00034790506,0.53238493,0.5027854,0.44630596,0.0001255119,0.13735968,0.52413386,0.48492247,0.007922868,0.70260066,0.00015266014,0.52022934,0.48975477,0.5083767,0.005161053,0.1302821,4.9336937e-05,0.0003619867,0.99992526,0.010351979,0.87868637,0.5304618,0.50469816,9.225797e-05,0.0068486114,0.11980731,0.127484,9.3999675e-05,0.4858529,0.44113857,0.4781568,0.000171618,0.979458,5.9811504e-05,0.5139607,0.7312516,0.51807785,0.009379515,0.45167473,0.10351382,4.7113226e-05,5.2741274e-05,0.5649628,0.71604073,0.010231711,0.11722411,0.72414505,0.00022793743,0.14221512,0.097216226,7.0332964e-05,0.1938684,5.3411095e-05,0.7275104,0.00012956806,6.484568e-05,0.12792674,0.08918397,9.8143006e-05,0.00010362708,0.12255177,0.00015080879,0.00022374508,0.5042007,0.007486124,0.8790875,0.5617559,0.00014116697,7.3122865e-05,0.0062865973,4.5611716e-05,0.5233475,6.7274064e-05,0.2860121,0.00010658821,0.14625527,0.008518046,0.46173543,0.0076002493
1.273069976,0.036702957,-0.481969985,-1.014987896,-1.162045866,-1.250642321,0.424244101,0.659988217,0.654155774,-0.439602143,-0.69669256,-0.687840659,1.280529905,1.782593472,1.548695683,0.582872225,1.238146638,1.175986518,-1.15556826,-0.510715483,0.411357923,0.000116176736,0.00010399434,0.99130553,5.481608e-07,1.8306316e-07,0.9998902,0.005041229,0.005162,0.99991584,0.0061431993,5.1812776e-07,0.046628226,5.4160246e-05,8.825771e-05,0.99993813,4.842354e-07,0.9568146,0.9898044,0.00534976,1.1106398e-06,0.00013364793,8.632747e-07,0.20831282,4.0412914e-07,2.3241031e-07,0.28320548,2.9213115e-06,5.069799e-07,0.24865158,0.004939745,0.9448763,0.8326197,6.950878e-05,1.0570516e-06,0.12515049,6.4858e-07,1.7396305e-06,0.19279133,9.95576e-07,3.9941673e-07,8.802878e-07,0.98974824,6.690858e-07,1.4118804e-06,0.98668,8.9368143e-07,1.088317e-06,0.9880676,5.8986447e-05,0.10694793,0.99999917,7.1301355e-07,6.454516e-07,0.05120042,5.032592e-07,2.5574911e-07,0.9875107,7.3239615e-05,6.10794e-05,0.9900096,0.0076874658,0.004824854,0.9915631,0.0050829733,1.9072913e-06,0.05385918,3.618437e-07,1.3686371e-06,0.9919478,5.8295683e-07,0.89451796,0.9954443,0.005653372,0.00012313083,0.0054949964,4.6065048e-07,0.9871631,6.2738434e-07,1.0993998e-06,0.98789024,6.965551e-08,0.10328262,0.06438086,6.36227e-07,9.4474785e-07,0.99017197,3.282916e-07,0.00608722,0.9942298,0.005946958,2.0753184e-06,5.6988563e-07,0.98784804,9.506495e-07,8.9577884e-07,0.98754054,5.7654336e-07,0.13082132,0.98948544,6.5795916e-07,7.805831e-07,0.042674776,0.0045826915,8.534992e-05,0.9999995,0.004584845,0.004844936,0.99999917,0.006047112,7.500456e-05,0.046962153,4.906663e-07,4.0800165e-07,0.99999833,0.000111195994,0.9465582,0.9863273,0.0051929783,9.207301e-07,0.004776616,0.006986598,0.99999917,6.364801e-05,0.18232955,0.054441452,1.8002025e-06,0.0062998557,0.9948443,0.005607821,1.3203493e-06,0.99222,1.3035365e-06,0.0050820066,0.0044994047,0.995295,5.219545e-07,0.16232027,0.99084985,0.0060506044,6.5112436e-05,0.034177493,5.24699e-07,0.006563624,0.98819155,0.0051174466,6.536564e-05,0.060771618,1.6418192e-06,1.4357262e-06,0.9999993,0.00014141406,0.9427458,0.985437,0.005821701,7.615816e-07,7.764191e-05,0.143229,0.056672443,3.105474e-07,0.004924931,0.99529207,0.0052108876,2.3278128e-06,0.99014986,4.184554e-07,0.007409559,0.071001425,0.9913189,8.803572e-05,0.0046799784,0.049854632,1.1646233e-06,4.997734e-07,0.99313354,0.7235259,5.1241084e-05,0.06917809,0.07225722,1.5638867e-06,0.051114596,0.11088055,2.2442377e-07,0.07593877,3.16065e-07,0.034596425,8.3310607e-07,1.4988192e-06,0.05137562,0.12089029,7.211329e-07,4.129788e-07,0.057727344,1.0889213e-06,1.1145487e-06,0.98920363,4.5488356e-05,0.93748415,0.9896778,1.2471963e-06,1.3137401e-06,0.00012238073,3.6426698e-07,0.9887368,6.080342e-07,0.9338028,1.6152926e-06,0.06011997,9.853e-05,0.0057948623,0.00010880038
0.137217572,-1.550466258,-0.241506345,0.529998132,-0.222465525,-0.234183759,-0.180892576,0.719784308,0.504930509,0.197167394,-0.717439893,-0.470174817,-0.070297491,0.170563507,-0.126082778,-0.660881331,0.521849321,0.285075465,0.299699881,0.451022323,0.07302894,0.016335951,0.017094208,0.96317035,3.4132616e-05,6.106514e-05,0.98059386,0.9325898,0.94761306,0.98771334,0.9457375,3.239368e-05,0.021917032,0.016746564,0.017517122,0.9832055,3.088005e-05,0.9792102,0.033606384,0.94327575,0.00030969092,0.013620291,0.00034325256,0.012665945,4.4405395e-05,4.280752e-05,0.04051237,2.7754508e-05,0.00017411,0.033538934,0.93316424,0.9938659,0.95026,0.014011008,6.5887696e-05,0.9578946,2.8786204e-05,2.4254956e-05,0.016590804,5.920258e-06,0.00015630171,0.00023088505,0.031778693,0.00035574473,2.8513208e-05,0.029805593,1.9450172e-05,1.7385644e-05,0.026570423,0.01445427,0.015771832,0.9999682,7.504963e-05,0.00012742715,0.0060434677,1.34769325e-05,7.3813295e-05,0.022837836,0.018006228,0.01614991,0.965411,0.9457029,0.9322688,0.96409667,0.9469787,2.5559393e-05,0.008459646,3.1840395e-05,0.0001839706,0.96172357,3.051957e-05,0.94827086,0.0660391,0.9479415,0.0146772405,0.9350288,5.3362834e-05,0.029566435,6.15329e-05,9.200538e-05,0.022647625,2.57716e-05,0.009274066,0.008499401,0.00022509311,1.9174651e-05,0.029495716,5.1973275e-05,0.94970924,0.05448894,0.9541317,0.00010952174,0.0002247007,0.028277608,5.584843e-05,4.5358793e-05,0.024128422,3.1842184e-05,0.008861708,0.043007135,9.6838354e-05,3.9093688e-05,0.0060191466,0.9317827,0.019257328,0.9999639,0.9506977,0.9400116,0.9999175,0.9410544,0.01613316,0.009132298,4.235912e-05,3.2103977e-05,0.99991035,0.013747441,0.9937928,0.022887558,0.9446485,1.6212887e-05,0.93560046,0.9520644,0.99995697,0.012458596,0.03718174,0.008531801,0.00045624413,0.9569098,0.055141572,0.95206743,0.00037446132,0.9639581,0.0005725518,0.9476882,0.9357227,0.059494425,0.00027892465,0.02890313,0.030993162,0.9468065,0.017648777,0.9207314,9.970616e-05,0.95324105,0.025082313,0.94899756,0.015322159,0.0056618247,2.109071e-05,0.00043572855,0.99993527,0.020252345,0.9931039,0.02048005,0.9477489,9.990517e-05,0.013168467,0.03127948,0.007638464,9.48531e-05,0.9342844,0.046505295,0.9397243,0.000252663,0.95643353,1.7272028e-05,0.9478074,0.96424186,0.027604679,0.015797611,0.9358079,0.018690808,2.350635e-05,1.3371494e-05,0.02697385,0.97123057,0.014725182,0.007528702,0.9689608,0.00071744225,0.008489119,0.007185139,3.0595307e-05,0.02267743,1.8870469e-05,0.9018358,7.1764596e-05,1.7486409e-05,0.007252354,0.0079828305,2.9222727e-05,8.806284e-05,0.006478742,6.9343994e-05,0.000691102,0.028278282,0.021251906,0.991366,0.034035403,0.00013419091,2.5960253e-05,0.015218806,3.619122e-05,0.03112015,6.078684e-05,0.041822884,8.807393e-05,0.008244098,0.017533805,0.9441565,0.017698813
-1.073526199,0.644291173,-0.481969985,-1.555127152,-1.34821205,-1.375901149,1.60812923,1.341515315,1.489061561,-1.738174176,-1.428342157,-1.58857382,0.9308946,0.757638161,0.679892675,1.086918135,-0.282613159,0.486187011,-1.138631621,-0.872641521,-1.396475081,0.00021057985,0.00013707046,0.99943024,9.671559e-08,1.3818241e-07,0.9998821,0.0633429,0.072314255,0.9997873,0.061372362,2.3588616e-07,0.00519054,0.00015563234,0.00025581708,0.99981195,4.871642e-08,0.99634737,0.94932145,0.06676555,6.4717926e-07,0.00021218233,4.5020275e-07,0.0019986788,1.3570967e-07,9.513192e-08,0.0024605633,1.19425e-06,1.1628449e-07,0.0017346175,0.0701453,0.99918216,0.99730265,0.0001534532,4.255099e-07,0.08776213,3.221658e-07,5.067788e-07,0.004424694,1.393536e-07,1.5590084e-07,1.6711783e-07,0.9408464,9.03621e-07,1.102729e-07,0.93966687,2.9999757e-07,1.958738e-07,0.945555,0.00017772225,0.0072250986,0.99999964,2.6636621e-07,6.441449e-07,0.0013102008,1.249937e-07,1.7910224e-07,0.941352,0.00011876906,4.731895e-05,0.9992719,0.065510996,0.094881766,0.99925226,0.06376357,5.4563964e-07,0.0015595515,5.4700777e-08,6.698705e-07,0.9991167,2.0558588e-07,0.99547887,0.92828923,0.07500901,0.00017547331,0.083712935,1.5005682e-07,0.94024426,5.001005e-07,3.5563775e-07,0.94353783,2.6323528e-08,0.0020552648,0.0028280092,8.759975e-07,1.9919719e-07,0.9400475,7.206827e-08,0.069488876,0.9246705,0.06442186,9.411696e-07,2.3123417e-07,0.9394229,3.1403994e-07,2.1495772e-07,0.9526187,2.447659e-07,0.0030589525,0.9415385,1.12980565e-07,1.3870049e-07,0.002102174,0.09102,0.0001327211,0.99999964,0.06952251,0.07340305,0.99999976,0.07893691,0.00013181102,0.0023399666,1.70695e-07,1.2380036e-07,0.9999993,0.00024044196,0.99848735,0.95094985,0.067009926,1.2748342e-07,0.07289546,0.07242543,0.9999999,0.00023103479,0.0022027348,0.0010303878,8.733649e-07,0.07117668,0.92341137,0.067257024,1.1884489e-06,0.9995871,6.7541026e-07,0.083335534,0.060607504,0.927002,3.6932576e-07,0.0022560337,0.94219404,0.079113215,0.00011730719,0.11686432,1.2019632e-07,0.060947258,0.95073134,0.06986344,0.00018700173,0.0020561023,3.307497e-07,1.2981769e-06,0.9999994,0.00022136468,0.9983041,0.95024586,0.07070176,3.4374196e-07,0.0001747773,0.0026046988,0.0010447183,1.1423083e-07,0.07626926,0.9354365,0.07262863,8.805531e-07,0.9993168,4.0213685e-08,0.06571531,0.07229796,0.95077187,0.00012875519,0.089666545,0.0043271114,4.871828e-07,9.368937e-08,0.9404444,0.99789584,0.00015643575,0.002274257,0.06351232,2.8041466e-06,0.0010034336,0.002894735,1.2409222e-07,0.006414087,1.2177517e-07,0.10733477,1.05898025e-07,3.8051124e-07,0.0018901592,0.003118969,3.261204e-07,2.3567256e-07,0.0016744543,4.5750525e-07,1.5528846e-06,0.93931425,0.00010059873,0.9979867,0.93203557,4.2854225e-07,6.057464e-07,0.00022039715,2.9623004e-07,0.95359874,4.415321e-07,0.91628444,5.452297e-07,0.0016189774,0.00024514244,0.076214686,0.0003428217
-0.124902214,-0.062495119,0.239420936,1.355888394,1.431875423,1.424233775,-1.201805103,-1.225779509,-1.427156647,1.277718778,1.300065982,1.521447431,-0.526451608,-0.964052198,-1.595511444,-0.823028932,-1.017038011,-0.159125651,0.306503619,-1.081090664,-0.606010572,4.5512003e-05,2.8115077e-05,0.99996185,2.6015784e-10,7.38351e-10,0.9999908,7.37869e-05,6.159272e-05,0.9999734,7.4554526e-05,3.3390548e-09,0.0075181345,1.2208523e-05,1.6862568e-05,0.99997246,6.442924e-10,0.9897686,0.99999106,4.568633e-05,1.087885e-09,4.092009e-05,1.7252018e-10,0.009459266,3.8009755e-09,1.0086404e-09,0.0066073188,7.835521e-09,8.032308e-10,0.0061028847,7.247738e-05,0.99639493,0.9947062,1.8594985e-05,2.4915188e-09,0.01332111,2.3284674e-09,8.568834e-09,0.0073008705,1.7677997e-09,2.8601754e-10,5.1274474e-10,0.99997544,3.3222263e-09,2.2492217e-09,0.99998546,2.9899483e-09,1.7555822e-09,0.99997056,2.3870318e-05,0.019004254,1.0,1.4510873e-10,4.6486925e-09,0.004511272,8.4010415e-10,1.0958612e-09,0.9999852,2.60503e-05,2.8351933e-05,0.99997294,4.8454618e-05,9.659625e-05,0.99994946,5.816622e-05,2.7976057e-09,0.0048404047,5.739457e-10,9.643459e-10,0.99991715,1.1416472e-09,0.9944746,0.999918,4.0387145e-05,1.8458533e-05,5.8470756e-05,2.9183903e-10,0.9999583,4.0909702e-09,1.4462196e-09,0.999967,4.7888604e-10,0.0073111653,0.005510165,9.965453e-10,2.1287527e-09,0.9999651,2.2071949e-09,5.8775935e-05,0.99993396,4.267806e-05,1.6236297e-09,4.1616238e-11,0.99997354,8.774074e-10,1.6909182e-09,0.9999831,4.838764e-09,0.011428414,0.9999784,8.7462995e-11,1.3773576e-09,0.005166584,5.434526e-05,1.0229927e-05,1.0,3.3881377e-05,2.2645127e-05,1.0,3.2625885e-05,1.3676894e-05,0.004279391,7.8169926e-10,1.2289836e-09,1.0,1.7675058e-05,0.9950296,0.99998415,5.0521805e-05,4.71058e-10,2.9583965e-05,5.677744e-05,1.0,1.8591421e-05,0.005177539,0.0051190886,2.0152013e-09,6.061544e-05,0.9999331,5.580818e-05,5.173402e-10,0.9999614,1.2034052e-09,1.8187606e-05,4.2227195e-05,0.9999566,4.0585593e-10,0.005971068,0.99998236,3.6326037e-05,2.5390065e-05,0.0041339565,2.4148306e-09,6.7399604e-05,0.99996066,6.356049e-05,2.8637909e-05,0.0050787595,1.4074089e-09,1.9727062e-09,1.0,5.117584e-05,0.99598515,0.9999659,6.012907e-05,3.7691505e-10,2.4884936e-05,0.0045545786,0.003846744,4.659804e-10,2.8087392e-05,0.99987924,5.8332913e-05,8.184984e-10,0.99990857,2.8605462e-10,6.972673e-05,0.011483126,0.99997294,1.3555844e-05,5.065723e-05,0.008089834,6.7139623e-09,4.973732e-10,0.9999739,0.9939872,1.3965569e-05,0.0044870107,0.012701499,7.2193567e-09,0.0047289417,0.010360576,6.601116e-09,0.015119803,2.8516725e-10,0.008482436,3.30702e-10,2.5819984e-09,0.004791837,0.009031112,3.3561602e-09,1.5931281e-09,0.003966863,1.8774456e-10,1.5123179e-10,0.9999727,4.716006e-05,0.9939948,0.99995935,1.051061e-09,2.9350604e-09,1.726284e-05,2.181784e-09,0.9999796,5.4566196e-10,0.99572706,3.825187e-09,0.0043202513,6.580255e-05,4.880274e-05,2.0726067e-05
0.124735677,0.160700552,0.840580038,-2.732953872,-2.349708706,-2.440028074,2.247225324,1.937120469,1.837527505,-1.799788604,-1.598900847,-1.383582734,2.027237917,2.478397764,2.275266473,1.468692237,1.204977152,1.5582159,0.199411451,0.978342515,1.263667134,7.670076e-06,1.7486876e-06,0.99986506,1.8520447e-09,2.0218347e-09,0.9999939,0.013299256,0.016457452,0.99999154,0.013704152,2.3802416e-09,0.0009928908,2.794557e-06,8.023815e-06,0.99999475,7.390259e-10,0.9992749,0.9856754,0.011966791,1.7772331e-08,7.0298756e-06,1.0120114e-08,0.0034292159,2.184724e-09,2.33024e-09,0.0050218743,2.3086082e-08,2.153505e-09,0.003626617,0.014678337,0.9997167,0.9959705,7.992572e-06,7.3848097e-09,0.08706893,7.527116e-09,1.0418542e-08,0.008312602,4.3876565e-09,3.416035e-09,3.9683123e-09,0.9853087,1.4682834e-08,3.1117355e-09,0.9850175,6.4428534e-09,2.707011e-09,0.99012274,4.3836035e-06,0.017405478,1.0,6.649109e-09,9.784869e-09,0.00045620976,3.3213838e-09,1.5416024e-09,0.989051,3.3836575e-06,2.2762931e-06,0.9998454,0.016495569,0.016925145,0.99987507,0.014873602,1.2008514e-08,0.0005943185,1.1956057e-09,1.2572507e-08,0.9998667,5.0320463e-09,0.9988397,0.9812215,0.014232223,6.9798475e-06,0.01907253,1.8886883e-09,0.9844109,9.798727e-09,6.1434178e-09,0.98702973,2.3576846e-10,0.010151587,0.0009076539,1.00721635e-08,6.1493735e-09,0.99049723,1.1672682e-09,0.011627216,0.98157275,0.01360278,2.2422835e-08,2.5857394e-09,0.9892804,1.1731388e-08,7.988798e-09,0.9895699,3.2180414e-09,0.0075309044,0.9873728,1.0076001e-09,2.7956375e-09,0.00075041334,0.013018897,4.009275e-06,1.0,0.015268152,0.016341692,1.0,0.016419204,4.803319e-06,0.0007722056,2.8138207e-09,1.4989764e-09,1.0,7.0446404e-06,0.9990773,0.98679745,0.01596557,2.617936e-09,0.011830288,0.01608012,1.0,4.874295e-06,0.005652273,0.00041817117,1.8047867e-08,0.0130802,0.9814454,0.009930725,2.2538607e-08,0.9999287,8.871529e-09,0.018484173,0.015707277,0.98400104,4.447199e-09,0.008394282,0.9898919,0.012781274,2.822654e-06,0.026032126,3.6055479e-09,0.013089177,0.99235266,0.015789036,4.834717e-06,0.0008563044,9.3688985e-09,4.059337e-08,1.0,9.214748e-06,0.9992077,0.9876095,0.019183869,7.840335e-09,3.3059562e-06,0.0075287414,0.00030823227,1.2955375e-09,0.014813412,0.9799601,0.01644182,2.6052357e-08,0.9998896,4.70521e-10,0.012359833,0.08839765,0.99002355,4.468417e-06,0.01651499,0.00087462517,7.666241e-09,2.3036675e-09,0.9905167,0.9953779,3.1433765e-06,0.0007300917,0.088059075,4.8730815e-08,0.00037414805,0.007225047,1.1962717e-09,0.011762137,1.3718254e-09,0.034589447,1.4888071e-09,9.184148e-09,0.0011917482,0.012273594,8.443391e-09,2.3064108e-09,0.0005054274,9.433739e-09,2.3572463e-08,0.9844558,2.3687135e-06,0.99935144,0.98821414,1.310422e-08,1.301666e-08,4.2184943e-06,4.9589763e-09,0.98802245,9.006253e-09,0.98035896,1.26995445e-08,0.00032788675,8.795479e-06,0.01322266,8.767006e-06
-0.873815886,-0.372489106,-0.962897266,0.612360312,0.576497432,0.649441059,-0.539623173,-0.510415564,-0.293968589,0.537297105,0.503309782,0.256180996,-1.832655352,-2.10587139,-1.141344249,-0.583802592,-0.793467559,-1.822240792,1.584117919,1.014472894,-1.168956852,0.0009875783,0.0006099941,0.9913674,1.1135734e-06,1.3463447e-06,0.9986902,0.0074427207,0.00930018,0.99917394,0.005506004,3.4985646e-06,0.05518878,0.0011897361,0.00087717525,0.9988312,1.1744775e-06,0.9429275,0.99319977,0.005443417,2.9119324e-06,0.0008595466,1.7902382e-06,0.4844069,4.6910213e-06,2.1712756e-06,0.532892,2.8826e-06,2.2935205e-06,0.5967943,0.0077401767,0.9389152,0.5540558,0.0017144824,1.1860373e-06,0.7091452,2.6092696e-06,2.818931e-06,0.56534135,1.4069595e-06,7.385087e-07,2.091689e-06,0.9916186,1.1199807e-06,5.0079293e-06,0.9897412,2.1440608e-06,8.953441e-07,0.99334526,0.0007691116,0.3532266,0.9999987,2.1602957e-06,1.8053138e-06,0.056697596,2.317369e-06,2.6926355e-06,0.99250895,0.0012472146,0.0014261799,0.9923012,0.006686235,0.0059472,0.9931967,0.0055749663,1.7923225e-06,0.058014087,3.886572e-06,1.702531e-06,0.99412364,3.1251673e-06,0.9326544,0.9909197,0.00878279,0.0011889356,0.0061247637,7.3812913e-07,0.9918662,1.9176582e-06,2.6434782e-06,0.99007505,1.4402476e-06,0.4207356,0.066658415,8.0558425e-07,2.0108807e-06,0.9921995,1.4804931e-06,0.0060000145,0.99060374,0.006625208,2.784294e-06,2.572376e-07,0.9908097,4.5173997e-06,2.04389e-06,0.99393445,8.919811e-07,0.37600994,0.9889009,3.591004e-07,1.6315518e-06,0.069308415,0.0073317094,0.0008486996,0.9999988,0.0073494995,0.005888165,0.99999905,0.0051808385,0.0012179682,0.07161111,1.9318784e-06,2.0090138e-06,0.99999857,0.0004266536,0.9207211,0.99163,0.0069624735,1.3018542e-06,0.0038340788,0.0058874423,0.9999982,0.0009875491,0.3896933,0.060295187,2.7551225e-06,0.0064234664,0.9938259,0.008383136,1.0622216e-06,0.99403715,2.601113e-06,0.00774841,0.0067246067,0.9939884,7.716678e-07,0.49993443,0.9913673,0.005734568,0.00070905115,0.18032235,5.875497e-06,0.008414657,0.98956096,0.0071237856,0.0008868694,0.05313711,1.1922767e-06,3.7485106e-06,0.9999974,0.0011795537,0.9337616,0.99377924,0.0056952257,8.988218e-07,0.0007503676,0.47279516,0.05044686,1.103528e-06,0.006321319,0.99073166,0.009093864,2.5254913e-06,0.99262553,1.1024089e-06,0.0083812345,0.5768328,0.9925368,0.0011631432,0.006495485,0.061505616,1.4686217e-06,1.8151505e-06,0.9908441,0.4000088,0.00095914997,0.063562244,0.5243946,2.9812313e-06,0.05568337,0.46735156,3.5621554e-06,0.42779568,6.964209e-07,0.16263025,1.5983509e-06,1.6359674e-06,0.06407195,0.39008266,1.736554e-06,1.9649283e-06,0.06843911,8.796534e-07,8.278992e-07,0.99115527,0.0013020489,0.9414531,0.99126196,3.581172e-06,1.3030566e-06,0.0005359833,9.838129e-07,0.9904089,1.0251629e-06,0.8419832,2.3044324e-06,0.04702406,0.0011412259,0.0061539165,0.0008316161
0.374373568,0.495494059,-1.203360907,0.176340931,-0.091851972,-0.083333674,-0.277560045,-0.123286912,-0.047229622,0.299582207,0.125467094,0.035925613,-0.507631318,0.16061159,0.678102614,-0.650712227,1.414874841,-0.23288032,-0.051965307,1.033406102,0.59647878,0.0044006165,0.0035959238,0.95165086,1.0425168e-05,1.5463347e-05,0.99244493,0.05816129,0.05915362,0.9934034,0.050736442,1.9607054e-05,0.2684044,0.0046674637,0.003921985,0.99436104,1.413167e-05,0.5555334,0.8846369,0.052657306,3.185154e-05,0.00558461,2.8710538e-05,0.83800226,3.2727537e-05,2.5774229e-05,0.803203,9.5741825e-06,3.910003e-05,0.8564304,0.048403244,0.5955423,0.75009364,0.005971866,6.651973e-06,0.92867756,7.871722e-06,1.3298346e-05,0.837678,8.698292e-06,8.940515e-06,1.8882098e-05,0.8731032,1.3188769e-05,5.120445e-05,0.8872829,1.2907384e-05,5.698357e-06,0.9143698,0.003983687,0.34804228,0.9999902,4.0266583e-05,1.024083e-05,0.35557973,1.1242526e-05,1.6416814e-05,0.88976866,0.006623429,0.0072526904,0.9540341,0.06913329,0.04897734,0.9507192,0.0594279,1.3617832e-05,0.38096428,2.2439439e-05,3.6144174e-05,0.96561694,2.1357331e-05,0.6432074,0.9413965,0.07050426,0.0081466185,0.09398094,9.030783e-06,0.87571365,1.2211737e-05,3.9182407e-05,0.8842505,9.14168e-06,0.30587444,0.42559224,1.2255464e-05,1.1300226e-05,0.922587,1.3645547e-05,0.08829864,0.9449538,0.06777529,3.159958e-05,5.0163944e-06,0.87585026,4.002459e-05,1.7912316e-05,0.89947516,5.301071e-06,0.29186895,0.88796926,4.68445e-06,1.1737312e-05,0.34673813,0.05882984,0.0045552794,0.99999404,0.0839852,0.07231402,0.99998987,0.06549608,0.0068601966,0.37777358,1.4626656e-05,2.1821364e-05,0.9999857,0.0027143992,0.55552334,0.89585847,0.04848973,1.2671433e-05,0.05293687,0.060879253,0.9999671,0.0060920278,0.25893104,0.3654448,2.710159e-05,0.06814194,0.9421453,0.07773851,2.8662362e-05,0.9623816,4.941515e-05,0.088957034,0.068447836,0.9569003,1.8825658e-05,0.3823136,0.8871721,0.058365297,0.005090449,0.6324327,4.6398145e-05,0.05888644,0.8590283,0.083893515,0.0035690623,0.3977273,5.838927e-06,5.2883344e-05,0.9999862,0.007174837,0.65437645,0.89308393,0.055320222,1.5754411e-05,0.0035597696,0.2591137,0.35453668,1.6973408e-05,0.059103593,0.9392596,0.09389606,2.8113653e-05,0.9591103,9.874518e-06,0.08316589,0.53697926,0.9028032,0.0067556906,0.050160766,0.30475718,6.1104583e-06,1.3597588e-05,0.90565336,0.13043015,0.004670471,0.3674484,0.5184419,2.9670085e-05,0.3696039,0.23748487,1.3305577e-05,0.37558782,8.735842e-06,0.5730625,2.5040721e-05,1.5208175e-05,0.44201088,0.21183178,2.1084796e-05,1.305968e-05,0.3675257,1.7305812e-05,2.5669047e-05,0.89087355,0.004825534,0.54601413,0.9213609,3.4504857e-05,7.4336126e-06,0.0037479121,8.697039e-06,0.8896638,9.888691e-06,0.30627152,1.6006486e-05,0.39923143,0.0075371335,0.084794044,0.004795957
-0.49935905,0.297097907,0.600116397,-0.572047507,-0.539082725,-0.558987018,0.745849677,0.626854761,0.476015443,-0.775958259,-0.635025127,-0.451342362,1.157985633,1.08091456,0.281197277,0.412791597,-0.047330242,1.126993534,-1.907695257,-2.032600581,0.543211007,6.0640883e-05,4.2998505e-05,0.9977296,9.628853e-07,5.7984295e-07,0.9999325,0.0034262515,0.0041482346,0.9999449,0.0041972287,1.0296161e-06,0.024313353,3.8332095e-05,7.006934e-05,0.9999502,6.7183714e-07,0.97729194,0.9949498,0.0028767362,3.0572712e-06,7.439672e-05,2.028557e-06,0.34661916,7.9119485e-07,6.5185657e-07,0.34168825,6.199549e-06,8.947389e-07,0.31176907,0.0033205193,0.9755494,0.7461659,5.8360794e-05,2.0209413e-06,0.33613795,1.5913513e-06,3.7757636e-06,0.35844207,1.7703907e-06,7.6135063e-07,1.8157027e-06,0.9947745,1.5806246e-06,2.7218096e-06,0.9944279,1.7914664e-06,1.2891265e-06,0.99503964,4.181473e-05,0.28885865,0.99999845,1.5926356e-06,1.6677026e-06,0.023881476,1.7523736e-06,9.743544e-07,0.9962745,3.1394608e-05,4.2411946e-05,0.997964,0.0049649207,0.004685406,0.9982541,0.0033496814,3.336674e-06,0.023427548,9.264977e-07,2.6795121e-06,0.9980825,1.3218056e-06,0.9723504,0.9964809,0.0036174962,5.9393522e-05,0.0042349603,1.0910147e-06,0.9936708,1.6986272e-06,1.5839036e-06,0.9947654,1.2994053e-07,0.30412018,0.03211053,1.0276541e-06,1.4168954e-06,0.9959144,6.097146e-07,0.003946779,0.9958377,0.0037543112,4.2609486e-06,1.1603041e-06,0.99505913,1.6518203e-06,1.5138945e-06,0.99501365,8.2564895e-07,0.2968367,0.995415,1.1609494e-06,1.2437436e-06,0.024422124,0.0026100161,5.630554e-05,0.9999988,0.0036315103,0.004968295,0.99999833,0.0041354997,5.534096e-05,0.032217547,1.3375793e-06,8.204583e-07,0.9999976,7.268266e-05,0.96075374,0.9950723,0.003853478,2.4352983e-06,0.0028891894,0.0037712355,0.9999987,5.301013e-05,0.25685212,0.02353622,3.4802954e-06,0.004243684,0.9959266,0.004206083,3.2856517e-06,0.9985306,2.6067623e-06,0.005052281,0.0032551128,0.9959459,7.375296e-07,0.22751917,0.9947423,0.0034697521,3.0385663e-05,0.025889585,1.2592519e-06,0.0041376683,0.99574465,0.004950076,4.613817e-05,0.033421867,1.920213e-06,4.594397e-06,0.9999975,6.9950576e-05,0.9680118,0.9958882,0.0045773718,2.5487384e-06,4.2561092e-05,0.24738239,0.023866413,7.380735e-07,0.0055859345,0.99666506,0.0036336277,4.731837e-06,0.9982949,5.3983126e-07,0.004310818,0.23699757,0.9954507,6.217879e-05,0.002992994,0.02666019,2.167529e-06,1.4929843e-06,0.9969349,0.6347635,3.1825428e-05,0.031683415,0.26183012,3.0386507e-06,0.026161527,0.33814386,4.5672147e-07,0.2762007,6.663254e-07,0.032375187,1.3662376e-06,3.2699845e-06,0.032192215,0.30791187,2.4927024e-06,9.617684e-07,0.030744962,2.6419004e-06,2.9014154e-06,0.9949132,2.217254e-05,0.97179407,0.9951723,3.3697522e-06,2.8006104e-06,6.512231e-05,7.3917306e-07,0.9957058,1.6142931e-06,0.97073925,3.6429587e-06,0.026386427,6.326502e-05,0.003587577,7.6250304e-05
2.084393121,-0.050095359,-0.121274525,0.897378921,0.987560427,0.897917914,-1.425650532,-1.329513917,-1.432572124,1.536876737,1.414126707,1.53620893,0.24309311,0.052545733,-0.099126324,0.28601615,-0.393084228,0.125750975,1.411411711,0.71176479,-2.194830495,0.0002322101,0.00014660816,0.9997515,4.4361856e-09,1.5638026e-08,0.9998209,0.20031823,0.17357947,0.99975675,0.20466748,1.0965016e-08,0.0010016403,0.000106454245,0.00011390668,0.9997979,7.326404e-09,0.9990452,0.8509115,0.20484634,5.6526478e-08,0.00014563062,1.4037849e-08,0.00031848226,1.7491391e-08,1.913064e-08,0.000639006,4.1314262e-08,1.41442795e-08,0.0005522915,0.19010454,0.99986196,0.9991266,0.00014255101,2.0843613e-08,0.19123408,1.15848104e-08,1.5064867e-08,0.00034995365,3.7581835e-09,2.0089544e-08,1.256776e-08,0.83590823,1.0649536e-07,8.909836e-09,0.88051,1.4908652e-08,1.0310389e-08,0.8314297,0.00015221043,0.0038334397,1.0,3.035064e-09,5.5104252e-08,0.00015277519,2.5642568e-09,1.1257633e-08,0.88068664,0.00018341711,0.00027190408,0.9997706,0.1793578,0.22292759,0.99978286,0.20018438,1.5473535e-08,0.00017413589,3.4962837e-09,6.6044436e-08,0.9997193,1.1092215e-08,0.99914074,0.8544481,0.16417079,0.0001808278,0.2348783,8.518252e-09,0.85474384,4.295676e-08,2.5702075e-08,0.8533448,6.2022747e-09,0.00040624282,0.00019379363,3.7791025e-08,1.12113065e-08,0.8316243,1.3692252e-08,0.16144904,0.8242615,0.17152762,2.565941e-08,6.6146644e-09,0.844551,1.3901005e-08,1.4513434e-08,0.84534925,2.4452367e-08,0.0005486055,0.8490576,3.0739227e-09,6.7213684e-09,0.00024155939,0.17722882,8.405004e-05,1.0,0.17833777,0.1590865,1.0,0.19838591,0.00026365678,0.00027816248,9.801269e-09,7.1612627e-09,1.0,0.00018770523,0.9997054,0.8544867,0.1573653,2.754732e-09,0.16660091,0.21392241,1.0,0.00020744036,0.0009919074,0.0002472199,4.6121666e-08,0.20647055,0.84249496,0.18678412,3.5933702e-08,0.99976295,3.1274276e-08,0.21514519,0.2305238,0.84274155,2.1076163e-08,0.001379268,0.8595021,0.17371896,0.0001495455,0.20411073,1.5992299e-08,0.1935529,0.8804339,0.2378151,0.00017367557,0.0002076539,1.0394506e-08,9.74719e-08,1.0,0.00029288963,0.9997732,0.82382905,0.17461711,8.488928e-09,0.00019548877,0.00082727545,0.00014688256,7.377967e-09,0.13970315,0.8016535,0.21614745,2.712439e-08,0.99965334,3.6621592e-09,0.16401792,0.31702685,0.8487649,0.00019508693,0.18400912,0.0005800497,1.7783929e-08,2.1492865e-09,0.86490965,0.99935704,0.00010758783,0.00016746533,0.39607766,1.5826261e-07,0.00021580204,0.00054812175,1.3089856e-08,0.0034924634,3.5209708e-09,0.23806122,3.9384145e-09,1.1278567e-08,0.00025712998,0.00043396684,2.1444844e-08,1.5280637e-08,0.00014636024,5.0608264e-09,1.9932028e-08,0.78330857,0.00018298757,0.9997702,0.83105534,2.796972e-08,1.7268299e-08,0.00010560776,1.44370125e-08,0.8614685,1.8427784e-08,0.8239789,2.8552183e-08,0.00019558572,0.00028413846,0.21082363,9.9638964e-05
-0.586732312,-0.620484296,0.720348217,-0.15024099,-0.559931773,-0.550178395,0.354843495,0.701217912,0.804536326,-0.399383785,-0.780137308,-0.915999145,-0.379191838,0.120856257,0.108072379,-0.938897007,1.058825539,0.077795575,-1.324523494,-0.057440032,0.026518309,0.003056295,0.0023734786,0.9861979,9.005525e-06,9.542607e-06,0.99703825,0.28608105,0.3850908,0.9976591,0.31814894,1.0410802e-05,0.025829604,0.0027273267,0.0035306262,0.9970253,6.825583e-06,0.9709161,0.5900649,0.31692877,4.229809e-05,0.0024760738,4.4996512e-05,0.028065046,9.80619e-06,7.924371e-06,0.052146286,2.2912489e-05,1.4818838e-05,0.042888608,0.3206086,0.98518896,0.9646804,0.0025139423,2.2113309e-05,0.6115037,1.6166045e-05,1.7021972e-05,0.03217872,5.971108e-06,1.9656069e-05,3.4295954e-05,0.5915977,3.8944443e-05,1.28755055e-05,0.5609952,1.0318177e-05,8.851588e-06,0.5774097,0.0027123992,0.028546432,0.9999888,2.7863081e-05,3.547591e-05,0.01424569,7.771257e-06,1.46911425e-05,0.5652463,0.0022821082,0.0015078017,0.986955,0.34646088,0.3656604,0.98559594,0.35878465,1.4822033e-05,0.016450606,7.673369e-06,2.9344039e-05,0.9852388,1.2472152e-05,0.94798386,0.6495412,0.34600604,0.0023230608,0.33094567,1.2543985e-05,0.5477751,1.7681885e-05,2.1431577e-05,0.5658441,3.6480656e-06,0.017399894,0.018017195,3.3125627e-05,1.0436648e-05,0.57955784,8.198613e-06,0.3228862,0.63555866,0.34084776,3.8655206e-05,2.7686068e-05,0.56706125,2.1792997e-05,1.3074847e-05,0.5858575,1.0299017e-05,0.01850319,0.6199212,1.5616433e-05,1.2470272e-05,0.017177885,0.40986496,0.0027808482,0.9999826,0.3571854,0.35887688,0.99998164,0.31101862,0.0018224544,0.017525395,1.5926273e-05,7.9307065e-06,0.9999715,0.00275906,0.9847451,0.583815,0.33333036,9.962199e-06,0.32441893,0.36663508,0.9999826,0.002076235,0.029186249,0.01300884,5.9333008e-05,0.39238903,0.65893704,0.38739893,6.13488e-05,0.9912066,7.6465396e-05,0.33978093,0.29763877,0.65250224,2.9530156e-05,0.029115265,0.54362714,0.36244604,0.0021422706,0.4653315,1.6265309e-05,0.33655068,0.6064694,0.3780155,0.0033556786,0.013309296,1.3525034e-05,7.6956974e-05,0.9999801,0.0035018192,0.9818687,0.5832575,0.34137338,2.8433216e-05,0.0019405246,0.037556153,0.011625294,1.1654394e-05,0.3445807,0.65906423,0.3639407,6.32465e-05,0.9890086,4.0494965e-06,0.30687279,0.5300637,0.5999788,0.002737968,0.3533603,0.030551556,1.2072381e-05,8.080248e-06,0.5862595,0.95375556,0.003040176,0.019821297,0.49433237,9.725682e-05,0.014983095,0.0176807,7.274688e-06,0.033618696,8.973144e-06,0.4484303,1.5294481e-05,1.1820695e-05,0.016500156,0.01810398,1.3030122e-05,2.1913998e-05,0.015240326,2.7680655e-05,7.982526e-05,0.5418979,0.002167827,0.9868333,0.55742466,3.2588014e-05,1.4014707e-05,0.0030133228,1.1705477e-05,0.60678655,1.9000956e-05,0.46113032,3.125698e-05,0.01615476,0.003025898,0.32687557,0.0035972274
-0.374540105,-0.620484296,-0.001042704,-0.653543308,-0.426479952,-0.342315405,0.750397855,0.649187572,0.7177712,-0.81670646,-0.680412064,-0.748603114,-0.38310701,-0.839343422,-0.101961044,0.898576357,-1.042882642,-0.948352042,0.018596994,0.49560201,0.878442736,0.0040746555,0.003468023,0.9944748,2.7420426e-06,5.796257e-06,0.99673575,0.89544827,0.9031753,0.99749714,0.90267175,4.574997e-06,0.006027603,0.00385699,0.00512797,0.9954894,2.0781226e-06,0.99424523,0.075918525,0.89000297,3.7405156e-05,0.0030418555,3.4877234e-05,0.002462049,4.249452e-06,4.83777e-06,0.00503836,4.3512164e-06,8.5480415e-06,0.0036510485,0.8859518,0.9989361,0.99268407,0.0034579374,8.667934e-06,0.89716697,3.6302235e-06,3.81073e-06,0.0027722402,7.545618e-07,1.3210874e-05,1.4456362e-05,0.065587275,5.7218633e-05,1.9730007e-06,0.07116521,2.2078336e-06,1.895568e-06,0.07229754,0.004516657,0.005193892,0.99999547,7.784846e-06,2.3265178e-05,0.0011456982,1.7364514e-06,8.077397e-06,0.07465948,0.003336035,0.002081147,0.9956039,0.9014124,0.9056916,0.993842,0.9136012,2.9619944e-06,0.0014558564,2.0861667e-06,1.9830984e-05,0.99131143,3.465101e-06,0.9874721,0.09510426,0.8958017,0.0025271513,0.9044336,5.328136e-06,0.060510483,9.265708e-06,9.250134e-06,0.07102973,1.8967706e-06,0.0016750346,0.002197527,3.247639e-05,2.15722e-06,0.063362524,4.1518733e-06,0.914832,0.1136463,0.8980079,1.5876443e-05,1.9253112e-05,0.06496805,7.2762696e-06,5.3830513e-06,0.08265581,4.379091e-06,0.0017912912,0.07416756,8.6491655e-06,3.313481e-06,0.0016489491,0.90910304,0.00382197,0.99999285,0.8992108,0.8918868,0.9999926,0.9009628,0.0030208502,0.0019479007,5.5254513e-06,2.9453245e-06,0.99998844,0.0030250552,0.9983339,0.06386527,0.910446,1.943389e-06,0.8879357,0.89330333,0.9999964,0.0034790372,0.0050215786,0.0012264666,4.2850486e-05,0.9115762,0.09805041,0.9136876,5.7598896e-05,0.9951975,5.4506563e-05,0.89455783,0.8874297,0.10442723,3.207784e-05,0.0037593942,0.07112289,0.89636886,0.0027757222,0.88042635,8.388403e-06,0.9048808,0.07029373,0.899814,0.004647692,0.001699205,2.7719848e-06,6.166512e-05,0.9999883,0.0042237504,0.99856204,0.07768548,0.90206224,1.3229534e-05,0.003271953,0.004910762,0.0012324426,7.341077e-06,0.9011203,0.094726965,0.9238098,3.7257807e-05,0.9941519,1.1519809e-06,0.9034129,0.9055834,0.07725381,0.003492651,0.9121938,0.0049546086,3.7983868e-06,1.2775681e-06,0.06473065,0.9964288,0.003439903,0.0017409241,0.9157947,0.00012787472,0.0015414659,0.0015345089,3.0507706e-06,0.0064557414,2.7174833e-06,0.87322783,4.4542235e-06,2.9052696e-06,0.0015564827,0.0015503045,4.2247348e-06,1.0623912e-05,0.0015652232,7.815934e-06,0.00010658232,0.06951802,0.0031714044,0.998386,0.07776305,1.6423313e-05,4.400853e-06,0.0035599165,6.114749e-06,0.07277745,8.474082e-06,0.098417416,1.0998582e-05,0.0019542417,0.0047973315,0.90566224,0.004573632
0.648975248,0.619491654,-1.323592727,0.291905195,0.815940701,0.725168081,-0.490955626,-0.837256561,-1.058699898,0.529872065,0.893572447,1.143258383,1.710856292,1.134648993,-0.300468765,0.802875901,-1.085850759,1.557766828,1.006703907,-1.082911675,0.179424464,0.00038820878,0.00026796985,0.997804,1.1717596e-07,1.4061571e-07,0.9997398,0.00037730523,0.00033526382,0.9995946,0.00025806006,5.279742e-07,0.087536305,0.0002070953,0.0002922283,0.9997496,1.6785258e-07,0.90494263,0.99985933,0.00023173746,3.266265e-07,0.0004978381,9.199861e-08,0.27953327,9.722975e-07,3.2384182e-07,0.31689024,8.2710847e-07,2.319889e-07,0.30843252,0.0002941949,0.91201717,0.7830287,0.0002885206,3.1402317e-07,0.2104916,4.3139656e-07,8.182368e-07,0.28452408,3.9362806e-07,8.859832e-08,1.418151e-07,0.9997279,2.788413e-07,9.235073e-07,0.999688,5.445739e-07,2.9505375e-07,0.99974614,0.00028520424,0.19205026,0.99999964,1.056114e-07,2.4873876e-07,0.07903589,3.2975004e-07,2.7026277e-07,0.9997209,0.00036785158,0.0005077815,0.9976997,0.00025908512,0.0003561083,0.99748456,0.00022366231,4.5890184e-07,0.081033416,3.724738e-07,2.0152125e-07,0.99613094,4.1597895e-07,0.9190894,0.99972457,0.0002433319,0.00035493544,0.00022427949,8.527798e-08,0.9996338,4.817274e-07,3.2947344e-07,0.99965453,2.0155835e-07,0.1729816,0.07979765,9.360935e-08,4.7961686e-07,0.9997509,4.7607878e-07,0.00022856181,0.9997112,0.0002243736,3.8882223e-07,1.33143905e-08,0.99951553,5.142653e-07,3.8849123e-07,0.9998054,3.4931196e-07,0.21178147,0.9996393,3.7306744e-08,4.280872e-07,0.066754945,0.00026489393,0.0002327665,0.9999999,0.00021359815,0.00017932132,0.9999999,0.00012832962,0.00035361265,0.08071673,2.0569844e-07,4.289949e-07,0.9999995,0.00017629827,0.91307044,0.9997843,0.00023728119,1.5950754e-07,0.00014561549,0.0002989153,0.99999976,0.00024351802,0.19028784,0.073108606,5.2077564e-07,0.00030071064,0.9996642,0.00029826997,1.2572248e-07,0.99670947,2.5628066e-07,0.00020911064,0.00019174331,0.9998265,1.0257961e-07,0.20075804,0.9998099,0.00019816305,0.00031386322,0.037416752,7.658767e-07,0.0004588403,0.9996137,0.00029635496,0.00024120911,0.06674343,2.6392007e-07,2.4044317e-07,0.9999995,0.00053490774,0.92725897,0.99960214,0.0002848768,9.1665115e-08,0.00034169713,0.13987233,0.08868162,1.627769e-07,0.00021278302,0.99944943,0.00034960837,2.51952e-07,0.9959638,2.0342378e-07,0.00035356378,0.12423292,0.99965537,0.00023936713,0.00026257557,0.0858618,3.5371045e-07,2.7584775e-07,0.9996793,0.6998047,0.00022603467,0.07865275,0.12555742,4.3901284e-07,0.09335287,0.19271831,6.5938195e-07,0.17993963,1.0948385e-07,0.043919228,1.3490806e-07,5.420753e-07,0.07444839,0.17678739,4.7088244e-07,2.8257733e-07,0.073121145,1.0785597e-07,3.8522867e-08,0.99971074,0.0004780445,0.9205133,0.9996816,4.4124585e-07,2.8407072e-07,0.00029235065,3.4622394e-07,0.9997514,1.11670055e-07,0.96458,4.670015e-07,0.08431637,0.00056789594,0.0002885275,0.00030507278
-1.148417566,-0.000496321,1.8024346,-0.722636449,-0.911316121,-0.798036292,0.964926099,0.916531838,1.144045231,-1.004579727,-0.940708208,-1.175504257,-1.596664078,-1.382150822,0.27630486,-0.052594717,0.303113841,-1.841125798,0.46754288,-0.02050726,0.23371195,5.9390863e-05,3.9678263e-05,0.9966079,2.5772997e-06,1.5876254e-06,0.999912,0.0007180003,0.0015548149,0.99995005,0.001598372,2.2319082e-06,0.046212874,4.4857185e-05,0.00016911217,0.9999311,1.4420068e-06,0.95077956,0.99728787,0.0008531655,8.369688e-06,0.0001202653,4.2409542e-06,0.79388726,1.2303631e-06,2.3558227e-06,0.812006,1.12592425e-05,2.7910467e-06,0.801881,0.0010593599,0.9609031,0.27222833,9.368897e-05,3.9615493e-06,0.85621685,4.0177993e-06,1.5202868e-05,0.7930917,4.179571e-06,2.9341943e-06,8.677404e-06,0.99656326,2.5542765e-06,7.814278e-06,0.9982565,6.333977e-06,2.181945e-06,0.9978719,4.285065e-05,0.722102,0.9999951,4.456395e-06,6.5668123e-06,0.048146825,7.721509e-06,2.83244e-06,0.9975902,3.4338333e-05,5.9957474e-05,0.9974331,0.0018482641,0.0015157921,0.99827147,0.0008244872,6.2393597e-06,0.055530965,7.3994365e-06,3.9017314e-06,0.9968972,4.141615e-06,0.9617976,0.9985544,0.0013100565,5.2300427e-05,0.0017904047,2.8089535e-06,0.9957585,2.7765407e-06,3.5971123e-06,0.99548596,4.7296848e-07,0.77134824,0.058806863,1.2408647e-06,4.403229e-06,0.9982856,3.2536905e-06,0.0014496269,0.9987501,0.0011019747,6.162801e-06,3.646678e-06,0.9972391,3.1338043e-06,4.8591787e-06,0.99832195,1.6916903e-06,0.72180533,0.9983517,4.436799e-06,2.9178311e-06,0.052028213,0.00090621895,6.446999e-05,0.999997,0.001528636,0.0020582147,0.99999404,0.0013575584,8.4798994e-05,0.050650433,3.3282647e-06,1.5505938e-06,0.9999925,0.00011176547,0.94566387,0.9974269,0.0017666968,8.248405e-06,0.00073329365,0.0018430162,0.9999975,5.7088044e-05,0.6679965,0.036390375,1.0377297e-05,0.002114368,0.9983571,0.0011795268,7.4453123e-06,0.9981724,1.0753253e-05,0.0032031317,0.0011219174,0.9987431,1.1692383e-06,0.6650604,0.99760264,0.0014619463,5.0262934e-05,0.028996998,2.876161e-06,0.0011591337,0.9978265,0.0022974985,7.058729e-05,0.053536884,4.0201717e-06,1.0227244e-05,0.9999933,7.927475e-05,0.94379836,0.99778855,0.0014908271,1.2438489e-05,4.691855e-05,0.7679957,0.043832064,2.491804e-06,0.002889181,0.9986247,0.0012037003,1.540825e-05,0.998168,1.559181e-06,0.0014209828,0.793426,0.99759644,5.2053878e-05,0.0009773849,0.05454551,6.6394305e-06,3.943005e-06,0.9982218,0.2243464,4.0649975e-05,0.054037116,0.7532346,6.058699e-06,0.07128973,0.72541696,1.4056545e-06,0.7748288,9.907039e-07,0.038068414,2.85395e-06,8.452597e-06,0.0779943,0.7100356,6.0133557e-06,4.4952544e-06,0.048190963,7.630817e-06,1.1019464e-05,0.99767,2.1709528e-05,0.9610539,0.9967788,8.660473e-06,5.8558626e-06,9.4437484e-05,1.6094065e-06,0.9977627,3.7925738e-06,0.9625181,1.1665892e-05,0.048266914,0.00010840416,0.0013307083,0.00011496889
-0.124902214,0.941885401,-0.602201806,1.247562716,0.984416719,0.855806078,-1.032167929,-1.000098433,-1.26097127,1.07776595,1.031160872,1.306021294,0.985750678,1.572542062,-0.19021421,-1.550295299,1.393261431,2.016631207,0.274882873,0.011470003,-0.137838026,0.00030631843,0.0001792772,0.9992461,3.854653e-08,5.6835567e-08,0.9998629,0.00042817168,0.00037160536,0.99971956,0.0002945856,2.5167873e-07,0.036698524,0.0001250262,0.00015964729,0.9998204,7.148247e-08,0.95978737,0.99988854,0.00028394454,1.3873515e-07,0.0002851931,3.2968455e-08,0.06492021,3.0950721e-07,1.14471945e-07,0.06758264,4.9649464e-07,7.510255e-08,0.061188553,0.0003619967,0.9758908,0.949634,0.00016412597,2.083571e-07,0.058237333,1.8037223e-07,4.0429532e-07,0.056656044,1.5534015e-07,3.804372e-08,5.285989e-08,0.9997781,1.813936e-07,2.6682082e-07,0.999803,2.1223003e-07,1.5156019e-07,0.9997837,0.00023137538,0.07578195,0.99999976,3.1046053e-08,1.7422241e-07,0.025425848,1.0550167e-07,1.1228816e-07,0.99981314,0.00022577147,0.0002827427,0.9993814,0.0002368698,0.0004298175,0.99915755,0.00028257183,2.1999887e-07,0.02336143,9.309833e-08,1.04058955e-07,0.99871826,1.5540014e-07,0.97026515,0.9996275,0.00024769886,0.00019454882,0.0002482597,3.6129293e-08,0.9996741,2.74841e-07,1.3442516e-07,0.999736,6.9118066e-08,0.04402757,0.023959424,6.193943e-08,2.0936078e-07,0.9997476,1.6943997e-07,0.00028438045,0.9997149,0.00024918286,1.762781e-07,7.1771926e-09,0.9997222,1.4125844e-07,1.3526956e-07,0.999826,2.1500898e-07,0.06026316,0.999765,1.46970125e-08,1.3673193e-07,0.020634774,0.00030367845,0.000114575116,0.9999999,0.00021925005,0.0001698902,1.0,0.0001938461,0.00018955504,0.023574932,7.810308e-08,1.3286922e-07,0.99999976,0.00014593604,0.97209305,0.9998306,0.000261088,6.050599e-08,0.00019384093,0.00033919848,0.9999999,0.00016257046,0.049125735,0.023700083,2.1575748e-07,0.0003379846,0.9996172,0.0003210219,6.1454365e-08,0.99903667,1.1599197e-07,0.00018933721,0.0002484657,0.9998031,4.103601e-08,0.051345,0.99987364,0.00023730562,0.00018158111,0.017125105,2.2990692e-07,0.00043878783,0.9997321,0.00034149454,0.00019547946,0.022685643,1.13687655e-07,1.4468279e-07,0.99999976,0.00034678678,0.97864956,0.9997098,0.00037293532,4.3856502e-08,0.0002044607,0.035857387,0.02564457,6.0042794e-08,0.00020542015,0.99942386,0.00039927513,9.827874e-08,0.9986218,6.2244624e-08,0.00033800583,0.040850274,0.9997503,0.00015902724,0.00028668102,0.030823587,2.2431762e-07,7.3162134e-08,0.9997559,0.9360309,0.00012439712,0.025327496,0.04744507,3.197108e-07,0.028377257,0.056743152,2.8189314e-07,0.059807748,4.0855923e-08,0.027034424,4.1280945e-08,2.2535156e-07,0.021046638,0.052708603,2.3372259e-07,1.2125486e-07,0.023537187,3.21738e-08,1.856077e-08,0.9997726,0.00031069404,0.9695574,0.99973863,1.534279e-07,1.6081009e-07,0.00017400162,1.4356301e-07,0.9998202,4.9077155e-08,0.9846534,2.6093613e-07,0.0226735,0.00036147563,0.0003273592,0.0001840706
0.499192514,-1.562866018,-0.962897266,-0.604956102,-0.80026973,-0.755704842,0.536900978,1.039950638,1.082644277,-0.576314628,-1.102872527,-1.16404066,0.179311505,0.123869907,0.485809867,0.658808011,-0.102929952,-0.156221441,-0.636601689,1.567999773,0.989554084,0.018311294,0.016815776,0.9606666,1.7924585e-05,3.3288903e-05,0.979511,0.91010576,0.9268707,0.9877565,0.9304229,2.0569132e-05,0.020660358,0.018090673,0.026588123,0.98198825,1.4286811e-05,0.98320156,0.03539744,0.91477126,0.00022416425,0.01625335,0.0001882099,0.0055654184,2.3487793e-05,2.3874054e-05,0.023116244,1.7659979e-05,7.272357e-05,0.014767366,0.91025144,0.99722713,0.9614304,0.013919843,4.2784992e-05,0.9384613,2.1873868e-05,1.7118133e-05,0.0066093537,3.255199e-06,9.0776244e-05,0.000116385854,0.026987705,0.00021259506,1.39865215e-05,0.029707089,1.1855275e-05,1.5010155e-05,0.023314053,0.018872187,0.011077514,0.99997306,3.5361576e-05,9.304526e-05,0.0030784851,1.0839225e-05,4.3693602e-05,0.019752776,0.015184148,0.011170549,0.96291995,0.91804546,0.92946464,0.96171665,0.9299085,1.6849757e-05,0.0039460813,1.894886e-05,0.000119427066,0.92969567,1.9100953e-05,0.9397842,0.076607,0.92689884,0.012952378,0.92890286,2.3981804e-05,0.02432287,4.155333e-05,5.7414414e-05,0.025827078,1.4020053e-05,0.0033393851,0.0054148296,0.0001701595,1.37434445e-05,0.02477839,3.4763503e-05,0.9498365,0.09310263,0.9340026,7.528158e-05,9.525219e-05,0.024199748,3.1004427e-05,3.1621523e-05,0.029448757,1.919864e-05,0.004082781,0.033357743,6.038403e-05,2.282889e-05,0.0028170322,0.9270958,0.020469157,0.9999765,0.9336123,0.91838884,0.99993694,0.9268861,0.017436005,0.0046614464,2.2030332e-05,1.7566268e-05,0.9999323,0.014817017,0.99661714,0.017947374,0.93303126,1.0965121e-05,0.9160169,0.9402975,0.99997866,0.013744337,0.022039067,0.0036047536,0.00032990228,0.94810337,0.072217576,0.93902224,0.0002782113,0.9587627,0.00027236226,0.92586935,0.9207861,0.099669695,0.00024441894,0.017074255,0.029225618,0.93221694,0.021465579,0.9159757,3.903081e-05,0.9386684,0.019596048,0.9307329,0.01820665,0.003264334,1.866689e-05,0.00023359175,0.99995327,0.019260371,0.99625397,0.01944428,0.9277551,6.805585e-05,0.01712106,0.017664095,0.0036410482,7.110214e-05,0.9205277,0.060747854,0.9352667,0.0002022939,0.93712133,9.158049e-06,0.9259169,0.9520472,0.03065676,0.016186675,0.9274049,0.014011147,1.9205798e-05,6.1762394e-06,0.021814907,0.98915035,0.013385454,0.0040008365,0.9610547,0.00049938506,0.003906322,0.0029974123,2.2772854e-05,0.011918767,1.1553371e-05,0.8897266,3.0458163e-05,1.1716444e-05,0.0036736436,0.003391767,1.419843e-05,6.021928e-05,0.0034122712,4.6674442e-05,0.0005304289,0.026534824,0.017481558,0.9955947,0.029376566,0.00010711377,1.5126537e-05,0.021394456,2.9086437e-05,0.029827453,3.6561494e-05,0.042191837,6.398027e-05,0.0048411693,0.023284787,0.94084924,0.02428554
0.748830405,0.123501274,0.359652757,0.012765142,-0.036992639,0.053203598,-0.416911139,-0.418820785,-0.107320975,0.444636801,0.424641613,0.076580445,-1.721197604,-1.656965168,-0.082938259,-0.125242442,-0.040228985,-1.946617814,-1.085547025,-1.437244007,-0.241536369,0.015472646,0.012712781,0.9639152,4.146264e-05,5.7868558e-05,0.98131275,0.91332054,0.92061186,0.98672533,0.91933334,5.1262294e-05,0.028573459,0.016059333,0.009740477,0.98117507,6.114672e-05,0.9692357,0.035677224,0.9158186,0.00015805553,0.01452744,0.00035658764,0.0101000555,4.603669e-05,8.8245426e-05,0.030035233,0.00010125074,0.000100454075,0.028358126,0.92823726,0.9871202,0.9812107,0.016434658,6.472009e-05,0.9359789,4.097226e-05,4.109243e-05,0.010216473,2.0199615e-05,0.00016772997,0.00016764858,0.03438417,0.00013601493,6.0055896e-05,0.037377134,3.7703336e-05,4.5183646e-05,0.044391222,0.015419535,0.03168066,0.99996924,5.520281e-05,8.1543585e-05,0.010503627,1.1133739e-05,6.591083e-05,0.037562616,0.02028001,0.017217254,0.96546113,0.92039067,0.901857,0.9741925,0.9182257,8.481427e-05,0.008804407,3.8746548e-05,0.00028681962,0.9754258,6.8781366e-05,0.959543,0.07514328,0.95303744,0.014771474,0.94595456,0.0001268329,0.040250145,9.5030184e-05,0.00013630395,0.0375083,4.743036e-05,0.003672387,0.009998417,0.00013738568,3.699302e-05,0.042386435,5.680403e-05,0.924248,0.066543594,0.94154197,0.000117730444,0.00012684657,0.035382636,0.0001238835,5.655642e-05,0.0405384,5.1456685e-05,0.004341815,0.035650007,7.982686e-05,5.0083076e-05,0.011130712,0.95105344,0.019779777,0.9999292,0.9505831,0.94191337,0.99994206,0.9495869,0.021445487,0.013459428,7.533214e-05,4.6609504e-05,0.9999342,0.013051417,0.98682123,0.038178343,0.92592007,2.6833717e-05,0.9372882,0.93514097,0.99986744,0.020999465,0.01946117,0.011299746,0.00016462752,0.9406685,0.085356176,0.94778186,0.00023534014,0.9697035,0.00025429577,0.9416439,0.946176,0.069268994,0.00017624129,0.021946903,0.041132085,0.9474482,0.014669664,0.91167,6.5551096e-05,0.9307855,0.039651275,0.94426864,0.013352923,0.012425535,5.1242256e-05,0.0004496269,0.99992573,0.018378247,0.98766464,0.038798735,0.9201316,5.7791684e-05,0.015100111,0.028375076,0.010313341,7.207528e-05,0.94094676,0.06544081,0.94334036,0.00017869829,0.97126657,5.826787e-05,0.91522056,0.9151109,0.037483003,0.016089093,0.93219215,0.034340635,3.973002e-05,2.6146197e-05,0.040905297,0.97403616,0.023068804,0.00980789,0.91919434,0.0002818905,0.013605679,0.0042204265,3.3658045e-05,0.041081507,3.77684e-05,0.8827335,7.0251794e-05,4.0524217e-05,0.011367378,0.002894871,6.471811e-05,8.351412e-05,0.010312937,9.093809e-05,0.00023281087,0.035328,0.014406751,0.98862505,0.04123058,0.000119008604,7.655127e-05,0.012454509,3.766e-05,0.03366954,7.401143e-05,0.06069854,7.427514e-05,0.012651106,0.014845757,0.9330251,0.013656019
-1.248272723,0.123501274,0.960811858,0.136993356,0.372166969,0.284308935,0.300034646,0.072260945,-0.160404768,-0.324160343,-0.070351572,0.189224174,1.218892068,1.030914878,-0.423957274,-0.148371443,-0.284612258,1.510324715,0.89633341,1.964970966,-0.98459702,0.0036517442,0.002871642,0.9668482,0.00033862574,0.00032328788,0.9951708,0.12270106,0.12505823,0.99566793,0.13120127,0.00038527444,0.11959458,0.004310384,0.0032916102,0.9965347,0.00031863624,0.8959557,0.8382341,0.124937,0.00095740246,0.004196495,0.0008213984,0.57283986,0.00036475953,0.00048380575,0.56768066,0.0008106867,0.00053314754,0.5932996,0.11821885,0.8428346,0.5748575,0.0039986805,0.00056723,0.77182657,0.0005917659,0.0005718387,0.54846555,0.0002814163,0.0003425448,0.00083066255,0.83820367,0.0005500737,0.00082817697,0.85399675,0.00035437773,0.00034619748,0.84117234,0.0045520584,0.33765933,0.99969435,0.0006606379,0.00046075718,0.14539492,0.00037457596,0.0003705994,0.85261846,0.0041375896,0.004703399,0.96100944,0.118918,0.11435237,0.9680331,0.13591442,0.000843485,0.14228758,0.00061371754,0.0008190778,0.97106576,0.00056481117,0.8520481,0.86779696,0.107374795,0.004496014,0.08710665,0.0004801253,0.861342,0.00051497674,0.0007217639,0.8515062,0.00020158436,0.39396358,0.11294918,0.00039366266,0.00035726838,0.859595,0.00027155018,0.11323673,0.8909616,0.12521349,0.0009861843,0.0004963055,0.8630851,0.00064900727,0.00043519805,0.8436529,0.00032696838,0.3890545,0.83659273,0.0003906484,0.0004684167,0.15625846,0.12386808,0.0037227694,0.9996717,0.094312824,0.13705343,0.9996358,0.10158731,0.004413079,0.12679431,0.00055567775,0.00047625182,0.99951386,0.0030810533,0.8472423,0.84952533,0.11205323,0.00049581286,0.11310212,0.10574036,0.99891996,0.0031049366,0.458688,0.14421713,0.0008433596,0.114659496,0.8650368,0.1193077,0.00076902943,0.97186005,0.0010962094,0.11000816,0.1239968,0.88181996,0.00033031582,0.4123793,0.85902345,0.09387543,0.0036700026,0.2952261,0.00054586737,0.1131322,0.84964037,0.1091887,0.0035504268,0.14144176,0.00043470343,0.0011058548,0.99952435,0.0032201523,0.8732288,0.8491499,0.13727933,0.00041312227,0.0032898835,0.45893636,0.15543644,0.0004451607,0.11837927,0.84681195,0.10920972,0.0011942368,0.9732529,0.00032430937,0.122067764,0.64807165,0.8395171,0.0040474874,0.11073838,0.1071732,0.00034572024,0.00044434116,0.8487449,0.39434138,0.00415416,0.15166874,0.63148206,0.0009218516,0.12458861,0.4138582,0.00022271366,0.32356417,0.00031275116,0.32086903,0.00047402646,0.00037168933,0.13988152,0.39551705,0.00047042,0.0005126411,0.15448877,0.0005782188,0.000756554,0.8535134,0.003796421,0.8499563,0.8807772,0.00088370405,0.00044200965,0.0029883133,0.00019422093,0.83593327,0.00033624683,0.6216232,0.0008539431,0.1091832,0.0028006195,0.107149124,0.0034671417
1.123287241,0.123501274,-0.121274525,-1.099347087,-0.747611052,-0.715800287,0.664472306,0.470170353,0.560563101,-0.671381588,-0.442745872,-0.505775071,0.041452742,-0.351597271,0.814564779,1.772019501,-0.859301969,-0.936612957,1.117210106,0.041039669,-0.590453955,0.00081768347,0.0009533768,0.9910959,7.96022e-06,3.888685e-06,0.99916923,0.032246474,0.031591583,0.99938023,0.035313476,8.797039e-06,0.060362164,0.00053541374,0.0007033742,0.99937963,5.942556e-06,0.9176356,0.9654476,0.036659244,1.7108292e-05,0.0006853832,1.7156277e-05,0.16126011,6.672253e-06,3.4825398e-06,0.1508507,3.3233333e-05,9.335825e-06,0.12797417,0.03912215,0.9105753,0.9278172,0.00073215616,1.3069e-05,0.13504162,1.1406767e-05,1.9352996e-05,0.14716572,7.82063e-06,6.6632683e-06,1.4244407e-05,0.97001374,1.2398909e-05,1.349737e-05,0.96676797,1.2010656e-05,1.0381218e-05,0.969397,0.00052284065,0.063882664,0.9999912,1.13691585e-05,9.024549e-06,0.08660675,5.684045e-06,6.339138e-06,0.9659018,0.0006270587,0.00043362073,0.9895672,0.04120265,0.030719105,0.9903888,0.035419412,1.890599e-05,0.07894577,5.276055e-06,1.9125306e-05,0.9910734,6.96292e-06,0.91822785,0.96382815,0.035560697,0.00076882134,0.034195628,8.256055e-06,0.9629571,1.097864e-05,1.6139797e-05,0.96610904,1.9511197e-06,0.065008886,0.09164371,1.38978885e-05,1.033414e-05,0.9700127,4.784565e-06,0.03757625,0.9622135,0.030479118,2.1278087e-05,1.1695702e-05,0.9651683,1.26571085e-05,9.438424e-06,0.9634873,8.217149e-06,0.07190293,0.9691975,1.0843082e-05,9.023276e-06,0.07934572,0.033028968,0.0007823298,0.9999913,0.028076077,0.031588063,0.99998665,0.03633116,0.00048562867,0.08640354,7.5934595e-06,6.6614894e-06,0.999979,0.00084065704,0.91551596,0.9623188,0.036437407,9.182624e-06,0.03914164,0.034765877,0.99998605,0.000685935,0.06829407,0.071205534,1.985091e-05,0.037459943,0.9712071,0.035170548,2.7382815e-05,0.99335843,2.5828385e-05,0.027795456,0.03241817,0.9675598,1.0162775e-05,0.053280987,0.9644997,0.04372436,0.0005697762,0.11078568,7.730041e-06,0.0364288,0.96937054,0.027896002,0.0006543894,0.08352963,1.8183531e-05,2.1239262e-05,0.99999106,0.0011101284,0.9120925,0.9689734,0.03717678,1.0747123e-05,0.0005760042,0.065397605,0.075103745,4.846387e-06,0.02683905,0.96654934,0.029755605,2.5346108e-05,0.9892259,5.257546e-06,0.031646643,0.08107926,0.9715056,0.00072014245,0.03831591,0.084614426,1.3727412e-05,6.5247127e-06,0.9739227,0.8653033,0.00063477666,0.085016295,0.07626518,2.7262851e-05,0.08468646,0.060942836,4.6491878e-06,0.060349196,5.4591515e-06,0.11483029,1.3413948e-05,1.5757401e-05,0.079288125,0.07928162,1.0806104e-05,7.864804e-06,0.08698724,1.5683894e-05,2.4626404e-05,0.9695105,0.00039897475,0.9143504,0.96849895,1.53394e-05,1.5708594e-05,0.00084390986,6.2240742e-06,0.9672291,1.0734248e-05,0.90624464,1.711815e-05,0.09372905,0.0009200045,0.028099768,0.0009405938
-1.622729559,-0.248491511,-1.083129087,0.546277126,0.472623745,0.478158443,-0.088269549,-0.165919217,-0.200352577,0.086306662,0.160079069,0.179540887,-0.465816164,-0.514152258,-1.098247117,-1.108719758,-0.155296666,0.07073661,-1.282447454,-0.881407741,-0.344386163,0.002137536,0.0014503442,0.97395635,1.7717724e-06,2.5969314e-06,0.99749446,0.0629837,0.0764508,0.99760216,0.061483253,4.589816e-06,0.021264186,0.002974543,0.0017148773,0.99671626,1.9558852e-06,0.97850764,0.8185814,0.052741636,8.9061605e-06,0.0016852843,4.945933e-06,0.097413346,5.2092346e-06,3.436791e-06,0.30023664,3.2362248e-06,3.5297958e-06,0.31618837,0.06946623,0.99250585,0.7157034,0.0039804303,2.3956593e-06,0.71625,2.9621044e-06,2.540582e-06,0.11789014,1.750219e-06,2.2175911e-06,3.9434112e-06,0.8222365,2.868283e-06,6.0161437e-06,0.80809367,2.09131e-06,1.3193524e-06,0.8256942,0.001860767,0.17780587,0.99999785,3.5194198e-06,5.226257e-06,0.00779134,2.2521565e-06,5.475116e-06,0.84031016,0.003124204,0.002646294,0.97983164,0.06942302,0.06343695,0.97435915,0.054558,1.8777538e-06,0.009580959,4.274359e-06,3.5811684e-06,0.98021483,5.738232e-06,0.9381,0.9214347,0.07879729,0.0026564482,0.06677018,1.0187355e-06,0.8264759,3.3684862e-06,4.124713e-06,0.8013845,1.9503586e-06,0.12341209,0.009697612,2.0792706e-06,2.7267356e-06,0.81408954,1.5799554e-06,0.06624282,0.930464,0.069616385,5.2946953e-06,1.0702587e-06,0.83308756,7.5677517e-06,3.0216042e-06,0.8472417,1.5074978e-06,0.1069782,0.8167059,8.5889604e-07,2.5002996e-06,0.008756122,0.07350639,0.0017667076,0.99999785,0.0744568,0.06919481,0.99999845,0.06733302,0.0028276986,0.011273863,3.3154533e-06,2.5461657e-06,0.9999975,0.0011504107,0.98934925,0.82623756,0.07026918,1.7166108e-06,0.053003144,0.06025526,0.9999976,0.002877415,0.2624435,0.007270221,7.472777e-06,0.0655859,0.94114447,0.077242374,2.82896e-06,0.97838634,5.3762024e-06,0.07203455,0.06527795,0.9293246,2.3584146e-06,0.36398506,0.8188439,0.06583084,0.001390205,0.25721574,7.426279e-06,0.066796154,0.822573,0.06189653,0.0019894114,0.0103911385,1.8128169e-06,1.0058169e-05,0.9999963,0.0020413296,0.99064976,0.85328436,0.05639657,2.0198565e-06,0.0018825649,0.31621143,0.007049145,2.302989e-06,0.080109954,0.9329251,0.08384098,5.2471823e-06,0.9747659,1.3190278e-06,0.07039647,0.66995484,0.8176357,0.0031193707,0.075299405,0.024020141,2.688353e-06,2.0553346e-06,0.8332288,0.66323256,0.0018803773,0.010223071,0.6626532,9.607302e-06,0.0076249507,0.15938528,5.171255e-06,0.18976748,1.1510024e-06,0.21696168,2.8325371e-06,2.545588e-06,0.008179272,0.11673541,2.356535e-06,3.3424383e-06,0.010294863,2.444776e-06,3.3362508e-06,0.8152898,0.0026619062,0.99104965,0.8106506,7.0082747e-06,1.7735846e-06,0.0015313735,1.908412e-06,0.8090848,1.9254392e-06,0.5984453,3.8521434e-06,0.00731301,0.002408459,0.067186914,0.0016668505
0.748830405,0.371496464,0.359652757,0.994842175,0.510745436,0.429942932,-1.018410968,-0.6109726,-0.754249605,1.065376668,0.60264921,0.746062406,0.596776449,1.378315317,0.406278192,-1.27343262,1.780202623,1.407053986,-0.477233733,0.828442469,1.069368841,0.004373636,0.0029415677,0.98815453,2.5858744e-06,5.154264e-06,0.9950718,0.702617,0.7206095,0.9948841,0.7036213,4.4849817e-06,0.010906066,0.003021784,0.0025667408,0.996256,4.5023335e-06,0.9893161,0.1579183,0.701213,1.5936408e-05,0.003625952,1.4314319e-05,0.0021583769,4.8214793e-06,8.632783e-06,0.00981673,1.0856222e-05,5.676153e-06,0.010332598,0.7388891,0.9977149,0.99175805,0.0042116544,6.285807e-06,0.7489903,3.852592e-06,4.154178e-06,0.002426382,1.7757053e-06,1.04919945e-05,8.540822e-06,0.13163817,1.5644935e-05,4.515384e-06,0.15215316,3.9480774e-06,3.912981e-06,0.14772744,0.0040081586,0.017591827,0.9999964,2.3935331e-06,9.823853e-06,0.0023476747,9.912549e-07,4.168743e-06,0.16615413,0.0045774826,0.0054808804,0.98789793,0.6967848,0.7106165,0.9908528,0.6979518,7.862914e-06,0.002033849,2.1368387e-06,2.3738425e-05,0.99006885,5.680615e-06,0.98310065,0.30148283,0.77606684,0.0045672995,0.76945406,6.095198e-06,0.1429791,9.604178e-06,9.179612e-06,0.14288524,2.9870882e-06,0.001623327,0.0024930146,1.06663065e-05,3.6375322e-06,0.14540334,4.8900556e-06,0.7189142,0.28104892,0.7477239,1.0560164e-05,5.0338963e-06,0.13842292,8.392468e-06,5.478412e-06,0.16525869,4.8802813e-06,0.001974118,0.14587504,3.861125e-06,3.51577e-06,0.0023215173,0.78405386,0.0031226375,0.9999938,0.7591759,0.7349056,0.9999957,0.77710146,0.0057186172,0.0029144306,4.940352e-06,3.5632017e-06,0.9999939,0.0036587843,0.996403,0.15369564,0.6999142,1.9769013e-06,0.72873765,0.7661883,0.99999344,0.0046895747,0.010955335,0.0028549032,1.6991255e-05,0.77464634,0.3084031,0.7715384,1.7122313e-05,0.9881124,1.3966502e-05,0.7801569,0.77376777,0.3079389,1.1052459e-05,0.010763223,0.18567401,0.73631644,0.003307527,0.69750386,5.540257e-06,0.7334369,0.17920326,0.79240257,0.0032722887,0.0031405797,4.589899e-06,3.4363296e-05,0.99999225,0.0053544333,0.9971674,0.14667118,0.72286344,3.8303033e-06,0.0037030848,0.010590675,0.002636492,4.21736e-06,0.7657871,0.26442444,0.7894708,1.3162056e-05,0.988653,3.0456893e-06,0.68027234,0.80733323,0.16465668,0.004550715,0.72245944,0.008599605,3.7325362e-06,1.5918295e-06,0.1614364,0.9913119,0.0035185213,0.0025337033,0.8284549,3.0338728e-05,0.0031476622,0.0017924359,2.7840497e-06,0.020871086,2.0995572e-06,0.6692019,2.8801217e-06,3.9521833e-06,0.002968103,0.0012806326,5.693273e-06,4.7836343e-06,0.0023047677,3.875823e-06,1.0443358e-05,0.12418873,0.0034672043,0.99721473,0.16408348,1.1895218e-05,5.85008e-06,0.0029839196,3.967243e-06,0.16825348,6.442478e-06,0.21424778,7.1981067e-06,0.002439037,0.00447492,0.7563953,0.0031632972
0.87364935,-0.124493916,-0.602201806,-0.41987103,0.090953555,0.187001027,-0.056978343,-0.351657411,-0.114376243,0.062003098,0.387662589,0.123085149,-0.7548615,-1.70930948,-0.310874486,1.76648488,-2.176803301,-1.866355412,1.2780507,-0.793383573,-0.115691233,0.0056325747,0.0042564054,0.96963656,7.295974e-05,8.546703e-05,0.99200493,0.388088,0.39509344,0.99318415,0.38234076,8.989287e-05,0.06603564,0.0070242696,0.0055093262,0.9925599,6.41815e-05,0.91617936,0.5878006,0.42599723,0.00022523072,0.0057297847,0.00023069911,0.38225132,0.00011837593,9.668979e-05,0.37938976,9.499512e-05,0.00016725756,0.40605432,0.43165833,0.9091874,0.75857097,0.009537366,6.692112e-05,0.84627867,6.159278e-05,6.914405e-05,0.38997933,3.771553e-05,9.081711e-05,0.0001599531,0.5665805,0.00010952133,0.00017366416,0.59924996,5.6420617e-05,3.882052e-05,0.6516406,0.0047851084,0.2312353,0.99995446,0.0001370123,6.764848e-05,0.09074952,4.4912056e-05,0.00010390175,0.6172592,0.0085569555,0.0074239196,0.96841455,0.41060957,0.34859672,0.97049505,0.3783192,6.811948e-05,0.08653935,0.00010221707,0.00018715157,0.97657657,0.000100197205,0.9159255,0.59972924,0.3570498,0.0065426608,0.41618443,7.708286e-05,0.6303117,9.526055e-05,0.00018625436,0.6013616,4.99582e-05,0.23233643,0.09171014,8.7521184e-05,5.874999e-05,0.66582376,5.714044e-05,0.35295165,0.5856172,0.37031627,0.0001302023,7.1831564e-05,0.6051558,0.00017416212,9.2546004e-05,0.5988903,5.0709376e-05,0.21703781,0.5927345,5.083759e-05,8.322426e-05,0.09330909,0.35221827,0.0064363554,0.99994886,0.40947637,0.3450229,0.9999285,0.38065878,0.008250104,0.091837406,7.64385e-05,7.075138e-05,0.99991393,0.0035934593,0.8996798,0.5937229,0.4128438,6.2417676e-05,0.3421604,0.3295251,0.9998697,0.006496826,0.22202066,0.092258684,0.000182771,0.3468211,0.634241,0.37381208,0.00018028068,0.9697721,0.00028719724,0.41776842,0.3840912,0.5746418,0.00010132396,0.29042283,0.60931313,0.35498327,0.0054527726,0.55159163,0.00019056699,0.40549573,0.61080056,0.380657,0.004535516,0.09176632,4.7413134e-05,0.00027847054,0.9999119,0.008599793,0.91549045,0.6291779,0.3813229,8.831244e-05,0.0048933867,0.26452538,0.0874734,7.8327415e-05,0.3401675,0.594037,0.36165765,0.00021569098,0.9703207,5.971291e-05,0.38870758,0.7704729,0.63391143,0.008168088,0.32921615,0.068288594,4.650734e-05,5.780679e-05,0.63031405,0.58725315,0.007317501,0.08559179,0.7456611,0.00020640554,0.09642722,0.22421697,7.7004326e-05,0.26235232,5.5920857e-05,0.62318873,0.00011773606,5.90693e-05,0.08672576,0.21078625,8.3144696e-05,0.00010617039,0.08478131,0.00010461319,0.000192244,0.5825074,0.006192814,0.91674685,0.65079933,0.0001426753,6.614518e-05,0.0044818358,5.1398816e-05,0.58934623,7.690064e-05,0.4245284,0.00010751286,0.08846021,0.007029613,0.37012473,0.005794395
-0.124902214,-0.372489106,0.840580038,-0.670906373,-0.620681017,-0.644146264,0.844549009,0.867504461,0.708862119,-0.897686091,-0.905495426,-0.723938753,1.310537798,1.437506285,0.514024891,0.223980832,0.417092024,1.410667585,-0.008604355,-0.918586692,1.337657626,8.11277e-05,5.5612247e-05,0.99653864,8.178077e-07,4.5204885e-07,0.9999043,0.002932982,0.0038999598,0.9999267,0.0038893025,8.5435886e-07,0.030033303,4.5747543e-05,9.984612e-05,0.9999422,5.0647014e-07,0.97168726,0.99489945,0.0028512133,2.2451911e-06,0.00010298578,1.6921954e-06,0.22313999,5.9460484e-07,4.834284e-07,0.26056024,5.0953377e-06,6.575145e-07,0.20790774,0.003287361,0.97371936,0.82967085,7.86437e-05,1.7157647e-06,0.22937271,1.4804705e-06,3.5963642e-06,0.22146297,1.5554783e-06,7.061423e-07,1.7004621e-06,0.99371606,1.4048518e-06,2.077883e-06,0.9941195,1.7338369e-06,1.1790451e-06,0.99428093,5.3628828e-05,0.18175165,0.99999845,1.3411162e-06,1.6304225e-06,0.027914647,1.4576319e-06,7.2647765e-07,0.99533564,4.3090782e-05,4.587371e-05,0.9972819,0.0047108107,0.00469277,0.9974751,0.0033861864,2.957811e-06,0.026727801,7.491197e-07,1.8918892e-06,0.9971179,1.0833611e-06,0.9573137,0.9964479,0.0036207167,7.096619e-05,0.004451954,8.664931e-07,0.9926766,1.4035743e-06,1.2966254e-06,0.994087,1.1206778e-07,0.18811281,0.0408021,9.953528e-07,1.5195037e-06,0.9951493,5.73723e-07,0.0037217652,0.99585116,0.0033704177,3.506976e-06,9.005326e-07,0.9942378,1.4473925e-06,1.579356e-06,0.9948985,7.60245e-07,0.17942674,0.99525803,9.785616e-07,1.1123506e-06,0.025453938,0.002823061,7.1387825e-05,0.9999989,0.003497376,0.004384334,0.99999833,0.003930123,6.185341e-05,0.03165257,1.0706037e-06,6.269244e-07,0.9999974,0.000104715386,0.95901316,0.99457586,0.003963362,1.8928223e-06,0.0027531963,0.003927617,0.9999989,5.9905804e-05,0.18203814,0.022956906,3.34889e-06,0.0043134755,0.9960277,0.0035289226,2.725776e-06,0.99784625,2.0660568e-06,0.004360057,0.0029981819,0.9962232,6.977318e-07,0.16128659,0.9941847,0.0034983098,4.526364e-05,0.025290603,9.761616e-07,0.0038373016,0.99516135,0.0048906333,6.4267064e-05,0.035157226,1.909479e-06,3.3955403e-06,0.99999774,0.00011188671,0.9621568,0.9948724,0.0045257737,2.201572e-06,5.1237665e-05,0.17341554,0.025144694,5.81196e-07,0.0048005017,0.9966911,0.0032725765,4.010824e-06,0.9974559,3.99953e-07,0.0040289727,0.15907285,0.99515754,7.4042626e-05,0.0033101155,0.032236457,2.1808114e-06,1.0682213e-06,0.99652356,0.7447328,4.500166e-05,0.037008096,0.15990475,3.0447252e-06,0.031045668,0.19646254,4.249085e-07,0.17408937,5.931018e-07,0.032064088,1.1147645e-06,3.0669785e-06,0.03806367,0.19556168,1.927188e-06,8.0078235e-07,0.031942286,2.2490829e-06,2.6430546e-06,0.99469095,2.8249588e-05,0.9724053,0.99425346,2.6652813e-06,2.3944922e-06,9.27692e-05,7.9514183e-07,0.9951049,1.4510578e-06,0.96668595,3.316731e-06,0.029422516,9.7543634e-05,0.0032133532,0.000105205516
-1.373091668,0.495494059,1.069020496,0.516703422,-0.158666853,-0.245549548,0.006840269,0.319014642,0.153746479,-0.004557827,-0.329880405,-0.153216851,-0.117908502,0.723119926,0.279916481,-1.500669641,1.835612656,0.69619144,0.196156574,0.623898985,-0.946946841,0.0024309037,0.0018891142,0.9038011,0.00017031372,0.00023700036,0.9968689,0.15959159,0.15648666,0.99757284,0.15860713,0.00025137773,0.09731531,0.0023695675,0.0024502024,0.99726933,0.00021093553,0.8991596,0.5990461,0.13802628,0.0006846113,0.0023124097,0.0005644673,0.7097324,0.0002016884,0.00036244388,0.85239685,0.0003910448,0.0003822586,0.8627841,0.10979145,0.85693187,0.28014526,0.0025369062,0.00028278097,0.9656751,0.00034808254,0.00029950496,0.7139926,0.00015098737,0.0002682027,0.0007020048,0.65159297,0.00026184358,0.0005043518,0.62991256,0.00017605619,0.00013648147,0.6289745,0.0029153633,0.44216457,0.9998442,0.00050762715,0.00028896576,0.122567676,0.0002247875,0.00019412096,0.6237398,0.0021647299,0.0030895567,0.8838431,0.12894447,0.13848929,0.9134364,0.16553728,0.0004078446,0.12754354,0.00040649675,0.00056199625,0.9089517,0.00037553272,0.7302406,0.84726447,0.13249251,0.0023409307,0.117503755,0.0003924677,0.6523705,0.0003356052,0.00048167404,0.62654513,0.00012573421,0.53217304,0.09778677,0.00017004191,0.00018232678,0.63916475,0.0001788865,0.14837849,0.8809628,0.14246799,0.000622477,0.0003236669,0.63300204,0.0003169922,0.00030588915,0.6566522,0.00015109222,0.49193326,0.62413204,0.00031469978,0.00023206093,0.14512502,0.11763758,0.0025938868,0.9998155,0.11604384,0.15824282,0.9997769,0.12610172,0.003091364,0.12715214,0.00034390992,0.00024278405,0.9998116,0.0019068134,0.86130524,0.635343,0.1251317,0.00028576603,0.11489592,0.12847939,0.99935824,0.0022861746,0.72813284,0.13375477,0.0005382662,0.13548125,0.850741,0.16388358,0.00049921183,0.91890436,0.00087101746,0.14406466,0.1596969,0.8703766,0.00019296905,0.7348686,0.61103237,0.108969375,0.0027093594,0.38574746,0.0003199476,0.1472213,0.6400457,0.13561109,0.0025049737,0.12560064,0.00021308514,0.00087637536,0.99977595,0.00184319,0.8888486,0.6516302,0.1521055,0.00025419443,0.0020769374,0.7733108,0.118275136,0.00033737096,0.13186291,0.8297431,0.15772867,0.0007480789,0.9120954,0.0002114337,0.13508324,0.9239713,0.61365765,0.0022344582,0.12180473,0.08881959,0.00017120467,0.00025103524,0.5833792,0.12727678,0.002058436,0.1307781,0.9166841,0.0005493158,0.111993946,0.510617,0.00010047304,0.4368578,0.00013905994,0.4073757,0.00023311518,0.00021657792,0.13239335,0.4882383,0.00027950603,0.00038318455,0.12875727,0.00035345156,0.00071287726,0.6167261,0.0026959518,0.85695744,0.68742716,0.0007352585,0.00021301323,0.0015932574,7.822023e-05,0.63216716,0.00017764432,0.34653863,0.0005292941,0.10844354,0.002066651,0.13374245,0.0019479295
0.624011459,0.743489249,-1.191337725,0.671978002,0.950665534,0.991003472,-0.958998265,-1.27423445,-1.157746945,1.022742758,1.331190336,1.213415314,-0.761034631,-0.823186615,-0.63461014,-0.535550733,-0.216763579,-0.593747525,-1.589563331,0.60912131,-0.096517988,0.0007970595,0.0004929016,0.9988668,1.9004696e-08,4.2214378e-08,0.9995072,0.01502485,0.01705298,0.999268,0.012036779,8.260587e-08,0.0076601454,0.00045635723,0.00054330006,0.9993831,2.6689099e-08,0.98981047,0.98847467,0.012896073,1.0482031e-07,0.0006498713,2.5580686e-08,0.009689237,1.3077646e-07,5.265994e-08,0.015787132,1.1309548e-07,4.8137743e-08,0.014556113,0.011642362,0.99742836,0.987575,0.00066782156,4.6415714e-08,0.10196241,3.3616715e-08,6.590614e-08,0.010538703,2.4150253e-08,2.3139602e-08,2.8027827e-08,0.98813057,1.02750754e-07,5.0262166e-08,0.98555124,5.1141793e-08,3.1294743e-08,0.9885903,0.0003978494,0.030056788,1.0,1.1284592e-08,8.818527e-08,0.0027681552,2.4626669e-08,6.1477344e-08,0.98935366,0.00067227567,0.0008212579,0.9989403,0.011655312,0.015816113,0.99860793,0.01121452,3.1245953e-08,0.0037786178,2.1345151e-08,7.969945e-08,0.9982596,3.1522028e-08,0.9939767,0.9866876,0.010249681,0.000701019,0.012139356,1.3493015e-08,0.9847723,7.809727e-08,7.3835594e-08,0.98817635,2.4205224e-08,0.008135468,0.004192466,6.9173986e-08,4.8637222e-08,0.9870364,4.5875307e-08,0.013247002,0.987722,0.013061463,5.7483145e-08,9.1936645e-09,0.98673856,5.930254e-08,4.7219007e-08,0.9866269,6.054928e-08,0.008847234,0.98699796,7.7968645e-09,2.654978e-08,0.0033333753,0.011561593,0.00034242173,1.0,0.015512434,0.011776122,1.0,0.011376785,0.0007275461,0.0031452405,2.815234e-08,4.1116866e-08,0.9999999,0.0005377108,0.9960867,0.9849893,0.011460653,1.4242632e-08,0.011625294,0.016084827,1.0,0.00057885016,0.011047148,0.0035864746,1.192771e-07,0.011777743,0.9852063,0.0148913525,6.076586e-08,0.99824023,7.1957146e-08,0.013211266,0.013551709,0.9888101,4.8623214e-08,0.0158628,0.98871243,0.012032646,0.00043072167,0.08818115,7.4847e-08,0.015805384,0.98769987,0.015750978,0.00047753716,0.0029413693,2.4604507e-08,1.2805612e-07,0.9999999,0.0009961345,0.99704033,0.9862547,0.0125319855,2.95061e-08,0.00057816476,0.010212823,0.0032716373,2.3164949e-08,0.013621758,0.986342,0.017623285,5.7543808e-08,0.99823534,1.31187e-08,0.015442225,0.15222016,0.98810345,0.0006522214,0.013247314,0.006113425,5.379205e-08,1.3507228e-08,0.9882207,0.98661035,0.0002991933,0.0037668378,0.14666228,2.1963223e-07,0.0036141928,0.00881792,8.624586e-08,0.03114134,1.4942072e-08,0.09153241,1.5560994e-08,4.260808e-08,0.0036911098,0.00777623,5.908059e-08,5.3978695e-08,0.0034251737,1.9381526e-08,2.6343269e-08,0.98311687,0.0008977927,0.99671555,0.9864158,6.353067e-08,4.605424e-08,0.0004403325,5.789357e-08,0.9883072,4.2750695e-08,0.9293074,6.764301e-08,0.003223857,0.0013617196,0.019047402,0.00045684667
-8.33e-05,0.346696945,-0.602201806,0.10469146,0.401496494,0.478014887,-0.208821733,-0.453110661,-0.424564421,0.234304291,0.508652479,0.487980706,-1.032102502,-1.693778195,-0.925322839,0.453296871,-1.562693071,-1.461041709,-0.017904661,-1.397578249,0.319454676,0.009365724,0.0058900914,0.98723245,9.7744e-06,1.6842847e-05,0.991452,0.18976471,0.20095049,0.99149066,0.16951111,2.0009213e-05,0.0523829,0.007931684,0.0071390904,0.99074274,1.2576565e-05,0.9339634,0.80311286,0.19119114,2.836302e-05,0.008061797,2.3353785e-05,0.12882124,2.6812077e-05,1.9820698e-05,0.13261263,2.0273546e-05,2.1410679e-05,0.14400695,0.18694872,0.9529004,0.9353131,0.010934352,1.2152522e-05,0.56490684,1.0032199e-05,1.4093287e-05,0.14002451,7.271872e-06,1.1106017e-05,1.5748297e-05,0.8341477,2.0207612e-05,2.080774e-05,0.78943276,1.1939053e-05,9.629343e-06,0.8366984,0.00634299,0.1130893,0.99998987,1.3216457e-05,1.561572e-05,0.04631914,8.503453e-06,2.1991982e-05,0.83436924,0.009891967,0.010420196,0.98628426,0.18646659,0.16523054,0.9856899,0.16673079,1.0259452e-05,0.047038276,1.1553901e-05,3.1667696e-05,0.9877884,1.2639365e-05,0.9563816,0.8242981,0.17782076,0.0089959055,0.18200819,9.3880535e-06,0.830411,1.7385046e-05,2.8168803e-05,0.82733667,9.924119e-06,0.059514143,0.04797548,2.378785e-05,1.2830766e-05,0.84058595,1.1082656e-05,0.18557452,0.8070481,0.20935442,2.1940952e-05,9.827986e-06,0.83105403,2.2108077e-05,1.2554037e-05,0.81713665,1.13330125e-05,0.057944868,0.83262455,6.026107e-06,9.967284e-06,0.045582615,0.18940854,0.006817246,0.99999034,0.22684523,0.20145413,0.99999034,0.18481633,0.0094793085,0.0471582,1.3958113e-05,1.5875792e-05,0.99998426,0.0065440587,0.95021325,0.8287151,0.18820554,8.240998e-06,0.18156324,0.19283704,0.9999875,0.009519689,0.05548594,0.045753494,2.8502498e-05,0.18581758,0.8206997,0.20236573,2.5438392e-05,0.9854409,3.5913938e-05,0.2159867,0.17787541,0.8073691,1.9773915e-05,0.07582352,0.81979996,0.18857084,0.0062563904,0.40974858,2.69869e-05,0.19822304,0.8408856,0.20514876,0.006408322,0.04206286,7.072185e-06,5.1020008e-05,0.99998295,0.010590985,0.9567765,0.84085244,0.16308984,1.5650337e-05,0.007218145,0.0646001,0.04418161,1.1941081e-05,0.20096684,0.8319783,0.21849695,2.5912761e-05,0.9872679,8.356792e-06,0.18973075,0.47410548,0.82744896,0.009755244,0.17362908,0.05614043,1.0911638e-05,7.4497866e-06,0.840022,0.85914433,0.0067536333,0.05227679,0.42483553,4.1277333e-05,0.05000477,0.06572842,1.8246481e-05,0.134861,7.935185e-06,0.4311279,1.1729044e-05,1.1184042e-05,0.04674299,0.048896905,1.7724074e-05,1.8695966e-05,0.04693961,1.3897492e-05,2.0865526e-05,0.8094653,0.009480894,0.95734113,0.8314811,2.345281e-05,1.3396767e-05,0.006917229,1.1409748e-05,0.81398356,1.485186e-05,0.60300916,1.7590577e-05,0.04644453,0.010514417,0.22412318,0.0069550727
0.998468296,-0.719682372,-0.121274525,-0.027642019,-0.342961569,-0.412737578,-0.128533476,0.211724963,0.219464689,0.145729077,-0.240183227,-0.255953655,0.725267674,1.271926214,0.920296214,-0.190175369,1.277627091,0.955323874,0.912425949,0.240997215,-1.079832565,0.002461502,0.0034507874,0.9672345,7.058567e-05,3.3786066e-05,0.9968681,0.16059817,0.1540674,0.9971643,0.18273981,4.2103387e-05,0.115249574,0.0024715166,0.0022749265,0.99742305,4.919285e-05,0.8878856,0.75861317,0.15438375,0.00016954182,0.0026567893,0.00013787545,0.35047024,5.4033237e-05,4.361542e-05,0.35750243,0.000100582896,0.00010668868,0.3863467,0.16646612,0.86990315,0.74340683,0.0021886649,8.398868e-05,0.617651,6.590705e-05,8.3406434e-05,0.3258267,3.718536e-05,6.320406e-05,0.00014711959,0.7799701,0.00010418938,0.00013449836,0.7765008,5.562238e-05,6.087263e-05,0.77766764,0.0020966658,0.17326443,0.99995375,8.122214e-05,6.250172e-05,0.1251453,2.9955212e-05,3.7537873e-05,0.7502555,0.0029041118,0.0030182737,0.9523416,0.18420708,0.12833014,0.9679952,0.15370934,9.680142e-05,0.11882142,6.2890336e-05,0.0001601225,0.9630937,5.7953606e-05,0.85086566,0.8601256,0.13949528,0.0036753959,0.1373657,6.6352775e-05,0.773807,5.6495992e-05,0.00013413641,0.7712329,2.1779368e-05,0.1626025,0.106214985,7.471188e-05,4.9975544e-05,0.8069911,4.1615865e-05,0.17457584,0.8460915,0.16095054,0.00014083581,6.775952e-05,0.76724344,9.455238e-05,6.7328554e-05,0.7720189,4.856115e-05,0.1725076,0.76031166,8.334307e-05,8.9617184e-05,0.11582705,0.14510274,0.0029124704,0.9999504,0.14770937,0.15843262,0.9999105,0.15490888,0.0023262769,0.09767681,5.3845488e-05,5.0946008e-05,0.9998903,0.001912866,0.897242,0.7474818,0.12818617,5.829371e-05,0.1651181,0.15328035,0.99987006,0.002203171,0.23988235,0.123553,0.0001882711,0.16854103,0.8260073,0.17397372,0.00015022696,0.9684299,0.0002165649,0.15899862,0.15687741,0.84247655,7.5923075e-05,0.21301666,0.7897923,0.15704554,0.0026923146,0.31104782,7.4142314e-05,0.17611384,0.7597548,0.1539665,0.002009884,0.10996531,8.838834e-05,0.0001242961,0.99994814,0.0027607896,0.89270484,0.7480557,0.16978918,6.3790685e-05,0.0024344584,0.2236788,0.12725309,5.6189947e-05,0.13397028,0.82960105,0.14378595,0.00019887458,0.96875453,4.505529e-05,0.18413156,0.49122983,0.79606724,0.0026761782,0.124176085,0.099171646,5.8418926e-05,4.817945e-05,0.81131804,0.635577,0.002545731,0.1213344,0.48274857,0.00014427527,0.11407763,0.15951666,3.3631797e-05,0.13971642,3.8888626e-05,0.32800633,0.00010194713,5.9806545e-05,0.096561395,0.1504044,4.9914004e-05,7.098622e-05,0.11390263,0.00010196152,0.0001276076,0.758976,0.002260927,0.8739894,0.7902411,0.00011783939,5.6278383e-05,0.0025762194,3.2750893e-05,0.77303296,5.1887353e-05,0.57914317,0.00010121224,0.12156456,0.002835947,0.14880002,0.0027873735
-0.49935905,-0.248491511,1.561970959,-0.617189262,-0.105689939,-0.094622247,0.772846958,0.475592903,0.380750097,-0.857556937,-0.517888558,-0.417343975,1.345638515,0.599118956,-0.205491043,1.302806458,-1.498571744,0.852001651,-0.551428748,0.42533851,1.813995943,0.00014907341,0.00012682166,0.96321326,8.441544e-06,6.051077e-06,0.99984586,0.0015447696,0.0019455521,0.9998759,0.0022536223,1.1265428e-05,0.09104913,9.67359e-05,0.0003202204,0.9998709,6.146085e-06,0.9181232,0.9919002,0.0013190077,2.3818518e-05,0.000303971,1.1384206e-05,0.83341485,5.8329606e-06,8.296173e-06,0.9156198,3.1754607e-05,8.928594e-06,0.9033527,0.0013508467,0.92930484,0.1053624,0.00017655885,1.4001708e-05,0.8606921,1.3111669e-05,3.5890553e-05,0.79938614,1.6582075e-05,8.462816e-06,2.494129e-05,0.9871976,8.82046e-06,3.1978274e-05,0.9921789,1.9315825e-05,1.0152003e-05,0.9915388,0.00010209189,0.7419603,0.99998415,1.0371263e-05,1.790743e-05,0.10832516,2.5362211e-05,8.4452e-06,0.99331,8.4926454e-05,0.00015909855,0.97212976,0.0025295636,0.0022810933,0.97675306,0.0015488998,2.5237885e-05,0.09077429,1.8137756e-05,1.2177662e-05,0.96671283,1.1397328e-05,0.8039341,0.99837095,0.0013448431,0.00012706265,0.0024485432,1.0937121e-05,0.9875144,9.61667e-06,1.2621695e-05,0.98678976,1.7642323e-06,0.7806299,0.12278436,3.876899e-06,1.3755403e-05,0.99179596,9.817953e-06,0.0020477332,0.9985299,0.0015587179,2.38505e-05,9.800123e-06,0.99116874,8.622926e-06,2.1418686e-05,0.99273634,5.8576056e-06,0.8015757,0.9935028,1.685821e-05,1.0885841e-05,0.084468916,0.0008997152,0.00015034777,0.9999913,0.0015899418,0.0023561812,0.99998236,0.0018718588,0.0001577559,0.09051511,9.252455e-06,6.1026076e-06,0.9999776,0.0002008714,0.909169,0.99201775,0.0022177072,3.0119349e-05,0.0009906975,0.0018407756,0.9999914,0.00011289455,0.88391024,0.0800417,3.35049e-05,0.0025661844,0.9980564,0.0015282924,1.8484094e-05,0.97319174,2.4440918e-05,0.0028556078,0.0015122758,0.9981516,5.551353e-06,0.86938965,0.9923949,0.001457337,0.00012095743,0.025354426,1.0826982e-05,0.0018812992,0.99127334,0.0028533072,0.00010835145,0.10022458,1.2039073e-05,2.114101e-05,0.99997616,0.00020175033,0.903065,0.9914169,0.0020993294,2.6347388e-05,0.00013075347,0.8768312,0.10194386,1.01709375e-05,0.0026801787,0.9985642,0.001446323,4.2691576e-05,0.9771802,8.9814575e-06,0.0024338055,0.811843,0.9924177,0.0001199101,0.0011847628,0.0902512,2.6799831e-05,1.414572e-05,0.99448216,0.083877556,7.8994635e-05,0.1179983,0.8012376,1.3824472e-05,0.113419674,0.7956112,6.3290618e-06,0.7662384,5.23607e-06,0.03512485,1.1566248e-05,2.8900631e-05,0.106925406,0.78022283,2.1091857e-05,1.2458659e-05,0.106062524,1.7123422e-05,2.135723e-05,0.99249774,5.0677958e-05,0.92080104,0.98954433,2.0479292e-05,2.1645112e-05,0.00017584262,5.6421086e-06,0.9906933,1.0838047e-05,0.91275674,4.4010667e-05,0.10721429,0.00019865,0.001684588,0.00021104941
0.374373568,-0.248491511,0.299536846,-0.923544325,-1.298026745,-1.313593358,0.807201536,1.188527695,1.216509486,-0.817070902,-1.190894903,-1.207344181,-0.00078125,0.53603727,1.366706167,0.381901225,1.179498019,-0.213236897,1.567502059,1.058719007,-0.407663978,0.00018858984,0.0001397349,0.99853814,5.1856375e-07,3.6668868e-07,0.99984276,0.011351077,0.015641138,0.99984026,0.01320345,6.423475e-07,0.018741485,0.000111539535,0.00020343105,0.9998373,3.3914452e-07,0.97898084,0.9900017,0.013671719,1.6537432e-06,0.00017502932,1.3167743e-06,0.042288266,4.4052183e-07,2.8142094e-07,0.032777477,4.7820927e-06,5.6271637e-07,0.026227938,0.015085617,0.98512626,0.98236805,0.00014597764,1.2898865e-06,0.08132061,1.2457426e-06,2.5444035e-06,0.052944243,8.385222e-07,5.1237083e-07,9.930158e-07,0.99050003,1.4585387e-06,8.7537956e-07,0.98949945,1.1416162e-06,8.8194486e-07,0.9894063,0.00012487882,0.039767098,0.9999989,1.0018173e-06,1.3209224e-06,0.015515864,6.234419e-07,5.7035703e-07,0.9904226,0.00011299599,7.145185e-05,0.9985759,0.016204825,0.015926871,0.9987571,0.013976125,2.0102268e-06,0.018371565,3.486663e-07,1.7982909e-06,0.9986308,6.853572e-07,0.9826239,0.984768,0.01682213,0.00015766897,0.018796,6.5655263e-07,0.9871334,1.253753e-06,1.1313361e-06,0.9882409,9.659188e-08,0.02665065,0.021278596,1.4720487e-06,9.990656e-07,0.99114615,3.9266632e-07,0.0150609445,0.9818293,0.013339575,2.3627483e-06,9.539954e-07,0.98893845,1.0072567e-06,7.9961626e-07,0.9896904,7.7792185e-07,0.029731331,0.99044025,6.459165e-07,6.4187293e-07,0.0195916,0.015601395,0.00015284221,0.9999989,0.013984663,0.016287405,0.9999989,0.0133961,0.0001032566,0.020373588,7.272554e-07,4.879607e-07,0.99999785,0.00025264831,0.9798426,0.9893026,0.013488387,8.2309225e-07,0.015016244,0.0159571,0.99999917,0.0001660741,0.019183053,0.011498336,2.0934433e-06,0.016374223,0.98437655,0.01519589,2.508597e-06,0.9992472,2.3125076e-06,0.01619402,0.012280955,0.9863247,7.342522e-07,0.016133735,0.98801404,0.017078472,0.00010643912,0.055740386,5.94161e-07,0.014460717,0.9906075,0.01653258,0.00017017167,0.018388297,1.6246936e-06,2.8288794e-06,0.9999988,0.00021396097,0.97874475,0.9902867,0.0150666265,1.406215e-06,0.00013288953,0.020004578,0.012462411,3.7077479e-07,0.015835453,0.98619604,0.014269099,2.7205017e-06,0.9986187,2.359082e-07,0.013399151,0.057475183,0.99055403,0.00014500818,0.015913172,0.022781985,1.5825508e-06,5.2036705e-07,0.9916745,0.9698779,0.0001310193,0.019673903,0.0490388,4.111133e-06,0.01410635,0.02956991,3.378252e-07,0.03553004,4.541558e-07,0.06088611,7.2750925e-07,1.6853539e-06,0.019561531,0.034978922,1.3808193e-06,7.4035125e-07,0.016743377,1.6578725e-06,2.7859833e-06,0.9888911,8.856729e-05,0.9841955,0.9863002,1.5762848e-06,1.971077e-06,0.00021447445,6.5415827e-07,0.9899547,1.3631558e-06,0.9630421,1.8630984e-06,0.016449094,0.00022713475,0.012878991,0.00022594805
