instance,label,x1,x2,x3,x4,x5,x6,x7,x8,x9,x10,x11,x12,x13,x14,x15,x16,x17,x18,x19,x20,x21,x22,x23,x24,x25,x26,x27,x28,x29,x30,x31,x32,x33,x34,x35,x36,x37,x38,x39,x40,x41,x42,x43,x44,x45,x46,x47,x48,x49,x50,x51,x52,x53,x54,x55,x56,x57,x58,x59,x60,x61,x62,x63,x64,x65,x66,x67,x68,x69,x70,x71,x72,x73,x74,x75,x76,x77,x78,x79,x80,x81,x82,x83,x84,x85,x86,x87,x88,x89,x90,x91,x92,x93,x94,x95,x96,x97,x98,x99,x100,x101,x102,x103,x104,x105,x106,x107,x108,x109,x110,x111,x112,x113,x114,x115,x116,x117,x118,x119,x120,x121,x122,x123,x124,x125,x126,x127,x128,x129,x130,x131,x132,x133,x134,x135,x136,x137,x138,x139,x140,x141,x142,x143,x144,x145,x146,x147,x148,x149,x150,x151,x152,x153,x154,x155,x156,x157,x158,x159,x160,x161,x162,x163,x164,x165,x166,x167,x168,x169,x170,x171,x172,x173,x174,x175,x176,x177,x178,x179,x180,x181,x182,x183,x184,x185,x186,x187,x188,x189,x190,x191,x192,x193,x194,x195,x196,x197,x198,x199,x200,x201,x202,x203,x204,x205,x206,x207,x208,x209,x210
1202,6,0.005349956,0.003682828,0.9617749,0.00000796,0.0000155,0.9942173,0.94432056,0.9526909,0.9948526,0.95274186,0.0000142,0.029736215,0.004727847,0.002859913,0.99265975,0.0000132,0.96501464,0.01929904,0.9472281,0.0000332,0.005797995,0.000122867,0.02653949,0.0000104,0.0000241,0.085852206,0.0000168,0.0000256,0.07213521,0.96414334,0.97682244,0.970037,0.007072825,0.0000109,0.9866496,0.00000674,0.00000779,0.028250568,0.00000354,0.0000291,0.0000437,0.014823172,0.0000269,0.0000214,0.017129008,0.00000575,0.00000748,0.026892439,0.005067996,0.029664805,0.99999535,0.0000165,0.0000117,0.017982697,0.00000178,0.0000113,0.018253304,0.00748068,0.005491886,0.9601054,0.95791215,0.9271646,0.96907055,0.9509593,0.000015,0.015351748,0.00000764,0.0000894,0.9756025,0.0000156,0.9431354,0.04683546,0.96641415,0.004876762,0.9636553,0.0000261,0.015272922,0.0000183,0.0000349,0.017100668,0.00000753,0.00500969,0.02168636,0.0000374,0.00000657,0.020415781,0.00000997,0.9519672,0.038296204,0.9566613,0.0000382,0.0000245,0.018307023,0.0000368,0.0000139,0.018939873,0.00000816,0.006802659,0.016518762,0.0000145,0.0000126,0.01726159,0.9634756,0.007149911,0.9999877,0.9647473,0.9522567,0.99999,0.96820116,0.007663246,0.021106511,0.0000146,0.0000113,0.99998665,0.003953989,0.98112905,0.019074716,0.9511944,0.00000607,0.95122373,0.94401574,0.9999567,0.008648862,0.033698104,0.016909285,0.0000406,0.95390886,0.050817363,0.9582556,0.0000867,0.96230114,0.0000983,0.9533476,0.96008706,0.03514313,0.0000584,0.043479763,0.022440258,0.95802975,0.005769454,0.9337634,0.0000185,0.9536824,0.015576847,0.95799387,0.003328234,0.023281144,0.00000787,0.000149928,0.9999851,0.007298352,0.9779588,0.018142346,0.9534288,0.0000155,0.004453986,0.038872093,0.021509953,0.0000222,0.95367324,0.03643558,0.95463514,0.000038,0.96670336,0.0000105,0.9521323,0.9699479,0.019295061,0.00505424,0.9422876,0.03436508,0.00000819,0.00000552,0.024443867,0.9272149,0.007458578,0.018757178,0.96763647,0.000079,0.026483092,0.005424939,0.00000708,0.04197731,0.000008,0.94123495,0.000018,0.00000777,0.021946918,0.003936598,0.0000142,0.0000178,0.018820427,0.0000294,0.0000787,0.016890066,0.004959734,0.9786952,0.022325203,0.0000275,0.0000161,0.004023766,0.00000622,0.016254654,0.0000125,0.022615062,0.0000196,0.02533926,0.004588925,0.94425017,0.004943394
1203,5,0.000117306,0.0000699,0.9995345,7.23E-09,1.11E-08,0.9999274,0.002931815,0.002378972,0.9998795,0.002762044,2.41E-08,0.008267409,0.0000602,0.0000688,0.9999012,8.61E-09,0.9878221,0.99887484,0.002145225,3.18E-08,0.000120852,7.26E-09,0.038049757,4.76E-08,1.48E-08,0.039962444,3.91E-08,1.91E-08,0.040695652,0.002899531,0.99451965,0.96801823,0.0000952,2.07E-08,0.11848544,1.77E-08,3.24E-08,0.034205545,1.29E-08,7.58E-09,1.16E-08,0.99801445,3.72E-08,2.86E-08,0.99861276,2.07E-08,0.000000011,0.9984848,0.000062,0.06243983,1,4.73E-09,0.000000031,0.006133926,1.02E-08,1.37E-08,0.99879277,0.00012018,0.000150361,0.99960965,0.002262306,0.002928585,0.99946517,0.002120285,1.84E-08,0.007277597,9.76E-09,0.000000021,0.9993593,1.49E-08,0.9924711,0.99768317,0.001803086,0.000098,0.00216401,4.49E-09,0.9977998,3.01E-08,2.67E-08,0.9981244,7.99E-09,0.036377735,0.007941934,1.15E-08,1.78E-08,0.99815756,1.76E-08,0.002082568,0.9974413,0.001987379,2.23E-08,1.74E-09,0.9982405,2.15E-08,2.48E-08,0.9985044,2.59E-08,0.04390915,0.9980501,1.95E-09,1.56E-08,0.007617085,0.001634279,0.0000548,1,0.002356131,0.001343395,1,0.001631223,0.0000899,0.00604721,9.01E-09,1.36E-08,1,0.0000559,0.9921038,0.99831223,0.001902725,6.72E-09,0.001215651,0.002145631,1,0.0000739,0.03367912,0.007924228,3.42E-08,0.002072188,0.9974718,0.002169334,1.24E-08,0.99941814,2.11E-08,0.001635626,0.002114394,0.99788433,9.12E-09,0.051242657,0.998538,0.001324485,0.0000811,0.035628464,3.56E-08,0.002912686,0.9980623,0.002459783,0.0000829,0.006612846,1.34E-08,3.08E-08,1,0.000166396,0.9934909,0.99779785,0.002281824,7.07E-09,0.0000889,0.030943144,0.005531017,7.04E-09,0.001522729,0.99643445,0.002627943,1.87E-08,0.99925,4.54E-09,0.003289871,0.15676779,0.9983216,0.0000861,0.001746894,0.007613558,2.66E-08,6.21E-09,0.99854636,0.95518863,0.0000552,0.006443348,0.15892226,6.19E-08,0.007034475,0.039709155,3.64E-08,0.05348438,5.15E-09,0.04828854,6.91E-09,2.15E-08,0.00764595,0.037412267,1.99E-08,1.62E-08,0.005258913,5.22E-09,4.48E-09,0.9975815,0.000140525,0.9931942,0.99809843,0.000000018,1.84E-08,0.0000499,1.64E-08,0.9983675,1.05E-08,0.96567076,3.14E-08,0.005884962,0.000195246,0.002246323,0.0000628
1204,5,0.00000527,0.0000017,0.9998814,5.86E-09,4.06E-09,0.99999547,0.002045592,0.002865958,0.99999213,0.002590607,5.49E-09,0.003301468,0.00000293,0.00000807,0.99999607,1.69E-09,0.99792767,0.998486,0.002066539,2.98E-08,0.00000811,1.85E-08,0.014099203,4.45E-09,4.68E-09,0.012559938,9.75E-08,4.54E-09,0.008650121,0.002728999,0.99893206,0.99102825,0.00000611,1.99E-08,0.057183936,1.89E-08,5.31E-08,0.027502155,1.38E-08,5.67E-09,9.7E-09,0.99757034,2.16E-08,1.11E-08,0.9985184,0.000000024,1.17E-08,0.9982774,0.00000336,0.045367096,1,1.47E-08,2.21E-08,0.001695357,1.12E-08,4.29E-09,0.9983367,0.00000306,0.00000208,0.9998951,0.002828571,0.003564333,0.9999169,0.002158567,5.11E-08,0.002276844,4.1E-09,2.44E-08,0.99990046,1.33E-08,0.99799144,0.9969963,0.002917621,0.0000067,0.004353814,5.36E-09,0.9975115,0.000000019,1.23E-08,0.99754447,5.22E-10,0.033499572,0.003702263,1.66E-08,1.75E-08,0.9986847,3.79E-09,0.002191049,0.9964455,0.002616514,5.17E-08,4.61E-09,0.99816567,1.88E-08,2.18E-08,0.998741,7.39E-09,0.028219655,0.9984456,2.88E-09,8.08E-09,0.00249085,0.002868437,0.00000377,1,0.002832717,0.003399477,1,0.002813588,0.0000042,0.002154736,7.92E-09,4.62E-09,1,0.000007,0.997566,0.99829894,0.00247532,1.07E-08,0.001958539,0.002906759,1,0.00000432,0.01347048,0.001161012,3.82E-08,0.003327232,0.99638593,0.001807029,3.04E-08,0.99995196,1.65E-08,0.003533033,0.002054638,0.9971951,5.82E-09,0.012730467,0.9982875,0.002163646,0.00000309,0.013512298,7.24E-09,0.002208887,0.998718,0.00423365,0.00000381,0.002801091,0.000000026,6.11E-08,1,0.00000666,0.9975834,0.99787915,0.003299018,1.69E-08,0.00000334,0.014666528,0.001296863,3.11E-09,0.004131582,0.9969139,0.002319082,5.43E-08,0.9999243,1.15E-09,0.002287432,0.05907334,0.9984464,0.00000406,0.002652312,0.002812904,2.51E-08,5.94E-09,0.9987967,0.98793775,0.00000337,0.003201966,0.04599296,7.32E-08,0.001368419,0.027636614,3.47E-09,0.03949318,4.31E-09,0.014310177,4.76E-09,3.11E-08,0.003843177,0.029514339,2.09E-08,6.74E-09,0.00182182,2.87E-08,3.37E-08,0.9981681,0.00000219,0.9980483,0.9976653,2.63E-08,3.46E-08,0.00000511,1.01E-08,0.99840313,2.08E-08,0.9920106,4.26E-08,0.001193333,0.0000073,0.002090205,0.00000931
1205,5,0.00000255,0.00000118,0.9999614,3.91E-12,5.97E-12,0.9999993,7.51E-08,9.73E-08,0.99999917,5.52E-08,8.56E-11,0.18095846,0.000000659,0.00000148,0.9999988,7.62E-12,0.8582355,1,1.45E-08,7.83E-12,0.00000416,2.2E-12,0.6773933,2.25E-10,1.67E-11,0.70448184,1.1E-10,1.35E-11,0.69202584,8.11E-08,0.7949333,0.65061706,0.00000174,1.99E-11,0.38129765,1.38E-10,4.2E-10,0.71941847,6.78E-11,2.36E-12,1.27E-11,0.9999999,9.62E-12,2.16E-10,1,1.06E-10,1.78E-11,1,0.00000153,0.3389961,1,3.71E-12,2.55E-11,0.19107895,5.54E-11,1.85E-11,1,0.00000138,0.00000228,0.99997544,4.85E-08,8.02E-08,0.9999596,4.14E-08,9.82E-11,0.16790983,8.68E-11,3.33E-12,0.99991715,5.93E-11,0.8136124,0.9999999,9.15E-08,0.00000114,5.45E-08,2.65E-12,0.9999999,3.73E-11,1.87E-11,0.9999999,1.48E-11,0.4250386,0.21501273,1.66E-12,5.79E-11,1,9.11E-11,4.27E-08,0.9999999,4.58E-08,3.05E-11,3.12E-14,0.9999999,4.36E-11,5.83E-11,1,2.64E-11,0.39365166,0.9999999,7.56E-13,7.75E-11,0.20992862,7.84E-08,0.00000138,1,3.36E-08,1.86E-08,1,1.59E-08,0.000000742,0.21304713,1.63E-11,4.56E-11,1,0.000000364,0.7991586,1,6.13E-08,1.41E-11,8.35E-09,6.64E-08,1,0.000000608,0.30943084,0.19805574,3.06E-11,8.01E-08,1,0.000000104,1.72E-12,0.9999721,1.42E-11,1.89E-08,2.73E-08,1,1.77E-12,0.26947573,1,3.05E-08,0.00000193,0.004067966,2.01E-10,0.000000146,0.99999976,0.000000075,0.00000124,0.17188577,3.32E-11,9.94E-12,1,0.00000454,0.76263994,0.9999999,4.03E-08,1.81E-12,0.00000105,0.32444453,0.17899124,7.04E-12,0.000000026,0.99999964,9.07E-08,1.28E-11,0.99990296,9.11E-12,8.08E-08,0.0750777,0.9999999,0.00000049,7.59E-08,0.20329452,8.35E-11,5.36E-11,0.9999999,0.34239775,0.00000138,0.19091778,0.091106996,4.08E-11,0.2137604,0.36536083,2.8E-10,0.33162665,3.65E-12,0.004776911,9.04E-12,7.61E-11,0.23562384,0.39334276,4.82E-11,1.92E-11,0.17636144,2.57E-12,4.58E-13,1,0.00000377,0.8233833,0.9999999,2.87E-11,3.76E-11,0.000000967,3.72E-11,1,3.48E-12,0.99400723,5.83E-11,0.19729777,0.00000482,2.65E-08,0.00000195
1206,2,0.000000677,0.000000388,0.77601033,1.16E-09,3.35E-09,0.9999994,0.001449238,0.001332599,0.9999993,0.001617177,6.98E-09,0.001770011,0.000000106,0.00000107,0.9999995,1.51E-09,0.9977406,0.8334055,0.000995905,1.17E-08,0.00000122,6.36E-09,0.50688624,1.42E-09,4.6E-09,0.9844476,1.23E-08,3.75E-09,0.9851837,0.000769862,0.9988493,0.005525367,0.000000886,4.18E-09,0.9928122,4.48E-09,1.04E-08,0.5473971,4.51E-09,2.43E-09,1.01E-08,0.8224172,1.75E-09,1.86E-08,0.8477452,9.95E-09,1.99E-09,0.86887485,0.000000349,0.636257,1,2.5E-09,6.18E-09,0.002203704,7.67E-09,1.23E-09,0.90174896,0.000000261,0.000000706,0.82456553,0.002203659,0.00114913,0.8419148,0.001012744,9.1E-09,0.001820575,3.96E-09,4.88E-09,0.81403416,5.31E-09,0.78198564,0.9990068,0.000615412,0.00000039,0.001149034,3.48E-09,0.83589005,5.68E-09,4.5E-09,0.79433256,2.4E-10,0.7520873,0.004536748,5.97E-10,3.6E-09,0.8565057,2.17E-09,0.000909721,0.9991322,0.000846737,1.94E-08,1.51E-09,0.8754943,5.03E-09,1.23E-08,0.8484227,8.84E-10,0.7216149,0.88908476,2.93E-09,2.21E-09,0.001214582,0.000284622,0.000000354,1,0.00094965,0.001060044,1,0.001249171,0.000000651,0.002918607,1.63E-09,1.3E-09,1,0.000000586,0.9977984,0.86454535,0.00147932,5.61E-09,0.000484355,0.000840569,1,0.000000487,0.99113244,0.001741138,1.62E-08,0.000794632,0.99863094,0.000711072,7.23E-09,0.81359273,8.12E-09,0.001682396,0.000708189,0.99855536,2.58E-09,0.9940844,0.8710094,0.000608317,0.000000276,0.003814052,5.38E-09,0.001153303,0.84965163,0.00119047,0.000000188,0.002608903,2.33E-09,1.44E-08,1,0.00000103,0.9965533,0.86356425,0.001121761,4.05E-09,0.000000334,0.99136645,0.001981888,3.88E-09,0.00128299,0.9991611,0.000679089,1.54E-08,0.82141066,3.72E-09,0.001416089,0.99251515,0.8652963,0.000000367,0.000715353,0.002848583,9.35E-09,4.45E-09,0.8824935,0.008796757,0.000000133,0.002291,0.99076253,5.38E-09,0.002439631,0.748173,1.01E-09,0.6193985,1.39E-09,0.008040551,1.13E-09,1.35E-08,0.003047002,0.7552523,8.91E-09,5.56E-09,0.002910703,3.98E-09,1.11E-08,0.8752198,0.000000199,0.9979462,0.8283711,7.3E-09,8.05E-09,0.000000381,1.54E-09,0.8256441,3.99E-09,0.7572597,2.32E-08,0.002564237,0.000000538,0.00150983,0.000000706
1208,5,0.000170272,0.00012576,0.9987564,4.99E-08,5.41E-08,0.9998747,0.001375496,0.001026015,0.9997962,0.001081287,0.000000159,0.03024765,0.0000979,0.000116566,0.99986327,5.54E-08,0.9594312,0.9994918,0.000931011,0.000000154,0.000209293,4.43E-08,0.17979957,0.000000307,9.52E-08,0.16478257,0.000000288,0.000000109,0.17912509,0.001233998,0.96858996,0.8879491,0.000161239,0.000000129,0.13963614,0.000000128,0.00000022,0.15876038,0.000000112,3.74E-08,6.58E-08,0.9991166,0.000000138,0.000000277,0.99924433,0.000000145,8.72E-08,0.9992231,0.000114305,0.13645871,0.9999999,3.91E-08,0.000000113,0.033959363,7.64E-08,8.51E-08,0.9993099,0.000208969,0.000250113,0.99877113,0.000934159,0.001183305,0.99852896,0.000782835,0.000000142,0.033790566,9.18E-08,0.0000001,0.9982899,0.00000012,0.9724237,0.99898416,0.000692493,0.000174582,0.000700263,3.53E-08,0.9989754,0.000000171,0.000000164,0.99903107,0.000000058,0.11080525,0.03514643,4.16E-08,0.000000128,0.9992077,0.000000114,0.000831362,0.9989887,0.000802168,0.000000135,8.6E-09,0.99902916,0.000000159,0.000000131,0.9993267,0.00000013,0.13635893,0.9990627,1.53E-08,0.000000124,0.031831678,0.000745904,0.000105048,0.9999999,0.000850952,0.000557916,1,0.000537864,0.000148084,0.03033226,0.00000006,0.000000109,0.99999976,0.0000842,0.96485347,0.99925727,0.000810843,5.45E-08,0.000560109,0.000942217,0.9999999,0.000117057,0.11653268,0.03323598,0.000000177,0.000941064,0.9988397,0.00094599,6.11E-08,0.99835265,0.000000118,0.000719495,0.000804547,0.99913687,3.95E-08,0.13134624,0.99938285,0.000571826,0.00012821,0.033836514,0.000000214,0.00141393,0.9989968,0.001003377,0.000111236,0.02902022,8.98E-08,0.000000123,0.9999999,0.000248087,0.9712412,0.99898,0.001032091,3.52E-08,0.000149945,0.0944868,0.030959003,4.67E-08,0.000690831,0.99833053,0.001095386,9.95E-08,0.99813396,5.14E-08,0.001461319,0.12672794,0.9990233,0.000144701,0.000827101,0.031162834,0.000000131,6.28E-08,0.9992244,0.8100584,0.00011803,0.03344579,0.12176698,0.0000002,0.037386786,0.12849188,0.000000199,0.11945179,4.06E-08,0.04766357,0.000000056,0.000000149,0.02970881,0.12443157,0.000000138,0.000000103,0.02811506,3.99E-08,1.83E-08,0.99901843,0.000231145,0.9691872,0.99907815,0.000000119,9.75E-08,0.000103448,8.37E-08,0.999193,4.59E-08,0.96878135,0.000000157,0.030847017,0.000260321,0.000988623,0.000128678
1209,6,0.001723978,0.004606602,0.99097836,0.00000538,0.00000216,0.9985154,0.014454937,0.018048162,0.9987457,0.021658093,0.00000484,0.1326045,0.001679387,0.002745958,0.9983297,0.00000256,0.84314626,0.98322046,0.024232741,0.00000968,0.002367741,0.00000912,0.055524766,0.00000299,0.00000125,0.05248346,0.0000259,0.0000057,0.03245077,0.024296528,0.9062038,0.98257196,0.001256153,0.00000877,0.041597255,0.00000704,0.0000221,0.05755972,0.00000362,0.00000375,0.00000895,0.97950065,0.00000797,0.00000645,0.9849338,0.0000119,0.00000983,0.97751653,0.001114641,0.019350253,0.99999225,0.00000493,0.00000843,0.10270729,0.00000321,0.00000372,0.9728449,0.001614719,0.000704256,0.98894763,0.025191765,0.021069538,0.99015146,0.019228278,0.0000125,0.13453525,0.00000259,0.00000971,0.9875848,0.00000267,0.89903164,0.97946197,0.023921696,0.001745157,0.02496427,0.00000473,0.97313404,0.00000529,0.000011,0.97711664,0.00000136,0.010244655,0.1327761,0.0000154,0.00000811,0.98099595,0.00000421,0.032078434,0.9738244,0.018027019,0.0000103,0.00000779,0.971457,0.00000463,0.00000572,0.9786542,0.00000622,0.018275538,0.9818193,0.00000992,0.000006,0.09974757,0.03262744,0.002158289,0.99999344,0.020675745,0.023956036,0.99998474,0.023662334,0.001021298,0.10249988,0.00000381,0.00000414,0.9999715,0.00316281,0.9306517,0.9713336,0.02266113,0.00000508,0.025835196,0.02956129,0.99999356,0.001811314,0.017001638,0.07115479,0.0000169,0.038530137,0.97749025,0.02536969,0.0000184,0.99371135,0.0000299,0.019376528,0.01907311,0.984686,0.0000096,0.009113335,0.975838,0.041674204,0.003135091,0.12272702,0.00000266,0.024629865,0.9730306,0.020658093,0.001664082,0.08166395,0.0000149,0.00000891,0.99999607,0.002745645,0.89089733,0.9742784,0.025560463,0.00000828,0.002003354,0.013591895,0.09220933,0.00000353,0.021466158,0.98218936,0.015401107,0.0000178,0.988313,0.00000292,0.016406026,0.028486216,0.9816985,0.001205255,0.025082761,0.15240698,0.0000143,0.00000272,0.9800642,0.9652674,0.001755485,0.10105808,0.018166663,0.0000229,0.09655715,0.012209714,0.00000445,0.01985182,0.00000314,0.103583984,0.00000818,0.0000113,0.0919706,0.014460915,0.00000552,0.00000797,0.10365274,0.0000126,0.0000221,0.98263955,0.00102856,0.9082254,0.96891934,0.00000744,0.0000104,0.003992057,0.00000428,0.9818102,0.00000743,0.9047038,0.0000123,0.1181612,0.003478569,0.024304938,0.003273647
1210,1,0.015105807,0.013009575,0.96317756,0.000721894,0.001344756,0.98116827,0.07408408,0.059410032,0.9879931,0.0758873,0.00096866,0.49421775,0.015959146,0.018117739,0.98567384,0.000960912,0.48941612,0.9104122,0.07015328,0.002625361,0.014532165,0.00271668,0.902824,0.000900017,0.001367204,0.86154443,0.002137735,0.002433421,0.8409957,0.05865446,0.41354325,0.6935534,0.012470712,0.001061117,0.8774044,0.001172675,0.001787191,0.8728828,0.000628134,0.000812467,0.002069022,0.9132606,0.001226002,0.002163959,0.9227138,0.000866873,0.000894231,0.9123889,0.021952897,0.50434035,0.99923944,0.003825697,0.000863717,0.54758215,0.001489683,0.001166084,0.89279956,0.011376238,0.014476254,0.9569229,0.06585978,0.09166614,0.9666104,0.10626325,0.002550663,0.59955776,0.002072745,0.002944201,0.95954376,0.001701891,0.60253346,0.92625827,0.11005647,0.011653676,0.087761275,0.00152308,0.9018392,0.000963827,0.002301708,0.92071825,0.000753261,0.38490984,0.5055061,0.001385864,0.00090215,0.9027319,0.000886759,0.120438844,0.9389915,0.10873593,0.002698345,0.001689937,0.9060056,0.001047807,0.000842468,0.91008633,0.000582295,0.4021811,0.8944822,0.001182226,0.001001595,0.61568266,0.10241071,0.017756646,0.99908006,0.08737434,0.109727174,0.9990049,0.10442833,0.019459445,0.5585749,0.001835485,0.001662993,0.9988752,0.016895806,0.39420468,0.8954595,0.066381656,0.001662391,0.09437504,0.11682712,0.99680233,0.013424578,0.37784034,0.62931615,0.001521917,0.10834762,0.9181992,0.11574034,0.00268892,0.9712441,0.005592985,0.08840545,0.12696004,0.94566655,0.000853811,0.30822378,0.9058302,0.09840424,0.01708571,0.57870203,0.001077467,0.066564344,0.9090109,0.10045576,0.01882513,0.5398307,0.00102148,0.005024679,0.99925,0.012098665,0.47337487,0.90308833,0.089386895,0.001948169,0.015096609,0.35869598,0.5547013,0.001886846,0.10806059,0.9116178,0.11753906,0.004318283,0.96541584,0.000975504,0.052778028,0.49502093,0.9006642,0.014218228,0.10547264,0.47168264,0.000641957,0.00110674,0.8773027,0.14769052,0.016377872,0.5291965,0.5443215,0.002635962,0.5389964,0.38814506,0.000481675,0.440322,0.000645134,0.48797294,0.001209354,0.000937215,0.58812183,0.40559286,0.001489774,0.001690544,0.5310853,0.002397509,0.005164792,0.9067802,0.011692817,0.37469643,0.9222347,0.003318655,0.000929242,0.011560324,0.000361016,0.91150504,0.000650873,0.45159128,0.001684045,0.47196713,0.010545766,0.09502529,0.014607577
1211,6,0.001490557,0.001112814,0.99799514,0.00000163,0.00000322,0.99907935,0.60637033,0.60267216,0.9985455,0.5997934,0.00000275,0.006572526,0.001260742,0.001596638,0.99848,0.00000101,0.9961165,0.43216598,0.6010535,0.0000133,0.001277934,0.0000106,0.002493073,0.00000217,0.00000263,0.003003211,0.00000622,0.00000331,0.002106601,0.59521025,0.9990369,0.99626946,0.001296633,0.00000539,0.5129662,0.00000287,0.00000385,0.003973206,0.00000106,0.00000447,0.00000388,0.4172174,0.0000255,0.00000123,0.41524395,0.00000242,0.00000159,0.4213443,0.001433087,0.007307955,0.9999957,0.00000398,0.000011,0.001424689,0.00000109,0.00000328,0.4536885,0.001186169,0.000620596,0.9979849,0.59606683,0.63543516,0.99758554,0.61375445,0.00000396,0.001636906,0.00000102,0.0000112,0.9974904,0.00000231,0.9933814,0.379586,0.574543,0.001375027,0.5981466,0.00000281,0.4395382,0.00000631,0.0000053,0.45227692,0.000000796,0.002630953,0.002601318,0.0000162,0.00000187,0.4205834,0.00000166,0.58330053,0.38799646,0.5981193,0.0000112,0.00000525,0.43634224,0.00000482,0.0000035,0.4333737,0.00000344,0.002865839,0.42437866,0.00000262,0.00000226,0.002059396,0.5999126,0.001115528,0.9999956,0.5773009,0.6096575,0.999997,0.5884928,0.001106152,0.002618351,0.000003,0.00000204,0.9999927,0.001282565,0.9980586,0.46326613,0.5807062,0.00000157,0.5908405,0.5617587,0.9999975,0.001590973,0.003899621,0.001213496,0.0000167,0.58619547,0.37910995,0.58580196,0.0000204,0.9983553,0.0000166,0.5996679,0.5900507,0.3855928,0.0000101,0.003371406,0.44839507,0.5775394,0.000981885,0.5392805,0.00000308,0.56687474,0.43744305,0.6073618,0.001293579,0.002167313,0.00000261,0.0000237,0.9999907,0.001397006,0.99817073,0.44912517,0.628713,0.00000537,0.001311731,0.003998219,0.001452251,0.00000263,0.5959656,0.40975282,0.60091066,0.000014,0.9981542,0.000000626,0.6192133,0.5315937,0.44121048,0.001004514,0.5901945,0.003727332,0.00000397,0.00000105,0.44050255,0.9972922,0.0011964,0.002116189,0.5198809,0.00005,0.001323401,0.002704267,0.00000189,0.007690417,0.00000158,0.5668957,0.00000181,0.00000273,0.001910667,0.002781766,0.00000452,0.00000457,0.001886085,0.00000485,0.0000306,0.44790286,0.001039611,0.99799865,0.43625385,0.00000709,0.00000495,0.001246945,0.00000376,0.43836364,0.00000547,0.47815666,0.00000695,0.001612333,0.001643036,0.58578837,0.001822565
1212,6,0.001830097,0.000937408,0.9987783,3.99E-08,0.000000182,0.99832386,0.96681935,0.9615181,0.99835443,0.9635255,5.88E-08,0.000976797,0.000936291,0.000874536,0.9984711,7.95E-08,0.99920815,0.012808058,0.96862835,0.00000109,0.001134828,0.000000685,0.0000488,9.47E-08,0.000000301,0.000209395,0.000000222,0.00000017,0.000188707,0.9638954,0.9999616,0.9997631,0.001371894,0.000000177,0.8697535,8.74E-08,6.18E-08,0.0000601,1.76E-08,0.000000562,0.000000268,0.013432217,0.00000182,4.55E-08,0.016201153,0.000000092,6.49E-08,0.016156677,0.001329751,0.003162027,0.9999999,4.33E-08,0.000000536,0.0000438,1.17E-08,0.00000013,0.023940098,0.001347763,0.001881127,0.9991079,0.9617036,0.97108465,0.99922204,0.9704715,0.000000146,0.0000386,2.82E-08,0.00000142,0.99924374,0.000000108,0.99893814,0.045509502,0.9817313,0.001229369,0.9865106,0.000000181,0.023786373,0.00000036,0.000000261,0.016244555,6.43E-08,0.0000545,0.0000562,0.000000792,7.82E-08,0.016735403,0.000000102,0.97434074,0.034397677,0.9774369,0.000000322,0.000000306,0.01964241,0.000000165,0.000000121,0.01992274,0.00000017,0.0000466,0.017744865,0.000000118,4.96E-08,0.0000679,0.97946596,0.00089942,0.99999976,0.9794478,0.9800498,0.9999999,0.98465836,0.002193138,0.00011415,0.000000136,6.31E-08,0.9999999,0.001541732,0.99985826,0.016706457,0.96616614,0.000000025,0.9759878,0.9801338,0.9999999,0.001694577,0.000312106,0.000083,0.000000906,0.9776589,0.053700306,0.9809018,0.00000107,0.999171,0.00000056,0.9860772,0.98678756,0.038802255,0.000000683,0.000439806,0.020055955,0.9766842,0.001052779,0.9085232,0.000000136,0.9731901,0.028681522,0.9812408,0.001320993,0.000064,9.07E-08,0.00000275,0.99999964,0.001968663,0.9999232,0.01959195,0.96418244,0.000000129,0.001218801,0.000457994,0.0000413,0.000000105,0.972234,0.031102257,0.98241144,0.000000761,0.99892277,5.79E-08,0.9552336,0.91937447,0.018414145,0.001733771,0.9775959,0.000503574,8.37E-08,2.03E-08,0.016190888,0.9998022,0.001105675,0.0000494,0.95123345,0.00000276,0.0000622,0.0000617,6.28E-08,0.002525205,3.63E-08,0.87250936,5.55E-08,8.57E-08,0.0000828,0.000041,0.000000219,0.000000124,0.0000426,9.13E-08,0.0000012,0.011603234,0.001026525,0.9999299,0.021470385,0.000000422,0.00000017,0.000771422,0.000000117,0.019770088,0.000000274,0.08506583,0.000000208,0.0000567,0.00170285,0.9798553,0.000785376
1213,6,0.004740424,0.003054972,0.99435884,0.0000218,0.0000518,0.99653095,0.6211568,0.5654343,0.9953799,0.58219063,0.0000369,0.015822103,0.005196078,0.004179743,0.99421126,0.0000216,0.9907794,0.42552942,0.59939724,0.000135538,0.003336703,0.000092,0.015057791,0.0000328,0.0000469,0.015398272,0.0000877,0.0000476,0.014592161,0.6154115,0.99596715,0.98027873,0.00491597,0.0000741,0.5287912,0.0000549,0.0000478,0.019116327,0.000015,0.0000415,0.0000478,0.44376096,0.000161576,0.0000254,0.46783668,0.0000309,0.000029,0.44456905,0.004385867,0.025420379,0.9999497,0.0000579,0.000104693,0.005120269,0.0000196,0.0000545,0.4739408,0.00411161,0.003049915,0.9929095,0.607806,0.6022679,0.9926565,0.575054,0.000058,0.005709642,0.0000231,0.000127032,0.99314994,0.0000426,0.9832296,0.44360033,0.5358029,0.004549976,0.52166474,0.0000384,0.49339104,0.0000731,0.0000647,0.45297647,0.0000151,0.014800251,0.006923738,0.000109746,0.0000265,0.4575421,0.0000171,0.5430384,0.40734985,0.58332324,0.00011874,0.000069,0.4913607,0.0000546,0.0000282,0.42884898,0.0000404,0.015126828,0.4975303,0.0000278,0.0000264,0.007175425,0.6109788,0.003044538,0.99994457,0.5904354,0.58983505,0.99996793,0.55896986,0.004152245,0.008383077,0.0000495,0.0000322,0.9999392,0.004738278,0.9939844,0.5076521,0.58659595,0.0000244,0.5988716,0.5452834,0.99994934,0.004919438,0.017403465,0.004790986,0.000114985,0.5272511,0.45452914,0.57412666,0.000142316,0.9946726,0.000132786,0.60674953,0.5680318,0.36313424,0.0000713,0.016852789,0.4754595,0.565102,0.003121986,0.5456631,0.0000374,0.56455934,0.5015225,0.5486496,0.004518458,0.007075413,0.0000344,0.000227567,0.9999219,0.003548771,0.99435693,0.48659816,0.5675576,0.000053,0.004230346,0.01931453,0.005346237,0.0000368,0.5901923,0.44945127,0.56605613,0.000116532,0.99465454,0.0000139,0.6217703,0.50368685,0.40102488,0.004720217,0.6260028,0.010878993,0.0000463,0.0000161,0.46928394,0.9825378,0.004554129,0.007071264,0.4877717,0.000300797,0.004786373,0.018547857,0.0000315,0.03148331,0.0000264,0.50051206,0.0000255,0.0000294,0.005920261,0.017693749,0.0000478,0.0000671,0.006849423,0.0000539,0.000181525,0.4540205,0.004362939,0.99241513,0.4546992,0.0000761,0.0000531,0.004459647,0.0000285,0.4444662,0.0000487,0.54202926,0.0000721,0.006287864,0.003476495,0.5604172,0.004568219
1215,5,0.001870391,0.001499374,0.90853643,0.00000157,0.00000134,0.99732155,0.00090135,0.001116201,0.99776196,0.000681185,0.00000402,0.15769193,0.002558123,0.001798679,0.9978828,0.0000014,0.79911506,0.99458057,0.000519892,0.0000055,0.002214841,0.00000194,0.75538653,0.00000818,0.00000372,0.9315401,0.00000249,0.00000269,0.9465595,0.000868699,0.9175356,0.11502408,0.00265779,0.00000131,0.821566,0.00000493,0.00000369,0.7748636,0.00000319,0.00000104,0.00000229,0.99130124,0.000000933,0.0000138,0.9918778,0.0000033,0.00000143,0.9930352,0.001542631,0.7405549,0.9999976,0.00000369,0.00000279,0.07875483,0.00000552,0.00000345,0.9937086,0.00224542,0.002595949,0.91113317,0.00081732,0.000889983,0.92698276,0.000739972,0.00000276,0.0839012,0.0000111,0.00000152,0.92188615,0.00000918,0.5358554,0.9990477,0.001713343,0.002704927,0.001177498,0.000000682,0.992897,0.0000017,0.00000292,0.9921802,0.00000276,0.6377284,0.09524751,0.000000519,0.00000476,0.9945128,0.00000267,0.001027102,0.9990928,0.001039103,0.00000436,0.00000016,0.99043286,0.00000972,0.00000377,0.9963737,0.000000992,0.6987949,0.986728,0.000000308,0.00000338,0.09766548,0.001739135,0.001917718,0.9999987,0.001060573,0.001015825,0.9999987,0.000875601,0.002614722,0.10109659,0.00000289,0.0000053,0.9999982,0.000710812,0.8969126,0.9936579,0.00069078,0.00000218,0.000511155,0.000901,0.99999726,0.001954587,0.8692494,0.06938464,0.00000409,0.001418034,0.99904245,0.001868778,0.000000838,0.92518896,0.00000234,0.001119057,0.001103616,0.9993567,0.000000824,0.9096834,0.9930454,0.000870372,0.001721216,0.115040146,0.00000863,0.001307033,0.99011725,0.00107331,0.001490963,0.099461004,0.00000248,0.00000287,0.999997,0.001808639,0.89227086,0.99291784,0.000630651,0.000000903,0.001889263,0.9017734,0.08171784,0.000002,0.001048694,0.99867094,0.001689904,0.00000374,0.905546,0.00000202,0.001092005,0.6195373,0.9929501,0.002184874,0.001234162,0.23644033,0.00000214,0.00000424,0.99167985,0.05511819,0.002232219,0.09415159,0.617455,0.00000292,0.08102971,0.7340331,0.00000712,0.71508014,0.00000093,0.06841593,0.00000257,0.00000455,0.09317957,0.64521945,0.00000188,0.00000203,0.11279984,0.00000139,0.000000699,0.9929639,0.002421978,0.90268886,0.99190897,0.00000934,0.00000111,0.00122198,0.00000189,0.9924529,0.000000859,0.7392219,0.00000281,0.099488005,0.002578078,0.001024431,0.001358847
1216,5,0.007669706,0.009939848,0.9937589,0.0000061,0.00000879,0.9956964,0.7160134,0.7356422,0.9955318,0.71081996,0.00000964,0.017627165,0.007816788,0.011216106,0.9913464,0.00000387,0.9833376,0.29257986,0.69927335,0.0000516,0.006598121,0.0000448,0.00334418,0.00000757,0.00000569,0.005336152,0.0000122,0.0000154,0.003427316,0.695629,0.9967642,0.99529296,0.005092556,0.0000158,0.6501006,0.00000729,0.0000117,0.004635356,0.00000201,0.0000166,0.0000221,0.22623892,0.0000752,0.00000406,0.29576597,0.0000064,0.00000577,0.25026637,0.007936717,0.005375726,0.99998987,0.0000116,0.0000413,0.004285189,0.00000382,0.0000148,0.22991927,0.006511197,0.003147429,0.9946255,0.708923,0.7467711,0.99303985,0.7264924,0.000008,0.005444778,0.00000375,0.0000291,0.98979807,0.00000538,0.9784393,0.2679396,0.75031954,0.004882015,0.73919046,0.0000104,0.21834245,0.0000172,0.0000189,0.22102794,0.00000378,0.001469062,0.007022989,0.0000676,0.00000522,0.22035967,0.00000911,0.7755434,0.3026314,0.7020056,0.000022,0.0000332,0.20128526,0.0000107,0.00000948,0.27224582,0.0000111,0.002166456,0.27657074,0.0000184,0.00000711,0.005556961,0.79087895,0.007914694,0.99998426,0.72767025,0.7026497,0.9999815,0.7444491,0.00457272,0.005858569,0.0000093,0.00000597,0.99996626,0.007936748,0.99620986,0.22262332,0.7233774,0.00000428,0.7388386,0.7351892,0.9999932,0.006552435,0.003630051,0.003608501,0.0000648,0.7781695,0.2532299,0.78050625,0.0000838,0.9950854,0.000104039,0.70541584,0.696021,0.31678182,0.0000542,0.002432914,0.23388784,0.7752104,0.007286932,0.7928338,0.0000102,0.7285456,0.23736612,0.7326579,0.008620673,0.004719581,0.00000798,0.0000643,0.9999839,0.007522961,0.99563485,0.26109144,0.7237427,0.0000242,0.007376093,0.003420137,0.004113217,0.0000119,0.7358854,0.28788424,0.774868,0.0000641,0.9930555,0.00000301,0.6838744,0.6534392,0.27404466,0.005326121,0.7457938,0.015276457,0.0000107,0.00000273,0.20765024,0.9964972,0.007636039,0.005729676,0.6413396,0.000186836,0.004443586,0.001607042,0.00000884,0.007117718,0.00000627,0.76324594,0.00000911,0.00000748,0.0042251,0.001465169,0.00000866,0.0000235,0.005010418,0.0000176,0.000149491,0.27472863,0.006207346,0.99565256,0.23532115,0.0000219,0.0000115,0.009517261,0.0000124,0.27022633,0.0000181,0.23048964,0.0000238,0.006226005,0.010641697,0.7723244,0.010517339
1217,5,0.000258906,0.000178063,0.9999012,7.41E-10,4.08E-09,0.9999038,0.025624609,0.02415933,0.9997857,0.031528566,5.88E-09,0.000876499,0.000100703,0.000108461,0.9997973,1.73E-09,0.9990907,0.9882004,0.028959468,9.52E-09,0.000122934,1.6E-09,0.000119781,5.63E-09,5.04E-09,0.000228605,0.000000021,2.43E-09,0.000169874,0.021585317,0.9998865,0.9996728,0.000121404,6.13E-09,0.027627282,2.83E-09,7.84E-09,0.000106762,1.2E-09,2.49E-09,1.92E-09,0.98605716,0.000000029,2.3E-09,0.9900081,5.07E-09,3.64E-09,0.9818018,0.000136762,0.001372392,1,3.96E-10,0.000000019,0.000105159,7.6E-10,4.18E-09,0.9875909,0.000143354,0.000170215,0.9999229,0.020293592,0.03526343,0.9999107,0.024834342,4.25E-09,0.000160748,7.4E-10,1.04E-08,0.99982435,2.24E-09,0.9992747,0.976255,0.014927083,0.000158187,0.022156617,1.38E-09,0.9780964,1.24E-08,5.58E-09,0.98641634,1.43E-09,0.000132743,0.000185143,1.23E-08,3.17E-09,0.9790501,3.89E-09,0.024857506,0.9781738,0.018044027,5.81E-09,8.28E-10,0.983584,2.69E-09,3.23E-09,0.98512506,9.19E-09,0.000189158,0.98833126,5.91E-10,1.65E-09,0.000147275,0.02390558,0.0000594,1,0.015782636,0.016726563,1,0.02157301,0.000185985,0.000169433,2.65E-09,2.6E-09,1,0.000211823,0.99974126,0.98608065,0.016529473,4.94E-10,0.02538365,0.02642163,1,0.000190351,0.000308459,0.000152161,1.43E-08,0.024290243,0.97396165,0.02321699,7.03E-09,0.9998696,6.64E-09,0.015114465,0.021341871,0.981585,4.52E-09,0.000352628,0.98660254,0.026472624,0.000126109,0.051170677,3.84E-09,0.020411767,0.98462534,0.02732723,0.000169195,0.000171085,2.02E-09,2.24E-08,1,0.000283894,0.9998573,0.98359364,0.027397186,1.99E-09,0.000193585,0.00021385,0.000136218,2.1E-09,0.016427739,0.9784694,0.025958696,4.13E-09,0.99980706,6.39E-10,0.022375412,0.05486445,0.98632556,0.000116969,0.02461319,0.000636604,8.27E-09,4.37E-10,0.98464286,0.99984574,0.0000808,0.000151568,0.05053266,5.27E-08,0.000155977,0.000182284,5.14E-09,0.001269479,7.47E-10,0.072222374,6.48E-10,3.77E-09,0.000208087,0.00011018,7.25E-09,5.15E-09,0.000157565,9.17E-10,3.32E-09,0.9817892,0.000212553,0.9997714,0.9796942,5.97E-09,5.1E-09,0.000107018,5.69E-09,0.98821867,3.87E-09,0.9551425,8.95E-09,0.000148631,0.000334139,0.029934539,0.00012087
1218,5,0.000146966,0.000137536,0.999801,1.88E-08,2.79E-08,0.999941,0.063311175,0.0824573,0.99987614,0.07788778,4.89E-08,0.003453921,0.000104554,0.000193353,0.999859,6.65E-09,0.99783474,0.9567233,0.08370269,0.000000153,0.000155293,0.000000101,0.000524056,2.47E-08,1.37E-08,0.000501393,0.000000247,2.57E-08,0.000276548,0.0709962,0.9996031,0.99963117,0.0000858,0.000000075,0.060230464,4.93E-08,0.000000127,0.001215283,2.19E-08,3.27E-08,4.09E-08,0.9391308,0.000000314,1.57E-08,0.9577751,7.17E-08,3.17E-08,0.94053864,0.000109529,0.001786983,0.9999999,0.000000047,0.000000206,0.000756516,0.000000017,3.37E-08,0.9383373,0.0000956,0.0000234,0.9997824,0.07348503,0.10947821,0.9997383,0.08376382,0.000000123,0.000987309,8.02E-09,0.000000144,0.99970263,2.49E-08,0.9979395,0.8971238,0.10371611,0.0000924,0.09780559,4.02E-08,0.93856114,0.000000109,0.000000084,0.9446068,4.81E-09,0.000308156,0.001665181,0.000000333,3.46E-08,0.94153744,1.93E-08,0.08850233,0.9092527,0.06982044,0.000000158,6.46E-08,0.92995983,0.000000054,4.73E-08,0.95538163,6.62E-08,0.000564327,0.949784,2.93E-08,2.47E-08,0.001277332,0.106713824,0.00011168,0.9999999,0.07053488,0.08183041,1,0.086667284,0.0000669,0.00123491,2.73E-08,2.33E-08,0.99999976,0.000195501,0.9992567,0.9499019,0.075363696,1.89E-08,0.092001885,0.08079172,1,0.000148893,0.000347625,0.000504754,0.000000277,0.09602377,0.89761424,0.08609764,0.000000303,0.999876,0.000000268,0.07636942,0.07524174,0.91915596,0.00000012,0.000297228,0.93871987,0.09887971,0.000101328,0.13732918,0.00000002,0.06432776,0.9391685,0.09070712,0.000141103,0.001000957,6.08E-08,0.000000285,0.9999999,0.00015003,0.99910694,0.9520681,0.091180615,0.00000008,0.000116339,0.000468598,0.00055868,0.000000021,0.08291906,0.9250463,0.08287119,0.000000238,0.99978703,5.54E-09,0.06506697,0.05081134,0.95427656,0.00006,0.10299262,0.002597766,0.000000125,1.42E-08,0.93073267,0.99966776,0.000133774,0.001150059,0.038445614,0.00000113,0.000531552,0.000434063,2.63E-08,0.001595649,2.21E-08,0.138068,2.34E-08,8.18E-08,0.000966522,0.000448993,8.33E-08,5.94E-08,0.000918351,8.86E-08,0.00000057,0.94974494,0.0000755,0.999131,0.93601483,8.28E-08,0.000000135,0.000149186,0.000000069,0.9507689,0.000000111,0.90922225,0.000000137,0.000845111,0.000233947,0.092501044,0.000247441
1219,1,0.000211025,0.000130771,0.9794257,0.000011,0.0000112,0.99980444,0.015293151,0.01283871,0.99980336,0.016004737,0.0000159,0.041955385,0.000119821,0.000240149,0.99983406,0.0000105,0.9602168,0.9651378,0.011726097,0.0000374,0.000254841,0.0000219,0.7165826,0.0000115,0.0000153,0.8038415,0.0000455,0.0000167,0.8104353,0.012472051,0.9503841,0.2337429,0.000223194,0.0000206,0.80959916,0.0000165,0.0000314,0.71845895,0.0000188,0.0000106,0.0000261,0.9612138,0.0000141,0.0000395,0.96636224,0.0000204,0.0000118,0.9685006,0.000142737,0.6265956,0.999982,0.0000215,0.0000167,0.059955258,0.0000219,0.0000102,0.9756718,0.000133447,0.000232364,0.98001695,0.016275933,0.013079639,0.9825707,0.012698683,0.0000344,0.055673253,0.0000173,0.0000276,0.98316354,0.0000194,0.91526353,0.98749954,0.010129035,0.000196437,0.011798645,0.0000159,0.9665368,0.0000183,0.0000223,0.9621819,0.00000276,0.70711195,0.0625467,0.00000825,0.0000144,0.9721653,0.00000923,0.011410478,0.98782027,0.012463586,0.0000404,0.0000138,0.97022074,0.00002,0.0000244,0.96596056,0.00000963,0.6964997,0.97048855,0.0000137,0.0000147,0.059669748,0.007205022,0.000166178,0.9999883,0.010295009,0.013077694,0.99998486,0.012829769,0.000204153,0.06897834,0.0000143,0.0000123,0.9999814,0.000189299,0.9312279,0.9677853,0.01274484,0.0000309,0.008783243,0.011060717,0.99998236,0.000168373,0.773964,0.06409708,0.000032,0.011619553,0.98688406,0.011990025,0.000027,0.9831677,0.0000325,0.016145516,0.012201998,0.98565465,0.00000859,0.7717731,0.9699284,0.009062177,0.000122416,0.050485566,0.0000206,0.01246429,0.9729322,0.013105012,0.000118494,0.07083277,0.0000169,0.0000447,0.9999727,0.00020491,0.93612266,0.97023934,0.014366831,0.0000205,0.00015309,0.7722192,0.06487707,0.0000129,0.015062948,0.9862071,0.011399693,0.0000534,0.9844965,0.0000123,0.014119712,0.76419353,0.9700445,0.000190363,0.00873191,0.045920666,0.0000208,0.0000192,0.9757711,0.15615544,0.000108205,0.064991616,0.7689739,0.0000236,0.060659107,0.7192009,0.00000679,0.6123676,0.00000852,0.072622225,0.000014,0.0000281,0.0760537,0.704961,0.00003,0.0000166,0.06360021,0.0000241,0.0000277,0.96726674,0.00010829,0.93824065,0.9712063,0.000031,0.0000271,0.000143248,0.00000713,0.9659516,0.000017,0.8864375,0.0000433,0.05101942,0.00016252,0.012604055,0.000197734
1221,5,0.07105928,0.049993057,0.9720125,0.000000865,0.000004,0.94739664,0.0513273,0.049944695,0.94360715,0.035693828,0.00000258,0.43316483,0.044822827,0.08912006,0.94054365,0.00000144,0.5482411,0.86098635,0.04229049,0.00000324,0.04837838,0.00000266,0.14072794,0.00000445,0.0000028,0.20900925,0.00000203,0.00000423,0.20504473,0.032131195,0.8698048,0.99174374,0.059933767,0.00000113,0.45385832,0.000000861,0.00000183,0.16137137,0.00000057,0.000000916,0.00000122,0.8914703,0.00000348,0.00000194,0.8214122,0.00000215,0.000000856,0.86393934,0.041642394,0.10150235,0.9999981,0.00000145,0.00000282,0.11944564,0.00000152,0.00000508,0.88079447,0.049518727,0.05674591,0.9709725,0.041998174,0.045877367,0.968597,0.042924423,0.00000152,0.18347533,0.00000138,0.00000493,0.95658594,0.0000014,0.68702835,0.9629743,0.12257806,0.061640743,0.13002416,0.000000681,0.84182894,0.00000109,0.00000475,0.86383516,0.0000013,0.004069535,0.1964741,0.00000663,0.00000146,0.86884475,0.00000184,0.14754997,0.95831615,0.15633382,0.00000413,0.00000121,0.8685501,0.00000256,0.00000132,0.8390605,0.00000086,0.004099748,0.87691975,0.000000726,0.000000591,0.17577094,0.113477066,0.045099158,0.9999987,0.14723995,0.1622387,0.99999833,0.11772213,0.05320343,0.14947096,0.00000132,0.00000346,0.99999785,0.054513488,0.8237775,0.8078338,0.03496349,0.00000111,0.12295394,0.1710705,0.9999993,0.04404936,0.005697046,0.17799175,0.0000043,0.123246305,0.9532664,0.13805313,0.00000389,0.9636904,0.00000708,0.163102,0.12206563,0.9610222,0.00000482,0.006441105,0.85844123,0.14043218,0.03662138,0.725403,0.00000327,0.043890677,0.86311156,0.16701595,0.051715612,0.13366416,0.000000606,0.00000844,0.9999982,0.06253425,0.85644007,0.8657641,0.034328643,0.00000292,0.041225486,0.00615532,0.13958831,0.00000199,0.13294181,0.969911,0.17200743,0.00000442,0.9673061,0.000000856,0.047226116,0.14194569,0.89339286,0.05752997,0.1539516,0.44287023,0.00000149,0.000000807,0.8648762,0.82469803,0.032759555,0.17324214,0.120672725,0.0000106,0.14072621,0.005128466,0.0000028,0.08961105,0.00000141,0.50934577,0.00000101,0.00000132,0.17447592,0.003588924,0.00000264,0.00000287,0.14461207,0.00000211,0.000005,0.8312324,0.065945655,0.8699744,0.8679205,0.00000343,0.00000129,0.047346316,0.00000346,0.8695308,0.00000243,0.26860708,0.0000016,0.12490853,0.08211252,0.17008626,0.050294224
1222,5,0.0000136,0.00000889,0.996347,0.000000167,0.0000001,0.9999844,0.000443767,0.00060082,0.99998724,0.000680264,0.000000191,0.026235024,0.00000685,0.0000269,0.9999906,8.04E-08,0.9779164,0.99843043,0.00039782,0.000000524,0.0000299,0.000000301,0.4799378,0.000000097,0.000000124,0.63453907,0.00000123,0.000000136,0.55603355,0.000454822,0.9839631,0.45236254,0.0000169,0.00000034,0.52967674,0.000000322,0.00000122,0.47360018,0.000000395,0.00000014,0.000000427,0.99738973,0.00000024,0.000000596,0.9984445,0.000000553,0.000000256,0.99829453,0.00000823,0.45094475,0.9999995,0.000000235,0.000000426,0.025371335,0.000000505,0.00000015,0.9985885,0.00000652,0.0000101,0.997581,0.000780615,0.000775239,0.99803895,0.000431239,0.000000782,0.023143345,0.000000238,0.000000301,0.99709904,0.000000242,0.95493776,0.9994679,0.000489085,0.0000118,0.000829849,0.000000184,0.9972832,0.000000246,0.000000244,0.9974716,1.83E-08,0.4852458,0.040043153,0.000000117,0.000000358,0.99839896,0.000000167,0.000578328,0.9994092,0.000496799,0.000000781,0.000000145,0.99809283,0.000000238,0.000000514,0.99862003,0.000000134,0.49441007,0.9986941,0.000000233,0.000000224,0.020174302,0.000342309,0.0000125,0.99999976,0.000552795,0.000775164,0.9999995,0.000666637,0.0000126,0.025300168,0.000000193,0.000000114,0.9999993,0.0000214,0.97184587,0.99834037,0.00068802,0.000000635,0.000312025,0.000611309,0.9999999,0.0000102,0.55207855,0.018256132,0.000000831,0.000773134,0.999265,0.000452204,0.000000484,0.99785346,0.00000045,0.000888565,0.000430704,0.9994056,0.000000103,0.52448136,0.9983358,0.00050231,0.00000863,0.008311438,0.00000021,0.000593723,0.9984175,0.00096906,0.00000906,0.029200668,0.00000034,0.000000601,0.9999993,0.0000214,0.9701398,0.9982653,0.000704712,0.000000623,0.00000947,0.55408245,0.022699937,0.000000129,0.000951946,0.9994991,0.000439861,0.00000111,0.9980027,0.000000104,0.000659175,0.46447232,0.998464,0.0000107,0.000435297,0.027111072,0.000000675,0.000000254,0.9989359,0.3682282,0.00000654,0.03273316,0.42436638,0.000000509,0.028865682,0.52645713,9.93E-08,0.4870919,0.000000103,0.012574767,0.000000189,0.000000936,0.037404515,0.4843003,0.000000556,0.000000201,0.026798354,0.000000485,0.000000568,0.99853647,0.00000363,0.9793692,0.9978033,0.000000531,0.000000679,0.0000173,0.000000166,0.99825007,0.000000302,0.979875,0.0000012,0.024691505,0.0000196,0.000510169,0.0000227
1223,6,0.01870089,0.018655382,0.95826393,0.0000316,0.0000522,0.977765,0.9126675,0.9291914,0.98750025,0.9259851,0.0000319,0.024834106,0.020996239,0.024620598,0.9798892,0.0000253,0.9778867,0.042001035,0.923965,0.00028374,0.015860522,0.000274489,0.01240357,0.0000426,0.0000386,0.041067682,0.0000264,0.000150002,0.029869871,0.9175502,0.9941222,0.9471442,0.0166092,0.0000575,0.9491315,0.0000282,0.0000254,0.016713182,0.0000051,0.000128861,0.000186091,0.03349821,0.000262791,0.000025,0.040129967,0.0000194,0.0000174,0.031926475,0.016450552,0.017005177,0.9999671,0.0000612,0.000112194,0.005698827,0.0000155,0.0000671,0.02472096,0.020772235,0.01701248,0.9610037,0.9259314,0.9140802,0.9609272,0.93065554,0.0000246,0.008582101,0.0000331,0.000150829,0.94653803,0.0000278,0.94155073,0.08582566,0.93531185,0.015865846,0.9236426,0.0000425,0.031843733,0.0000553,0.000082,0.028200462,0.0000237,0.008184979,0.009473221,0.000202693,0.0000184,0.037322674,0.0000512,0.93730813,0.07225285,0.940303,0.000097,0.000162051,0.03228384,0.0000488,0.0000437,0.03370493,0.0000282,0.00826161,0.047267254,0.0000768,0.0000347,0.006019116,0.9198501,0.024189156,0.99996805,0.93743384,0.9209086,0.9999157,0.92713344,0.018817963,0.009036576,0.0000343,0.0000277,0.99990714,0.01629471,0.9941854,0.023260633,0.93206114,0.0000142,0.92015886,0.9436016,0.9999628,0.014583258,0.036269575,0.008351895,0.000388964,0.9441169,0.07323809,0.93635416,0.00030371,0.9573174,0.00045519,0.933653,0.9212969,0.0858721,0.0002385,0.030031838,0.035428,0.94016796,0.02500729,0.92163575,0.0000799,0.9389327,0.027248655,0.9322438,0.01773124,0.005895192,0.000023,0.000362031,0.9999391,0.02198093,0.9936051,0.022539036,0.92979753,0.0000839,0.017104989,0.02944537,0.007298518,0.0000865,0.9208445,0.058566216,0.9288028,0.00022621,0.94427556,0.0000157,0.9296886,0.9605247,0.035443645,0.018694159,0.9244237,0.021398254,0.0000232,0.0000105,0.029330945,0.97441214,0.016625235,0.007664627,0.9637272,0.000637783,0.008200283,0.006449282,0.0000337,0.021865953,0.000019,0.8923642,0.0000562,0.0000166,0.007415948,0.008146114,0.0000213,0.0000884,0.006168121,0.0000735,0.000709677,0.03358227,0.025647199,0.9912512,0.036714323,0.000126953,0.0000241,0.021348879,0.0000336,0.0386313,0.0000583,0.04414534,0.0000786,0.008887915,0.02193396,0.9331841,0.022182232
1224,6,0.07500345,0.06623502,0.96961516,0.000298914,0.000703556,0.9497544,0.6265659,0.59020406,0.9365463,0.63916236,0.0003533,0.3566511,0.059210673,0.063751556,0.9310589,0.000425498,0.71343994,0.35381418,0.6312794,0.000800925,0.061058532,0.002008683,0.15061024,0.00035362,0.000590699,0.14975972,0.00076585,0.000697319,0.12990484,0.6995076,0.80292034,0.98049104,0.06885193,0.000478829,0.74449384,0.000305737,0.000391737,0.1367046,0.000165614,0.00048047,0.000714319,0.34410396,0.000858974,0.000534206,0.3144258,0.000307049,0.000496215,0.30076426,0.07202197,0.11039466,0.9997744,0.000565818,0.000423082,0.246979,0.000183412,0.00053096,0.3308002,0.062226307,0.06460769,0.96280354,0.61190706,0.6348154,0.9619736,0.6107501,0.000636899,0.19834614,0.000290071,0.001764302,0.96315986,0.00035485,0.77980405,0.4190494,0.7356668,0.06307643,0.71906364,0.000643469,0.3221871,0.000389937,0.000985323,0.33950827,0.00031206,0.014223991,0.20384681,0.001813058,0.000350425,0.31510663,0.000291252,0.713706,0.38297948,0.7640813,0.001015374,0.000909254,0.3557925,0.000433785,0.000232882,0.34225816,0.000277962,0.018602936,0.3417735,0.000538187,0.000343849,0.23273776,0.7660797,0.06971934,0.9995266,0.7128886,0.7240228,0.9995889,0.7497318,0.07056007,0.17959543,0.000534236,0.000623391,0.9995302,0.08216891,0.8192108,0.35251525,0.6033744,0.00029881,0.7846774,0.7572731,0.99917716,0.07966412,0.022832735,0.23138398,0.000937634,0.74572736,0.39484626,0.72879106,0.001462776,0.9626838,0.002256512,0.6740713,0.71271116,0.34551522,0.001096267,0.016050017,0.32246134,0.71146405,0.070586056,0.81408376,0.000415445,0.59445083,0.35264787,0.73069185,0.059046548,0.19762099,0.000304341,0.002143798,0.99970275,0.07659209,0.76589,0.31505802,0.5791292,0.00072436,0.06495441,0.021734998,0.2419547,0.000607256,0.75038636,0.37640393,0.71403193,0.001088087,0.968597,0.000339219,0.60059416,0.4446627,0.30111772,0.056410737,0.74848884,0.32236037,0.000346919,0.000211827,0.33066502,0.9020664,0.09382638,0.23951915,0.4529075,0.002089474,0.23806909,0.017436193,0.000363249,0.09362152,0.000345326,0.79633576,0.00045454,0.000318839,0.1897906,0.013940941,0.000545185,0.000708856,0.20686093,0.001048095,0.002114081,0.34123623,0.071209475,0.81971467,0.3272466,0.000743493,0.000470575,0.071652584,0.000302326,0.30764565,0.000414641,0.13975729,0.000468743,0.23075143,0.045026552,0.68089974,0.071008764
1225,5,0.006504858,0.004529079,0.99387,0.00000324,0.00000684,0.9919544,0.8323267,0.8424071,0.9928556,0.8254466,0.00000414,0.009788894,0.004599172,0.003979906,0.9945674,0.00000438,0.99087685,0.09004311,0.8387045,0.0000243,0.00482205,0.0000198,0.001970345,0.00000517,0.0000106,0.004679192,0.0000113,0.00000784,0.004950233,0.8478837,0.9984236,0.99575496,0.006589831,0.00000701,0.7665456,0.00000488,0.00000403,0.002210194,0.00000136,0.0000146,0.0000118,0.09971839,0.0000277,0.00000434,0.11813301,0.00000495,0.00000379,0.11106059,0.005678219,0.01964688,0.9999958,0.00000312,0.000014,0.001807152,0.00000104,0.00000564,0.12454764,0.006184746,0.008385852,0.9936737,0.82272977,0.84598315,0.9948212,0.8480057,0.00000714,0.001400153,0.00000258,0.0000334,0.9955356,0.0000052,0.9916686,0.18589725,0.8944385,0.006011489,0.89484286,0.000008,0.13835949,0.0000114,0.0000123,0.11133242,0.00000395,0.001384215,0.001727881,0.0000184,0.00000413,0.11527815,0.0000047,0.84878516,0.15391251,0.8761749,0.0000112,0.00000899,0.11757317,0.00000819,0.00000509,0.11517312,0.00000581,0.001431976,0.119962186,0.00000527,0.00000339,0.002335985,0.89563894,0.004168995,0.99999213,0.8790419,0.881781,0.99999464,0.8929772,0.008658431,0.002746956,0.00000612,0.00000393,0.9999933,0.00573104,0.9971161,0.11730737,0.8389148,0.00000227,0.86747533,0.88551813,0.9999931,0.007065076,0.004397651,0.002251841,0.0000184,0.89545697,0.19998762,0.8832136,0.0000246,0.9953153,0.0000204,0.9134217,0.90270525,0.16377002,0.0000142,0.005663646,0.11749698,0.8689611,0.004851306,0.78124565,0.00000658,0.8503739,0.15880945,0.8968507,0.005130189,0.001731928,0.00000485,0.0000476,0.99999034,0.007769677,0.9977028,0.12642002,0.81869566,0.00000542,0.005071618,0.005952006,0.001598253,0.00000496,0.86799407,0.13861604,0.8887678,0.0000197,0.9946814,0.00000308,0.81587094,0.81414664,0.10970512,0.007948786,0.8771354,0.007132887,0.00000428,0.00000168,0.11416369,0.9959245,0.006051576,0.001758055,0.837367,0.0000456,0.002127312,0.001665933,0.00000373,0.02122698,0.00000243,0.74376935,0.00000393,0.00000397,0.002346794,0.001146066,0.00000809,0.00000626,0.001619093,0.00000526,0.0000202,0.090951696,0.004823897,0.9982299,0.1197747,0.0000142,0.00000649,0.003827573,0.00000433,0.11984238,0.00000997,0.22032025,0.00000827,0.001823397,0.006101051,0.86778134,0.004091556
1226,6,0.030665724,0.02293956,0.9859049,0.0000682,0.000207312,0.98115313,0.4706518,0.422421,0.97443974,0.45589402,0.000133874,0.039048344,0.03473245,0.028022492,0.9566292,0.0000984,0.9756001,0.44352752,0.49362198,0.000338782,0.021362137,0.000268312,0.035137918,0.000112745,0.000181749,0.045244608,0.000227147,0.000150742,0.045346573,0.4993068,0.9906156,0.9623532,0.032372117,0.000137186,0.45734155,0.000136993,0.000116185,0.035081994,0.0000515,0.0000973,0.000107636,0.4671229,0.000228105,0.000112272,0.44781974,0.000077,0.000104103,0.45199922,0.026827807,0.06966294,0.9998846,0.000143333,0.000213941,0.011269687,0.0000808,0.000249255,0.46191895,0.026547933,0.020223077,0.9788533,0.51046926,0.49062005,0.98170483,0.44043976,0.000108994,0.013992885,0.0000922,0.000283998,0.9795593,0.000119391,0.9598513,0.50051075,0.5037404,0.02371197,0.5531772,0.0000977,0.5044786,0.00017083,0.000180331,0.5035181,0.0000707,0.021747872,0.014698046,0.000295695,0.000113003,0.4771874,0.0000604,0.5297888,0.51397353,0.5233413,0.000231439,0.000166078,0.5354959,0.000147091,0.0000676,0.5037553,0.00012823,0.024362799,0.47505578,0.0000613,0.0000695,0.013696239,0.5704041,0.019046716,0.9998485,0.56361026,0.5143806,0.9999194,0.5456464,0.02920244,0.016705597,0.00020129,0.000140609,0.9998652,0.033618703,0.9872629,0.49051467,0.53806937,0.0000651,0.5865007,0.48097736,0.99989474,0.041161817,0.032855656,0.011319757,0.000235372,0.46037263,0.51973325,0.50070584,0.000247599,0.9785463,0.000343523,0.5050394,0.55242175,0.43763414,0.00016891,0.03771502,0.46379018,0.55945104,0.025359953,0.53152305,0.000124183,0.47866932,0.5048358,0.45907182,0.030651355,0.014482141,0.0000764,0.000561973,0.9998822,0.021078888,0.98638713,0.50180435,0.4600857,0.000189045,0.0357312,0.037949275,0.011307707,0.000122792,0.5505538,0.6112458,0.5036347,0.000273736,0.98174906,0.0000667,0.47411066,0.40320083,0.43932915,0.030451162,0.5673061,0.03240219,0.000135927,0.0000548,0.44558406,0.96095264,0.030539216,0.013834499,0.39941892,0.000597632,0.011003624,0.036819752,0.000168489,0.07058837,0.0000635,0.51442766,0.0000809,0.000096,0.009454233,0.029995384,0.000145691,0.000255482,0.014813072,0.000178674,0.000494545,0.47129574,0.029271936,0.98520064,0.4182159,0.000209207,0.000147237,0.031403307,0.000084,0.47097567,0.0000964,0.48271823,0.00014538,0.015736282,0.020773448,0.5247813,0.023895308
1227,5,0.000655059,0.000384701,0.9970697,0.00000024,0.000000437,0.9990313,0.7141526,0.7180315,0.9991596,0.72875434,0.000000247,0.00470048,0.000439782,0.000375813,0.999393,0.000000258,0.9962102,0.1869952,0.712189,0.00000192,0.000502559,0.00000163,0.003381587,0.000000476,0.000000631,0.010024705,0.00000064,0.000000521,0.00944367,0.77092,0.99876773,0.9921536,0.000669572,0.000000464,0.82384384,0.000000321,0.000000232,0.004383181,0.000000108,0.00000095,0.000000839,0.16627003,0.00000168,0.000000434,0.20888738,0.000000283,0.000000213,0.22972773,0.000547667,0.02021333,0.99999976,0.000000235,0.000000629,0.001152801,7.01E-08,0.000000286,0.23242451,0.000761642,0.001089569,0.99686,0.725738,0.703964,0.99768364,0.717653,0.000000502,0.000959871,0.000000188,0.00000251,0.9979802,0.000000462,0.99504626,0.3575462,0.7600504,0.000716172,0.77394164,0.000000428,0.26583865,0.000000861,0.00000097,0.2164799,0.000000217,0.003106339,0.001134397,0.000000827,0.000000292,0.24488771,0.000000288,0.67336214,0.26309735,0.75234485,0.000000908,0.000000369,0.1972944,0.000000793,0.000000458,0.22636378,0.000000336,0.003133421,0.19775756,0.000000219,0.000000298,0.001450181,0.73258525,0.000513628,0.99999964,0.78042245,0.72226465,0.99999976,0.7884294,0.001148406,0.001981236,0.000000308,0.000000218,0.9999995,0.00045634,0.9978108,0.21153772,0.7195777,0.000000134,0.6709261,0.7396681,0.9999994,0.000685207,0.009757422,0.001879814,0.00000153,0.7781339,0.3251418,0.74698037,0.00000155,0.99725026,0.0000013,0.8257176,0.79626155,0.27977347,0.000000761,0.01355013,0.2552389,0.68393046,0.000511154,0.66451067,0.00000057,0.76714754,0.281526,0.7903627,0.000465607,0.001620537,0.000000311,0.00000344,0.9999993,0.000977694,0.9982255,0.20385541,0.72497344,0.000000291,0.000539052,0.011024873,0.001142404,0.000000266,0.704564,0.23919576,0.7794148,0.00000126,0.9973538,0.000000208,0.7045065,0.86013573,0.20083171,0.000835469,0.704618,0.003036676,0.000000224,0.000000118,0.25604457,0.9893415,0.000537662,0.001267709,0.8926733,0.00000267,0.00175427,0.003163924,0.000000213,0.021082759,0.00000016,0.6720047,0.000000279,0.000000303,0.001702205,0.00252163,0.000000385,0.000000305,0.001064937,0.000000366,0.00000102,0.15665138,0.00049084,0.9986324,0.24499954,0.00000105,0.000000359,0.000348116,0.000000249,0.23728265,0.000000496,0.29534703,0.000000566,0.001536024,0.000691087,0.7059344,0.000391498
1228,6,0.015890457,0.015947774,0.9763313,0.0000943,0.000199203,0.98369455,0.92915815,0.93164563,0.9868167,0.9269627,0.000108913,0.023082541,0.016331822,0.014538469,0.98287857,0.0000908,0.97773504,0.062293142,0.9328213,0.00060968,0.014003336,0.000739188,0.021292519,0.000129452,0.000147254,0.036237802,0.0000977,0.000397566,0.03404914,0.9185368,0.9889665,0.9700327,0.01655317,0.000172836,0.93324405,0.0000852,0.0000747,0.027472883,0.0000252,0.000353187,0.000442243,0.07156934,0.000954304,0.0000801,0.056475095,0.0000593,0.0000494,0.064739615,0.014095876,0.02303597,0.999915,0.000219832,0.000317407,0.01123309,0.0000352,0.000209684,0.059255842,0.018655341,0.017178431,0.97860193,0.931824,0.91777426,0.97708344,0.93328464,0.0000772,0.014240949,0.0000845,0.000443667,0.98026145,0.0000882,0.9669626,0.075647086,0.9313376,0.015853692,0.9165019,0.000170728,0.06721803,0.000189921,0.000243965,0.050687373,0.0000806,0.01719599,0.011860087,0.000518144,0.0000613,0.06857723,0.000126318,0.9297358,0.06027614,0.9403137,0.000301137,0.000687602,0.061171476,0.000190083,0.000122925,0.04909397,0.000115761,0.01594294,0.07434151,0.000238177,0.0000927,0.01245946,0.907117,0.018190863,0.99986947,0.93031836,0.9349103,0.9998276,0.91729784,0.015263501,0.015059792,0.000151571,0.0001068,0.9997973,0.013286209,0.98838323,0.06448815,0.92581695,0.0000494,0.92645824,0.9309626,0.9998661,0.014933318,0.028995212,0.012932051,0.000692222,0.93965536,0.070579626,0.93463945,0.000778927,0.9796769,0.001194934,0.92830414,0.92564595,0.06646731,0.000545705,0.02532718,0.059741236,0.9237861,0.014334417,0.8924307,0.000270606,0.9355377,0.06161667,0.9339665,0.015813679,0.010198556,0.0000645,0.001036367,0.99981457,0.018052714,0.9874165,0.055226497,0.934971,0.000232915,0.010890368,0.03292019,0.014215856,0.000189357,0.9253242,0.05710068,0.92414886,0.000520571,0.9786446,0.0000517,0.93311256,0.9309397,0.047527976,0.014169196,0.92468953,0.022030061,0.0000716,0.0000502,0.06927466,0.9666912,0.014900483,0.012356614,0.93418825,0.001385581,0.013728549,0.013661223,0.0000739,0.03233629,0.0000602,0.87813556,0.000188483,0.0000594,0.01358948,0.014695699,0.000150156,0.000241258,0.011716253,0.000177462,0.001327158,0.06303448,0.019564623,0.9855099,0.06957003,0.00028652,0.0000996,0.012266808,0.0000995,0.053544316,0.000177121,0.08986533,0.000214632,0.014691377,0.014575762,0.91185546,0.014560934
1229,6,0.007872698,0.004075794,0.97554386,0.00000744,0.0000224,0.990892,0.94457763,0.95588523,0.99360657,0.9481339,0.0000105,0.006364442,0.009235408,0.009681018,0.99219817,0.0000072,0.9944364,0.018100204,0.941222,0.000105595,0.007024769,0.0000867,0.00495375,0.0000125,0.0000219,0.016695073,0.00000763,0.000025,0.015944047,0.9465393,0.99880767,0.9630708,0.00674908,0.0000218,0.9728,0.0000122,0.00000665,0.005302765,0.00000209,0.0000489,0.000049,0.021207428,0.000113551,0.0000067,0.01495791,0.00000524,0.00000466,0.022329606,0.008844901,0.015390469,0.9999869,0.0000297,0.0000511,0.000910426,0.00000566,0.0000211,0.01715314,0.006327603,0.005823426,0.9775597,0.9516984,0.94827354,0.9789507,0.9585929,0.00000567,0.001215371,0.00000899,0.0000577,0.96637547,0.0000149,0.97937095,0.055487946,0.94699645,0.00612221,0.95490354,0.0000122,0.01779807,0.0000256,0.0000232,0.018750079,0.00000565,0.006518172,0.001800286,0.0000586,0.00000658,0.019385962,0.0000115,0.95850396,0.05671391,0.9591204,0.0000483,0.0000452,0.021913106,0.0000216,0.0000145,0.021681488,0.00000924,0.005899326,0.019327128,0.0000154,0.0000111,0.001312686,0.94777524,0.006932885,0.9999864,0.95964134,0.9538451,0.9999844,0.95073515,0.007926137,0.001625481,0.0000165,0.00000726,0.9999782,0.005131099,0.9986786,0.017114852,0.9562163,0.00000443,0.9344632,0.9584366,0.9999883,0.006085131,0.022894097,0.001404041,0.000124475,0.9564339,0.051544853,0.9595317,0.000125054,0.9793729,0.000104811,0.96466434,0.94602907,0.049367536,0.0000788,0.027921682,0.02037602,0.9393052,0.006109752,0.90859294,0.000026,0.9574504,0.01706368,0.95622945,0.009484777,0.001306995,0.0000071,0.000194219,0.9999707,0.006822294,0.99871016,0.016738173,0.9454894,0.0000323,0.005871598,0.028675651,0.001214906,0.0000274,0.9549464,0.037967127,0.96567196,0.0000851,0.97527766,0.00000333,0.95820004,0.9776709,0.019671695,0.00782217,0.95083857,0.004545779,0.0000074,0.00000472,0.018856661,0.9852448,0.005602594,0.001828524,0.97910094,0.000237867,0.001301413,0.005668389,0.00000704,0.014326723,0.00000549,0.8866627,0.0000113,0.00000585,0.001809229,0.005658913,0.00000871,0.0000278,0.001077147,0.000023,0.000240118,0.013638984,0.007010362,0.99816424,0.021160536,0.0000546,0.00000781,0.006740318,0.0000123,0.019628294,0.0000182,0.043736212,0.0000269,0.001901203,0.008049822,0.9578978,0.008219265
1230,6,0.10915705,0.085110925,0.96096295,0.00000154,0.00000711,0.87989414,0.96826005,0.96923435,0.9045441,0.96394944,0.0000018,0.08982498,0.09635314,0.086603396,0.91154,0.00000451,0.9080778,0.002666939,0.9693945,0.0000112,0.134347,0.0000482,0.000534794,0.00000341,0.0000142,0.003901118,0.00000471,0.00000889,0.003601865,0.9676009,0.9974421,0.9996413,0.13065407,0.00000264,0.97360027,0.00000155,0.00000186,0.000676603,0.000000614,0.0000121,0.00000668,0.00186864,0.0000153,0.00000174,0.001773562,0.00000308,0.0000024,0.002246341,0.09449814,0.016029058,0.99999785,0.00000187,0.00000844,0.003226148,0.000000413,0.00000805,0.003054782,0.12858438,0.1157342,0.961709,0.96537495,0.96371675,0.9623317,0.96735775,0.00000608,0.002579964,0.000000914,0.0000406,0.966549,0.00000263,0.9191069,0.028736994,0.9962553,0.12423739,0.9940322,0.000011,0.002854592,0.00000384,0.000012,0.001784599,0.00000244,0.0000184,0.005349162,0.0000373,0.00000184,0.002181396,0.00000565,0.9939078,0.0345946,0.9950837,0.00000854,0.0000139,0.002727503,0.00000581,0.00000388,0.003620196,0.00000285,0.0000301,0.002612758,0.00000815,0.00000115,0.003305492,0.99473083,0.13300353,0.9999951,0.99607456,0.995261,0.9999938,0.9946313,0.11302976,0.005420708,0.00000418,0.00000463,0.9999951,0.09677492,0.99482983,0.001766559,0.9723326,0.00000169,0.9929055,0.9953589,0.99999595,0.10466422,0.000379997,0.004429898,0.000022,0.9943487,0.04080658,0.99537694,0.0000323,0.95367473,0.000026,0.99544084,0.99509627,0.03049227,0.0000499,0.000294381,0.002800151,0.9935662,0.11207566,0.99528706,0.00000303,0.976304,0.002013549,0.99560946,0.08347473,0.004831317,0.00000259,0.0000639,0.99999416,0.115820035,0.9955878,0.002408413,0.9682074,0.00000596,0.085119285,0.000655651,0.004581474,0.00000527,0.9962824,0.023289982,0.9959181,0.0000202,0.96110266,0.00000422,0.9760597,0.9520786,0.002992054,0.11931133,0.994517,0.09707453,0.00000221,0.00000134,0.002441814,0.996561,0.09355536,0.004180723,0.94388205,0.0000533,0.004977365,0.0000258,0.00000235,0.014255817,0.00000204,0.97179216,0.00000395,0.00000239,0.004636491,0.0000145,0.00000629,0.00000387,0.002967193,0.00000797,0.0000388,0.001778282,0.10451692,0.9969261,0.003440534,0.00000809,0.00000506,0.09512041,0.00000434,0.002591736,0.00000723,0.002429638,0.00000349,0.004241867,0.116551645,0.9956721,0.11056809
1231,2,0.00053019,0.000377121,0.99206066,0.00000205,0.00000171,0.9995493,0.001519978,0.0013362,0.99934894,0.000922448,0.00000655,0.15215129,0.000393167,0.000410696,0.9996044,0.00000267,0.86373186,0.99931204,0.000924612,0.00000557,0.000609904,0.0000024,0.63214964,0.0000102,0.00000398,0.6299915,0.0000103,0.00000409,0.6557881,0.001370578,0.81238383,0.49643314,0.000544559,0.00000534,0.4533678,0.00000648,0.00000896,0.61357224,0.0000063,0.00000165,0.00000349,0.9988166,0.0000033,0.0000143,0.99864227,0.00000586,0.00000372,0.9989347,0.000487554,0.43540442,0.9999963,0.00000312,0.0000031,0.19303603,0.00000452,0.00000362,0.9989071,0.00063976,0.000745707,0.99280643,0.000887822,0.001217764,0.9918846,0.000932695,0.00000872,0.18560708,0.00000733,0.00000288,0.99171185,0.00000826,0.82180554,0.9986438,0.001028513,0.000631326,0.000798526,0.00000189,0.99842983,0.00000575,0.00000485,0.9983871,0.00000244,0.50024533,0.17649761,0.00000116,0.000005,0.99893135,0.00000438,0.000888837,0.998944,0.000933183,0.000007,0.00000041,0.99835664,0.00000869,0.00000512,0.9990676,0.00000309,0.5056948,0.9985024,0.00000098,0.00000629,0.16311653,0.001048047,0.000445226,0.9999976,0.000772052,0.000651536,0.99999785,0.000587625,0.000489681,0.16854222,0.00000306,0.0000051,0.9999944,0.000214955,0.8068624,0.9989938,0.000877973,0.00000382,0.000568191,0.001095472,0.99999356,0.000342036,0.50771093,0.18139586,0.00000695,0.001150645,0.99862826,0.001276515,0.00000199,0.99271905,0.0000044,0.000866386,0.000891857,0.9992053,0.00000114,0.47200772,0.99922955,0.000675581,0.00041647,0.07106168,0.0000107,0.001555107,0.9984755,0.001042257,0.000372218,0.17263263,0.00000396,0.00000427,0.99999404,0.00068543,0.8366567,0.99862623,0.001184799,0.00000145,0.00038902,0.47385147,0.20748354,0.00000241,0.000826958,0.9977088,0.001352598,0.0000048,0.9905185,0.00000351,0.001494805,0.27264902,0.9986821,0.000446515,0.001027209,0.14681932,0.00000388,0.00000569,0.9987081,0.33658868,0.00046438,0.19082944,0.30523568,0.00000593,0.18547685,0.5072948,0.00000592,0.3712899,0.00000206,0.08095349,0.00000342,0.00000616,0.15898341,0.49523738,0.00000552,0.00000403,0.18128052,0.00000198,0.000000852,0.99881184,0.000681889,0.81105083,0.9988739,0.00000629,0.00000348,0.000310547,0.00000285,0.9987606,0.00000153,0.9228787,0.0000058,0.14824316,0.000548721,0.000928524,0.000494417
1232,5,0.0000171,0.0000105,0.9991897,9.24E-08,4.76E-08,0.9999801,0.000221912,0.000418264,0.99998736,0.000461492,9.08E-08,0.022799853,0.00000855,0.0000383,0.99998534,4.08E-08,0.9763752,0.9994684,0.00030045,0.000000285,0.0000372,0.000000156,0.32664046,0.000000047,5.98E-08,0.3244206,0.000000864,8.22E-08,0.2640102,0.000320114,0.9846987,0.81062305,0.0000221,0.000000188,0.31881845,0.000000184,0.000000916,0.35426936,0.000000234,9.35E-08,0.000000253,0.9991899,0.000000138,0.00000026,0.999624,0.000000414,0.000000152,0.99947554,0.00000866,0.3324236,0.99999964,0.000000135,0.000000292,0.021130685,0.00000029,9.04E-08,0.9993844,0.00000805,0.00000929,0.9994191,0.000642585,0.000560321,0.99963796,0.000251973,0.000000396,0.027520914,0.000000164,0.000000173,0.9993955,0.000000128,0.98371613,0.9995989,0.000512338,0.0000115,0.000707074,9.46E-08,0.9989569,0.00000014,0.000000149,0.99895513,1.17E-08,0.30010155,0.030692978,9.48E-08,0.000000275,0.9995778,0.000000112,0.00050025,0.9995084,0.000338079,0.000000309,0.000000142,0.9992888,0.000000135,0.000000228,0.9995977,0.000000104,0.2822386,0.9996394,0.000000134,0.000000106,0.022372201,0.000353608,0.000016,0.9999999,0.000544309,0.000654314,0.99999964,0.000510468,0.0000168,0.020934407,0.000000114,6.18E-08,0.9999994,0.0000393,0.9774599,0.99940336,0.000533329,0.000000283,0.000258195,0.000756161,0.9999999,0.000014,0.17455769,0.014056819,0.000000503,0.000751787,0.99945897,0.000350543,0.000000337,0.9996587,0.000000356,0.000887146,0.000341534,0.9996215,0.000000053,0.17587243,0.99938786,0.000584367,0.0000132,0.010115963,7.92E-08,0.000412922,0.9995353,0.000726739,0.0000172,0.022542326,0.000000267,0.000000387,0.99999964,0.0000256,0.9739541,0.9993568,0.000487771,0.000000538,0.0000114,0.23991743,0.018057272,6.07E-08,0.000932687,0.9995869,0.000383336,0.000000741,0.9995309,4.93E-08,0.000412376,0.24481705,0.9993838,0.0000108,0.000399324,0.030594748,0.000000439,0.000000122,0.99959534,0.7478858,0.00000902,0.024205774,0.18205379,0.000000436,0.02838698,0.29459694,6.31E-08,0.37473586,4.74E-08,0.011721136,9.52E-08,0.000000658,0.04087662,0.27548528,0.000000314,0.000000152,0.019392155,0.000000364,0.000000501,0.9994592,0.00000449,0.98278135,0.9991536,0.000000294,0.000000397,0.0000297,9.65E-08,0.9994568,0.000000214,0.98979527,0.000000587,0.02100821,0.0000297,0.000430352,0.0000302
1233,1,0.008110338,0.008356344,0.9797845,0.00000611,0.0000101,0.99193597,0.004578065,0.003479882,0.98937154,0.002560425,0.0000145,0.3996563,0.007466833,0.009565759,0.9924601,0.0000073,0.5674545,0.9959853,0.003304664,0.0000109,0.01078415,0.00000677,0.62105656,0.000029,0.0000122,0.6147604,0.0000191,0.000014,0.63937354,0.003097174,0.637417,0.8138175,0.009437306,0.00000681,0.3986743,0.00000907,0.000016,0.6442319,0.00000854,0.00000331,0.00000501,0.9949043,0.00000653,0.0000273,0.9935161,0.0000153,0.00000851,0.99458826,0.007025055,0.31659892,0.9999919,0.00000912,0.00000634,0.3636639,0.0000114,0.0000151,0.9944372,0.010044752,0.011537652,0.97179145,0.003212138,0.003552739,0.97143507,0.002667239,0.000013,0.39156008,0.0000124,0.0000116,0.96903783,0.0000115,0.6501954,0.9969092,0.004368679,0.010972993,0.004492277,0.00000489,0.99361926,0.00000942,0.0000181,0.9946214,0.00000832,0.15376547,0.39224318,0.00000661,0.0000112,0.99532986,0.0000117,0.00516878,0.99689937,0.004797284,0.0000146,0.00000151,0.9919676,0.0000147,0.00000903,0.9953453,0.00000562,0.17458202,0.99347186,0.00000208,0.00000823,0.34154904,0.00488817,0.007930731,0.99999523,0.005763041,0.004715208,0.99999297,0.003038888,0.011641972,0.38267416,0.00000832,0.0000191,0.9999876,0.00586165,0.63500416,0.9953381,0.002966771,0.00000739,0.004205787,0.00569468,0.99998903,0.008370893,0.14916684,0.36741322,0.0000149,0.00488105,0.995717,0.005727332,0.00000693,0.9689274,0.0000136,0.006366964,0.003820567,0.9975011,0.00000646,0.14181407,0.9948165,0.004328862,0.00932522,0.25036627,0.0000208,0.004600418,0.993491,0.005957792,0.006789952,0.3569409,0.00000509,0.0000116,0.9999902,0.012084168,0.66219854,0.9934186,0.003217337,0.00000658,0.00927695,0.11887501,0.39691368,0.0000077,0.005379432,0.99652725,0.006584502,0.000011,0.97303253,0.00000908,0.004500274,0.119736955,0.99411774,0.007558572,0.005831039,0.40051433,0.00000714,0.00000957,0.99384755,0.37041318,0.007098119,0.37860742,0.11423208,0.0000137,0.3657687,0.17226127,0.0000176,0.31859982,0.00000625,0.1879569,0.00000678,0.0000125,0.32630047,0.1542439,0.0000148,0.0000108,0.3515275,0.00000853,0.00000522,0.9939955,0.011525075,0.6549568,0.99461657,0.0000148,0.00000674,0.008844111,0.00000954,0.99470973,0.00000545,0.79529524,0.0000089,0.3913571,0.012155584,0.006909346,0.00910173
1235,6,0.03887402,0.025698744,0.9777688,0.000000659,0.00000359,0.9548839,0.976045,0.97780126,0.9591756,0.9747697,0.000000716,0.051704302,0.03005125,0.028463291,0.9686007,0.00000148,0.95348865,0.002877086,0.977079,0.00000539,0.036427263,0.0000195,0.000797446,0.00000146,0.00000509,0.005829318,0.00000142,0.00000339,0.004533841,0.9781892,0.9977215,0.99946314,0.04750243,0.00000102,0.9828545,0.000000507,0.000000597,0.001117565,0.000000189,0.00000504,0.00000334,0.002353925,0.0000081,0.00000084,0.001804637,0.000000891,0.000000608,0.003035528,0.03244726,0.012860751,0.9999993,0.000000997,0.00000326,0.002395776,0.000000146,0.00000241,0.003531244,0.042074926,0.043982487,0.9762047,0.97819376,0.97360253,0.9795843,0.9762379,0.00000152,0.002033233,0.000000388,0.0000198,0.98299825,0.00000122,0.9543296,0.024627985,0.99551684,0.046138395,0.99357396,0.00000297,0.003194774,0.00000168,0.00000445,0.00207286,0.000000772,0.0000506,0.003682066,0.0000144,0.000000634,0.003122606,0.00000165,0.99372584,0.02199081,0.9947619,0.00000396,0.00000534,0.002842712,0.00000277,0.00000146,0.00353931,0.00000093,0.0000632,0.002840136,0.00000274,0.000000521,0.002755195,0.9942356,0.04158601,0.99999845,0.9951977,0.9954255,0.99999785,0.9950787,0.04872409,0.003886023,0.00000144,0.00000151,0.99999833,0.034432285,0.9955272,0.002070214,0.9760854,0.000000544,0.99195576,0.9948656,0.99999845,0.036321197,0.000639185,0.00391117,0.0000116,0.99451244,0.028418036,0.9952987,0.0000171,0.97502875,0.0000142,0.9959324,0.99437696,0.02327527,0.0000192,0.000564616,0.003201996,0.99281836,0.032075915,0.9922714,0.00000168,0.98121107,0.002697219,0.9959538,0.025544476,0.003720461,0.000000693,0.0000339,0.9999976,0.050724097,0.9959858,0.003029937,0.9785437,0.00000257,0.022944648,0.000938155,0.003830085,0.00000192,0.9951918,0.019561052,0.99547595,0.00000851,0.97924256,0.00000111,0.98137015,0.9648149,0.003263655,0.04061192,0.9938817,0.04123312,0.000000716,0.000000488,0.003540844,0.9950106,0.026626455,0.00379312,0.9627506,0.0000246,0.004568327,0.0000576,0.00000077,0.012453335,0.000000738,0.97284317,0.00000143,0.000000771,0.004495216,0.0000354,0.00000221,0.00000124,0.002304875,0.00000315,0.0000213,0.001886238,0.030606953,0.9974452,0.00425981,0.00000425,0.0000014,0.029276358,0.00000153,0.003312416,0.00000297,0.003512828,0.00000147,0.003428541,0.040139396,0.9945381,0.035849094
1236,6,0.003901664,0.003886422,0.9983026,0.000000277,0.00000156,0.9979286,0.97308064,0.96561795,0.997414,0.97306967,0.000000826,0.001643165,0.003618328,0.006382754,0.99591947,0.000000406,0.99932253,0.017633144,0.974613,0.00000806,0.004314735,0.00000414,0.000191705,0.000000933,0.0000015,0.00049663,0.000000403,0.00000239,0.000375439,0.964869,0.9999343,0.99856275,0.002909123,0.00000106,0.9425826,0.000000468,0.000000366,0.000380556,0.000000101,0.00000345,0.00000133,0.02196724,0.0000194,9.62E-08,0.014494409,0.000000278,0.000000264,0.017546607,0.003790067,0.00174051,0.99999857,0.000000488,0.00000546,0.0000898,0.00000019,0.00000194,0.016295115,0.003900147,0.003170132,0.9986609,0.97358894,0.96922016,0.9978563,0.97343045,0.000000322,0.000180861,0.000000256,0.0000039,0.997614,0.000000281,0.9978523,0.03292642,0.97687805,0.003834576,0.97681355,0.000000787,0.021831615,0.00000264,0.00000136,0.015345889,0.000000377,0.000349682,0.000221729,0.0000141,0.000000256,0.022039304,0.00000128,0.9773005,0.031008054,0.9848814,0.00000177,0.00000671,0.02112181,0.000000786,0.000000766,0.023189254,0.00000104,0.000341433,0.022251727,0.00000101,0.000000309,0.000111346,0.9447253,0.002979301,0.99999905,0.9777631,0.9723316,0.99999905,0.9702214,0.004586937,0.000300506,0.000000744,0.000000506,0.99999774,0.003999526,0.99987566,0.016092557,0.97460043,0.000000145,0.9702795,0.9792128,0.99999976,0.004619286,0.000883365,0.000176129,0.00000879,0.97476643,0.028776217,0.9775514,0.00000836,0.9976834,0.00000983,0.97707057,0.96900886,0.033936806,0.00000831,0.000821243,0.019363077,0.9703425,0.006248,0.9605314,0.00000134,0.98184675,0.012620408,0.9712,0.004389291,0.000208386,0.000000337,0.0000167,0.99999774,0.002881333,0.99986637,0.010229919,0.9701203,0.00000153,0.004296074,0.00080054,0.000208727,0.0000014,0.9782823,0.02014482,0.9811158,0.00000416,0.99719006,0.000000152,0.9831293,0.9683745,0.016819458,0.002670367,0.9719588,0.000759469,0.000000682,9.87E-08,0.013824783,0.99968064,0.001859338,0.000158735,0.97085,0.0000521,0.000121804,0.000203807,0.000000567,0.001975118,0.000000192,0.9246121,0.000000444,0.00000043,0.000172153,0.000273443,0.000000927,0.00000203,0.000125416,0.000000938,0.000038,0.018156493,0.005051361,0.99976796,0.019794676,0.00000264,0.000000685,0.003353514,0.00000103,0.017292526,0.00000133,0.037988197,0.00000126,0.000309676,0.004530489,0.97846425,0.003533715
1237,5,0.000447363,0.000702018,0.9909719,0.00000149,0.000000571,0.9994449,0.050405134,0.04273839,0.9996643,0.060065795,0.00000121,0.05010553,0.000284267,0.000288439,0.9996113,0.00000117,0.927218,0.9154412,0.04761314,0.00000526,0.000327764,0.00000439,0.13351206,0.00000113,0.000000681,0.14371648,0.00000469,0.00000272,0.16518533,0.055784546,0.9260505,0.9317457,0.000269116,0.00000309,0.27887625,0.00000169,0.00000245,0.10057697,0.000000945,0.00000204,0.0000044,0.9389842,0.00000361,0.00000308,0.9325047,0.00000182,0.00000171,0.9318704,0.000273766,0.051738203,0.9999988,0.00000177,0.00000198,0.060628977,0.000000658,0.000000964,0.92337793,0.000400335,0.000371378,0.9893762,0.07074862,0.04036159,0.9917196,0.054065652,0.00000311,0.057466675,0.00000116,0.00000463,0.9911397,0.00000103,0.9304818,0.95589453,0.05124291,0.000456206,0.04611843,0.00000186,0.9249475,0.00000181,0.00000362,0.9256009,0.000000397,0.03931519,0.050278332,0.00000231,0.00000149,0.9386695,0.000000862,0.07290701,0.9420719,0.04846136,0.00000375,0.00000255,0.9229096,0.00000258,0.00000152,0.9144982,0.00000128,0.03742427,0.9369055,0.0000029,0.00000221,0.045593727,0.040893678,0.000451783,0.99999857,0.05124765,0.05419329,0.99999714,0.05651403,0.000256003,0.04823144,0.00000125,0.000000976,0.9999956,0.000407759,0.93404526,0.90868694,0.04350439,0.00000117,0.060107607,0.05470314,0.9999968,0.000332787,0.067556165,0.06363599,0.00000652,0.06083561,0.9513958,0.062003873,0.00000569,0.9934958,0.00000887,0.050437313,0.053814553,0.95793444,0.00000223,0.052931517,0.9359511,0.070807226,0.000390236,0.16396786,0.00000151,0.07157266,0.9265764,0.042043917,0.000311366,0.050081175,0.00000317,0.00000381,0.9999988,0.000615568,0.9413669,0.927679,0.05614912,0.00000177,0.000295284,0.053559937,0.05467775,0.00000116,0.039657287,0.94780874,0.0454571,0.00000646,0.99129206,0.00000101,0.057755403,0.17942895,0.9246091,0.000394292,0.049883958,0.06401872,0.00000216,0.00000113,0.9445315,0.84417766,0.000310215,0.04849641,0.15862367,0.00000548,0.05488263,0.038373508,0.000000628,0.036856093,0.000000871,0.16987169,0.00000298,0.00000231,0.049451187,0.03546063,0.00000167,0.00000162,0.054895394,0.00000264,0.00000401,0.9258779,0.000216674,0.9362039,0.9296514,0.00000291,0.0000023,0.000411131,0.00000072,0.9191917,0.00000149,0.81054765,0.00000301,0.05694218,0.000468658,0.046103597,0.000347004
1238,1,0.000165419,0.00011091,0.9943889,0.0000109,0.00000891,0.9998597,0.004018106,0.003973598,0.9998648,0.004365107,0.0000121,0.05633817,0.000107625,0.00023846,0.9998807,0.00000811,0.953201,0.9948025,0.002861942,0.000031,0.000246373,0.000017,0.77246267,0.00000987,0.0000119,0.7310485,0.0000583,0.0000124,0.7386208,0.003498722,0.9488287,0.3281957,0.00018383,0.0000191,0.6568531,0.0000159,0.0000422,0.7798812,0.000023,0.00000831,0.0000186,0.9935411,0.0000119,0.0000329,0.99471277,0.0000236,0.0000141,0.9952578,0.00010773,0.7142714,0.99997914,0.0000182,0.0000141,0.06895691,0.0000255,0.0000105,0.9960813,0.0000858,0.000175024,0.9945469,0.004410476,0.004189849,0.99574476,0.003085744,0.000035,0.06447287,0.0000171,0.000023,0.99562526,0.0000158,0.95732474,0.99642986,0.003305468,0.00017214,0.00426803,0.0000129,0.99400985,0.000016,0.0000163,0.99329937,0.00000203,0.7652879,0.070733115,0.00000777,0.0000161,0.9958676,0.00000958,0.003522288,0.99605393,0.004201168,0.0000316,0.0000112,0.99464595,0.0000136,0.0000186,0.99532735,0.000009,0.7689989,0.9958704,0.0000126,0.0000131,0.0710831,0.00228286,0.000150759,0.99998844,0.003618211,0.004442154,0.99998415,0.0043854,0.000183075,0.08609307,0.0000139,0.0000105,0.99997914,0.00018758,0.92494774,0.99497545,0.003851754,0.0000355,0.002548561,0.004201097,0.99998796,0.00013787,0.67687726,0.07629614,0.0000262,0.004523111,0.9963658,0.004103476,0.0000229,0.9961056,0.0000258,0.006159641,0.003628178,0.9959627,0.00000519,0.6568259,0.99520016,0.003066656,0.000105123,0.03259639,0.0000137,0.004079252,0.99604034,0.004956421,0.0000957,0.07847198,0.000017,0.0000361,0.9999739,0.000158413,0.9314625,0.9952213,0.004053114,0.0000246,0.000135119,0.7068858,0.07477039,0.00000871,0.00645074,0.996139,0.003590503,0.0000491,0.9960924,0.0000104,0.004036099,0.6071839,0.9945826,0.000154729,0.002555474,0.057021048,0.0000209,0.0000186,0.9963291,0.22549808,0.0000887,0.07670301,0.59958905,0.0000184,0.07037549,0.7833076,0.00000635,0.7507877,0.00000605,0.03697018,0.0000138,0.000031,0.098849446,0.7593175,0.000033,0.000014,0.06637931,0.0000256,0.0000229,0.9948761,0.0000701,0.9322609,0.99468637,0.0000277,0.0000289,0.000142349,0.00000629,0.99501824,0.0000153,0.9642189,0.0000391,0.061272815,0.000145288,0.00376628,0.000214573
1239,5,0.0000176,0.00000712,0.9999045,1.27E-10,2.13E-10,0.99999464,0.0000103,0.0000101,0.9999902,0.00000803,1.54E-09,0.032414623,0.00000472,0.00000804,0.99999094,2.49E-10,0.96318805,0.99999833,0.00000363,4.3E-10,0.0000173,8.93E-11,0.16168043,2.96E-09,4.47E-10,0.18279068,2.14E-09,3.62E-10,0.16587237,0.0000104,0.97402734,0.90671617,0.00000977,7.03E-10,0.12509423,1.49E-09,3.56E-09,0.15936178,9.83E-10,1.05E-10,2.82E-10,0.9999938,5.48E-10,2.22E-09,0.9999951,1.32E-09,4.51E-10,0.99999475,0.00000929,0.14624995,1,1.02E-10,8.44E-10,0.027037723,6.96E-10,4.58E-10,0.99999654,0.00000971,0.0000139,0.99993515,0.00000622,0.0000106,0.9998915,0.00000642,1.29E-09,0.025617415,6.96E-10,2.33E-10,0.9998336,8.9E-10,0.9695867,0.9999888,0.00000817,0.00000811,0.00000708,8.88E-11,0.9999914,1.05E-09,5.52E-10,0.9999908,2.71E-10,0.120902106,0.03059964,1.26E-10,1.02E-09,0.9999937,1.07E-09,0.00000613,0.99998975,0.00000582,7.32E-10,5.82E-12,0.999992,8.22E-10,0.000000001,0.999997,9.49E-10,0.12724483,0.9999931,2.87E-11,8.74E-10,0.029123966,0.00000719,0.00000611,1,0.00000566,0.00000275,1,0.00000368,0.0000062,0.029599898,3.23E-10,6.74E-10,1,0.00000389,0.96654105,0.9999963,0.00000739,2.97E-10,0.00000206,0.00000737,1,0.00000527,0.086720355,0.031507913,8.39E-10,0.00000806,0.99999213,0.00000928,1.32E-10,0.99990785,4.1E-10,0.00000329,0.00000507,0.9999956,9.55E-11,0.100463316,0.9999963,0.00000418,0.00000896,0.00691307,2.25E-09,0.0000135,0.99999046,0.00000816,0.00000902,0.02906463,6.35E-10,5.25E-10,1,0.0000247,0.9713382,0.99999213,0.00000674,1.05E-10,0.00000781,0.0921621,0.025402034,1.94E-10,0.00000369,0.9999752,0.0000101,3.89E-10,0.99979526,1.84E-10,0.00000938,0.063513964,0.9999939,0.00000573,0.00000685,0.034161754,1.41E-09,4.94E-10,0.99999297,0.8334468,0.00000601,0.028259924,0.07383832,1.59E-09,0.031086884,0.12079404,3.02E-09,0.13262403,1.19E-10,0.009733429,1.85E-10,1.24E-09,0.03243146,0.12083881,9.99E-10,4.41E-10,0.025257986,8E-11,3.23E-11,0.99999356,0.0000189,0.9686659,0.99999166,5.88E-10,8.61E-10,0.00000552,7.92E-10,0.99999535,1.53E-10,0.9923327,1.33E-09,0.027061267,0.0000258,0.00000486,0.00000851
1240,4,0.041494947,0.04267538,0.70886785,0.000014,0.0000201,0.9530458,0.48343122,0.46945006,0.9547544,0.4627786,0.0000215,0.03417763,0.0322759,0.032254215,0.95184416,0.0000351,0.956964,0.028186038,0.5024597,0.0000795,0.041877303,0.0000634,0.001414197,0.000011,0.000037,0.0179541,0.000104427,0.0000352,0.026897809,0.3813105,0.9977488,0.98121464,0.040092167,0.0000465,0.7828151,0.0000293,0.0000313,0.001213462,0.0000143,0.0000824,0.0000446,0.033139654,0.0000369,0.0000238,0.03906166,0.0000545,0.0000433,0.020814883,0.04786877,0.03966692,0.99997437,0.0000109,0.0000944,0.002553128,0.00000944,0.00002,0.03516347,0.036451463,0.03709063,0.71999425,0.5142178,0.6482539,0.7092428,0.42729568,0.0000497,0.00221122,0.0000169,0.0000742,0.7631243,0.0000204,0.7567354,0.47635284,0.73189616,0.026309408,0.7591205,0.0000375,0.027822005,0.0000437,0.0000512,0.033395875,0.0000231,0.00045134,0.00227429,0.0000314,0.0000344,0.032895908,0.0000275,0.7894991,0.4246191,0.76713645,0.0000408,0.0000365,0.035653375,0.0000385,0.0000244,0.04656121,0.0000247,0.000366806,0.044467483,0.000063,0.0000108,0.002028398,0.8150352,0.03090743,0.99995387,0.7767856,0.7907607,0.99996006,0.72303796,0.05767271,0.002615399,0.0000487,0.0000219,0.9999682,0.040584113,0.99490297,0.025604598,0.53216994,0.00000998,0.8175345,0.81260765,0.99995506,0.05195181,0.015598745,0.002277239,0.000110023,0.79144186,0.5367692,0.7717678,0.0000457,0.78538543,0.0000691,0.76952606,0.7680924,0.5610539,0.0000599,0.01629549,0.03131914,0.8111866,0.05145397,0.8039543,0.0000127,0.5244753,0.03278093,0.6986709,0.047084875,0.001946113,0.000048,0.000117059,0.9999763,0.04097718,0.99731904,0.0341643,0.50960886,0.0000171,0.04890127,0.018918913,0.001494103,0.0000275,0.786251,0.45638195,0.807154,0.0000703,0.7106196,0.0000381,0.5298018,0.69967663,0.032452304,0.041283067,0.8102195,0.0387754,0.0000314,0.0000115,0.024572104,0.9874276,0.04634481,0.001499232,0.7034681,0.000106232,0.001538844,0.00056484,0.0000185,0.024788989,0.0000169,0.5045179,0.00000982,0.0000352,0.00173821,0.000419641,0.0000331,0.0000498,0.001973915,0.0000364,0.00010156,0.035800945,0.04389765,0.9975169,0.030958144,0.0000396,0.0000368,0.05128666,0.0000263,0.03604214,0.0000309,0.048545193,0.0000333,0.00154014,0.03874534,0.85158646,0.035779618
1241,5,0.000173398,0.000117578,0.99986994,9.43E-09,0.000000026,0.9999368,0.48251233,0.52159005,0.9998722,0.4961015,2.82E-08,0.001005457,0.000119309,0.000220963,0.99982977,4.33E-09,0.99950194,0.6178004,0.48969617,0.000000153,0.0001499,0.000000111,0.000138047,1.85E-08,1.57E-08,0.000142795,8.05E-08,2.24E-08,0.0000881,0.49053937,0.99994254,0.99976593,0.000113385,4.94E-08,0.3338588,2.28E-08,4.57E-08,0.000324788,7.24E-09,3.77E-08,2.78E-08,0.56270766,0.000000477,5.47E-09,0.58355874,2.57E-08,1.14E-08,0.5828093,0.000155878,0.000968085,1,3.17E-08,0.000000167,0.000111221,7.76E-09,2.91E-08,0.606104,0.000103816,0.0000329,0.9998734,0.48361212,0.5650781,0.9998406,0.5218902,4.02E-08,0.000125762,4.38E-09,0.000000142,0.99979407,1.63E-08,0.9992981,0.4252317,0.53491807,0.000107453,0.55266833,2.57E-08,0.58558494,8.42E-08,5.41E-08,0.6127817,3.57E-09,0.000140466,0.000294591,0.00000034,0.000000014,0.56288546,1.33E-08,0.49851277,0.49801475,0.49131498,0.000000117,5.48E-08,0.573549,4.07E-08,3.22E-08,0.6341802,3.78E-08,0.000205704,0.55995643,1.86E-08,0.000000014,0.00021851,0.5249566,0.000110492,1,0.46430495,0.4927843,1,0.5248497,0.0000984,0.000239033,1.95E-08,1.26E-08,0.9999999,0.000144417,0.9998517,0.6182788,0.4763918,8.18E-09,0.50688386,0.46943876,1,0.000193126,0.000202281,0.0000843,0.000000258,0.5076006,0.450064,0.523749,0.000000353,0.99990785,0.000000226,0.49706122,0.49827066,0.48258007,0.000000149,0.000184073,0.58611935,0.49112308,0.0000941,0.44764712,2.02E-08,0.43660495,0.5663631,0.5241873,0.000160131,0.000199052,2.37E-08,0.000000367,0.9999999,0.000140218,0.99984884,0.6322802,0.51543736,5.77E-08,0.000137861,0.000250785,0.0000962,1.79E-08,0.49102768,0.5048162,0.5528026,0.000000194,0.99986017,2.75E-09,0.49796453,0.35230833,0.6485303,0.0000703,0.5174252,0.00047607,5.27E-08,6.13E-09,0.5410125,0.9998915,0.000124913,0.000194617,0.34215784,0.00000143,0.0000942,0.000159616,1.49E-08,0.000853359,1.02E-08,0.48068485,1.13E-08,2.95E-08,0.000163229,0.000172614,4.79E-08,4.36E-08,0.000143586,4.66E-08,0.000000741,0.5984882,0.0000873,0.9998253,0.5781195,6.84E-08,6.39E-08,0.000128549,4.69E-08,0.6230998,7.36E-08,0.6103987,0.000000075,0.000144896,0.000249281,0.53772986,0.000244411
1242,5,0.000107084,0.0000802,0.9999114,9.98E-10,3.53E-09,0.9999484,0.009781354,0.007354009,0.9998802,0.009944138,5.24E-09,0.001088377,0.0000471,0.000048,0.9999052,1.85E-09,0.9986499,0.9967637,0.009870637,8.85E-09,0.0000738,1.28E-09,0.000476158,6.98E-09,4.28E-09,0.00062617,0.00000002,2.83E-09,0.000529464,0.008093022,0.9997731,0.99909425,0.000057,6.73E-09,0.018772436,3.53E-09,8.54E-09,0.000415086,2.03E-09,2.3E-09,1.84E-09,0.9953885,2.35E-08,3.08E-09,0.997262,5.83E-09,3.78E-09,0.9949817,0.000066,0.003340731,1,5.25E-10,1.66E-08,0.000250927,1.11E-09,3.24E-09,0.9967771,0.000087,0.000100889,0.99991655,0.007023612,0.012114457,0.99990153,0.008579639,5.1E-09,0.000340485,8.53E-10,9.55E-09,0.99984396,2.84E-09,0.9990742,0.99265856,0.005071431,0.0000754,0.008065935,1.46E-09,0.9938222,1.47E-08,6.26E-09,0.99579096,1.43E-09,0.000603417,0.000359035,7.68E-09,3.86E-09,0.9937966,4.29E-09,0.007402482,0.9929501,0.005783503,5.86E-09,6.39E-10,0.995284,2.9E-09,4.48E-09,0.99550664,1.08E-08,0.000938528,0.99602675,4.15E-10,2.24E-09,0.000342234,0.006726028,0.0000303,1,0.006005099,0.00468308,1,0.006569556,0.0000906,0.000352929,2.28E-09,2.51E-09,1,0.0000821,0.99958414,0.9963309,0.005751863,7.2E-10,0.006919797,0.008452127,1,0.0000822,0.000980494,0.00036863,1.11E-08,0.00782976,0.9910239,0.00693809,5.18E-09,0.99988496,5.18E-09,0.005086683,0.008050415,0.9931431,3.11E-09,0.001273332,0.9961539,0.006382839,0.0000722,0.024639454,4.43E-09,0.007456097,0.9955776,0.009715021,0.0000894,0.000380857,2.95E-09,1.47E-08,1,0.000137488,0.99971086,0.9940137,0.009414346,1.82E-09,0.0000972,0.000654476,0.000262381,1.7E-09,0.005032087,0.99131,0.008715273,3.94E-09,0.99981695,7.87E-10,0.008413535,0.03693887,0.9953934,0.0000613,0.007307567,0.000772941,9.43E-09,6.61E-10,0.99598724,0.9993648,0.0000381,0.000299631,0.041302886,3.83E-08,0.000311657,0.000852451,6.15E-09,0.002717786,8.6E-10,0.038316835,7.87E-10,4.91E-09,0.000382338,0.000663594,7.6E-09,4.76E-09,0.000266873,9.23E-10,1.96E-09,0.9938022,0.000109609,0.9995691,0.99440914,5.14E-09,5.57E-09,0.0000485,5.37E-09,0.9963833,3.44E-09,0.9804448,9.14E-09,0.000295945,0.000167192,0.010083159,0.0000498
1243,5,0.050550796,0.043555792,0.9495075,0.0000178,0.0000358,0.9630641,0.036414277,0.03723909,0.9514054,0.02653151,0.0000437,0.13041902,0.05511281,0.034203403,0.94115543,0.0000233,0.8617206,0.8575514,0.040606204,0.0000733,0.03165722,0.0000463,0.104557596,0.0000428,0.0000383,0.25336993,0.0000535,0.0000304,0.24643847,0.03164285,0.9676142,0.8983652,0.042750444,0.0000214,0.27463707,0.0000236,0.0000328,0.100129455,0.0000184,0.000013,0.0000169,0.88205105,0.0000247,0.0000632,0.84449834,0.0000239,0.0000287,0.8495168,0.03988537,0.1662635,0.99998,0.0000397,0.0000433,0.033546146,0.0000281,0.0000764,0.88306683,0.045034744,0.039635718,0.93577135,0.03580729,0.04020668,0.94504875,0.03303196,0.0000252,0.036142375,0.0000377,0.0000465,0.9459343,0.0000423,0.8124431,0.96112484,0.07813343,0.041648403,0.07347933,0.0000147,0.8712857,0.0000256,0.0000404,0.88569117,0.0000276,0.027064655,0.03070115,0.0000495,0.0000456,0.85533667,0.0000155,0.06511849,0.96509403,0.05726788,0.0000522,0.0000189,0.898597,0.0000541,0.0000153,0.8845683,0.0000197,0.034360778,0.84188163,0.00000658,0.0000143,0.036228094,0.11625637,0.034296412,0.9999738,0.058967717,0.08461294,0.9999844,0.08283119,0.04563308,0.041339353,0.0000465,0.0000588,0.99997365,0.04643619,0.9615739,0.88334167,0.033589367,0.0000178,0.09581827,0.05265281,0.999974,0.061609916,0.09847841,0.026324272,0.0000535,0.065180026,0.9493331,0.06580142,0.0000319,0.93921816,0.0000681,0.06284839,0.07631498,0.96229243,0.0000272,0.09069143,0.8731356,0.087359965,0.02905739,0.2678311,0.0000415,0.036730524,0.8942063,0.058701206,0.039075445,0.03921114,0.0000167,0.0000976,0.9999765,0.03529131,0.9574032,0.89241505,0.043313496,0.0000363,0.059555247,0.09071513,0.03312319,0.0000282,0.07307306,0.976127,0.07961009,0.0000608,0.9499705,0.0000229,0.028715136,0.12539998,0.8670194,0.04878463,0.085508384,0.16719565,0.0000341,0.0000189,0.86544305,0.75125986,0.04504373,0.035008036,0.13460119,0.0000941,0.031589907,0.062280666,0.0000646,0.16165684,0.0000139,0.20131558,0.000023,0.000035,0.023542218,0.03603977,0.0000462,0.0000391,0.044307213,0.0000387,0.0000545,0.8917722,0.044274937,0.95812035,0.83764523,0.0000758,0.000027,0.04297,0.0000247,0.8697526,0.0000177,0.67453045,0.0000299,0.033756923,0.03690027,0.07257888,0.033779215
1244,6,0.005702746,0.004278341,0.99772257,0.000000375,0.00000165,0.9972415,0.9781204,0.9740161,0.9966718,0.9788953,0.00000119,0.001829267,0.005329053,0.008837793,0.99521494,0.000000382,0.9992563,0.013944193,0.977098,0.0000129,0.005717514,0.000006,0.000151336,0.00000118,0.00000196,0.000368626,0.000000513,0.00000244,0.000233249,0.9687771,0.9999472,0.9987255,0.003167251,0.00000174,0.9431645,0.0000007,0.000000545,0.000243546,0.000000121,0.00000455,0.00000169,0.015691714,0.0000314,0.000000122,0.011054871,0.000000367,0.000000471,0.011999507,0.00567922,0.001555914,0.9999981,0.000000614,0.00000731,0.0000617,0.000000307,0.00000211,0.010389363,0.004114782,0.002462423,0.99840206,0.97525364,0.98075324,0.99753165,0.97983515,0.000000421,0.000136191,0.00000033,0.00000578,0.9957146,0.000000393,0.9977785,0.02732439,0.9814605,0.003362476,0.98298967,0.000000888,0.012044959,0.00000344,0.00000175,0.011131399,0.000000465,0.000209396,0.000221622,0.0000225,0.000000346,0.0122395,0.00000175,0.98611593,0.030919945,0.9849663,0.00000299,0.00000774,0.015711265,0.00000111,0.00000118,0.01860954,0.0000016,0.000248321,0.012760353,0.00000155,0.000000445,0.000104967,0.967585,0.004243404,0.9999987,0.98208916,0.9796215,0.9999988,0.9799544,0.005482526,0.00021215,0.000000892,0.000000644,0.9999963,0.004986799,0.9999058,0.009375679,0.97602546,0.000000188,0.975999,0.9826713,0.99999976,0.005758821,0.000766174,0.000115556,0.0000146,0.98349875,0.02141054,0.98308855,0.0000164,0.99756646,0.0000138,0.9814435,0.9781237,0.031103859,0.0000134,0.000662449,0.013876131,0.9759379,0.007803917,0.96913403,0.00000137,0.9849569,0.00852502,0.97753364,0.005714183,0.000161513,0.000000576,0.000024,0.9999964,0.00315828,0.9998964,0.007617219,0.977122,0.00000275,0.006295672,0.000643448,0.000164583,0.00000207,0.9850071,0.014549603,0.98860186,0.00000705,0.9961694,0.000000215,0.9851223,0.96929604,0.013590733,0.003115749,0.9802398,0.000740704,0.000000884,0.000000125,0.009758938,0.99981266,0.002334256,0.000130701,0.9780738,0.0000794,0.0000942,0.000151531,0.000000828,0.001426238,0.000000282,0.933402,0.000000474,0.000000577,0.000152442,0.000171934,0.000000998,0.0000031,0.000096,0.00000153,0.0000782,0.01191546,0.005651108,0.9997898,0.013701696,0.00000388,0.000000977,0.004357501,0.00000175,0.013303686,0.00000194,0.026543833,0.0000023,0.000232636,0.006037301,0.98577046,0.005863429
1246,5,0.000855864,0.000474319,0.9984047,0.000000532,0.000000911,0.999466,0.39745486,0.43135875,0.99919146,0.37828863,0.00000104,0.005956911,0.000605697,0.001185867,0.99921346,0.000000257,0.9964862,0.6299005,0.37130538,0.00000424,0.000824672,0.00000331,0.002039457,0.000000727,0.000000678,0.002927866,0.00000254,0.000000863,0.00189686,0.39452878,0.9992866,0.99636924,0.000697994,0.00000163,0.39734402,0.00000108,0.00000153,0.004535522,0.000000411,0.00000143,0.00000123,0.59689933,0.00000661,0.00000043,0.602723,0.00000101,0.000000592,0.63004404,0.00080894,0.009318003,0.99999833,0.0000015,0.00000317,0.001190446,0.000000498,0.000000922,0.6148371,0.000516943,0.000257952,0.9982822,0.36358947,0.44273224,0.9982652,0.38421196,0.00000138,0.001327335,0.000000355,0.0000036,0.9978631,0.000000992,0.99468476,0.5588531,0.41724762,0.000718488,0.44986594,0.000000771,0.6060736,0.0000022,0.00000191,0.634871,0.000000212,0.002435292,0.002267529,0.00000529,0.000000818,0.6196359,0.000000568,0.3862835,0.58846664,0.39693567,0.00000386,0.00000127,0.6204751,0.00000179,0.00000142,0.6579451,0.00000107,0.002902597,0.5821149,0.000000722,0.000000701,0.001993269,0.44968793,0.000610402,0.9999987,0.39569637,0.39876986,0.9999989,0.43500668,0.00063927,0.002014187,0.000000829,0.00000054,0.99999726,0.000668833,0.99847704,0.6062964,0.37058866,0.000000501,0.38609016,0.41018444,0.9999993,0.000936408,0.003360498,0.001049578,0.0000056,0.40817782,0.5711184,0.37786222,0.00000744,0.99888283,0.00000512,0.4402643,0.4068804,0.62148786,0.00000311,0.003872967,0.6153904,0.4138213,0.000506266,0.39121795,0.000000903,0.35044485,0.6191595,0.4469122,0.000697093,0.001715906,0.00000122,0.00000788,0.99999654,0.000849502,0.998423,0.63401073,0.40883845,0.00000189,0.000694973,0.004019003,0.000994563,0.000000746,0.39684007,0.5706529,0.44970044,0.00000538,0.9983432,0.000000186,0.36662713,0.41984308,0.6833153,0.000495913,0.42094353,0.003274514,0.00000158,0.000000375,0.6021589,0.99793506,0.000615363,0.001809358,0.4222087,0.0000179,0.00096925,0.002555698,0.000000586,0.007777081,0.000000485,0.4205203,0.000000463,0.00000108,0.001868338,0.003083796,0.00000149,0.00000145,0.001318705,0.00000221,0.0000123,0.61561,0.000495127,0.9983694,0.59711736,0.00000258,0.00000191,0.000718094,0.00000159,0.65078944,0.00000215,0.6176013,0.00000243,0.001220997,0.00106754,0.42800653,0.001312872
1247,5,0.0000104,0.00000531,0.9999931,6.07E-12,2.37E-11,0.99999857,0.00000433,0.0000043,0.9999958,0.00000413,1.83E-10,0.006624192,0.00000202,0.00000314,0.999995,2.08E-11,0.99223983,0.99999964,0.00000223,2.82E-11,0.00000896,3.81E-12,0.00699593,1.81E-10,3.43E-11,0.004595774,4.67E-10,2.24E-11,0.003997013,0.00000422,0.9971591,0.996702,0.00000324,1.02E-10,0.008059937,1.28E-10,6.08E-10,0.005794657,8.06E-11,6.67E-12,1.51E-11,0.9999988,1.09E-10,1.01E-10,0.9999993,1.62E-10,7.32E-11,0.99999857,0.00000543,0.012944401,1,3.79E-12,1.99E-10,0.003447668,3.85E-11,4.68E-11,0.9999993,0.00000424,0.00000522,0.9999958,0.00000252,0.00000627,0.9999912,0.00000368,1.46E-10,0.00349824,2.43E-11,2.47E-11,0.9999825,4.98E-11,0.9956601,0.9999938,0.00000257,0.00000295,0.00000352,8.03E-12,0.99999774,1.8E-10,4.47E-11,0.9999981,1.73E-11,0.004810824,0.004151528,3E-11,1.03E-10,0.9999982,1.06E-10,0.00000354,0.9999956,0.00000258,6.33E-11,5.64E-13,0.99999845,3.03E-11,6.08E-11,0.9999993,2.07E-10,0.007515399,0.9999989,1.79E-12,5.38E-11,0.003935486,0.0000039,0.00000178,1,0.0000017,0.00000116,1,0.00000167,0.00000222,0.003469825,3.1E-11,5.2E-11,1,0.00000295,0.99607205,0.9999993,0.00000321,1.53E-11,0.00000147,0.0000035,1,0.00000318,0.00292872,0.003773183,7.23E-11,0.00000406,0.99999595,0.00000375,1.19E-11,0.99999416,3.92E-11,0.000000878,0.00000226,0.99999785,9.41E-12,0.003066143,0.99999917,0.00000225,0.00000499,0.001492957,1.13E-10,0.00000437,0.9999976,0.00000387,0.00000591,0.003773103,5.29E-11,6.78E-11,1,0.0000111,0.99680066,0.9999982,0.00000365,9.66E-12,0.0000043,0.00261083,0.002853528,1.51E-11,0.00000145,0.9999902,0.00000378,2.47E-11,0.9999813,9.11E-12,0.00000382,0.00443375,0.99999857,0.000002,0.00000341,0.007327466,3.58E-10,2.15E-11,0.99999845,0.99624443,0.0000026,0.00358664,0.005295052,3.24E-10,0.003536758,0.007116845,3.94E-10,0.01021344,7.85E-12,0.00320625,9.5E-12,1.19E-10,0.003664943,0.005952043,1.68E-10,5.97E-11,0.003258108,4.13E-12,3.14E-12,0.9999987,0.0000101,0.9946301,0.9999976,3.89E-11,1.41E-10,0.0000033,1.02E-10,0.99999905,1.53E-11,0.9985378,1.73E-10,0.00334808,0.0000143,0.00000252,0.00000419
1248,2,0.00000286,0.00000141,0.991585,3.64E-09,2.83E-09,0.999998,0.000340821,0.000277698,0.9999975,0.000365455,8.4E-09,0.005988386,0.000000483,0.00000306,0.99999857,2.63E-09,0.99385273,0.99640214,0.000272637,1.81E-08,0.00000472,7.37E-09,0.26479638,2.55E-09,4.48E-09,0.6765953,4.62E-08,5.54E-09,0.6267827,0.000178053,0.99647224,0.30338314,0.00000201,1.28E-08,0.55786496,8.97E-09,0.000000036,0.26955065,1.42E-08,4.18E-09,9.14E-09,0.9954335,6.81E-09,0.000000022,0.99657345,2.42E-08,8.94E-09,0.996496,0.000000993,0.37843287,1,4.8E-09,1.55E-08,0.006378207,1.35E-08,2.85E-09,0.99736065,0.000000929,0.00000128,0.9932735,0.000537074,0.000330674,0.99479264,0.000204436,2.78E-08,0.006095165,4.96E-09,1.08E-08,0.9941369,6.96E-09,0.94676983,0.9997774,0.000258031,0.00000134,0.000467521,4.61E-09,0.99530196,9.59E-09,9.05E-09,0.9949249,4.06E-10,0.32547808,0.010754596,3.22E-09,1.24E-08,0.9965887,4.22E-09,0.000357118,0.99970454,0.000263837,3.18E-08,4.3E-09,0.9963666,1.03E-08,1.77E-08,0.9965789,4.89E-09,0.3581714,0.9975147,5.15E-09,4.73E-09,0.004245166,0.000151419,0.00000111,1,0.000299006,0.0003835,1,0.000436809,0.00000199,0.006154553,3.74E-09,3.38E-09,1,0.00000308,0.99342245,0.9964246,0.000327924,1.56E-08,0.000175288,0.000354175,1,0.00000162,0.638304,0.004663128,2.68E-08,0.000306564,0.999634,0.000202319,1.48E-08,0.9939267,1.25E-08,0.000489447,0.000232688,0.9997273,4.23E-09,0.7448616,0.99730635,0.000279374,0.00000111,0.002650335,6.23E-09,0.000372142,0.996974,0.000364913,0.000000871,0.006655066,1.27E-08,1.74E-08,1,0.00000399,0.992339,0.9957944,0.000310351,1.36E-08,0.00000141,0.631153,0.006012709,3.69E-09,0.00040631,0.99977976,0.000211428,3.65E-08,0.9930566,5.24E-09,0.000377745,0.4965936,0.9967691,0.00000141,0.000281494,0.008128099,3.15E-08,6.58E-09,0.9975304,0.3426577,0.000000494,0.005966689,0.46884823,1.86E-08,0.005971447,0.39170206,2.69E-09,0.33145127,3.16E-09,0.004055108,2.7E-09,4.15E-08,0.008158942,0.39113265,2.24E-08,6.18E-09,0.005496081,1.22E-08,1.69E-08,0.997072,0.000000585,0.9944548,0.9951462,0.000000012,2.79E-08,0.00000231,5.68E-09,0.9956964,8.85E-09,0.9773293,5.07E-08,0.005357863,0.00000215,0.000411926,0.00000217
1250,6,0.004151811,0.002953962,0.9961306,0.000000907,0.00000224,0.997684,0.84013426,0.8582079,0.9975273,0.835914,0.0000018,0.00476866,0.004267426,0.006702263,0.99608386,0.000000562,0.99688655,0.10395663,0.82195556,0.000013,0.003610738,0.0000094,0.000676234,0.00000152,0.00000199,0.001483962,0.00000183,0.00000234,0.001071803,0.82799757,0.9996941,0.9967608,0.002610014,0.0000034,0.8124575,0.00000161,0.00000184,0.001002297,0.000000332,0.00000451,0.00000343,0.08264698,0.000024,0.00000052,0.08722024,0.00000108,0.00000106,0.097005494,0.004922207,0.004025003,0.9999969,0.00000228,0.0000107,0.00039965,0.000000876,0.00000278,0.08008104,0.002901421,0.001300271,0.9965444,0.8447199,0.8805967,0.9960258,0.860216,0.00000134,0.000538752,0.000000645,0.00000837,0.9913113,0.00000126,0.99275416,0.15306504,0.85586995,0.002336438,0.8811105,0.00000159,0.08419744,0.00000453,0.00000341,0.101445675,0.000000627,0.000618606,0.001072312,0.0000166,0.000001,0.07840097,0.00000172,0.8770026,0.17297761,0.8587946,0.00000624,0.00000506,0.08822579,0.0000026,0.00000234,0.12540339,0.00000219,0.000918418,0.08205601,0.00000214,0.00000147,0.000618907,0.87366897,0.003256642,0.99999714,0.8637049,0.86152774,0.99999726,0.86404866,0.003076142,0.000812896,0.00000167,0.000000964,0.9999944,0.003083346,0.9995111,0.08487985,0.8555088,0.000000666,0.824794,0.86417454,0.99999905,0.00342369,0.002248231,0.000475816,0.0000195,0.87732685,0.13924919,0.87866837,0.0000208,0.9966101,0.0000161,0.8730247,0.83841735,0.16786225,0.0000141,0.002013062,0.099560976,0.8507531,0.003687706,0.8463803,0.00000206,0.8616281,0.08204692,0.8717543,0.004489693,0.000670115,0.00000158,0.0000237,0.9999944,0.003034415,0.99949515,0.08342147,0.8519897,0.00000508,0.003831732,0.002209734,0.000507512,0.0000028,0.8805707,0.14174418,0.9032058,0.0000146,0.995449,0.000000366,0.85345817,0.85731685,0.114662215,0.002536281,0.85334307,0.002638839,0.000002,0.00000043,0.07184618,0.99901986,0.002502361,0.000789971,0.85422856,0.0000565,0.00047298,0.000670149,0.00000165,0.003174359,0.000000862,0.8062407,0.00000105,0.00000131,0.000597386,0.000673599,0.00000156,0.00000449,0.000519526,0.00000353,0.0000489,0.08691218,0.002807334,0.99933726,0.085362874,0.00000669,0.00000212,0.004192651,0.00000279,0.10825472,0.00000365,0.13123636,0.00000486,0.000842903,0.005318503,0.8901119,0.005203335
1251,5,0.20947488,0.19544785,0.9319378,0.00035595,0.00058092,0.79919136,0.5095826,0.5241971,0.78421146,0.5213375,0.00046658,0.13807626,0.18365073,0.18482974,0.8253934,0.000456752,0.8610898,0.22110838,0.5267986,0.001108031,0.17062916,0.001021057,0.005086717,0.000443876,0.001008843,0.014345934,0.001246354,0.00066407,0.016528355,0.4987028,0.9832751,0.9904739,0.19812348,0.000602002,0.42988107,0.000391835,0.000703626,0.004679934,0.000157609,0.000754965,0.000617068,0.18704091,0.001326741,0.000458783,0.22232576,0.000694679,0.000555328,0.18237208,0.20337845,0.05112177,0.99953437,0.000213741,0.001305119,0.016944595,0.00020169,0.000878291,0.20728673,0.19272965,0.18527699,0.921418,0.5245396,0.6039286,0.9355633,0.51695937,0.000840838,0.016127408,0.000299791,0.001195108,0.9074979,0.000402911,0.8791856,0.42959425,0.7327332,0.18030144,0.7090657,0.000505554,0.18679202,0.000661783,0.000860741,0.22173318,0.000384984,0.001297003,0.021596339,0.001368807,0.000371429,0.17057239,0.000543368,0.7303667,0.4727368,0.6937192,0.000705154,0.00056865,0.20674743,0.00055005,0.000546136,0.2328765,0.000599315,0.001563284,0.23140998,0.000638095,0.000288565,0.017065894,0.79037315,0.15541288,0.99926347,0.69055396,0.75272846,0.9990753,0.69908947,0.19700198,0.01835433,0.000626945,0.000569275,0.99921143,0.18492292,0.97335535,0.18186037,0.53943515,0.000279627,0.7611658,0.77276087,0.999491,0.18531448,0.007160168,0.014915287,0.001585067,0.7451343,0.47889104,0.7230595,0.001289615,0.92164224,0.001135255,0.71285385,0.71064836,0.5141089,0.001446639,0.005458902,0.19343734,0.7674547,0.18210779,0.7744919,0.0004383,0.45687386,0.19810353,0.75485694,0.22582135,0.015340444,0.000516584,0.001934698,0.9993687,0.19768551,0.9821906,0.22514898,0.5345777,0.000571228,0.19610287,0.007582944,0.01682251,0.000615399,0.7587346,0.4415265,0.7696457,0.001210582,0.922039,0.000331153,0.5297851,0.46658617,0.25324792,0.18884465,0.76317394,0.14058052,0.000573235,0.000247119,0.17526866,0.99145025,0.1980879,0.017388826,0.37422332,0.00257119,0.017799936,0.001738434,0.000465193,0.044810016,0.000342103,0.59694177,0.000297637,0.000400815,0.018954977,0.001037881,0.000628286,0.000796405,0.018254751,0.00066602,0.001278041,0.19877747,0.20367755,0.983869,0.20173334,0.000847482,0.00064053,0.19483237,0.000746332,0.24841733,0.000841028,0.17807883,0.000630351,0.014580407,0.22219796,0.7583648,0.22480573
1252,6,0.01511015,0.010660142,0.9814897,0.0000314,0.0000434,0.9811567,0.8870987,0.9101265,0.9867198,0.89473945,0.0000289,0.09827211,0.014592174,0.009323542,0.9822642,0.0000336,0.8772595,0.06969401,0.8799246,0.000103723,0.01337527,0.000271457,0.09397485,0.000038,0.0000715,0.09121799,0.0000366,0.000104278,0.09911604,0.91923314,0.9287486,0.9819629,0.015881734,0.0000303,0.9741742,0.0000184,0.0000255,0.09602118,0.00000823,0.0000691,0.0000889,0.061643057,0.0000859,0.0000518,0.0671608,0.000019,0.0000184,0.103064515,0.015115636,0.07904136,0.9999813,0.0000616,0.0000422,0.05157462,0.00000713,0.0000376,0.075804844,0.021390937,0.016665617,0.9802531,0.9051082,0.8717857,0.9824358,0.89452714,0.0000329,0.051770557,0.0000244,0.000278094,0.9883704,0.0000311,0.9451109,0.108912185,0.9461732,0.016538443,0.9384234,0.0000575,0.078938104,0.0000435,0.000114133,0.07672529,0.0000214,0.010392305,0.060862478,0.000156439,0.0000176,0.09039381,0.0000308,0.9230669,0.089854755,0.9307098,0.0000945,0.0000739,0.07462262,0.0000791,0.0000311,0.08036508,0.000022,0.012291943,0.06510369,0.0000353,0.0000321,0.06390083,0.9379581,0.01710635,0.9999707,0.94932866,0.93405354,0.99996686,0.94845206,0.019796085,0.061568588,0.0000404,0.0000341,0.9999597,0.008642319,0.9418553,0.08439502,0.8862625,0.0000231,0.91085356,0.9201018,0.99990904,0.019139046,0.014579269,0.06734803,0.000102421,0.93602246,0.10055247,0.94046926,0.000234167,0.98458415,0.000376861,0.9477673,0.9384838,0.09411521,0.000139929,0.026524356,0.08229478,0.9188472,0.017658519,0.9459506,0.0000564,0.9094177,0.05926733,0.9359573,0.010432034,0.0618136,0.0000215,0.000380035,0.99996424,0.017058209,0.9433553,0.08481447,0.8935638,0.0000587,0.011106427,0.022118157,0.0615712,0.0000468,0.9309467,0.0726638,0.9370217,0.000124241,0.98588073,0.0000239,0.91510725,0.9123176,0.07330721,0.018466232,0.9035571,0.10215458,0.0000188,0.0000167,0.0975545,0.9116235,0.016240349,0.05983936,0.91261107,0.000243569,0.0687193,0.009867763,0.0000236,0.1008675,0.0000207,0.9270271,0.0000572,0.0000187,0.069189474,0.007072627,0.0000401,0.000049,0.04507327,0.0000943,0.000264589,0.05381808,0.014502885,0.9383986,0.09329493,0.0000754,0.0000354,0.012079399,0.0000164,0.072456755,0.0000415,0.046113193,0.0000429,0.07327231,0.014487613,0.9176512,0.013403854
1253,6,0.000123364,0.0000901,0.99743515,4.05E-08,4.04E-08,0.9998995,0.000227164,0.000215384,0.9998963,0.000190742,0.000000123,0.13385646,0.0000768,0.000125955,0.99988866,3.81E-08,0.85444134,0.99989617,0.0000951,8.67E-08,0.000189346,3.48E-08,0.74533695,0.000000388,7.34E-08,0.7900947,0.000000124,0.000000109,0.8022813,0.000242461,0.8150539,0.42029533,0.00016268,4.77E-08,0.7218673,0.000000149,0.000000225,0.7749061,9.58E-08,2.35E-08,7.58E-08,0.9997123,0.000000047,0.000000383,0.99971944,0.000000129,3.79E-08,0.99977905,0.0000761,0.4976443,0.9999999,4.02E-08,5.83E-08,0.1701747,0.000000109,6.86E-08,0.99979156,0.000142061,0.000186171,0.99744844,0.000206906,0.000193943,0.99738973,0.000134685,0.000000118,0.19788733,0.000000198,3.56E-08,0.9965044,0.000000126,0.83615506,0.9997961,0.000220572,0.000139984,0.000168038,1.91E-08,0.9996897,7.05E-08,9.91E-08,0.99961287,5.53E-08,0.6160753,0.20935984,1.27E-08,8.72E-08,0.99981195,0.000000122,0.000140582,0.999716,0.000158383,8.92E-08,2.1E-09,0.9995541,0.000000188,0.000000149,0.9998698,5.19E-08,0.5640231,0.99958915,1.04E-08,0.000000149,0.19312972,0.000159939,0.000124558,1,0.000171326,0.0000983,1,0.0000783,0.000108072,0.181342,5.76E-08,0.000000114,0.9999999,0.0000358,0.7982069,0.999798,0.000171245,5.24E-08,0.0000532,0.000168755,1,0.0000695,0.5524993,0.19513056,0.000000128,0.000181075,0.99981815,0.000231348,2.49E-08,0.99689204,7.77E-08,0.000130996,0.00011672,0.999869,2.16E-08,0.5867108,0.99974746,0.000097,0.000127367,0.07857581,0.000000363,0.000325165,0.9995359,0.000189785,0.0000862,0.17090037,7.02E-08,5.81E-08,0.9999999,0.000236548,0.7985128,0.99967396,0.000142742,1.76E-08,0.0000965,0.5736788,0.1746344,3.72E-08,0.000130328,0.9995554,0.000216781,8.87E-08,0.99583805,4.14E-08,0.000292153,0.5284689,0.99972755,0.0000871,0.000158393,0.15044267,0.000000073,0.000000101,0.9996774,0.21928525,0.000118128,0.18067391,0.49467373,9.73E-08,0.19586742,0.5506223,0.00000022,0.5104512,2.66E-08,0.07761055,0.00000006,0.000000114,0.21468547,0.52608913,7.23E-08,6.49E-08,0.1549379,2.79E-08,1.05E-08,0.9997025,0.000194182,0.84629405,0.9996846,0.000000109,5.81E-08,0.0000711,6.51E-08,0.9997377,0.000000029,0.90605325,9.75E-08,0.1897395,0.000238317,0.000118045,0.0001113
1254,5,0.000733007,0.000561149,0.98943466,0.00000591,0.00000307,0.99922276,0.023185108,0.030836847,0.99929845,0.027540613,0.0000051,0.04465574,0.000477916,0.000696195,0.9994723,0.00000426,0.9530146,0.9624501,0.024932614,0.0000144,0.000722014,0.0000124,0.11746953,0.00000437,0.00000317,0.15521522,0.0000222,0.00000516,0.123939045,0.025787402,0.9588849,0.9032968,0.000568924,0.00000997,0.19441761,0.00000923,0.0000149,0.124124564,0.00000746,0.00000583,0.0000107,0.96468574,0.0000102,0.0000109,0.95121443,0.00000814,0.00000826,0.95972973,0.000528307,0.094385,0.99999225,0.00000915,0.00000947,0.038545247,0.0000058,0.00000448,0.9618461,0.000455573,0.00036473,0.9889586,0.032837197,0.029198855,0.9901516,0.027125483,0.000014,0.038118575,0.00000426,0.0000147,0.9889232,0.00000709,0.9245308,0.97273153,0.029664168,0.000730717,0.03316683,0.00000518,0.9542705,0.0000087,0.0000103,0.9609853,0.00000111,0.077290595,0.04843188,0.00000953,0.00000889,0.9646073,0.00000376,0.02977184,0.9679717,0.028683992,0.0000214,0.00000663,0.9603302,0.0000107,0.00000857,0.9622724,0.00000553,0.086549774,0.96255565,0.00000639,0.00000792,0.03443734,0.02875426,0.000611834,0.99999344,0.027384693,0.030713268,0.9999906,0.027331868,0.00049265,0.044297148,0.00000676,0.00000454,0.999985,0.000730657,0.95109636,0.9572684,0.026787305,0.0000083,0.025390113,0.03292896,0.99999094,0.000514809,0.09992325,0.035402734,0.0000205,0.031644344,0.972081,0.028928638,0.0000187,0.9922018,0.0000154,0.028593035,0.024875863,0.97363865,0.0000076,0.09533252,0.96023256,0.030703735,0.000443944,0.08630323,0.00000651,0.030361164,0.9640844,0.033009667,0.000585908,0.04230071,0.0000137,0.00002,0.99999034,0.000896673,0.9528706,0.95881265,0.030484384,0.0000113,0.000502813,0.09409039,0.03406013,0.00000445,0.028280955,0.97374415,0.02705143,0.0000224,0.98896384,0.00000288,0.028975114,0.1373967,0.9674406,0.000628241,0.026786057,0.04825893,0.0000103,0.00000591,0.97213745,0.86437374,0.000422333,0.0523632,0.13766398,0.0000208,0.037164364,0.08343519,0.00000314,0.0767134,0.00000385,0.09734501,0.00000763,0.0000115,0.042728484,0.093136184,0.0000088,0.0000056,0.042468693,0.0000135,0.0000175,0.96068335,0.000356158,0.96034753,0.9593003,0.000017,0.000011,0.000813124,0.00000555,0.9650293,0.00000865,0.8854541,0.0000162,0.041027535,0.000804954,0.028003251,0.000832903
1255,6,0.06928214,0.049083706,0.9923585,0.00000235,0.00000797,0.9492031,0.804699,0.83467114,0.94466233,0.82122475,0.00000406,0.02343855,0.04348608,0.050642453,0.9504978,0.00000419,0.9813725,0.05669214,0.82706004,0.0000198,0.035645686,0.0000182,0.00023873,0.00000418,0.0000149,0.000863616,0.0000134,0.00000686,0.000894207,0.8081998,0.99915004,0.99950135,0.05397108,0.00000564,0.5949882,0.00000297,0.00000553,0.000233733,0.000000694,0.0000101,0.00000735,0.05467627,0.0000358,0.00000285,0.05400684,0.00000563,0.0000045,0.051665545,0.056608457,0.007903387,0.99999595,0.00000144,0.0000216,0.000880334,0.000001,0.0000111,0.06348477,0.04320047,0.050249398,0.991711,0.81444407,0.8664784,0.99365306,0.8274475,0.00000682,0.000889274,0.00000178,0.000027,0.98957485,0.00000339,0.9845857,0.16831772,0.9298059,0.0510029,0.921016,0.00000549,0.05752455,0.0000083,0.0000106,0.06316637,0.00000304,0.0000525,0.001423337,0.0000417,0.00000295,0.048629317,0.00000501,0.9214686,0.19375472,0.91626185,0.00000926,0.0000101,0.06347059,0.00000525,0.00000432,0.0702926,0.00000584,0.0000649,0.07628894,0.00000639,0.00000189,0.001128571,0.94693935,0.03284266,0.99999094,0.90767086,0.9381882,0.999992,0.9345131,0.061586343,0.001206029,0.00000628,0.00000524,0.99999166,0.056865733,0.997969,0.05026418,0.8252627,0.00000157,0.94038075,0.9441302,0.9999962,0.051396098,0.000360997,0.000993917,0.0000304,0.93452626,0.20474769,0.9295137,0.0000318,0.99069184,0.0000227,0.9298805,0.9250748,0.19204074,0.0000298,0.000285852,0.05940075,0.9435404,0.039678555,0.9006425,0.00000497,0.7895467,0.063697614,0.9391183,0.056046687,0.000944469,0.00000321,0.0000642,0.9999907,0.05599904,0.9987708,0.073685266,0.81500363,0.00000687,0.04981153,0.000414041,0.001107181,0.00000659,0.9339509,0.17334089,0.94326377,0.0000212,0.9910182,0.00000218,0.8207042,0.64475393,0.080941714,0.054096453,0.94191265,0.020062866,0.00000512,0.00000132,0.04803421,0.9995672,0.04722675,0.001164732,0.58670056,0.0000897,0.001146331,0.0000691,0.00000367,0.00599183,0.00000217,0.76569265,0.0000024,0.00000303,0.001460511,0.0000327,0.00000774,0.00000855,0.001186337,0.00000617,0.0000337,0.05233725,0.05205641,0.99898094,0.059375845,0.0000137,0.00000651,0.041797403,0.0000089,0.07728023,0.0000125,0.08595543,0.0000071,0.001031939,0.06741231,0.9373976,0.055843364
1256,5,0.000410053,0.000540656,0.99760914,0.00000054,0.000000324,0.9996692,0.005870627,0.009843185,0.9996532,0.008115139,0.000000892,0.032205634,0.000294169,0.000580132,0.99968827,0.000000288,0.9628189,0.9934754,0.010525291,0.0000015,0.000489758,0.00000124,0.014602696,0.000000421,0.00000019,0.016777158,0.00000615,0.000000447,0.009300245,0.008765645,0.9843761,0.99192363,0.000282267,0.00000148,0.022111692,0.00000127,0.0000035,0.01985439,0.000000899,0.000000484,0.000000915,0.9912108,0.00000146,0.000000857,0.992478,0.00000175,0.00000132,0.9902838,0.000265166,0.015588492,0.9999987,0.00000083,0.00000186,0.018413287,0.00000071,0.000000703,0.99014366,0.000248697,0.0000907,0.99774987,0.010929253,0.013254573,0.99730563,0.009601786,0.00000262,0.02508595,0.000000273,0.00000142,0.99718994,0.000000596,0.9661638,0.9910567,0.012163648,0.000282878,0.014644776,0.00000068,0.98844683,0.00000131,0.00000125,0.9909759,0.000000108,0.006349587,0.036508422,0.00000225,0.00000126,0.99113584,0.000000457,0.012382496,0.9881053,0.007929272,0.0000024,0.00000104,0.98860663,0.000000868,0.000000889,0.9924482,0.000000991,0.009954486,0.99264824,0.000000754,0.000000718,0.018644603,0.014760769,0.000358592,0.9999988,0.009386296,0.010037983,0.99999833,0.010316116,0.000228496,0.026753074,0.000000699,0.000000501,0.9999962,0.000695662,0.98082274,0.991085,0.010328996,0.000000887,0.01063859,0.012984544,0.9999993,0.000386285,0.007475319,0.012231402,0.00000257,0.014052331,0.98888564,0.010007825,0.00000273,0.9986425,0.00000241,0.009815465,0.006925921,0.9921503,0.00000102,0.005311306,0.98931795,0.01553052,0.000351226,0.043849643,0.000000456,0.009662128,0.9919884,0.011090345,0.000438937,0.02193227,0.00000201,0.00000243,0.9999987,0.000669549,0.97500956,0.9916715,0.011278158,0.00000159,0.000331665,0.007071391,0.014643915,0.000000382,0.011134591,0.99273926,0.008306806,0.00000292,0.99722314,0.000000262,0.007687641,0.014530669,0.99297523,0.000305742,0.013490087,0.04285215,0.00000246,0.0000005,0.99206614,0.98866475,0.00032959,0.02521351,0.01185549,0.00000526,0.018097943,0.009109659,0.000000581,0.015951958,0.00000065,0.04122763,0.000000808,0.0000024,0.020922834,0.009696747,0.0000013,0.000000821,0.02186105,0.00000202,0.00000383,0.992093,0.000169275,0.9829449,0.98837006,0.00000137,0.00000241,0.000715303,0.00000107,0.9931914,0.0000018,0.9663367,0.00000232,0.023150705,0.000607877,0.010670753,0.00065634
1257,1,0.000614323,0.000470677,0.9718319,0.00000288,0.00000221,0.9990669,0.002174241,0.002024945,0.9991992,0.001628917,0.00000582,0.19703548,0.000558591,0.000724016,0.9994229,0.00000265,0.7467725,0.99746656,0.001186754,0.0000073,0.000920312,0.00000278,0.9273653,0.0000138,0.00000514,0.9378914,0.00000371,0.00000735,0.95961314,0.001912495,0.7034531,0.15742373,0.000893839,0.00000223,0.89823896,0.0000063,0.00000639,0.94092214,0.00000488,0.00000179,0.00000504,0.9952845,0.00000188,0.0000206,0.99591076,0.00000523,0.00000181,0.9971724,0.000448484,0.79035467,0.99999654,0.00000532,0.0000026,0.2868073,0.00000695,0.00000322,0.99655837,0.000764762,0.001088345,0.9722831,0.001867068,0.001810464,0.9769007,0.001449623,0.00000552,0.32902434,0.0000128,0.00000285,0.9765745,0.00000812,0.6785108,0.99796414,0.002105713,0.001024109,0.001975209,0.00000148,0.9963922,0.00000327,0.00000642,0.99552876,0.0000031,0.8581948,0.37192658,0.000000646,0.00000446,0.9976699,0.00000525,0.001580284,0.9978776,0.001769143,0.00000555,0.000000279,0.9946313,0.0000118,0.00000763,0.997929,0.00000174,0.8580778,0.99434894,0.000000815,0.00000609,0.35085145,0.001394588,0.000671071,0.9999981,0.001770149,0.001044438,0.9999975,0.001009015,0.000832849,0.31350744,0.00000316,0.00000551,0.99999654,0.000216785,0.61856824,0.99659985,0.001567534,0.00000457,0.000639337,0.00152363,0.9999949,0.000496548,0.83835,0.35646072,0.00000533,0.001757561,0.9983084,0.002343497,0.00000167,0.9760631,0.00000424,0.002044862,0.001538579,0.9988392,0.00000131,0.8934196,0.9963923,0.000910276,0.000675326,0.18669342,0.0000165,0.002885819,0.9945798,0.002041928,0.00046673,0.32174546,0.00000362,0.00000406,0.9999951,0.000990981,0.67541254,0.9958846,0.001344265,0.0000014,0.000518905,0.8764074,0.3074738,0.00000252,0.001196722,0.9968605,0.002440421,0.00000578,0.9723408,0.00000325,0.002936842,0.7186488,0.99686724,0.000745499,0.001227309,0.22733667,0.00000209,0.00000637,0.99578494,0.04754658,0.000706319,0.3183009,0.69754624,0.00000342,0.31069052,0.8301343,0.00000687,0.77128357,0.00000193,0.16790399,0.00000466,0.00000554,0.3499356,0.8295343,0.0000033,0.00000295,0.30171335,0.00000184,0.00000101,0.99571806,0.000838902,0.6900779,0.99662834,0.00000814,0.00000194,0.000358898,0.00000242,0.9959942,0.00000176,0.76026255,0.0000041,0.3238519,0.001046588,0.001490163,0.000568827
1258,6,0.000812196,0.000638786,0.07499738,0.00000131,0.00000429,0.9990376,0.3555225,0.35185575,0.999071,0.32346308,0.00000634,0.017475367,0.000268811,0.000746932,0.999188,0.00000309,0.97964257,0.011781218,0.34561986,0.00000565,0.00095115,0.00000945,0.052862655,0.00000186,0.00000516,0.87571603,0.00000571,0.0000032,0.8736644,0.337992,0.99311006,0.09445745,0.001269389,0.0000031,0.9929634,0.0000048,0.0000028,0.04815456,0.00000188,0.00000547,0.0000123,0.009462712,0.0000019,0.00000773,0.011204991,0.00000465,0.00000272,0.010477259,0.000805147,0.11784683,0.99999785,0.00000188,0.00000455,0.01020297,0.00000199,0.00000118,0.013817134,0.000592511,0.000903305,0.09239534,0.34578845,0.39167958,0.07303352,0.38548017,0.00000594,0.007051271,0.0000031,0.00000563,0.071762785,0.00000399,0.19975159,0.6942336,0.2652921,0.000432789,0.3408742,0.00000461,0.011783822,0.00000579,0.00000486,0.014273955,0.00000148,0.05082117,0.012397567,0.00000135,0.00000289,0.008845833,0.00000221,0.32849702,0.6500142,0.3389456,0.0000118,0.00000179,0.012818607,0.00000509,0.00000746,0.014336364,0.00000104,0.053253047,0.012709005,0.00000418,0.00000225,0.005208152,0.2648298,0.000626011,0.9999975,0.36744323,0.28715223,0.99999714,0.32188186,0.000769392,0.009310272,0.00000269,0.00000173,0.9999982,0.000648902,0.99055135,0.013750234,0.36847192,0.00000165,0.32033736,0.33221573,0.99999356,0.000743315,0.9117195,0.008486101,0.0000123,0.29135218,0.6901319,0.29505184,0.00000459,0.0757929,0.00000852,0.30196935,0.3065405,0.5864811,0.00000568,0.9162082,0.011354544,0.27647123,0.000925542,0.27952525,0.00000346,0.3469922,0.012255969,0.316296,0.000476844,0.009332933,0.00000191,0.0000115,0.9999962,0.001297168,0.9868978,0.010866972,0.3210141,0.00000146,0.000665942,0.8908961,0.006394319,0.00000594,0.31469974,0.68950313,0.32226092,0.00000571,0.08132138,0.00000432,0.35366896,0.9892005,0.011769227,0.000523088,0.33750477,0.022670949,0.00000382,0.00000189,0.011070667,0.10642588,0.000578149,0.008459575,0.98905456,0.00000563,0.009104156,0.057126556,0.00000157,0.11319287,0.00000255,0.33452636,0.00000126,0.00000374,0.009979132,0.05643349,0.00000342,0.00000692,0.010182928,0.00000282,0.0000101,0.011064592,0.000805692,0.99309456,0.010690878,0.000006,0.00000306,0.000406128,0.00000168,0.01097556,0.00000341,0.026148295,0.00000806,0.01082339,0.00064898,0.36901128,0.000711285
1259,5,0.003108106,0.002267597,0.9676399,0.0000137,0.000015,0.99553466,0.031117596,0.031314913,0.9965796,0.025735943,0.0000253,0.09828,0.003681142,0.003361038,0.996366,0.0000126,0.8696566,0.9616658,0.024683291,0.0000346,0.003248692,0.0000192,0.65012896,0.0000443,0.0000221,0.6961044,0.0000171,0.0000312,0.74636424,0.027441623,0.8647732,0.4811104,0.005061225,0.0000097,0.8370499,0.0000173,0.0000194,0.7145154,0.0000119,0.0000108,0.0000234,0.95552474,0.000013,0.0000478,0.95168173,0.0000174,0.00000805,0.96642673,0.002239867,0.45117953,0.9999887,0.0000258,0.0000153,0.127435,0.0000193,0.0000209,0.95988494,0.003870365,0.00454998,0.9677072,0.032132573,0.026954401,0.9738584,0.025112456,0.0000147,0.14196558,0.0000376,0.0000206,0.9772235,0.0000254,0.85922354,0.96889436,0.032129936,0.004577708,0.03217627,0.00000831,0.95891243,0.0000163,0.0000285,0.9511507,0.0000142,0.52454513,0.15405847,0.00000777,0.0000161,0.966826,0.0000159,0.026330164,0.96192443,0.029757835,0.0000232,0.00000415,0.9513493,0.0000418,0.0000228,0.96699387,0.00000854,0.4989338,0.94708985,0.00000557,0.0000162,0.15769148,0.027322052,0.003074525,0.9999902,0.031095048,0.025416594,0.9999881,0.023208477,0.004486676,0.14770181,0.000017,0.0000195,0.99998593,0.001580944,0.8265816,0.95567477,0.026730066,0.0000142,0.017762745,0.026382456,0.9999814,0.003162395,0.4896922,0.14217131,0.0000271,0.029158955,0.97525066,0.035353564,0.000014,0.97538006,0.000029,0.03419507,0.027785992,0.976976,0.0000112,0.6128508,0.9529787,0.023744201,0.002774239,0.3506766,0.0000502,0.035041742,0.9543696,0.03358867,0.002550233,0.12444756,0.0000116,0.0000336,0.99997926,0.004374388,0.8561681,0.9623814,0.023304554,0.000011,0.00264111,0.56657964,0.119792335,0.0000132,0.024439337,0.96715987,0.037557032,0.0000311,0.97091675,0.000012,0.03458101,0.6964148,0.9635576,0.003926809,0.023710523,0.119853914,0.00000971,0.0000171,0.95718014,0.24784634,0.003413816,0.1356175,0.646989,0.0000248,0.13405971,0.5188124,0.0000253,0.5083049,0.00000866,0.31230608,0.0000184,0.0000152,0.15491056,0.45016322,0.0000164,0.0000176,0.13158056,0.0000109,0.0000132,0.9537184,0.003822938,0.86746484,0.95771897,0.0000352,0.00001,0.001973025,0.0000106,0.95314467,0.0000126,0.645751,0.0000195,0.12198526,0.00435859,0.02797554,0.002935682
1260,6,0.005785707,0.004950783,0.96360826,0.0000196,0.0000388,0.9922879,0.8930847,0.8999168,0.9932893,0.88516206,0.000025,0.011550623,0.00702028,0.004233563,0.9924407,0.0000208,0.9855137,0.04773831,0.8766146,0.00016836,0.004008069,0.000200693,0.027597258,0.0000304,0.0000378,0.07638531,0.0000237,0.0000685,0.07822096,0.8822565,0.99348253,0.91628784,0.008233972,0.000042,0.95479596,0.0000204,0.0000158,0.026789637,0.00000657,0.0000797,0.000116359,0.073754214,0.000144806,0.0000326,0.048256356,0.0000123,0.00000886,0.059546664,0.005926946,0.031858165,0.9999845,0.0000757,0.0000756,0.005314498,0.0000085,0.0000568,0.064706005,0.00744469,0.007363037,0.96866065,0.89788145,0.86119354,0.96684384,0.8966047,0.0000149,0.005656879,0.0000253,0.000101204,0.9729551,0.000042,0.95939726,0.10572309,0.87932706,0.006428188,0.87260747,0.0000287,0.059759293,0.000042,0.000054,0.047934476,0.0000135,0.029362675,0.005731361,0.0000678,0.0000146,0.059507657,0.0000175,0.8854339,0.10444848,0.8874017,0.0000905,0.0000938,0.0682145,0.0000706,0.0000297,0.04383824,0.0000152,0.021283984,0.069024384,0.0000388,0.000026,0.005128661,0.86925393,0.005721988,0.9999733,0.89322114,0.89981556,0.9999714,0.8710713,0.006261969,0.007388397,0.0000376,0.0000192,0.9999658,0.003702284,0.99290997,0.060693868,0.8779111,0.0000124,0.87465155,0.88081056,0.9999541,0.005948435,0.080039755,0.004933318,0.000187538,0.8765048,0.1286913,0.89531296,0.000187936,0.97508425,0.000222551,0.8866141,0.8695429,0.09413438,0.000112604,0.08291881,0.056427855,0.87932724,0.003531197,0.78945714,0.0000806,0.8802718,0.0662765,0.88891184,0.006443339,0.005298365,0.0000127,0.000276415,0.999948,0.00689015,0.99362636,0.06528223,0.8824912,0.0000509,0.003403271,0.10116424,0.005755131,0.0000445,0.8644811,0.11379319,0.87425756,0.000133008,0.97169805,0.00000985,0.8826988,0.9450707,0.05228418,0.006953525,0.88716036,0.012265706,0.000017,0.0000173,0.076893575,0.8987619,0.005421806,0.006855264,0.94290096,0.000266378,0.006483271,0.02497633,0.0000154,0.04189669,0.0000135,0.81523246,0.0000475,0.0000135,0.006447993,0.02208808,0.0000308,0.0000479,0.006419937,0.0000448,0.000216823,0.05572464,0.006141767,0.99301517,0.06252793,0.0000914,0.0000182,0.004099606,0.000021,0.054137956,0.0000337,0.10348621,0.0000566,0.005395577,0.00548438,0.87632793,0.005742844
1261,6,0.010547443,0.009353597,0.6295945,0.00000479,0.0000153,0.9888869,0.93366724,0.9379838,0.9884465,0.940999,0.0000131,0.04088233,0.007032583,0.007485192,0.98541784,0.00000986,0.954824,0.003020418,0.93353,0.0000203,0.011530976,0.000095,0.010305679,0.00000567,0.00002,0.17057145,0.0000141,0.0000167,0.15026535,0.951976,0.9880332,0.9335864,0.015259559,0.00000776,0.99324507,0.00000659,0.00000593,0.009534619,0.00000247,0.0000224,0.0000362,0.002328194,0.0000138,0.0000143,0.00302264,0.00000715,0.00000665,0.003131212,0.011979952,0.027433159,0.9999964,0.00000659,0.0000126,0.012234865,0.00000161,0.00000711,0.003280865,0.01364766,0.010882112,0.6346653,0.9406995,0.9262911,0.64494634,0.93555206,0.000014,0.008939556,0.00000527,0.000048,0.65987885,0.0000101,0.6783265,0.05621791,0.9643177,0.008133848,0.9631031,0.0000227,0.00230637,0.0000144,0.0000232,0.002951859,0.00000728,0.001489174,0.015661547,0.0000204,0.0000048,0.002511163,0.00000877,0.9552389,0.05158542,0.96121854,0.0000315,0.0000128,0.003109183,0.0000201,0.0000114,0.003683101,0.00000435,0.002109014,0.002569055,0.0000166,0.00000629,0.009468721,0.9672318,0.013866386,0.99998915,0.96347326,0.959273,0.99999154,0.96468127,0.012309868,0.013560943,0.0000101,0.00000785,0.99999297,0.008998184,0.98774403,0.002885638,0.9432915,0.00000367,0.9590086,0.95048314,0.9999721,0.017793477,0.07398833,0.010666939,0.0000365,0.95761514,0.057296317,0.95960647,0.0000426,0.6270429,0.0000625,0.95123935,0.95921963,0.045497585,0.000048,0.06669236,0.002905558,0.95828396,0.012949593,0.927214,0.0000111,0.93847704,0.002468431,0.96515554,0.006349554,0.013890062,0.00000574,0.0000861,0.9999901,0.014356437,0.9838013,0.003174015,0.93804204,0.00000803,0.010885978,0.08250991,0.011843535,0.0000204,0.963272,0.057458512,0.9586296,0.0000217,0.6631797,0.0000119,0.9420039,0.9847044,0.002801564,0.007931628,0.96102715,0.05196371,0.00000762,0.00000383,0.002897861,0.85514534,0.014326732,0.011284403,0.9821348,0.000049,0.015001179,0.001971102,0.00000619,0.032332923,0.00000803,0.92040217,0.00000696,0.00000695,0.012491247,0.001423029,0.000011,0.0000188,0.013617607,0.0000172,0.0000596,0.003126093,0.01201919,0.9905608,0.002696668,0.0000174,0.000011,0.007674135,0.00000588,0.002506476,0.00000987,0.004933472,0.0000143,0.014419445,0.008566159,0.95470554,0.011132559
1262,6,0.00559905,0.005939963,0.9799712,0.0000793,0.000104682,0.99361765,0.6976398,0.651925,0.9939083,0.6872971,0.0000876,0.04119066,0.005687962,0.004500759,0.9933583,0.0000739,0.9521142,0.36387005,0.6953201,0.000329472,0.005295361,0.000358244,0.11892087,0.000108307,0.000101048,0.11582162,0.000124548,0.00023381,0.11898909,0.6995362,0.95381075,0.92048025,0.007042939,0.000139342,0.8234493,0.0000788,0.000082,0.11074218,0.0000368,0.000165637,0.000275724,0.36889756,0.000315885,0.000119821,0.40137172,0.0000665,0.0000503,0.36289123,0.005185539,0.07853883,0.9999356,0.00013826,0.000147423,0.04793908,0.0000332,0.000112079,0.40895912,0.008656855,0.007844317,0.9818277,0.68057746,0.60116076,0.98296136,0.6888533,0.000101981,0.040343456,0.0000823,0.000297722,0.9852443,0.0000989,0.949725,0.3363306,0.64071506,0.006525167,0.6488968,0.000134188,0.3908231,0.000142286,0.000209443,0.32492858,0.0000621,0.07166509,0.038456414,0.000189888,0.0000637,0.40075493,0.0000673,0.62813324,0.3121675,0.6776067,0.000213874,0.000208487,0.38761517,0.00015497,0.0000957,0.320997,0.0000862,0.061229844,0.3854961,0.000126593,0.0000991,0.054561507,0.6265363,0.007039929,0.9999002,0.63251644,0.6681405,0.9998964,0.637211,0.005104514,0.041110612,0.000093,0.0000789,0.9998647,0.004711757,0.9524824,0.36387405,0.6620292,0.0000602,0.6648267,0.6214593,0.9998325,0.005719922,0.08188302,0.042854913,0.00026957,0.63971126,0.36463982,0.6714648,0.000344433,0.98387384,0.000468783,0.6454549,0.6791127,0.29519707,0.000197364,0.07966744,0.37044394,0.6078987,0.004819973,0.6239746,0.000180607,0.6714569,0.38855168,0.65895075,0.005073144,0.039577205,0.0000716,0.00038639,0.9998759,0.007109975,0.9541313,0.3753784,0.66622025,0.000119104,0.00442409,0.09338942,0.04241239,0.0000963,0.6080713,0.30161154,0.59601694,0.000330539,0.9847718,0.0000649,0.66302884,0.7924895,0.33092347,0.006667058,0.64979714,0.041579053,0.0000764,0.0000548,0.3986718,0.86101866,0.007290058,0.041215833,0.7719789,0.000413226,0.046495758,0.0653245,0.0000717,0.08937509,0.0000723,0.7026433,0.000159158,0.0000687,0.040989693,0.06503224,0.000115947,0.000142246,0.038064294,0.000120195,0.000314059,0.35428572,0.006214548,0.96128285,0.38356814,0.000165843,0.0000991,0.004340857,0.0000662,0.31255993,0.000111926,0.33268785,0.000155313,0.03961495,0.005459585,0.6070961,0.005426871
1263,6,0.002275242,0.000840999,0.9614564,0.0000464,0.0000595,0.99705887,0.20625871,0.24605328,0.9964993,0.22036324,0.0000456,0.027561566,0.002268017,0.0018491,0.9983695,0.0000476,0.9745959,0.572172,0.17508107,0.000237731,0.002086246,0.00017204,0.21756665,0.0000491,0.0000917,0.40516725,0.000126838,0.0000597,0.4236014,0.2170944,0.9808709,0.5176562,0.002244195,0.000098,0.7575828,0.0000957,0.0000652,0.24637786,0.0000537,0.0000792,0.000110098,0.61992216,0.0000845,0.000134959,0.5501665,0.0000571,0.0000676,0.61596054,0.002207826,0.33069688,0.9999207,0.000178695,0.0000838,0.018249543,0.0000591,0.0000452,0.6046839,0.001854429,0.001897353,0.94153404,0.23596838,0.20538074,0.95286673,0.22399406,0.000119668,0.018059736,0.0000761,0.000185894,0.9542467,0.000140704,0.9286428,0.7915284,0.19861887,0.002657215,0.19341001,0.0000488,0.62198377,0.0000918,0.000107141,0.6441246,0.000014,0.286829,0.021649297,0.0000629,0.0000682,0.6643793,0.0000314,0.19731596,0.7914501,0.22486626,0.000292236,0.0000547,0.6307963,0.000168456,0.0000917,0.60634196,0.0000396,0.32714784,0.62807727,0.0000346,0.000092,0.016130496,0.21760513,0.00170813,0.9999571,0.25146157,0.21816899,0.99994266,0.18425591,0.002457334,0.022594066,0.0000751,0.0000544,0.9999263,0.001413632,0.9762121,0.6068049,0.21172464,0.0000867,0.15650281,0.22688006,0.999864,0.001794074,0.41781068,0.01896539,0.000196514,0.20417643,0.79185486,0.2126634,0.000175576,0.96252614,0.000114078,0.2685397,0.19133928,0.77539027,0.0000866,0.4858281,0.6567162,0.17923708,0.001266961,0.22959113,0.0000813,0.20543018,0.6600937,0.21177205,0.001704441,0.019147823,0.0000891,0.000304852,0.9998785,0.00191218,0.9831156,0.5565095,0.19667864,0.000107627,0.001594905,0.48183784,0.022170873,0.0000808,0.24249783,0.7435925,0.18994194,0.000234666,0.9583049,0.0000322,0.23821864,0.76003814,0.62435275,0.002408354,0.19172278,0.025551498,0.000051,0.0000731,0.68514484,0.55525917,0.001128944,0.0247937,0.73857886,0.000142281,0.015010828,0.30404997,0.0000331,0.2672087,0.0000339,0.19953008,0.0000556,0.0000679,0.025299473,0.317013,0.0000616,0.0000634,0.022077713,0.000146792,0.000144893,0.5597948,0.001837616,0.97706884,0.6434227,0.000251686,0.000055,0.001665592,0.0000416,0.6292956,0.0000667,0.65200645,0.00015426,0.017739614,0.001545823,0.26399514,0.002464358
1266,6,0.010140888,0.010340788,0.8697479,0.000142194,0.000193676,0.9841666,0.65839016,0.6468434,0.9857519,0.6689244,0.000117307,0.048091523,0.014579447,0.010658151,0.9870133,0.000116107,0.9459562,0.13184415,0.6260916,0.000729566,0.010386795,0.000696463,0.11528077,0.000162941,0.000192691,0.2948264,0.000160988,0.000294889,0.28367162,0.6546204,0.9719539,0.67547244,0.016255975,0.000229107,0.91006285,0.000167349,0.000127237,0.09815675,0.0000551,0.000302018,0.000589041,0.14581603,0.000433655,0.000293231,0.1402336,0.000103655,0.0000875,0.13642198,0.01178976,0.10642194,0.9998776,0.000347611,0.000277849,0.02563276,0.0000828,0.000232087,0.13346583,0.014979986,0.013247995,0.85541594,0.67735374,0.62288916,0.8836317,0.6724283,0.00013459,0.023237098,0.000202371,0.000427298,0.85350204,0.00031179,0.8171025,0.32661927,0.59728783,0.013840199,0.6285466,0.000138019,0.12880084,0.000194566,0.000287922,0.13597904,0.0000846,0.09574143,0.028385825,0.00021309,0.000110527,0.1545569,0.000120675,0.6565663,0.3545081,0.6407349,0.000444025,0.000200265,0.15138541,0.000338927,0.000203562,0.13285777,0.000086,0.08371407,0.16084196,0.00018913,0.000228691,0.020088306,0.64465517,0.012942525,0.9998708,0.66516703,0.6633151,0.99978524,0.58454263,0.012382625,0.027035905,0.000181978,0.000114413,0.9997818,0.006931197,0.9733027,0.13550968,0.65369356,0.000108059,0.62233317,0.64905727,0.9996705,0.010370549,0.29818296,0.02216852,0.000826511,0.64561725,0.3709231,0.6558023,0.000596275,0.8807058,0.000588349,0.65593904,0.61533076,0.32394144,0.000423965,0.2858541,0.14257753,0.61596066,0.009647402,0.6235358,0.000346917,0.64311814,0.14051116,0.6840988,0.011616163,0.0230571,0.000118733,0.00064333,0.9997485,0.01270602,0.97532904,0.13073525,0.6556808,0.000231031,0.008910246,0.2965374,0.026189065,0.000260486,0.6372957,0.32303828,0.6104899,0.000590742,0.877212,0.0000838,0.66392386,0.88961285,0.1398197,0.01452112,0.63208723,0.046404153,0.000116964,0.000125644,0.15317744,0.6991576,0.011105154,0.02952216,0.88402736,0.000590076,0.025643416,0.08460728,0.000127499,0.109942496,0.000112079,0.6582355,0.000272425,0.000103753,0.024248036,0.09151287,0.000121807,0.000251892,0.026733577,0.00027754,0.000587509,0.14385355,0.011524205,0.9739643,0.14319576,0.000461916,0.0000867,0.011404058,0.000122269,0.13607252,0.00015829,0.17250605,0.000292253,0.024105461,0.012019134,0.6691438,0.015340783
1267,5,0.014014566,0.011893894,0.9852071,0.0000711,0.000154398,0.9887503,0.19003245,0.19550051,0.9887876,0.1809052,0.000161904,0.07603919,0.015412123,0.011934298,0.98072046,0.000111377,0.9304135,0.7879351,0.21875612,0.000322559,0.01041105,0.000268168,0.20334764,0.000132055,0.000162441,0.2018221,0.000224673,0.000197837,0.19837053,0.19035552,0.93834645,0.8922737,0.012399488,0.000110251,0.5883401,0.000114889,0.000162144,0.2068354,0.0000625,0.0000731,0.000158355,0.8303382,0.000162516,0.000196864,0.8068116,0.0000911,0.00011234,0.8207115,0.013040838,0.14355287,0.99991894,0.000192172,0.000150679,0.06348633,0.0000945,0.000213105,0.80463463,0.013286585,0.012526262,0.982474,0.20701711,0.18434885,0.9860037,0.19676006,0.000140001,0.06783902,0.00014077,0.000272431,0.9860379,0.000132386,0.9311284,0.7639603,0.22530001,0.012231466,0.210621,0.000115474,0.82364655,0.000144653,0.000200303,0.82527137,0.0000857,0.09724607,0.0553224,0.00022658,0.000119261,0.8099423,0.0000713,0.22771038,0.80230767,0.20470956,0.000208841,0.00014373,0.8404058,0.000175592,0.0000717,0.8205539,0.000105199,0.0956155,0.79821277,0.0000643,0.0000795,0.063037984,0.25609818,0.010915787,0.99987733,0.19785208,0.21831419,0.99992096,0.22487655,0.013441514,0.062877744,0.000198574,0.000157607,0.9998821,0.013532461,0.9325615,0.81797814,0.20517915,0.0000845,0.24820359,0.18832365,0.9998042,0.016982825,0.10357165,0.05329674,0.00021323,0.1939653,0.7831012,0.20781037,0.000237061,0.9856259,0.000410174,0.16940612,0.21428873,0.7972996,0.000134704,0.11155588,0.80570614,0.23958057,0.010902805,0.4155185,0.000161688,0.18619525,0.8175274,0.17322904,0.013031966,0.056940768,0.0000748,0.000546716,0.9998877,0.011781234,0.93562686,0.8427597,0.22074889,0.000161521,0.015130003,0.11157134,0.056430895,0.000144878,0.20862061,0.83133125,0.19551858,0.00031155,0.98600763,0.0000884,0.16645387,0.38091138,0.8035725,0.013069567,0.19744247,0.077476814,0.000113094,0.0000786,0.7767484,0.7975736,0.016518831,0.05736168,0.3480107,0.000407325,0.0541119,0.12258053,0.000133368,0.14849226,0.0000616,0.429116,0.000124446,0.000101448,0.047774643,0.08956275,0.000168657,0.000211707,0.07284201,0.000141262,0.000331243,0.847868,0.012773539,0.9229848,0.78362834,0.000250357,0.000132443,0.011030314,0.0000638,0.7996516,0.0000879,0.6185285,0.000163455,0.053977836,0.011031821,0.20904148,0.011651539
1268,5,0.003802518,0.002977953,0.983232,0.00000724,0.00000923,0.9963335,0.2541656,0.33250377,0.99660814,0.29764247,0.000011,0.023618696,0.003363449,0.004921964,0.99686843,0.00000434,0.9764531,0.58508545,0.26871476,0.0000409,0.003549643,0.0000379,0.01094145,0.0000072,0.00000645,0.02779413,0.0000222,0.00000896,0.01847134,0.30687702,0.99418074,0.9674769,0.003113547,0.0000185,0.4389156,0.0000142,0.0000166,0.0140792,0.0000048,0.0000164,0.0000201,0.5344803,0.0000387,0.00000886,0.52865154,0.0000113,0.00000926,0.5540319,0.003538853,0.021848883,0.9999856,0.000018,0.0000276,0.007396192,0.00000734,0.0000121,0.52027225,0.002225142,0.001197479,0.9818286,0.29996538,0.3473664,0.9810321,0.30341804,0.0000144,0.00677079,0.00000584,0.0000317,0.9728439,0.0000116,0.9508981,0.67207307,0.29301026,0.002882694,0.34524217,0.00000878,0.50064385,0.0000181,0.0000193,0.59784806,0.00000286,0.007435263,0.012614866,0.0000349,0.0000109,0.5095703,0.00000716,0.3417955,0.70405865,0.2858684,0.0000402,0.0000128,0.5187004,0.0000178,0.0000142,0.59271234,0.00000876,0.010897758,0.5579495,0.0000123,0.0000115,0.006839364,0.35668123,0.003342778,0.9999877,0.30718517,0.29799792,0.9999814,0.31097552,0.002636935,0.00913682,0.0000102,0.00000693,0.99997056,0.003102001,0.9920373,0.50754404,0.32254046,0.00000835,0.28057453,0.33009958,0.99998844,0.003406746,0.021700345,0.005412467,0.0000682,0.33782575,0.70161647,0.3084805,0.0000679,0.9852969,0.0000433,0.338219,0.26695308,0.7260769,0.0000373,0.021325823,0.5502343,0.34411585,0.002336881,0.35556975,0.00000993,0.2892796,0.543535,0.31840461,0.003289189,0.007218852,0.0000144,0.0000512,0.99997556,0.00467415,0.99140245,0.57047457,0.322796,0.0000218,0.003073388,0.023022877,0.006208776,0.000012,0.30245507,0.7031814,0.29904968,0.0000514,0.9786195,0.00000328,0.26755363,0.4373207,0.62081033,0.002931713,0.32656974,0.020109592,0.0000165,0.00000585,0.53739196,0.981361,0.002633249,0.009345576,0.40498817,0.0000847,0.006695089,0.009210675,0.00000793,0.01865546,0.00000671,0.35638478,0.000009,0.0000135,0.008275925,0.010529445,0.0000105,0.0000141,0.008056411,0.0000235,0.0000756,0.55639124,0.001814874,0.99215287,0.5306212,0.000032,0.0000136,0.004682811,0.0000155,0.5893954,0.0000181,0.54833597,0.0000275,0.008503942,0.004908291,0.3420711,0.006214171
1269,6,0.010996398,0.007190172,0.9748024,0.00000391,0.0000097,0.98664343,0.95986503,0.96593887,0.9892855,0.965111,0.00000596,0.013964007,0.01034962,0.006162012,0.98840904,0.00000768,0.9870236,0.009430844,0.96449697,0.0000216,0.010808946,0.000057,0.001554129,0.00000553,0.0000161,0.009369526,0.0000134,0.0000111,0.008572365,0.9700289,0.9972187,0.994659,0.013173736,0.00000711,0.9658102,0.00000428,0.00000471,0.001770223,0.00000161,0.0000225,0.0000195,0.007917518,0.0000206,0.00000644,0.008087019,0.00000411,0.00000489,0.01029898,0.009387618,0.012100454,0.9999968,0.00000501,0.0000118,0.002236699,0.000000819,0.00000866,0.009641822,0.014940748,0.011799485,0.973974,0.9689951,0.9575431,0.9809389,0.9632721,0.0000101,0.002123462,0.00000289,0.0000539,0.98261017,0.00000829,0.97854054,0.030863905,0.9834145,0.010326944,0.9800961,0.0000167,0.009485463,0.0000118,0.0000174,0.009186833,0.00000508,0.000461418,0.002708601,0.0000233,0.00000358,0.009463857,0.00000743,0.9720104,0.029721444,0.9774584,0.0000172,0.0000162,0.008155705,0.0000159,0.0000077,0.011056966,0.00000582,0.000591672,0.008167907,0.00001,0.0000044,0.002260487,0.9842098,0.012656081,0.9999912,0.98072857,0.98057806,0.9999927,0.9810451,0.017234601,0.003485404,0.0000098,0.00000597,0.9999924,0.00928389,0.99677294,0.008885542,0.9694828,0.00000263,0.97370887,0.97646403,0.9999856,0.015539255,0.006423387,0.002401652,0.0000313,0.9781819,0.036356386,0.98069566,0.0000408,0.9757522,0.0000359,0.9821587,0.97891563,0.030119706,0.0000337,0.005550228,0.010726371,0.98028505,0.009140586,0.9547689,0.000008,0.9689664,0.009849396,0.98205286,0.00727841,0.003277277,0.00000512,0.0000954,0.99998915,0.012023138,0.99687827,0.010362943,0.9684884,0.00000692,0.010069085,0.007612963,0.002765349,0.0000095,0.98188466,0.029390221,0.98105997,0.0000253,0.97962064,0.00000647,0.9620846,0.9644672,0.010848914,0.010931032,0.97506565,0.014484256,0.00000473,0.00000239,0.010913276,0.9922382,0.012829999,0.002580516,0.96394026,0.0000541,0.003599344,0.000617482,0.0000036,0.016768869,0.00000405,0.9316092,0.00000669,0.00000405,0.003014673,0.000338369,0.00000874,0.00000951,0.002427307,0.0000112,0.0000368,0.007553519,0.009271061,0.99751943,0.01073376,0.0000172,0.0000098,0.008665583,0.00000468,0.008784742,0.0000101,0.021662349,0.0000093,0.002880892,0.009892384,0.97725314,0.00926284
1270,5,0.0000696,0.0000387,0.9997739,3.84E-09,5.36E-09,0.9999771,0.0000213,0.0000185,0.9999591,0.0000153,3.57E-08,0.0739769,0.0000225,0.0000301,0.99996483,7.13E-09,0.9157959,0.9999975,0.00000896,8.45E-09,0.000076,2.5E-09,0.20497487,4.93E-08,1.17E-08,0.1666345,0.000000073,8.41E-09,0.17381987,0.0000207,0.9193538,0.9077018,0.0000372,2.35E-08,0.08842697,3.75E-08,0.000000108,0.17852205,2.79E-08,3.05E-09,7.37E-09,0.9999907,1.37E-08,5.03E-08,0.9999933,3.69E-08,1.63E-08,0.99999,0.0000482,0.12829532,1,3.28E-09,2.26E-08,0.0856376,1.58E-08,1.04E-08,0.99999404,0.0000456,0.0000608,0.9998301,0.0000117,0.0000197,0.9997317,0.0000122,4.15E-08,0.06456591,1.58E-08,6.54E-09,0.9996006,2.19E-08,0.93357235,0.99997604,0.0000147,0.0000343,0.000013,4.07E-09,0.9999857,3.24E-08,1.44E-08,0.9999846,7.65E-09,0.112935685,0.073729776,3.85E-09,2.74E-08,0.99998903,2.76E-08,0.0000123,0.9999809,0.0000119,1.96E-08,2.48E-10,0.99998677,1.53E-08,2.23E-08,0.99999475,2.72E-08,0.1327702,0.99999,1.23E-09,2.58E-08,0.07986469,0.0000161,0.000029,1,0.00000883,0.00000609,1,0.00000642,0.0000213,0.07586423,9.35E-09,1.78E-08,1,0.0000225,0.9234841,0.99999475,0.0000148,9.23E-09,0.00000534,0.0000161,1,0.0000245,0.09217528,0.07714265,1.75E-08,0.0000175,0.999984,0.0000185,3.39E-09,0.9998097,1.12E-08,0.00000602,0.0000102,0.99999106,2.48E-09,0.07509784,0.9999943,0.00000872,0.0000455,0.007354709,4.23E-08,0.0000237,0.9999845,0.0000175,0.0000447,0.07285665,1.81E-08,1.13E-08,1,0.0000905,0.926273,0.9999882,0.0000154,3.06E-09,0.0000373,0.08032825,0.071804695,5.28E-09,0.00000765,0.9999573,0.0000173,8.57E-09,0.999605,6.56E-09,0.0000173,0.036004584,0.9999881,0.0000224,0.0000148,0.08558027,4.73E-08,1.51E-08,0.9999883,0.81723845,0.0000316,0.07865268,0.037801683,3.02E-08,0.09093932,0.12808678,6.88E-08,0.120165505,3.86E-09,0.01309079,6.29E-09,3.12E-08,0.072464235,0.13518791,3.33E-08,0.000000013,0.070194006,2.7E-09,8.77E-10,0.99999106,0.0000824,0.9233642,0.99998534,1.44E-08,2.67E-08,0.0000314,1.69E-08,0.99999213,3.93E-09,0.99180436,3.49E-08,0.06999932,0.0000832,0.0000103,0.0000459
1271,6,0.007166601,0.011346518,0.9200163,0.0000949,0.0000966,0.9887129,0.74577427,0.731771,0.9913292,0.7434088,0.0000746,0.05599671,0.011191943,0.008359612,0.99072766,0.00007,0.92978543,0.14013474,0.7129148,0.000480509,0.007079645,0.000554222,0.109926775,0.0000935,0.0000764,0.23955208,0.0000981,0.000235441,0.22134346,0.74140126,0.95608866,0.76901263,0.0091508,0.000150133,0.9248013,0.0000982,0.0000866,0.09394928,0.0000243,0.000215469,0.000485185,0.14418603,0.000341779,0.000162379,0.13962497,0.0000593,0.0000524,0.13228735,0.008249609,0.05523124,0.9999411,0.000235772,0.000174888,0.03979615,0.0000391,0.000144301,0.12774539,0.010158844,0.009248463,0.9126316,0.75734323,0.68444794,0.926375,0.7585179,0.0000918,0.03427475,0.000102147,0.000303638,0.9067869,0.000134262,0.8418282,0.2729394,0.6694956,0.009875062,0.69674957,0.000128594,0.13184075,0.000108914,0.000214457,0.1273456,0.0000484,0.059463203,0.03898729,0.000157756,0.0000561,0.13880822,0.0000743,0.7354881,0.2866944,0.7010806,0.000272648,0.000202163,0.13120843,0.00015981,0.000116446,0.12193256,0.0000492,0.052329175,0.16246144,0.000204059,0.000138787,0.03342922,0.73151815,0.011935632,0.99991333,0.7361747,0.6977932,0.99980444,0.7023253,0.007673619,0.03670843,0.000106749,0.0000694,0.99983394,0.005275698,0.96428066,0.13331772,0.7254848,0.0000674,0.6976624,0.7121247,0.9997789,0.006832195,0.18913917,0.032320477,0.000584018,0.7437203,0.27417466,0.7488015,0.000583591,0.93271613,0.000649697,0.725758,0.68506664,0.25442207,0.000326785,0.12936428,0.12625016,0.7050524,0.007027956,0.7225935,0.000209416,0.74372214,0.13707142,0.75379604,0.008334698,0.032638036,0.0000665,0.000410787,0.99985933,0.011039753,0.9631335,0.13386121,0.74826944,0.000144591,0.006577721,0.17332517,0.040065043,0.000175421,0.6836344,0.26591244,0.6799311,0.000499089,0.93215805,0.0000539,0.7217658,0.9018229,0.13951607,0.009995478,0.71113825,0.057392303,0.000064,0.0000654,0.1575453,0.75816935,0.010660002,0.04496634,0.892444,0.000498984,0.041811425,0.05230076,0.0000662,0.06932715,0.0000767,0.7606522,0.000218866,0.0000571,0.03317954,0.047191467,0.0000657,0.000187974,0.039856475,0.000170317,0.000475006,0.13621074,0.007101655,0.9622195,0.13878538,0.000265951,0.0000532,0.008361264,0.0000688,0.13546005,0.000109422,0.14482956,0.000168827,0.041454777,0.00998481,0.70666623,0.012200223
1272,1,0.000000288,0.000000155,0.99894935,3.91E-09,6.66E-09,0.99999976,0.0000926,0.000119725,0.99999976,0.000153895,9.89E-09,0.003808053,9.42E-08,0.00000105,0.99999976,2.4E-09,0.99620384,0.9993537,0.0000686,0.000000039,0.000000794,1.22E-08,0.9038231,3.39E-09,8.89E-09,0.95473844,6.11E-08,8.88E-09,0.9575879,0.0000739,0.99726105,0.027471729,0.000000549,1.17E-08,0.9612183,9.65E-09,6.78E-08,0.92902285,1.57E-08,3.82E-09,0.000000018,0.9991466,5.65E-09,4.53E-08,0.9995708,2.57E-08,5.76E-09,0.99960643,0.000000158,0.91775095,1,9.17E-09,1.22E-08,0.004844715,3.67E-08,6.84E-09,0.99969625,0.000000119,0.000000341,0.99918073,0.000199586,0.000109552,0.99961674,0.000063,2.29E-08,0.006233105,0.000000016,1.14E-08,0.99928623,1.43E-08,0.9924899,0.9998908,0.0000696,0.000000261,0.000153053,7.42E-09,0.999119,1.04E-08,9.8E-09,0.99886024,4.65E-10,0.9612613,0.009769884,1.97E-09,9.24E-09,0.9996486,7.03E-09,0.0000985,0.99991953,0.0000825,3.31E-08,0.000000005,0.99953115,6.75E-09,1.76E-08,0.9995932,2.88E-09,0.9459368,0.99962544,8.13E-09,6.11E-09,0.005846831,0.0000342,0.00000024,1,0.0000956,0.000158808,1,0.000139909,0.000000484,0.008963198,6.17E-09,3.24E-09,1,0.000000437,0.9929484,0.9994273,0.000147857,3.51E-08,0.0000446,0.0000984,1,0.000000346,0.9532212,0.004892212,2.75E-08,0.000127961,0.9998312,0.0000762,2.57E-08,0.99949384,2.44E-08,0.000308491,0.0000747,0.9999007,1.94E-09,0.9598911,0.99954766,0.0000721,0.000000112,0.001908424,1.31E-08,0.0000991,0.9995788,0.00019256,0.000000124,0.008375993,7.91E-09,4.49E-08,1,0.000000342,0.992878,0.999602,0.000127219,3.39E-08,0.000000197,0.96782357,0.006070496,5.67E-09,0.000260567,0.99990773,0.0000829,6.84E-08,0.99952257,5.7E-09,0.000110958,0.9625951,0.99947697,0.00000026,0.0000591,0.004926048,0.000000024,1.52E-08,0.9996259,0.035081,8.41E-08,0.006019544,0.9582074,1.35E-08,0.006490271,0.9616603,2.53E-09,0.9383947,2.26E-09,0.004142562,4.74E-09,4.46E-08,0.010573726,0.94971097,3.85E-08,1.12E-08,0.005750228,2.19E-08,3.32E-08,0.99950874,4.98E-08,0.9948198,0.9993032,2.15E-08,3.08E-08,0.000000307,3.38E-09,0.99940956,0.000000012,0.9940327,5.52E-08,0.004634784,0.000000334,0.000125788,0.000000606
1274,5,0.000103167,0.0000541,0.9951251,0.00000114,0.000000975,0.9998536,0.006821163,0.010782939,0.999884,0.009512327,0.00000124,0.013209445,0.0000698,0.000131527,0.99992204,0.000000825,0.9830891,0.9821576,0.006859875,0.00000532,0.000110825,0.00000341,0.24978516,0.00000101,0.00000114,0.39054424,0.00000686,0.00000116,0.35230368,0.008634842,0.98703533,0.6005381,0.000112874,0.00000253,0.39116672,0.00000254,0.00000419,0.286261,0.00000214,0.00000136,0.00000262,0.9838905,0.00000175,0.0000039,0.9796188,0.00000232,0.00000174,0.9856793,0.0000752,0.31096503,0.99999774,0.00000301,0.00000205,0.010641405,0.00000256,0.00000132,0.98569816,0.0000504,0.000055,0.99391276,0.013181077,0.009933126,0.9960829,0.008747666,0.00000363,0.010985352,0.00000145,0.0000043,0.99481887,0.00000295,0.97381645,0.9906384,0.009172049,0.000106668,0.010930825,0.00000125,0.9788629,0.00000247,0.00000226,0.9838299,0.000000175,0.32841346,0.01977994,0.00000136,0.00000225,0.98636395,0.000000772,0.009205986,0.9915364,0.009008195,0.00000633,0.00000117,0.98414373,0.00000295,0.00000235,0.9854173,0.000000893,0.31425855,0.985044,0.000001,0.000002,0.010604065,0.006757556,0.0000898,0.9999987,0.010057827,0.011415556,0.99999774,0.009227492,0.000116509,0.017094001,0.00000167,0.000000999,0.9999974,0.000107894,0.9787608,0.9801577,0.01019726,0.00000273,0.00627146,0.010357037,0.99999785,0.0000882,0.3232744,0.010870797,0.00000531,0.009445422,0.99107426,0.009649228,0.00000586,0.9960443,0.00000252,0.013797719,0.007133395,0.99145913,0.00000134,0.36590558,0.9840179,0.008279593,0.0000425,0.029686619,0.00000162,0.009220733,0.98635155,0.011992781,0.0000801,0.014718604,0.00000306,0.00000819,0.9999963,0.000126537,0.98335546,0.9848643,0.010365594,0.00000374,0.0000632,0.34503937,0.011705531,0.00000122,0.013219911,0.9911232,0.007990889,0.00000663,0.9947619,0.000000609,0.008892091,0.37934846,0.98516417,0.00011975,0.008195705,0.016360812,0.0000024,0.00000226,0.9884828,0.6106638,0.0000412,0.017523345,0.3455117,0.0000035,0.01257173,0.32852244,0.000000584,0.26635477,0.00000071,0.0318099,0.00000162,0.00000373,0.01732414,0.34670782,0.00000239,0.0000011,0.015264504,0.00000404,0.00000441,0.9819686,0.0000346,0.9851033,0.9843194,0.0000063,0.00000251,0.000120118,0.00000102,0.985837,0.00000203,0.9632084,0.00000445,0.012896431,0.000114323,0.010711913,0.000143851
1275,6,0.013516098,0.01298727,0.9902288,0.0000302,0.0000455,0.9910211,0.06701458,0.07441738,0.98829824,0.072166465,0.0000642,0.074026756,0.010146213,0.011959126,0.98593277,0.0000359,0.91499865,0.9573158,0.064870216,0.0000718,0.013703695,0.0000328,0.07563665,0.0000674,0.000051,0.0719654,0.0000865,0.0000666,0.07222972,0.06448083,0.9487312,0.94823325,0.01293375,0.0000484,0.29610366,0.0000471,0.0000926,0.076310374,0.0000261,0.0000341,0.0000543,0.95185214,0.0000855,0.0000475,0.9583547,0.0000547,0.0000355,0.948301,0.009670148,0.09521027,0.9999362,0.0000194,0.00010134,0.054493215,0.0000302,0.0000528,0.95070904,0.013301034,0.013329092,0.99035674,0.066803984,0.07452428,0.98950934,0.0660645,0.0000459,0.069940604,0.0000381,0.0000662,0.985508,0.0000311,0.94601476,0.92514193,0.07215568,0.01210927,0.067544945,0.0000251,0.9362104,0.0000607,0.0000692,0.9448832,0.0000374,0.04701871,0.061513998,0.0000746,0.0000403,0.9451297,0.0000516,0.06490228,0.91979194,0.07323193,0.0000574,0.0000208,0.94718933,0.0000444,0.0000465,0.94819146,0.0000631,0.05542093,0.94409513,0.0000219,0.000042,0.06968421,0.075369425,0.009147532,0.99994767,0.054810967,0.06866526,0.99995434,0.047006093,0.009913048,0.045463305,0.0000462,0.0000481,0.999933,0.011813327,0.9496548,0.9485131,0.058866434,0.0000257,0.061365854,0.07618802,0.9999732,0.012209168,0.0428059,0.053716056,0.0000754,0.06803191,0.93292385,0.07556504,0.0000496,0.9893651,0.0000994,0.051196996,0.05854565,0.94016385,0.0000512,0.054896187,0.9366213,0.060648877,0.013698675,0.22974172,0.0000709,0.060158487,0.93610907,0.07573562,0.013558157,0.040669467,0.0000411,0.0000895,0.9999467,0.013703791,0.94739836,0.9460442,0.0538487,0.0000364,0.011024607,0.04829303,0.049758248,0.0000379,0.063611865,0.9202046,0.06689289,0.0000662,0.9867421,0.0000183,0.06962414,0.3057324,0.94625294,0.010546318,0.065658055,0.07341421,0.000075,0.0000211,0.9408672,0.94842213,0.010890174,0.05727976,0.23375295,0.000146065,0.05149981,0.053580716,0.0000839,0.09549459,0.0000235,0.26279154,0.0000283,0.0000416,0.06144103,0.042270083,0.000058,0.0000795,0.05042596,0.0000268,0.0000412,0.9435686,0.018128438,0.95469826,0.934723,0.0000585,0.0000572,0.010921302,0.0000441,0.94046825,0.0000533,0.7643202,0.0000713,0.044988316,0.017102247,0.06179217,0.010691125
1276,6,0.008160918,0.007736871,0.9755819,0.0000076,0.0000215,0.99163264,0.93194705,0.9311288,0.9905387,0.93724155,0.0000113,0.005911091,0.011654082,0.006902373,0.9902592,0.00000896,0.9946084,0.018746851,0.923578,0.00011287,0.008028489,0.0000867,0.002835671,0.0000123,0.0000238,0.014244477,0.00000821,0.000028,0.015172623,0.9227876,0.9992637,0.9694549,0.009006957,0.0000208,0.9505464,0.00000903,0.00000561,0.002954341,0.00000227,0.0000516,0.0000366,0.022883635,0.000129387,0.00000758,0.014952879,0.0000054,0.00000453,0.01873599,0.009227113,0.011163374,0.99998736,0.0000214,0.0000598,0.000631399,0.0000038,0.0000286,0.019154858,0.009047698,0.008344269,0.9784974,0.94252837,0.9297443,0.97170615,0.9316329,0.00000504,0.000837841,0.00000772,0.0000544,0.9725677,0.0000146,0.9782259,0.0673704,0.93758726,0.008957342,0.934349,0.0000125,0.020378072,0.0000289,0.0000219,0.016797172,0.00000694,0.004085712,0.001071567,0.0000602,0.00000674,0.020257775,0.000011,0.9490044,0.07643559,0.94189465,0.0000454,0.0000613,0.022023091,0.0000258,0.0000146,0.018259248,0.0000114,0.004284105,0.023647573,0.0000163,0.00000967,0.000704553,0.9203448,0.007717303,0.9999858,0.9405472,0.9455365,0.9999865,0.9337458,0.009479045,0.001276826,0.0000208,0.0000102,0.9999778,0.006331175,0.99906224,0.022272263,0.93208724,0.00000404,0.9339059,0.9402627,0.9999901,0.01051591,0.02167745,0.000708019,0.000123647,0.9445798,0.06636799,0.95027125,0.000102982,0.9761549,0.000110322,0.94196427,0.92978567,0.05960855,0.0000802,0.021358559,0.020557914,0.9296318,0.006975858,0.87316066,0.0000312,0.93923056,0.01911108,0.93346715,0.009465891,0.00101094,0.00000579,0.000162595,0.99997604,0.007312273,0.99912626,0.01835018,0.93585455,0.0000273,0.007180345,0.024949301,0.000929288,0.0000254,0.9396181,0.061366256,0.9422119,0.0000616,0.97051066,0.00000389,0.94567937,0.9574727,0.016053488,0.008368027,0.9464137,0.005085704,0.0000103,0.00000524,0.025849786,0.98450214,0.00632338,0.001085519,0.9633774,0.000245199,0.000859339,0.003894687,0.00000921,0.013375333,0.00000457,0.83036613,0.000016,0.00000766,0.000929933,0.003886276,0.0000146,0.0000238,0.000917594,0.0000219,0.000184882,0.016895609,0.009105881,0.9988254,0.022299277,0.0000501,0.00000792,0.006494091,0.0000138,0.021334628,0.0000159,0.049553405,0.0000255,0.001324977,0.007847732,0.94501436,0.00860178
1277,4,0.112499654,0.11226268,0.3255513,0.000220596,0.000738101,0.82963204,0.5749519,0.4866787,0.8809258,0.51666594,0.000317572,0.6923653,0.08731331,0.15506423,0.8724254,0.000394146,0.27097404,0.054057404,0.45288414,0.000639082,0.10486234,0.002051228,0.26189065,0.000279021,0.000622649,0.71494305,0.000498877,0.000803875,0.71830255,0.515835,0.5764139,0.9344321,0.14872627,0.000285213,0.96605766,0.000339151,0.000322156,0.18196285,0.00011907,0.00063145,0.001107154,0.042138487,0.000575469,0.00045412,0.059225474,0.000446294,0.00022563,0.04179059,0.15342452,0.12317626,0.9997564,0.000630799,0.00051683,0.45089832,0.000225554,0.000360891,0.048390187,0.10129995,0.13250373,0.35675892,0.45647907,0.5341468,0.33777183,0.5414269,0.001094023,0.3822133,0.000393866,0.001255369,0.2749599,0.000614146,0.06154946,0.49581307,0.7546639,0.11918065,0.76322806,0.000722707,0.033730477,0.000288305,0.001213667,0.041235004,0.000372718,0.006346588,0.47185135,0.000754086,0.000206612,0.033201054,0.000412453,0.76033556,0.52767587,0.77598995,0.001259571,0.000503781,0.041710377,0.000493833,0.0004282,0.045739297,0.000103567,0.006567596,0.04470813,0.000774303,0.000197188,0.44554916,0.76150376,0.1556065,0.99956256,0.747767,0.7403203,0.99948704,0.72830087,0.10673532,0.40070832,0.000418007,0.000479608,0.9996468,0.13956359,0.58391744,0.039159272,0.4655809,0.000328312,0.7431893,0.806719,0.99897826,0.118645705,0.08833778,0.4507574,0.000950335,0.7620623,0.51104844,0.76229227,0.001237372,0.42273748,0.001992623,0.7205268,0.7745616,0.5091982,0.001026946,0.05711457,0.042810544,0.7471348,0.13661586,0.937001,0.000395025,0.4393244,0.05251688,0.7946669,0.13490054,0.43476644,0.000274288,0.001713611,0.99973434,0.13136533,0.5635706,0.04686852,0.4981619,0.000426059,0.10930634,0.07695562,0.36173922,0.000792264,0.74129516,0.50300884,0.80033493,0.001238089,0.3573651,0.000483893,0.48336488,0.7430089,0.04456718,0.08984885,0.8168813,0.7395686,0.000253224,0.000210818,0.035068795,0.26789248,0.1445405,0.4076739,0.75693643,0.001450234,0.42718327,0.006462115,0.000196115,0.093722805,0.000503177,0.8565561,0.000302218,0.000321776,0.48788768,0.006266505,0.000460093,0.000663728,0.41259775,0.000773322,0.002389703,0.045967672,0.10585469,0.63772446,0.039106674,0.00075316,0.000235751,0.091873586,0.000315303,0.046599332,0.000483662,0.009667577,0.000459708,0.3817328,0.09963963,0.72724724,0.13741449
1278,1,0.000415419,0.00093374,0.9907725,0.00000347,0.00000137,0.99949646,0.085474946,0.05903651,0.9995734,0.08904409,0.00000234,0.07378929,0.000400314,0.000340665,0.9995963,0.00000198,0.91038334,0.9157837,0.08019436,0.00000997,0.000436118,0.00000762,0.21070573,0.00000288,0.00000128,0.17873555,0.00000792,0.00000607,0.19394071,0.09181752,0.9061424,0.91747814,0.000342071,0.00000504,0.34733933,0.00000297,0.00000497,0.19133924,0.00000141,0.00000285,0.00000816,0.917476,0.00000773,0.00000618,0.93693346,0.0000034,0.00000276,0.924535,0.000265705,0.05228366,0.99999774,0.00000346,0.00000297,0.10251377,0.00000101,0.00000173,0.9121751,0.000547919,0.000524437,0.9864956,0.093342535,0.057290055,0.9916353,0.07344759,0.0000057,0.09617282,0.0000021,0.00000943,0.9906166,0.00000219,0.92285734,0.9384597,0.06483661,0.000635037,0.05931167,0.00000399,0.916237,0.00000318,0.00000767,0.9037472,0.000000905,0.06409123,0.08822489,0.00000452,0.00000235,0.9253973,0.00000178,0.08288734,0.92136914,0.05880212,0.00000707,0.00000422,0.90667886,0.00000404,0.00000365,0.8963564,0.00000267,0.07668608,0.9176741,0.00000496,0.00000448,0.09856357,0.05688884,0.000628043,0.99999726,0.06626876,0.065670684,0.9999939,0.076599106,0.000279847,0.07978096,0.0000018,0.00000212,0.99999034,0.000418108,0.92778534,0.9042979,0.058466572,0.00000244,0.07493217,0.06763131,0.9999945,0.000351394,0.10450773,0.09594137,0.0000102,0.08361178,0.92642,0.08147296,0.0000108,0.99286073,0.0000165,0.073542625,0.078303434,0.9249356,0.00000406,0.054112326,0.9252789,0.07799261,0.000502791,0.2033476,0.00000346,0.096941665,0.91626024,0.06432332,0.000300525,0.095911264,0.00000472,0.00000564,0.9999975,0.000588387,0.9073536,0.9126292,0.090444006,0.00000287,0.000398477,0.07226097,0.10587493,0.00000224,0.05132895,0.9244659,0.057527162,0.0000113,0.99183285,0.00000204,0.075396866,0.26017618,0.9214228,0.000398653,0.057763502,0.07569783,0.00000413,0.00000208,0.9399529,0.7616565,0.000472492,0.08785018,0.22445536,0.0000108,0.09413457,0.059622467,0.00000172,0.050903097,0.00000185,0.22741047,0.00000726,0.0000037,0.08559777,0.059357855,0.00000283,0.00000325,0.08895101,0.00000461,0.00000687,0.91409004,0.000277623,0.8978743,0.9176446,0.00000439,0.00000416,0.000422159,0.00000145,0.9069486,0.00000332,0.78459483,0.00000526,0.1037092,0.000557868,0.06078848,0.000531126
1279,6,0.037540272,0.030156462,0.80006206,0.0000702,0.000136695,0.9496825,0.840862,0.8735711,0.9627422,0.8723264,0.0000613,0.025596555,0.047080044,0.032085508,0.96321833,0.0000697,0.9726397,0.017657155,0.84202665,0.000748381,0.039793786,0.000631989,0.008394672,0.000076,0.000123762,0.086580396,0.0000594,0.000180353,0.08234164,0.8486609,0.99711525,0.80334336,0.034414276,0.000145356,0.94504887,0.0000811,0.0000451,0.007481275,0.0000159,0.000334132,0.000383528,0.016625749,0.000508617,0.00009,0.016675131,0.0000474,0.00005,0.014595007,0.04349727,0.034781307,0.99989855,0.000179464,0.000336657,0.002576847,0.0000432,0.000184771,0.014573839,0.034718163,0.03066157,0.8014696,0.87620455,0.86529934,0.78556097,0.87844473,0.0000423,0.002566231,0.0000833,0.000349084,0.74070597,0.000160952,0.827202,0.12564662,0.8896285,0.031487063,0.88535935,0.0000703,0.014231768,0.000148972,0.000131578,0.012936355,0.0000601,0.008930464,0.003534467,0.000300492,0.0000685,0.014406757,0.0000916,0.91510415,0.16803181,0.88459724,0.000282099,0.000261382,0.01757891,0.000151788,0.000119462,0.016016878,0.0000609,0.012494488,0.019835696,0.000115714,0.0000927,0.002007055,0.8920698,0.036485735,0.9999169,0.9016361,0.8851856,0.9998654,0.88463926,0.038552202,0.003558449,0.000123548,0.000069,0.99984074,0.029125975,0.99724615,0.015112002,0.8852173,0.0000376,0.8756288,0.90230393,0.99991226,0.03530779,0.12687308,0.002648211,0.000939716,0.9157168,0.13532275,0.9061445,0.000603585,0.80653316,0.000568273,0.8906494,0.87563115,0.14198707,0.000561144,0.114768274,0.016199475,0.88445246,0.03708323,0.81815684,0.000180337,0.8737757,0.014150803,0.89103526,0.041255582,0.002778789,0.0000519,0.00070265,0.9998468,0.038250938,0.99706036,0.012480311,0.8726448,0.000230235,0.033384062,0.11416897,0.003020606,0.000237128,0.88508815,0.11557208,0.88693964,0.0004789,0.74312884,0.0000384,0.8671971,0.95174885,0.015329096,0.04439888,0.9042652,0.025648475,0.0000821,0.0000425,0.016937582,0.9265122,0.03029831,0.003497436,0.9634041,0.000937558,0.003009103,0.010315079,0.0000921,0.03760708,0.0000391,0.73865396,0.000138413,0.0000566,0.00309809,0.012843763,0.0000598,0.000130364,0.002687613,0.000173323,0.001099154,0.014289843,0.037750266,0.99615014,0.01749565,0.000435496,0.0000422,0.039884306,0.000105853,0.019582953,0.000100909,0.04053525,0.000208886,0.003853179,0.041828144,0.9119643,0.04728753
1280,1,0.0000311,0.0000216,0.999076,0.000000319,0.00000021,0.9999652,0.00271194,0.00335139,0.9999691,0.003348765,0.000000354,0.015204821,0.0000175,0.0000471,0.9999715,0.000000177,0.9855032,0.9970559,0.00247823,0.00000122,0.0000438,0.000000761,0.2517814,0.000000254,0.000000262,0.19403288,0.00000305,0.000000375,0.16797543,0.002849044,0.98755974,0.85946965,0.0000394,0.000000731,0.26669785,0.000000642,0.00000178,0.2798818,0.000000673,0.000000291,0.000000647,0.99667054,0.000000667,0.000000823,0.99751234,0.000000806,0.000000463,0.9974111,0.0000227,0.23835422,0.9999993,0.000000587,0.0000007,0.014861095,0.000000607,0.000000331,0.99782073,0.0000205,0.0000225,0.9992193,0.003507201,0.003550722,0.9994087,0.00258697,0.00000139,0.01647019,0.000000365,0.00000103,0.9992982,0.000000512,0.9881626,0.9967348,0.003150256,0.0000341,0.004119518,0.000000361,0.99641633,0.000000661,0.000000586,0.9965856,4.88E-08,0.23916535,0.02052576,0.000000438,0.000000554,0.9978309,0.000000253,0.003058179,0.99663395,0.002983152,0.00000159,0.000000406,0.9971865,0.000000554,0.000000624,0.9975496,0.00000034,0.2215581,0.99745935,0.000000373,0.000000398,0.0200789,0.002334738,0.0000299,0.9999995,0.003042274,0.003949569,0.9999993,0.003164336,0.0000293,0.020637438,0.00000043,0.000000297,0.9999989,0.0000462,0.9763649,0.9971704,0.003157851,0.00000088,0.002473927,0.00331873,0.9999995,0.0000334,0.14248349,0.012776841,0.00000116,0.003510501,0.996366,0.002901666,0.00000133,0.9995178,0.00000101,0.0044326,0.002972554,0.9968381,0.000000237,0.13335407,0.996932,0.002929414,0.0000183,0.022478469,0.000000406,0.002959006,0.9977303,0.004111528,0.000027,0.01959646,0.000000802,0.00000166,0.9999988,0.0000386,0.98020947,0.99749786,0.003525031,0.000000986,0.0000243,0.15090623,0.013783861,0.000000233,0.0046761,0.99671847,0.002872824,0.00000196,0.99937963,0.000000167,0.003309118,0.21182671,0.99714667,0.0000309,0.002838187,0.01699728,0.000000981,0.000000421,0.9981558,0.80478406,0.0000197,0.019109225,0.20782045,0.0000015,0.015617222,0.23822732,0.000000175,0.24708104,0.000000224,0.029889788,0.000000393,0.00000123,0.024007088,0.25716418,0.00000101,0.000000407,0.017213615,0.00000105,0.00000131,0.9971198,0.0000127,0.9840518,0.9967822,0.0000012,0.00000116,0.0000342,0.000000308,0.9971289,0.000000732,0.9830804,0.00000139,0.013975922,0.0000401,0.002701064,0.0000468
1282,6,0.001693568,0.001178204,0.99664634,0.00000219,0.00000276,0.99883145,0.19427264,0.27333555,0.9987754,0.19693385,0.00000341,0.015822401,0.001394892,0.002700415,0.99827814,0.00000121,0.9861854,0.80162936,0.21981092,0.0000105,0.001563746,0.00000956,0.00775214,0.00000255,0.00000191,0.009401881,0.0000104,0.00000326,0.006935531,0.23527102,0.99567175,0.9920425,0.001359756,0.00000619,0.3334136,0.00000513,0.0000073,0.012561879,0.00000199,0.00000423,0.00000529,0.78059125,0.0000125,0.00000219,0.7856523,0.00000385,0.00000272,0.7921292,0.001639381,0.016366245,0.9999951,0.00000625,0.0000115,0.00533961,0.00000247,0.00000384,0.7740796,0.001196402,0.000555881,0.9966967,0.20169201,0.26815525,0.9965402,0.22515471,0.00000545,0.006749153,0.00000161,0.00000947,0.99564254,0.00000346,0.98403823,0.7552724,0.25507048,0.001282999,0.27044818,0.00000339,0.7800036,0.00000637,0.00000644,0.7894888,0.000000908,0.005413751,0.008572589,0.0000147,0.00000326,0.7856947,0.00000221,0.20653573,0.7585398,0.23911016,0.0000111,0.00000656,0.7731162,0.00000497,0.00000368,0.81942934,0.00000388,0.006741777,0.77207845,0.00000308,0.00000266,0.009452291,0.30592963,0.001425728,0.99999416,0.24643442,0.2476506,0.9999951,0.23339966,0.001012047,0.007898562,0.00000374,0.00000211,0.9999902,0.001689535,0.9944628,0.7972253,0.2235759,0.00000248,0.23775616,0.25730088,0.99999666,0.00154368,0.005933133,0.004714823,0.0000147,0.25760773,0.74361396,0.25249073,0.000019,0.99790406,0.0000195,0.25429785,0.21433668,0.77081794,0.00000767,0.007319386,0.76116806,0.2630803,0.00124281,0.35509217,0.00000306,0.20614581,0.7988287,0.26010486,0.001821666,0.006093645,0.0000049,0.0000213,0.99999225,0.001673802,0.9930225,0.7994667,0.21507068,0.00000753,0.001410279,0.008664818,0.004003551,0.0000026,0.25462478,0.76704794,0.27171934,0.0000186,0.9970933,0.000000924,0.19512041,0.29069594,0.8179742,0.001209782,0.25564262,0.013451034,0.00000506,0.0000016,0.75877607,0.99271023,0.001727618,0.008266323,0.26124063,0.0000421,0.00487086,0.006054009,0.00000233,0.016648116,0.00000239,0.34133673,0.00000246,0.00000412,0.006785104,0.007041626,0.00000435,0.00000667,0.005650639,0.00000832,0.0000307,0.7506446,0.001114423,0.9944232,0.7464685,0.00000791,0.00000638,0.001870426,0.00000432,0.8112506,0.00000719,0.6897214,0.00000815,0.00625182,0.002143851,0.24323557,0.002378899
1283,5,0.002170324,0.002022526,0.9843775,0.0000156,0.0000147,0.9973869,0.18249418,0.1593462,0.9965402,0.17462729,0.0000186,0.039216626,0.001875424,0.001486621,0.99799937,0.0000131,0.9619123,0.81790596,0.16293487,0.0000503,0.002158944,0.00003,0.067137085,0.0000273,0.000022,0.106040515,0.0000397,0.0000276,0.112735316,0.1799667,0.9754488,0.9135693,0.0024599,0.0000267,0.45696196,0.000019,0.0000195,0.07025989,0.0000143,0.0000234,0.0000304,0.78115326,0.000042,0.0000322,0.83570194,0.0000218,0.0000141,0.80839336,0.001987192,0.098495,0.99998355,0.0000132,0.0000249,0.029058183,0.00000754,0.000012,0.80453146,0.003293458,0.003686303,0.98206615,0.15208665,0.16218239,0.98448676,0.15174788,0.0000316,0.025440617,0.0000165,0.0000443,0.9858914,0.0000225,0.95550394,0.8619112,0.1609986,0.003313385,0.14642105,0.0000181,0.8040867,0.0000352,0.0000376,0.7844995,0.0000119,0.06083725,0.022854492,0.0000182,0.0000169,0.8157394,0.0000155,0.14363465,0.81930023,0.15357943,0.0000354,0.00000986,0.78568494,0.0000334,0.000025,0.8005602,0.0000197,0.057655577,0.8056466,0.0000123,0.0000233,0.028021526,0.14185275,0.002067253,0.99998236,0.16624492,0.13593438,0.99998343,0.14381787,0.002550272,0.028299805,0.0000144,0.0000137,0.9999707,0.001687306,0.96927017,0.8006058,0.12972206,0.0000114,0.15152612,0.17221205,0.9999697,0.00200845,0.09951721,0.03184837,0.0000466,0.17404722,0.8334902,0.16090606,0.0000297,0.9846161,0.0000379,0.18325235,0.17763342,0.83660364,0.0000159,0.11569263,0.82780576,0.12117996,0.002158167,0.28715876,0.0000258,0.17091416,0.8241171,0.18736403,0.001752359,0.027242646,0.0000223,0.0000455,0.9999782,0.003086163,0.9742467,0.77690554,0.16942412,0.0000118,0.002130167,0.09854823,0.025506219,0.0000127,0.15387045,0.7918954,0.16971047,0.000035,0.9847451,0.0000125,0.18949567,0.51630354,0.7604266,0.002625049,0.1431802,0.029716417,0.0000165,0.0000109,0.8185207,0.87996864,0.002228858,0.024306301,0.49612603,0.0000476,0.026178055,0.059144545,0.0000151,0.10415919,0.0000109,0.30121183,0.0000172,0.0000212,0.02767039,0.053751193,0.0000209,0.0000198,0.021370294,0.0000172,0.0000174,0.7801625,0.002664645,0.9770871,0.8180177,0.0000303,0.0000178,0.00148659,0.0000129,0.8003806,0.0000174,0.68516296,0.0000276,0.021856273,0.002318869,0.1539747,0.002122689
1284,2,0.17602292,0.16894045,0.9304245,0.000109057,0.000322628,0.8674092,0.0731227,0.05833756,0.8368987,0.05316332,0.000205486,0.6527317,0.15087707,0.149468,0.83753717,0.000177345,0.31434667,0.88490075,0.07016101,0.000222046,0.1506511,0.000317909,0.40830746,0.000233227,0.000229226,0.44364315,0.000242087,0.000266448,0.45949492,0.06112535,0.57677084,0.96699154,0.1549686,0.00010989,0.48167455,0.0000987,0.000181472,0.3969055,0.000088,0.00009,0.000105173,0.8813207,0.000160137,0.000286589,0.84780264,0.000181776,0.000157469,0.8395019,0.13687499,0.22241846,0.99986684,0.000272469,0.000178741,0.46031848,0.000133221,0.000331447,0.8795486,0.15326567,0.16188367,0.9228223,0.062078156,0.06540134,0.9095883,0.059434686,0.000192408,0.4565555,0.000149871,0.000375571,0.9142877,0.000155268,0.43657625,0.9376695,0.14468016,0.15918837,0.17003182,0.00013259,0.8565527,0.000115032,0.000371559,0.86382,0.000159892,0.023544585,0.4781082,0.000427512,0.000175445,0.85300195,0.000139548,0.15000387,0.9414997,0.14808364,0.000337034,0.000135428,0.86881053,0.000190496,0.0000977,0.85998106,0.0000829,0.031294174,0.8675613,0.0000735,0.0000846,0.46290606,0.16225463,0.14445178,0.9998623,0.14787996,0.15516002,0.9998673,0.13613237,0.14815792,0.45855024,0.000192732,0.000398844,0.9998313,0.18518463,0.5646214,0.87783724,0.061689287,0.000152124,0.16108626,0.152847,0.9998367,0.184219,0.034310374,0.45931792,0.000233804,0.14140229,0.9325669,0.14965999,0.000245779,0.9181503,0.000562903,0.15324922,0.13712758,0.94233334,0.000278089,0.025835939,0.85692215,0.15211807,0.14669307,0.6393502,0.00023276,0.061023347,0.86690706,0.16299471,0.142583,0.45127964,0.0000727,0.000475741,0.99988914,0.17596646,0.5374149,0.8612235,0.057107218,0.000295472,0.16302647,0.028570276,0.46308264,0.000208382,0.1534061,0.9562998,0.16185807,0.000281761,0.9279872,0.000151376,0.05459663,0.10067894,0.86882484,0.14081044,0.16250372,0.6884337,0.000160742,0.000116936,0.86676717,0.5566555,0.13748525,0.47510844,0.11242641,0.000455382,0.45261398,0.037465315,0.00031731,0.21827126,0.000117505,0.5334006,0.000153356,0.000155822,0.40158162,0.02815608,0.000338484,0.000235892,0.4428992,0.000286968,0.000418392,0.860637,0.16333649,0.58022666,0.8441788,0.000271072,0.000148137,0.17480105,0.000170663,0.8530539,0.000142868,0.33931747,0.000159011,0.4559299,0.14928044,0.17530729,0.160383
1285,6,0.012871391,0.013654433,0.32541457,0.00000206,0.00000686,0.9841031,0.87580717,0.87852454,0.98408866,0.8734213,0.00000669,0.015945895,0.008529035,0.010758812,0.98201996,0.000006,0.9805865,0.001277429,0.88618803,0.0000154,0.015292591,0.0000327,0.001084416,0.00000243,0.0000119,0.06389521,0.0000101,0.00000731,0.071743034,0.8659919,0.9988728,0.92675537,0.01649379,0.00000613,0.9889297,0.00000479,0.00000386,0.000974147,0.00000167,0.0000177,0.0000171,0.001054057,0.00000781,0.00000665,0.001410089,0.0000066,0.00000546,0.001060568,0.016187502,0.02198277,0.99999714,0.00000183,0.0000144,0.001373655,0.00000109,0.00000393,0.001710493,0.014048791,0.014678171,0.35224637,0.8854756,0.9128473,0.35604557,0.864414,0.00000852,0.00102072,0.000003,0.0000175,0.352645,0.0000046,0.61927813,0.093164474,0.9420005,0.008226265,0.95224047,0.0000105,0.001067075,0.0000104,0.00000971,0.001476749,0.00000432,0.0003297,0.001628147,0.00000667,0.00000392,0.00105804,0.00000585,0.95087844,0.1013375,0.9429334,0.0000142,0.00000543,0.001370016,0.00000938,0.00000729,0.002093648,0.000003,0.000435643,0.00131712,0.0000125,0.00000249,0.000972697,0.95856285,0.013133342,0.999992,0.9514198,0.9515034,0.9999932,0.94105,0.016354606,0.001708025,0.00000718,0.00000367,0.99999595,0.01129444,0.9978714,0.001079234,0.9086832,0.00000162,0.95362055,0.9453272,0.9999889,0.020380842,0.066741526,0.001104884,0.0000264,0.9453744,0.111654095,0.9481611,0.0000147,0.37130576,0.0000206,0.9379901,0.94632876,0.11094071,0.0000251,0.06041824,0.001121362,0.94929063,0.016383164,0.9098743,0.00000438,0.89256257,0.001075409,0.93803376,0.011046345,0.001345265,0.00000495,0.0000341,0.9999939,0.015925998,0.9979954,0.00137036,0.89332664,0.00000314,0.01536726,0.08531521,0.00097123,0.00000943,0.95006967,0.11178815,0.952192,0.000012,0.35009822,0.00000827,0.89376813,0.9852924,0.00144596,0.011048272,0.9531175,0.019611133,0.00000525,0.00000229,0.000950735,0.94785184,0.01634482,0.001040761,0.98511153,0.0000256,0.001233795,0.000491871,0.00000334,0.021030718,0.00000405,0.81895274,0.00000235,0.00000548,0.001085054,0.000379843,0.00000663,0.0000118,0.001462083,0.00000672,0.0000274,0.001377264,0.016606363,0.99878925,0.001095545,0.00000894,0.00000656,0.011424213,0.00000474,0.001446458,0.00000603,0.003906094,0.00000829,0.001358759,0.012158745,0.9605115,0.013139461
1288,6,0.008763425,0.003955652,0.9913931,0.000000434,0.00000146,0.9917567,0.6221228,0.6854412,0.9937131,0.5582794,0.00000106,0.013976802,0.004998465,0.006873318,0.99262846,0.000000723,0.9848001,0.1718074,0.5969244,0.00000359,0.004589509,0.00000244,0.009234011,0.00000161,0.00000185,0.022827603,0.000000934,0.00000148,0.024013646,0.59238607,0.99682343,0.9908262,0.008711426,0.000000711,0.79407966,0.0000005,0.000000568,0.015134765,0.00000024,0.00000118,0.00000135,0.27651033,0.0000032,0.000000657,0.1776948,0.000000656,0.000000338,0.290022,0.005092111,0.03739758,0.9999993,0.000000606,0.00000165,0.00285965,0.000000374,0.00000161,0.29578984,0.006021918,0.008583655,0.991025,0.60460603,0.56967765,0.99287015,0.61802065,0.000000512,0.003900102,0.000000563,0.000004,0.9929012,0.000000772,0.9864362,0.42676765,0.724764,0.007632741,0.70455134,0.000000515,0.28919995,0.000000981,0.00000187,0.261131,0.000000524,0.004957155,0.004367532,0.00000365,0.000000702,0.2993398,0.00000067,0.67171305,0.36633205,0.745264,0.00000188,0.00000118,0.29104757,0.00000193,0.00000085,0.23660433,0.000000586,0.00369544,0.26510155,0.000000456,0.000000371,0.004754722,0.6906866,0.004729633,0.99999917,0.7290001,0.7414885,0.9999994,0.7381695,0.008042221,0.004477317,0.000000796,0.000000817,0.99999917,0.005918645,0.99400455,0.2121797,0.58894306,0.00000036,0.68352616,0.70993865,0.9999995,0.006331321,0.008139498,0.00505,0.00000333,0.6718993,0.43216822,0.7228711,0.00000384,0.9917488,0.00000368,0.7861444,0.72202766,0.38708445,0.00000292,0.011897116,0.2743933,0.70968074,0.003285081,0.7228638,0.00000202,0.6372448,0.32928994,0.73349625,0.00535972,0.00408779,0.000000372,0.00000908,0.99999845,0.008018409,0.9956145,0.3099245,0.53703684,0.00000122,0.004102849,0.011703479,0.003954969,0.000000752,0.6914589,0.40891913,0.7778238,0.00000333,0.99276453,0.000000325,0.5979673,0.7950745,0.31977153,0.008713641,0.664643,0.011365014,0.000000525,0.000000269,0.27911073,0.9797593,0.003789932,0.004775163,0.76509327,0.00000825,0.004089781,0.004480078,0.000000778,0.045227945,0.000000437,0.68698007,0.000000517,0.000000561,0.006322196,0.003007972,0.00000101,0.00000105,0.004684012,0.000000782,0.00000356,0.22364028,0.00630628,0.9959369,0.31670707,0.00000255,0.000000855,0.003669007,0.00000104,0.25029704,0.00000182,0.25456944,0.00000109,0.003698577,0.008647002,0.7296387,0.00433615
1290,3,0.013513371,0.017409297,0.97944653,0.0000236,0.0000332,0.9877653,0.76974654,0.78044564,0.9905968,0.79081273,0.0000309,0.031065656,0.015529251,0.02128325,0.98515445,0.0000146,0.97040534,0.17283818,0.75736,0.000192384,0.013063486,0.000173608,0.007016365,0.0000249,0.0000208,0.016199458,0.0000352,0.0000573,0.009548768,0.7687124,0.99459225,0.9828561,0.011725821,0.0000511,0.77012616,0.0000275,0.0000342,0.007946733,0.00000538,0.0000654,0.0000988,0.10808934,0.000209393,0.0000171,0.1661292,0.0000204,0.0000207,0.12146297,0.015070604,0.009904263,0.9999651,0.0000402,0.000110191,0.007067867,0.0000151,0.0000466,0.11380778,0.012631281,0.007222735,0.981858,0.76746184,0.80520105,0.9765896,0.80405724,0.0000267,0.007731411,0.0000178,0.000102387,0.9596482,0.0000199,0.9456418,0.20424832,0.78227115,0.009135857,0.7921909,0.0000317,0.10925001,0.0000525,0.0000664,0.1256433,0.0000153,0.0029402,0.011819696,0.000177625,0.0000197,0.11896452,0.000035,0.8457845,0.25154167,0.77205426,0.0000787,0.000082,0.10527771,0.0000378,0.0000382,0.14690349,0.0000284,0.004183171,0.14997888,0.0000731,0.0000294,0.006858907,0.8235774,0.016623192,0.99995697,0.77891576,0.75741434,0.9999198,0.79009056,0.011085158,0.008598239,0.0000298,0.000022,0.9998946,0.012393463,0.99289834,0.099324934,0.8015638,0.0000157,0.78467923,0.78769845,0.99997437,0.012374795,0.012295672,0.005817403,0.000267134,0.8368714,0.20430687,0.8179326,0.000260272,0.9801862,0.000304076,0.7704999,0.7708597,0.26333463,0.000201331,0.007438724,0.13433324,0.8155793,0.015108689,0.8307609,0.0000388,0.7965243,0.106936775,0.7956222,0.014981203,0.007636188,0.0000289,0.000185457,0.99994755,0.015664723,0.99275345,0.12583189,0.80719835,0.0000705,0.013676144,0.009896727,0.00712934,0.0000582,0.7854324,0.20515554,0.80718756,0.000212323,0.97008353,0.0000112,0.753714,0.79162484,0.15294963,0.011880093,0.80106723,0.02406984,0.0000335,0.00000905,0.11421986,0.9909298,0.012536642,0.008136872,0.8057504,0.000444981,0.007657667,0.003089451,0.0000333,0.011058229,0.0000192,0.80808794,0.0000347,0.0000212,0.00705561,0.003188583,0.0000242,0.0000711,0.008123672,0.0000556,0.000460119,0.15127623,0.011893905,0.99275184,0.13249466,0.0000918,0.000028,0.018978009,0.0000424,0.14368139,0.0000534,0.14915071,0.0000823,0.009822915,0.0205508,0.81989765,0.021693664
1291,5,0.00000475,0.00000186,0.9997814,3.78E-08,5.19E-08,0.99999464,0.003039283,0.003482236,0.999995,0.003898431,4.66E-08,0.002813234,0.0000026,0.00000882,0.9999951,0.000000022,0.99705267,0.9969434,0.002628159,0.00000034,0.00000527,0.000000153,0.31813052,4.46E-08,6.76E-08,0.27942362,0.000000515,0.000000065,0.26927322,0.003378436,0.9973334,0.7499402,0.00000793,0.000000111,0.49845827,0.000000109,0.000000264,0.4545711,0.000000096,0.000000045,0.000000102,0.99705887,9.18E-08,0.000000153,0.99768305,0.000000116,4.76E-08,0.9980755,0.00000311,0.45435464,0.9999999,0.000000151,0.00000009,0.00296367,0.000000125,0.000000048,0.99830097,0.00000254,0.00000372,0.9997398,0.004893171,0.003483767,0.9998616,0.003012796,0.000000198,0.004348644,5.89E-08,0.000000205,0.99982065,0.000000132,0.9982456,0.9959216,0.003203255,0.00000559,0.003750735,6.28E-08,0.996971,0.000000119,0.000000109,0.9967308,5.46E-09,0.5404784,0.00557585,5.83E-08,8.06E-08,0.99846774,3.08E-08,0.002605521,0.99677867,0.003257654,0.000000276,5.16E-08,0.99770254,0.000000115,0.000000105,0.9979499,3.65E-08,0.40917903,0.9977895,3.13E-08,6.09E-08,0.0058761,0.001936315,0.00000429,0.9999999,0.003534645,0.004306737,0.9999999,0.003502006,0.00000667,0.006448038,7.04E-08,3.77E-08,0.9999999,0.00000584,0.99293643,0.9968047,0.003651397,0.000000118,0.002328757,0.003489695,0.9999999,0.00000523,0.24441972,0.003736794,0.000000168,0.0033329,0.9959688,0.003163969,0.000000262,0.9998807,0.000000149,0.006433163,0.003525671,0.9964954,2.83E-08,0.27281123,0.9974662,0.002464885,0.00000192,0.015756607,8.27E-08,0.003006815,0.9984024,0.004335703,0.00000361,0.005593926,0.000000124,0.000000659,0.99999976,0.00000497,0.99448687,0.9980519,0.004256785,0.000000156,0.0000029,0.30655038,0.003063799,3.47E-08,0.006175301,0.99607,0.003460406,0.000000435,0.9998503,0.00000002,0.002834038,0.5368178,0.99742657,0.00000555,0.002614504,0.003540996,9.38E-08,9.34E-08,0.99817,0.6853515,0.00000221,0.004651872,0.51306176,0.000000211,0.003691106,0.476302,1.76E-08,0.42592463,0.000000021,0.021794988,0.00000005,0.000000172,0.007712361,0.4808484,0.000000173,6.04E-08,0.003990318,0.000000181,0.000000249,0.9968142,0.00000162,0.9954275,0.99762267,0.000000262,0.000000164,0.00000386,2.88E-08,0.9976363,0.000000112,0.9920474,0.000000194,0.002451147,0.00000479,0.003438619,0.00000701
1293,5,0.0000465,0.0000222,0.9999571,8.01E-10,2.37E-09,0.99998474,0.40486377,0.41773203,0.99996376,0.39566943,2.61E-09,0.00039226,0.0000249,0.0000563,0.9999597,3.23E-10,0.9998442,0.6925216,0.37775463,1.81E-08,0.0000419,1.02E-08,0.0000521,1.79E-09,1.5E-09,0.0000569,9.14E-09,1.83E-09,0.0000347,0.38023838,0.99998486,0.99990475,0.0000262,4.82E-09,0.26726025,2.23E-09,4.31E-09,0.000163345,7.25E-10,3.78E-09,2.27E-09,0.6657958,5.84E-08,4.28E-10,0.6768089,2.76E-09,1.08E-09,0.68926936,0.0000376,0.000653342,1,3.26E-09,1.63E-08,0.0000335,6.93E-10,2.21E-09,0.69698966,0.0000219,0.00000739,0.9999534,0.38083592,0.46974435,0.9999478,0.41044864,4.35E-09,0.0000406,3.37E-10,1.64E-08,0.9999355,1.74E-09,0.9997671,0.50503474,0.4504235,0.0000296,0.46944213,2.03E-09,0.68580794,9.55E-09,5.52E-09,0.70416164,2.39E-10,0.0000755,0.0000952,3.75E-08,1.55E-09,0.6856525,1.1E-09,0.41656312,0.58016366,0.40836057,1.37E-08,4.61E-09,0.68276113,4.85E-09,3.78E-09,0.73011464,3.91E-09,0.000114024,0.6626557,1.28E-09,1.19E-09,0.0000745,0.4277158,0.0000255,1,0.38293752,0.401899,1,0.44718856,0.0000257,0.0000778,1.56E-09,1.12E-09,1,0.0000366,0.99995315,0.710846,0.36745343,6.68E-10,0.3869206,0.4014553,1,0.0000483,0.0000956,0.0000289,2.86E-08,0.42210928,0.5447184,0.4028996,3.98E-08,0.9999738,2.08E-08,0.42516184,0.43561983,0.5944774,1.54E-08,0.000105793,0.68946195,0.3957003,0.0000222,0.34193018,1.71E-09,0.35279143,0.6729504,0.43522456,0.0000366,0.0000655,2.55E-09,4.58E-08,1,0.0000365,0.9999517,0.71045214,0.4280989,5.61E-09,0.0000334,0.000130387,0.000028,1.44E-09,0.38447413,0.56225276,0.4814376,0.000000022,0.99995327,2.01E-10,0.39669666,0.29270718,0.7442555,0.0000144,0.431841,0.000167114,5.71E-09,5.76E-10,0.6553505,0.9999565,0.0000267,0.0000642,0.29035243,0.000000205,0.0000241,0.0000818,1.2E-09,0.000471241,7.66E-10,0.3696502,7.79E-10,3.21E-09,0.0000642,0.0000972,5.41E-09,3.56E-09,0.0000422,5.04E-09,8.96E-08,0.6875747,0.0000201,0.99993205,0.67713666,7.44E-09,7.49E-09,0.0000264,4.85E-09,0.7112184,8.1E-09,0.7069507,8.1E-09,0.0000398,0.0000651,0.4557422,0.0000625
1294,5,0.0000294,0.0000203,0.9999528,3.31E-10,5.73E-10,0.9999949,0.00000245,0.00000213,0.99998474,0.00000165,6.87E-09,0.06306266,0.00000641,0.00000997,0.9999887,9.8E-10,0.9398059,0.9999999,0.00000102,8.86E-10,0.0000346,1.54E-10,0.061050255,5.83E-09,1.3E-09,0.032929268,2.36E-08,6.71E-10,0.038833845,0.0000022,0.95401585,0.97735834,0.00000855,6.22E-09,0.009761764,5.68E-09,2.97E-08,0.049376298,5.54E-09,2.73E-10,6.23E-10,0.9999993,2.71E-09,7.75E-09,0.99999964,7.24E-09,4.96E-09,0.99999905,0.0000236,0.046645734,1,2.4E-10,4.66E-09,0.059509963,2.08E-09,1.32E-09,0.99999964,0.0000142,0.000018,0.9999652,0.000000997,0.00000279,0.9999417,0.00000127,1.06E-08,0.03587441,1.43E-09,7.39E-10,0.99989426,2.92E-09,0.9596194,0.99999726,0.00000113,0.0000103,0.00000131,5.24E-10,0.99999857,6.58E-09,1.79E-09,0.9999988,9.17E-10,0.024409313,0.03909931,6.77E-10,5.42E-09,0.99999905,4.72E-09,0.00000166,0.9999981,0.00000116,3.24E-09,2.21E-11,0.99999905,1.21E-09,2.18E-09,0.99999964,6.84E-09,0.043255836,0.9999994,1.32E-10,3.9E-09,0.045083955,0.00000226,0.00000742,1,0.000000672,0.000000528,1,0.000000653,0.00000586,0.04003805,1.34E-09,2.58E-09,1,0.0000102,0.95884466,0.99999964,0.00000129,1.3E-09,0.000000742,0.00000197,1,0.0000097,0.02190345,0.04500305,2.52E-09,0.00000243,0.99999774,0.00000182,3.91E-10,0.9999659,1.52E-09,0.000000495,0.000000965,0.99999917,2.49E-10,0.012592305,0.99999964,0.00000109,0.0000178,0.001292202,4.37E-09,0.00000241,0.9999988,0.00000192,0.0000166,0.04453839,2.84E-09,1.39E-09,1,0.00003,0.96318173,0.9999989,0.00000211,3.56E-10,0.0000153,0.013346034,0.04386848,6.68E-10,0.000000689,0.999995,0.000002,8.86E-10,0.99991226,8.93E-10,0.0000018,0.003082838,0.99999905,0.00000589,0.00000159,0.06502695,1.44E-08,1.87E-09,0.99999905,0.9641974,0.0000109,0.047136437,0.004305234,5.27E-09,0.046269063,0.042401284,1.28E-08,0.033602566,5.71E-10,0.00333483,6.15E-10,7.18E-09,0.03252181,0.03598814,7.66E-09,1.96E-09,0.04097883,2.57E-10,7.77E-11,0.9999994,0.0000283,0.9474331,0.9999987,1.62E-09,6.03E-09,0.0000147,3.18E-09,0.9999995,5.12E-10,0.9985216,7.06E-09,0.039635245,0.0000291,0.00000137,0.0000194
1295,5,0.0000275,0.0000366,0.9943242,8.73E-09,5.57E-09,0.9999815,0.005541313,0.003734382,0.99998343,0.00600062,2.12E-08,0.011702889,0.00000799,0.0000139,0.99998105,0.000000012,0.98960835,0.9744777,0.005583509,3.14E-08,0.000029,2.25E-08,0.013965884,8.71E-09,5.87E-09,0.050344728,0.000000165,1.65E-08,0.04645763,0.004138105,0.9935156,0.97140276,0.000013,4.22E-08,0.0898082,1.93E-08,0.000000055,0.012170733,2.37E-08,1.21E-08,2.37E-08,0.980201,2.42E-08,2.92E-08,0.975476,4.09E-08,3.33E-08,0.971143,0.000013,0.017728584,1,8.49E-09,3.53E-08,0.006785946,8.56E-09,5.56E-09,0.97395736,0.0000159,0.0000137,0.99362034,0.009383921,0.005173407,0.9937499,0.00555761,7.13E-08,0.008215613,5.78E-09,3.95E-08,0.99558485,9.14E-09,0.9479075,0.99570364,0.005750205,0.0000187,0.005174113,1.66E-08,0.97124374,2.47E-08,3.42E-08,0.9735613,2.1E-09,0.006046258,0.009019278,2.08E-08,2.31E-08,0.9772435,7.97E-09,0.0071899,0.9938028,0.005912728,5.47E-08,1.94E-08,0.97368264,2.79E-08,1.79E-08,0.968292,2.11E-08,0.006260922,0.979619,0.000000027,1.24E-08,0.005386491,0.004360579,0.0000144,1,0.00471451,0.005722865,1,0.006765652,0.0000165,0.00641064,1.53E-08,1.07E-08,1,0.000031,0.9912246,0.9723359,0.004652797,1.33E-08,0.006702873,0.006425165,1,0.0000193,0.032620203,0.007426517,6.53E-08,0.006425076,0.994975,0.005931482,3.85E-08,0.9952034,6.58E-08,0.005222437,0.004776306,0.9961111,1.65E-08,0.031987302,0.98012424,0.008715445,0.0000179,0.030583598,8.63E-09,0.006912402,0.9712678,0.004084864,0.000012,0.008288733,4.63E-08,5.16E-08,1,0.0000328,0.9913173,0.9678949,0.005033768,1.35E-08,0.0000182,0.02414536,0.00650763,6.56E-09,0.005502501,0.9963994,0.005522019,6.38E-08,0.99365777,1.47E-08,0.007418257,0.04464657,0.97452,0.0000156,0.006169793,0.013210757,0.00000005,8.45E-09,0.98019695,0.9529145,0.0000113,0.006005503,0.044266846,7.18E-08,0.005850757,0.007444641,5.83E-09,0.010867946,9.62E-09,0.021129807,1.31E-08,6.25E-08,0.005955564,0.006209917,0.000000033,0.000000017,0.008393429,2.11E-08,4.74E-08,0.9769281,0.0000101,0.99094033,0.9744811,0.000000021,6.26E-08,0.0000262,9.27E-09,0.9716409,1.72E-08,0.91265965,4.69E-08,0.00697637,0.0000183,0.006839837,0.0000175
1296,6,0.005134342,0.004168227,0.99467933,0.000015,0.0000352,0.99592113,0.8617898,0.8511525,0.99617755,0.83567786,0.0000263,0.009933328,0.005945295,0.005447838,0.99269086,0.0000147,0.9917094,0.1522129,0.8553072,0.000118512,0.003675298,0.000114691,0.009364278,0.0000231,0.0000329,0.009356956,0.0000395,0.0000419,0.008988079,0.843755,0.9967451,0.9875479,0.005567377,0.0000461,0.8039356,0.000028,0.0000264,0.011005446,0.00000666,0.0000432,0.0000512,0.19278818,0.000166259,0.0000123,0.17258504,0.000016,0.0000126,0.19142298,0.005265173,0.014125494,0.999972,0.0000479,0.0000829,0.003437514,0.0000103,0.0000432,0.19228446,0.004490405,0.003572357,0.99481744,0.8458775,0.82826453,0.9939908,0.8571902,0.0000222,0.003728816,0.0000136,0.0000998,0.9930976,0.0000234,0.98755395,0.16809669,0.82850116,0.004315772,0.8261758,0.0000326,0.19311869,0.0000478,0.0000495,0.16076581,0.0000117,0.007446766,0.004747813,0.000120917,0.0000149,0.188672,0.0000157,0.83349544,0.16529748,0.8511927,0.0000825,0.0000825,0.20570858,0.000038,0.0000197,0.17575793,0.0000255,0.00657673,0.18809287,0.0000308,0.0000172,0.00525303,0.85012954,0.004210868,0.99995935,0.8463947,0.8460449,0.9999738,0.82442844,0.004315655,0.005406987,0.0000373,0.0000205,0.9999583,0.004622865,0.9959353,0.19957305,0.8531663,0.0000117,0.8534445,0.8151447,0.99997056,0.006024364,0.009536397,0.003236089,0.000103784,0.8207295,0.17676692,0.8481853,0.000174308,0.9957926,0.000174796,0.84664094,0.8360809,0.13591625,0.0000826,0.009327247,0.17421104,0.8374469,0.003270353,0.78634286,0.0000367,0.83792484,0.18859199,0.8260521,0.006328652,0.004430948,0.0000184,0.000242739,0.9999473,0.004269842,0.9962882,0.21769376,0.8237317,0.0000449,0.004363612,0.012879045,0.003226932,0.000031,0.83760303,0.17064725,0.85272336,0.000112241,0.9947891,0.00000905,0.85290194,0.7761024,0.16171631,0.005078702,0.8615585,0.008592372,0.000023,0.00000956,0.18336535,0.9900558,0.005592343,0.004852469,0.7784321,0.000316024,0.003732415,0.007209078,0.0000172,0.017725827,0.0000149,0.7683309,0.0000221,0.000017,0.004157594,0.007165957,0.0000303,0.0000595,0.004470132,0.000038,0.000267781,0.17424855,0.004796193,0.9950016,0.17735513,0.0000617,0.0000315,0.004816708,0.0000231,0.1808226,0.0000403,0.25243497,0.0000449,0.004987085,0.004788438,0.8200467,0.005377095
1299,5,0.00112121,0.000773068,0.9911322,0.00000556,0.0000061,0.99889034,0.14837207,0.1648181,0.9988405,0.15022366,0.00000766,0.018664794,0.000847932,0.000937813,0.9990507,0.00000494,0.9787452,0.79833144,0.15407085,0.0000251,0.000875461,0.0000229,0.037312806,0.00000656,0.00000561,0.063954756,0.000023,0.00000775,0.05265248,0.16356842,0.98700005,0.9477594,0.001033873,0.0000162,0.32403255,0.0000122,0.000012,0.04325715,0.00000574,0.00000897,0.000013,0.8202269,0.0000212,0.0000101,0.7712978,0.00000809,0.00000705,0.8237324,0.000878099,0.040336534,0.9999913,0.0000138,0.0000152,0.013522509,0.00000526,0.0000083,0.8298434,0.000719587,0.00056724,0.99017626,0.18196657,0.16924836,0.9893143,0.16405736,0.0000141,0.012595418,0.00000417,0.0000222,0.9904979,0.00000934,0.9593278,0.8471786,0.14318797,0.001039842,0.14601368,0.00000722,0.8026101,0.0000139,0.0000132,0.81405175,0.00000178,0.03422343,0.017330278,0.000017,0.00000812,0.8090862,0.0000035,0.14701635,0.83922184,0.14464618,0.0000318,0.0000113,0.81929064,0.0000155,0.00000878,0.8010362,0.00000686,0.034139384,0.8264355,0.00000689,0.0000079,0.012757331,0.15580294,0.000857775,0.9999908,0.15075557,0.15678217,0.99999034,0.14192393,0.000739468,0.017174672,0.00000936,0.000006,0.9999839,0.000997491,0.9824494,0.82041276,0.16516571,0.00000742,0.14829218,0.14601837,0.9999877,0.000883163,0.044481598,0.011290938,0.0000282,0.14763631,0.8559943,0.15244013,0.0000348,0.9926051,0.0000224,0.15976083,0.13002522,0.8372364,0.0000132,0.044682294,0.82199526,0.1510446,0.000550651,0.2049042,0.00000925,0.1561455,0.8465868,0.13678263,0.000956802,0.01565026,0.000011,0.0000414,0.9999845,0.001324966,0.98365664,0.8330156,0.1677003,0.0000131,0.00070763,0.047118347,0.0117527,0.00000644,0.13914737,0.85476214,0.14122471,0.0000275,0.9906437,0.00000317,0.15571329,0.2593041,0.8136344,0.001089011,0.16676435,0.02227827,0.0000104,0.00000641,0.8446611,0.93484133,0.000771697,0.017519124,0.25452077,0.0000412,0.012662141,0.03477337,0.00000453,0.041894402,0.00000566,0.20534404,0.00000916,0.0000111,0.014265738,0.039554738,0.0000104,0.00000786,0.016717006,0.0000145,0.0000291,0.80630463,0.000575085,0.98446274,0.8229389,0.0000199,0.0000126,0.001051495,0.00000765,0.8214,0.0000115,0.7744615,0.0000176,0.014918285,0.000980598,0.13628398,0.001231382
1300,4,0.02254881,0.026451048,0.09243579,0.000013,0.0000309,0.96655744,0.48889256,0.4711902,0.9694374,0.41718403,0.0000271,0.071018755,0.014403109,0.026555974,0.9672163,0.0000313,0.92169625,0.004841195,0.46434584,0.0000548,0.02432332,0.0000794,0.010474967,0.0000111,0.0000422,0.41620728,0.0000602,0.0000323,0.47287288,0.3926821,0.9924886,0.6748443,0.033002928,0.0000324,0.98089784,0.0000347,0.0000267,0.007657848,0.0000138,0.0000585,0.0000758,0.005201953,0.0000188,0.0000358,0.006486383,0.0000434,0.0000285,0.003791351,0.03459265,0.081210375,0.9999826,0.0000131,0.0000681,0.008337406,0.0000135,0.0000154,0.005646035,0.021993378,0.030847372,0.084309004,0.43959072,0.5954287,0.07256723,0.4297457,0.0000542,0.00570224,0.0000258,0.0000539,0.0866505,0.000026,0.13636391,0.5287326,0.64994353,0.014696362,0.67016584,0.0000401,0.004490729,0.0000341,0.0000467,0.006769363,0.0000221,0.002128582,0.007357633,0.000017,0.0000265,0.003999682,0.000025,0.7335045,0.51928484,0.7391849,0.0000647,0.0000242,0.00673763,0.0000353,0.000033,0.008383391,0.0000106,0.002117303,0.00591704,0.00006,0.0000106,0.005710874,0.7430041,0.020104736,0.9999678,0.7331691,0.725908,0.99996626,0.63029855,0.03302217,0.00734372,0.0000374,0.0000213,0.9999821,0.020230375,0.98910284,0.004943659,0.47497955,0.000011,0.7636195,0.736425,0.99994004,0.026580032,0.2855251,0.007136036,0.000117574,0.7073914,0.55412596,0.6933488,0.0000359,0.10560467,0.000082,0.67286813,0.6916332,0.527092,0.0000592,0.27918053,0.004383304,0.68716455,0.035955373,0.7762341,0.0000168,0.43608427,0.00481519,0.6672777,0.030562488,0.006314138,0.0000237,0.0000947,0.99998116,0.027180564,0.9896017,0.005065777,0.43239018,0.000013,0.027139882,0.3512031,0.004891339,0.0000441,0.708645,0.5499511,0.7643275,0.0000547,0.095566384,0.0000415,0.5401294,0.95371866,0.005149703,0.018456321,0.7649295,0.08469145,0.0000263,0.0000125,0.004413668,0.6331602,0.030543381,0.006268886,0.94776154,0.0000818,0.005713129,0.00249939,0.000016,0.060480956,0.0000242,0.5490163,0.00000796,0.0000302,0.005389846,0.002319472,0.0000254,0.0000695,0.008573139,0.0000358,0.000119144,0.006117038,0.03812371,0.99367684,0.004945972,0.0000416,0.0000203,0.021902785,0.0000202,0.005999252,0.0000201,0.007326988,0.0000335,0.00666523,0.022045614,0.76611775,0.022832623
1304,1,0.0000833,0.0000568,0.9956713,7.13E-08,5.48E-08,0.999928,0.0000278,0.0000307,0.9999232,0.0000178,0.000000316,0.29211128,0.0000636,0.0000841,0.99993646,8.46E-08,0.73373175,0.9999864,0.0000105,0.000000158,0.000142643,5.61E-08,0.9232036,0.000000749,0.000000167,0.9433672,0.000000367,0.000000143,0.9556877,0.0000318,0.6603985,0.14586754,0.00010764,0.000000123,0.75719047,0.000000505,0.000000626,0.93322384,0.000000362,3.35E-08,0.000000131,0.99994195,5.76E-08,0.00000141,0.99994886,0.000000359,0.000000121,0.999962,0.0000782,0.78437454,0.99999976,0.000000112,9.76E-08,0.34737208,0.000000393,0.000000131,0.9999634,0.000103304,0.00011602,0.9958242,0.0000202,0.0000256,0.9958553,0.0000162,0.000000491,0.34761825,0.000000763,5.07E-08,0.994839,0.000000567,0.5790437,0.9999685,0.0000299,0.000102104,0.0000194,4.52E-08,0.9999442,0.000000166,0.00000017,0.9999316,0.000000121,0.8425956,0.3578774,1.37E-08,0.000000271,0.9999691,0.000000272,0.0000171,0.9999721,0.000018,0.000000235,2.44E-09,0.9999187,0.000000492,0.000000329,0.9999814,9.01E-08,0.8411445,0.9999261,1.77E-08,0.000000392,0.35813943,0.0000266,0.000086,0.9999999,0.0000156,0.0000105,0.9999999,0.00000935,0.0000798,0.35832012,0.000000128,0.000000306,0.99999976,0.0000211,0.60587204,0.999969,0.0000222,0.000000205,0.00000588,0.0000214,0.99999976,0.0000448,0.84844244,0.3640858,0.00000024,0.0000282,0.99997354,0.0000359,3.23E-08,0.9962442,0.000000127,0.0000166,0.000016,0.99998736,2.27E-08,0.83307475,0.99997234,0.0000111,0.0000793,0.038506325,0.000000915,0.0000442,0.99991584,0.0000238,0.0000537,0.3592671,0.000000193,8.53E-08,0.99999976,0.000141009,0.6349357,0.99994755,0.0000196,2.96E-08,0.0000624,0.8509589,0.3947618,7.89E-08,0.0000164,0.99992275,0.0000324,0.00000019,0.99392176,0.000000166,0.0000365,0.40407988,0.9999486,0.0000631,0.0000257,0.3327161,0.000000162,0.00000046,0.99993944,0.05054701,0.0000844,0.3685732,0.46927238,0.000000147,0.34361798,0.84041196,0.000000515,0.73861456,6.42E-08,0.035059743,0.000000141,0.000000361,0.35260373,0.8413259,0.000000192,0.000000121,0.37222362,5.35E-08,1.15E-08,0.99995327,0.000123098,0.67215735,0.99995077,0.000000292,0.000000113,0.0000464,0.000000127,0.9999553,3.94E-08,0.94660956,0.000000242,0.34475937,0.00013224,0.0000156,0.000083
1305,5,0.000116586,0.000217807,0.998103,4.52E-08,2.58E-08,0.99991703,0.010248936,0.006763454,0.99992883,0.012354356,7.65E-08,0.014923815,0.0000543,0.0000559,0.99990225,5.68E-08,0.9836322,0.9828576,0.011185023,0.00000016,0.000117925,0.000000117,0.005962764,4.03E-08,2.44E-08,0.009661662,0.000000831,7.42E-08,0.009519693,0.009248131,0.99107146,0.9959292,0.0000559,0.000000199,0.023981638,9.12E-08,0.000000257,0.00453773,0.0000001,7.05E-08,0.000000106,0.98633724,0.000000162,9.68E-08,0.9849616,0.000000199,0.000000191,0.9782477,0.0000602,0.008230674,0.9999999,3.68E-08,0.000000177,0.008262512,0.000000031,3.52E-08,0.9816203,0.0000754,0.0000549,0.9977349,0.02064161,0.011139995,0.9980564,0.012762593,0.000000338,0.01034483,2.31E-08,0.000000214,0.99845433,0.000000037,0.9780005,0.9888981,0.015051039,0.0000829,0.01375383,9.95E-08,0.9757764,0.00000013,0.000000159,0.9829184,1.24E-08,0.001870215,0.009853131,0.000000165,0.000000114,0.9842583,4.31E-08,0.020228066,0.9855232,0.012441782,0.000000192,0.000000116,0.9787515,0.000000123,7.22E-08,0.9776423,0.000000124,0.002056952,0.98608345,0.000000138,6.52E-08,0.006706423,0.011492235,0.0000881,0.9999999,0.01174755,0.014375517,0.9999999,0.014159021,0.0000762,0.007340369,8.73E-08,5.63E-08,0.99999976,0.000183958,0.987965,0.97648025,0.010201314,5.07E-08,0.017945955,0.016013993,0.9999999,0.000101593,0.005282624,0.008299585,0.000000276,0.01589869,0.98989314,0.015916979,0.000000223,0.99870384,0.000000292,0.01059508,0.012598057,0.99219173,0.0000001,0.003866694,0.9834326,0.024750672,0.0000998,0.055668324,0.000000033,0.015177854,0.9793043,0.009628472,0.0000735,0.009217492,0.000000257,0.000000245,0.9999999,0.000146678,0.99018353,0.9778096,0.012200166,7.02E-08,0.0000884,0.003918131,0.007466048,0.000000029,0.01426787,0.99225146,0.011318086,0.000000286,0.99779356,5.91E-08,0.012344738,0.013830897,0.9796963,0.0000762,0.01540528,0.018918868,0.000000224,4.16E-08,0.98528093,0.9914312,0.0000642,0.006126921,0.012741799,0.000000339,0.006643951,0.002346852,3.17E-08,0.005668378,0.000000044,0.034489457,8.22E-08,0.000000268,0.007365251,0.001932379,0.000000161,7.19E-08,0.010189944,9.96E-08,0.000000208,0.98310953,0.0000419,0.98943955,0.9804206,0.000000106,0.000000288,0.000138056,4.72E-08,0.9795386,9.04E-08,0.9456595,0.000000181,0.007519583,0.000101783,0.01504181,0.000083
1306,6,0.013115171,0.007295819,0.9952473,0.0000155,0.0000572,0.9912538,0.7595826,0.7382924,0.9887277,0.72681206,0.0000328,0.020177413,0.012120946,0.013333878,0.9843354,0.0000252,0.98567593,0.2572263,0.77904063,0.000094,0.008514973,0.00010077,0.04062728,0.0000268,0.0000599,0.02986523,0.0000515,0.0000416,0.029863145,0.7927038,0.9920455,0.9799611,0.013830655,0.0000306,0.7692019,0.0000281,0.0000257,0.043918893,0.0000108,0.0000328,0.0000346,0.3175198,0.0000794,0.0000259,0.24371019,0.0000132,0.0000186,0.34889048,0.010580577,0.063835695,0.9999771,0.0000543,0.0000444,0.009524109,0.0000143,0.0000513,0.31215984,0.009720072,0.008776006,0.9916706,0.77123624,0.732195,0.99376017,0.75167036,0.0000253,0.009811485,0.0000199,0.000121694,0.99422944,0.0000282,0.9859126,0.25946856,0.76203763,0.010385437,0.808887,0.0000318,0.36044064,0.0000413,0.0000634,0.34365878,0.0000143,0.020939548,0.011721998,0.00011915,0.0000248,0.3370098,0.0000143,0.7526737,0.23099062,0.8032265,0.0000682,0.0000532,0.3765256,0.0000455,0.0000177,0.32875827,0.0000262,0.021829758,0.3101745,0.0000168,0.0000196,0.012186312,0.80152214,0.007326606,0.99996614,0.8178542,0.7481432,0.99998176,0.81228447,0.014753864,0.015063401,0.0000442,0.0000359,0.9999697,0.011782195,0.98980004,0.33863238,0.7913115,0.0000195,0.7837762,0.7431962,0.99996996,0.01680215,0.018432245,0.010642445,0.0000604,0.7310126,0.26420653,0.7464387,0.000127795,0.99351704,0.000140627,0.8028212,0.80391794,0.1871934,0.0000621,0.023624325,0.3309497,0.7843868,0.008754599,0.71524477,0.0000375,0.7633682,0.34996364,0.75151956,0.011886011,0.010993183,0.0000162,0.000285464,0.9999615,0.00998195,0.987485,0.3327803,0.7141013,0.0000552,0.012759896,0.025714023,0.011134255,0.0000351,0.7742671,0.27029604,0.7867585,0.000104442,0.99440295,0.0000129,0.76731616,0.72338897,0.31229886,0.012539281,0.74333537,0.015607432,0.0000256,0.0000128,0.30188924,0.9744452,0.010836251,0.011735594,0.693646,0.000227143,0.010220586,0.029041175,0.0000268,0.06359374,0.0000135,0.7421394,0.0000213,0.0000194,0.01013752,0.02077405,0.0000437,0.0000657,0.011773004,0.0000546,0.000204778,0.29983196,0.010348633,0.98789537,0.29790437,0.0000645,0.0000388,0.009593699,0.000018,0.30064553,0.0000298,0.3688802,0.0000399,0.013865466,0.007514516,0.75109345,0.008869376
1308,2,0.0000771,0.0000504,0.9993635,4.47E-09,5.98E-09,0.99995935,0.000105623,0.000104789,0.9999492,0.0000927,2.37E-08,0.070124604,0.0000367,0.0000557,0.99994063,5.38E-09,0.91913956,0.9999716,0.0000409,1.06E-08,0.0000981,3.94E-09,0.3905273,0.000000057,9.87E-09,0.43663123,0.000000027,1.33E-08,0.4290731,0.000109295,0.91504556,0.7689356,0.0000746,9.15E-09,0.43409774,2.39E-08,4.64E-08,0.41256085,1.47E-08,3.16E-09,9.38E-09,0.9999181,9.65E-09,4.22E-08,0.9999238,2.18E-08,6.43E-09,0.99992406,0.0000433,0.23303655,1,3.78E-09,1.35E-08,0.0791311,1.33E-08,1.05E-08,0.9999404,0.0000679,0.0000909,0.9994967,0.0000846,0.0000966,0.9993243,0.0000643,1.86E-08,0.08609034,1.91E-08,5.37E-09,0.9990369,1.54E-08,0.92702895,0.9998975,0.0000978,0.0000607,0.0000739,2.51E-09,0.99988914,1.44E-08,1.39E-08,0.9998673,7.45E-09,0.27787533,0.09437931,2.92E-09,1.43E-08,0.9999248,1.97E-08,0.0000663,0.9998647,0.0000719,1.42E-08,2.67E-10,0.9998708,2.02E-08,2.12E-08,0.99995613,1.17E-08,0.25379807,0.999884,1.22E-09,2.04E-08,0.09014576,0.0000742,0.0000557,1,0.0000756,0.0000426,1,0.0000354,0.0000426,0.08303832,8.34E-09,1.55E-08,1,0.0000223,0.91033965,0.99994016,0.0000784,5.9E-09,0.0000241,0.0000813,1,0.000037,0.20740919,0.08626467,1.82E-08,0.0000853,0.9999192,0.000108849,3.6E-09,0.9993298,1.18E-08,0.0000431,0.0000518,0.9999404,3.24E-09,0.2361169,0.9999188,0.0000472,0.0000675,0.038009863,0.000000048,0.000137316,0.99984515,0.0000852,0.0000526,0.07436209,1.11E-08,1.04E-08,1,0.000129342,0.9103527,0.99989486,0.0000633,2.64E-09,0.0000491,0.23233965,0.073751986,5.08E-09,0.0000545,0.99978894,0.0000934,1.02E-08,0.9988636,4.36E-09,0.000116887,0.27339,0.9999068,0.0000367,0.0000765,0.08154397,1.86E-08,1.13E-08,0.99989974,0.5875233,0.0000511,0.08358512,0.24607615,2.29E-08,0.08914,0.24227346,4.59E-08,0.2584672,0.000000003,0.041375622,6.43E-09,1.79E-08,0.10222558,0.22757627,1.39E-08,1.05E-08,0.0696552,3.06E-09,1.38E-09,0.9999081,0.000114463,0.92702764,0.9998827,1.41E-08,1.26E-08,0.0000369,1.22E-08,0.9999181,4.17E-09,0.9543707,1.89E-08,0.08412432,0.000137261,0.0000513,0.0000576
1309,5,0.010467871,0.006979562,0.9648183,0.000015,0.0000294,0.9890588,0.35868222,0.42794675,0.9882975,0.37587553,0.0000309,0.013924602,0.012121552,0.007159378,0.98476624,0.0000194,0.9845085,0.26896915,0.40160474,0.000124916,0.006454013,0.0000784,0.03654672,0.0000233,0.0000401,0.11128494,0.0000339,0.0000302,0.12240046,0.38583222,0.99565434,0.88166195,0.013235943,0.0000238,0.64481246,0.0000232,0.0000199,0.028420268,0.0000104,0.0000266,0.0000299,0.32669035,0.000039,0.0000467,0.30949205,0.000012,0.0000145,0.3081596,0.009814728,0.08241192,0.9999819,0.0000468,0.0000589,0.003905118,0.000014,0.000054,0.35703522,0.012352437,0.008967579,0.9645718,0.4145626,0.3824742,0.9622716,0.3776362,0.0000181,0.004391405,0.0000291,0.0000513,0.9699285,0.0000445,0.9552464,0.53926575,0.43955094,0.010322472,0.46491247,0.0000144,0.37632,0.0000324,0.0000414,0.3801555,0.0000143,0.03169084,0.004170223,0.0000492,0.000024,0.32429403,0.0000108,0.4145789,0.6105191,0.39356422,0.0000599,0.0000322,0.42228997,0.000066,0.0000188,0.32763526,0.0000175,0.031440996,0.32259068,0.00000854,0.0000164,0.004213529,0.5063736,0.007119359,0.99997616,0.42077008,0.48021054,0.99998546,0.47603026,0.010802713,0.005876995,0.0000431,0.000029,0.9999783,0.008057851,0.9941187,0.37200975,0.42916313,0.0000147,0.46613222,0.32262588,0.99996936,0.016007598,0.1072458,0.00277733,0.000066,0.37303403,0.5819714,0.4222124,0.0000572,0.9651699,0.0000818,0.4055586,0.4740047,0.5417452,0.0000379,0.15201545,0.33403602,0.48887613,0.006194044,0.38438573,0.0000431,0.35721862,0.3613847,0.3370643,0.008996993,0.005040804,0.0000144,0.000163249,0.9999689,0.007500333,0.9951923,0.4073941,0.42513162,0.0000347,0.010631445,0.12987569,0.003703711,0.0000278,0.42374185,0.6754599,0.40610823,0.0000817,0.9672162,0.0000116,0.3648394,0.6101879,0.3118497,0.014531256,0.45537844,0.017410805,0.0000245,0.0000128,0.36392605,0.8834838,0.010313652,0.004568891,0.5869585,0.000135217,0.003781694,0.053709008,0.0000311,0.08936547,0.00000976,0.38278955,0.0000261,0.0000194,0.003500189,0.037412558,0.0000292,0.0000376,0.006099383,0.0000377,0.0000925,0.34004274,0.008935852,0.99414414,0.30148578,0.0000811,0.0000207,0.008251821,0.0000161,0.31751302,0.0000196,0.46701285,0.0000406,0.004364141,0.008824412,0.4148305,0.007165933
1310,5,0.00000291,0.00000213,0.9996462,1.08E-08,5.42E-09,0.99999714,0.0000761,0.000117576,0.99999774,0.000119155,1.36E-08,0.015388445,0.00000136,0.0000058,0.9999981,5.1E-09,0.9869464,0.99986935,0.0000748,3.54E-08,0.00000669,0.000000018,0.30391982,6.84E-09,5.52E-09,0.26140732,0.000000195,7.86E-09,0.21758883,0.0000852,0.991867,0.78611207,0.00000307,0.000000026,0.1388789,2.24E-08,0.000000143,0.3326393,4.13E-08,7.42E-09,2.07E-08,0.99979645,0.000000016,0.00000004,0.999864,0.000000054,2.77E-08,0.9998474,0.00000157,0.3146096,1,1.36E-08,2.42E-08,0.012531879,3.96E-08,1.16E-08,0.99987006,0.00000112,0.00000146,0.9997408,0.000162694,0.000147998,0.99981636,0.0000724,7.13E-08,0.014023787,1.24E-08,0.000000024,0.99973553,1.54E-08,0.98977053,0.9999068,0.000115726,0.00000266,0.000189649,0.000000011,0.99974483,2.03E-08,1.78E-08,0.99975663,7.88E-10,0.29020125,0.021737447,1.17E-08,2.98E-08,0.99987376,1.12E-08,0.000134865,0.99986875,0.000103404,5.49E-08,1.14E-08,0.9998276,1.32E-08,0.000000025,0.9998758,1.12E-08,0.30723122,0.9998971,1.61E-08,1.38E-08,0.01112644,0.0000757,0.00000258,1,0.000117432,0.000153786,1,0.000166013,0.00000278,0.016253976,1.29E-08,7.25E-09,0.9999999,0.00000561,0.9861122,0.99985707,0.000138247,4.53E-08,0.000072,0.000161299,1,0.00000257,0.19662598,0.010042797,5.65E-08,0.000191928,0.99986696,0.0000992,4.15E-08,0.99984,0.000000033,0.000207464,0.0000779,0.9999006,5.26E-09,0.16669904,0.9998406,0.000125637,0.0000016,0.002923387,1.12E-08,0.000125573,0.99987805,0.000198079,0.00000201,0.01653472,3.07E-08,4.76E-08,1,0.00000478,0.98411983,0.9998505,0.00012716,5.77E-08,0.00000217,0.20703243,0.012214557,5.9E-09,0.000228256,0.9999157,0.0000969,8.86E-08,0.99976224,6.97E-09,0.000129029,0.09848814,0.99986315,0.00000244,0.0000947,0.016281791,5.71E-08,1.72E-08,0.99990356,0.7427492,0.00000133,0.018089648,0.08707858,4.76E-08,0.013752115,0.34943599,6.07E-09,0.35189244,6.13E-09,0.003648501,1.37E-08,9.91E-08,0.020776905,0.29911777,4.99E-08,1.25E-08,0.013088881,4.57E-08,4.75E-08,0.9998671,0.000000584,0.98827153,0.9997737,3.45E-08,6.75E-08,0.00000432,1.23E-08,0.9998658,2.54E-08,0.997127,8.14E-08,0.014831586,0.00000436,0.000112816,0.00000597
1311,5,0.001713456,0.000851783,0.97050965,0.0000295,0.0000319,0.9978848,0.3457163,0.3820016,0.99796873,0.37182984,0.0000327,0.028069364,0.001289493,0.001157142,0.9986344,0.0000341,0.97142226,0.47556624,0.35719454,0.000141345,0.001287955,0.000135645,0.1893542,0.0000325,0.0000448,0.3093618,0.0000623,0.0000525,0.3424052,0.36609873,0.9669399,0.6940162,0.001627329,0.0000597,0.79662085,0.0000433,0.0000356,0.19065194,0.0000261,0.0000583,0.0000995,0.52909684,0.0000727,0.0000804,0.4652698,0.0000265,0.0000294,0.5112386,0.001416486,0.17208646,0.99996996,0.0000837,0.000053,0.030055365,0.0000215,0.0000326,0.54326826,0.00144728,0.001545923,0.96604985,0.39771235,0.29609266,0.9681515,0.36232406,0.0000675,0.026146196,0.0000383,0.000118952,0.9733194,0.0000615,0.91715974,0.6309862,0.31400803,0.0018998,0.30805743,0.0000424,0.5379039,0.0000488,0.0000791,0.50951177,0.0000111,0.17302553,0.027653245,0.0000527,0.0000309,0.5476184,0.0000221,0.30847755,0.67368025,0.33977684,0.000153226,0.0000539,0.54544866,0.000098,0.0000545,0.48904327,0.0000243,0.1597442,0.51729786,0.0000348,0.0000493,0.026027512,0.30084038,0.001353678,0.9999691,0.313239,0.31679156,0.99996305,0.28814265,0.001508317,0.02970812,0.0000424,0.0000318,0.99995446,0.001041406,0.9629439,0.49623686,0.33723113,0.0000442,0.29584154,0.30271748,0.99990606,0.001225848,0.2703499,0.029161047,0.000128183,0.29727504,0.65595216,0.32930663,0.000130836,0.97488606,0.000104301,0.32566643,0.2973128,0.64216435,0.0000644,0.30203846,0.54584867,0.28086978,0.000862388,0.32955194,0.0000677,0.31992814,0.54303217,0.30576587,0.00123432,0.03276339,0.000045,0.000188862,0.99993694,0.001730061,0.96930146,0.4957437,0.3352371,0.0000525,0.000983271,0.2950169,0.031374764,0.0000461,0.2830489,0.62192994,0.30270806,0.00015115,0.97304654,0.0000207,0.3798182,0.75359064,0.56749964,0.001685819,0.29419687,0.02832961,0.0000296,0.0000362,0.59707016,0.6779003,0.001203976,0.036243785,0.75267065,0.000128785,0.028162638,0.16160078,0.0000174,0.1479013,0.0000256,0.39728472,0.0000547,0.0000342,0.029770438,0.16721512,0.0000395,0.0000399,0.03729616,0.0000638,0.000100189,0.48984453,0.001212527,0.9682806,0.58799905,0.000125096,0.0000391,0.00110459,0.0000244,0.5076735,0.0000391,0.4701751,0.0000865,0.026209781,0.001196069,0.30599204,0.001466823
1314,5,0.002106716,0.002101393,0.99900407,0.000000142,0.000000377,0.9990351,0.026607597,0.026573617,0.99769384,0.031096844,0.000000644,0.009592704,0.001210305,0.001107688,0.99846554,0.00000023,0.99023825,0.98467916,0.03011956,0.000000764,0.001370583,0.000000237,0.001036939,0.000000541,0.000000533,0.001762011,0.00000261,0.000000295,0.001504037,0.027324442,0.99810994,0.99794525,0.001198126,0.000000692,0.042161178,0.000000388,0.00000103,0.000809112,0.000000196,0.000000312,0.000000256,0.97807294,0.00000174,0.000000391,0.9855516,0.000000655,0.000000568,0.9734414,0.001520084,0.006811866,0.9999994,7.09E-08,0.00000137,0.001792274,0.000000123,0.000000461,0.97794294,0.001560886,0.001531549,0.9991308,0.021941299,0.03943467,0.9990823,0.026774252,0.000000659,0.00208131,0.000000139,0.000000906,0.99822897,0.000000311,0.99296266,0.97367996,0.020662975,0.001484418,0.026398065,0.000000226,0.9667382,0.00000123,0.000000624,0.97976756,0.000000241,0.000687682,0.002408721,0.000000943,0.000000401,0.9685477,0.000000479,0.029808046,0.9757116,0.02399801,0.000000563,0.000000105,0.97432715,0.000000305,0.000000391,0.9807663,0.000000861,0.001044916,0.98092264,0.000000123,0.000000307,0.001823111,0.03429237,0.00080415,0.9999994,0.020923516,0.021048462,0.99999964,0.024771271,0.001856379,0.002110899,0.000000358,0.00000036,0.9999989,0.00191152,0.99721766,0.98129016,0.018539552,9.48E-08,0.032128565,0.03821252,0.99999964,0.001759579,0.002045423,0.001936839,0.00000128,0.0362693,0.96986365,0.030063255,0.000000632,0.99865913,0.000000724,0.018034698,0.023974573,0.9790962,0.000000421,0.001789544,0.9795885,0.032271583,0.001776383,0.08673871,0.000000354,0.021422632,0.9755619,0.036134925,0.001761474,0.002027228,0.000000319,0.00000144,0.9999993,0.002410853,0.9980313,0.9739525,0.03118773,0.000000225,0.002099861,0.001308502,0.002046428,0.00000031,0.02509243,0.9716583,0.031003824,0.000000417,0.9982529,0.000000132,0.025230132,0.057458404,0.9761513,0.001063076,0.03285956,0.007948034,0.000000872,0.000000101,0.97583234,0.99878234,0.001207669,0.002137881,0.050118707,0.00000295,0.002311085,0.000989358,0.000000569,0.005460647,0.000000128,0.10244258,0.000000115,0.000000462,0.002453187,0.000603999,0.000000769,0.000000623,0.002002648,0.00000017,0.000000328,0.974956,0.002033653,0.99748707,0.9698538,0.000000604,0.000000556,0.001283171,0.000000539,0.98290145,0.000000383,0.91378933,0.000000831,0.002049123,0.002587301,0.032333978,0.001560711
1315,4,0.084880635,0.08639713,0.11918976,0.0000527,0.000211237,0.8802789,0.32872796,0.33108228,0.919525,0.45945594,0.000037,0.2465931,0.077540845,0.10411819,0.89838874,0.0000453,0.7414134,0.025596486,0.31533486,0.000516636,0.08388186,0.000487076,0.13010256,0.000103501,0.0000968,0.81994027,0.0000678,0.000230403,0.79427874,0.32029933,0.9671446,0.2678766,0.09798323,0.0000746,0.9651456,0.00007,0.0000555,0.14418198,0.0000211,0.000164206,0.000441559,0.029216494,0.000241945,0.000460184,0.042428087,0.0000636,0.000025,0.017782923,0.07106891,0.22142963,0.9999083,0.000406818,0.00012609,0.032998946,0.0000437,0.000168493,0.0325052,0.07230941,0.081578635,0.12032709,0.38793018,0.36954576,0.17553602,0.45902508,0.0000518,0.02789014,0.000161304,0.000215146,0.123361304,0.000422769,0.15359455,0.59280825,0.46753228,0.07621509,0.51593983,0.0000536,0.025636459,0.0000404,0.000118954,0.021847827,0.0000438,0.05741994,0.030887354,0.000102705,0.000072,0.04182512,0.0000867,0.5173558,0.49827185,0.45519635,0.000214077,0.0000751,0.030561509,0.00019329,0.0000994,0.027128302,0.0000235,0.06916616,0.04810283,0.0000566,0.0000989,0.017514134,0.57833904,0.122545786,0.9999542,0.51572996,0.48652434,0.9998429,0.43690875,0.071386,0.032895308,0.0000951,0.0000607,0.99988675,0.06397678,0.9694975,0.03307707,0.33240664,0.0000211,0.4902198,0.52766675,0.99988675,0.067773916,0.74310255,0.036513917,0.000838771,0.52422,0.66599214,0.48864308,0.000236729,0.1825699,0.000516665,0.43630898,0.48640564,0.6414888,0.000310122,0.6993297,0.01642415,0.56170726,0.11205731,0.6135887,0.000229635,0.3169766,0.02507766,0.5684038,0.09082787,0.025108818,0.0000393,0.000407676,0.9999193,0.11216819,0.9664745,0.023974016,0.3597259,0.000178745,0.052713282,0.77692163,0.03138443,0.000257306,0.3785044,0.62178415,0.37032056,0.000419585,0.17100903,0.0000348,0.2942156,0.9103544,0.033185706,0.08295583,0.44189233,0.2699989,0.0000578,0.0000519,0.025409441,0.21562767,0.1215492,0.032089166,0.902644,0.000303202,0.030163616,0.049166467,0.0000718,0.25663838,0.0000387,0.6242967,0.000247098,0.0000497,0.04235098,0.067652486,0.000068,0.0000809,0.025082361,0.000167133,0.000673273,0.03591063,0.08899882,0.95572066,0.030607086,0.000521458,0.0000199,0.08512758,0.0000772,0.03558319,0.0000689,0.025193887,0.0000897,0.028634334,0.106320634,0.52302295,0.13853486
1316,2,0.00000156,0.000000961,0.7749055,1.59E-08,6.85E-08,0.99999845,0.000972404,0.001094147,0.9999988,0.001609946,8.61E-08,0.004815867,0.000000354,0.00000509,0.9999982,1.85E-08,0.9950133,0.88159275,0.000696951,0.000000241,0.00000322,8.13E-08,0.9235963,1.99E-08,0.00000011,0.99784493,0.000000148,6.93E-08,0.9978873,0.000559726,0.9974113,0.000918739,0.00000353,4.12E-08,0.99908924,7.38E-08,0.000000177,0.9356688,6.11E-08,3.81E-08,0.00000026,0.8585987,1.63E-08,0.000000339,0.92621624,0.000000111,1.98E-08,0.92113835,0.00000102,0.95083696,0.9999999,3.99E-08,7.64E-08,0.005008041,0.000000184,2.51E-08,0.9235892,0.000000754,0.00000232,0.79676694,0.002019546,0.001084867,0.87930626,0.000875904,0.000000109,0.006175927,0.00000014,5.32E-08,0.7961434,9.69E-08,0.7934729,0.9989021,0.000453076,0.000000884,0.001093121,6.83E-08,0.8933043,6.59E-08,7.65E-08,0.8275974,5.81E-09,0.9708971,0.010271355,5.15E-09,4.03E-08,0.9069334,4.47E-08,0.000837906,0.99947864,0.000666816,0.000000157,2.73E-08,0.91609955,3.29E-08,0.000000143,0.9255379,9.08E-09,0.95039874,0.93687695,5.85E-08,3.54E-08,0.004177804,0.000199527,0.00000117,1,0.00082854,0.001014939,1,0.001013248,0.00000294,0.009310334,2.88E-08,1.45E-08,1,0.00000167,0.9947471,0.89671487,0.001654204,9.71E-08,0.00037652,0.000951672,1,0.00000134,0.99845326,0.005096488,0.000000206,0.000906772,0.9986777,0.000556739,9.31E-08,0.82440346,0.000000151,0.002026665,0.000609537,0.9987859,2.04E-08,0.99886835,0.9042755,0.000576053,0.00000106,0.006816833,7.04E-08,0.000857533,0.8962187,0.001526682,0.000000646,0.006810253,2.53E-08,0.000000296,0.9999999,0.00000185,0.9930294,0.9060183,0.001019576,8.66E-08,0.00000104,0.99874854,0.004611408,0.000000081,0.001655401,0.9991535,0.000749953,0.00000029,0.8472347,5.63E-08,0.001161886,0.99920505,0.90403676,0.00000109,0.000487814,0.005978298,0.000000106,6.96E-08,0.8932015,0.001861191,0.000000533,0.006497987,0.99879944,5.16E-08,0.007583817,0.9608657,0.000000017,0.94328713,1.32E-08,0.014323983,0.000000019,0.000000117,0.008412544,0.9639474,0.000000118,0.000000126,0.007385711,7.25E-08,0.000000226,0.9132898,0.000000548,0.9955114,0.867696,0.000000126,0.000000082,0.00000124,1.14E-08,0.88359827,3.94E-08,0.7393881,0.000000265,0.006084243,0.0000016,0.001315853,0.00000235
1317,5,0.001030688,0.000852671,0.9960127,0.000000816,0.00000105,0.99903,0.029412095,0.026367309,0.99858165,0.025331452,0.00000185,0.019993016,0.000748906,0.000692651,0.99905497,0.000000922,0.97448564,0.980172,0.025752978,0.00000245,0.001013577,0.00000115,0.034839887,0.00000279,0.00000147,0.05148295,0.00000388,0.00000135,0.054088842,0.029587395,0.9863158,0.9612798,0.001092012,0.00000174,0.14649013,0.00000144,0.00000186,0.032519273,0.00000112,0.000000931,0.00000115,0.9754456,0.00000225,0.0000022,0.9784641,0.00000157,0.0000012,0.97632194,0.000822517,0.05464046,0.9999988,0.000000561,0.00000174,0.015194849,0.00000064,0.0000012,0.97804785,0.001295353,0.001529779,0.995884,0.021751454,0.027683146,0.9955052,0.020281028,0.00000178,0.013816698,0.000000816,0.00000236,0.9953884,0.00000141,0.97953093,0.97705835,0.0187497,0.001262978,0.018658508,0.000000779,0.9732894,0.00000272,0.00000246,0.9751077,0.000000841,0.026501317,0.013631025,0.00000118,0.00000141,0.9729595,0.00000127,0.021157933,0.9748488,0.021842225,0.00000199,0.000000341,0.97408324,0.00000179,0.00000147,0.9772602,0.00000167,0.032574512,0.9755373,0.000000392,0.00000125,0.012493517,0.020512521,0.000710896,0.99999905,0.026154822,0.017923841,0.99999917,0.018518364,0.001180202,0.014477228,0.000000929,0.00000117,0.99999785,0.00077008,0.98414487,0.9776587,0.021300998,0.000000569,0.020051498,0.026183367,0.9999987,0.000993806,0.044591572,0.015346798,0.00000278,0.024764413,0.97433835,0.024805333,0.00000156,0.99503374,0.00000192,0.02097312,0.023501245,0.97610885,0.000000923,0.05198114,0.97904646,0.018819157,0.000883659,0.10530216,0.00000171,0.027848579,0.9764663,0.026594138,0.000795966,0.013821363,0.00000111,0.00000285,0.99999833,0.001434694,0.98763824,0.97351223,0.026901267,0.000000687,0.001038719,0.040672094,0.013386386,0.000000761,0.022068253,0.97164404,0.026419913,0.00000145,0.9949013,0.000000762,0.028824577,0.18909423,0.97160655,0.001005523,0.021024693,0.018298998,0.00000137,0.000000601,0.9788729,0.942226,0.000791894,0.01483461,0.17484464,0.00000351,0.015504302,0.030933015,0.00000167,0.058066018,0.00000056,0.12649605,0.00000074,0.00000149,0.013362891,0.027676526,0.00000168,0.0000014,0.012765784,0.000000733,0.000000631,0.97081864,0.001297161,0.98667276,0.9741605,0.00000192,0.00000129,0.000733037,0.00000104,0.9785069,0.000000914,0.8970248,0.00000186,0.014162922,0.00152607,0.026068043,0.000847646
1318,5,0.009349237,0.016167263,0.98869777,0.0000134,0.0000159,0.9924534,0.8154543,0.8026599,0.99402964,0.8165954,0.0000147,0.027730085,0.011388833,0.013480034,0.9885682,0.00000656,0.97345227,0.19402787,0.82175463,0.000101845,0.008601488,0.0000977,0.007619818,0.0000139,0.0000113,0.011301764,0.0000213,0.0000467,0.006284579,0.8085991,0.9945392,0.99002856,0.009332509,0.0000248,0.7390185,0.000014,0.0000205,0.008293496,0.00000244,0.0000349,0.0000499,0.13098189,0.000127057,0.00000906,0.207805,0.000011,0.00000999,0.14566045,0.008572718,0.007571495,0.9999821,0.0000191,0.0000529,0.007233264,0.0000056,0.0000242,0.13386565,0.010123968,0.005738479,0.98967427,0.7983508,0.8086125,0.9888994,0.83279455,0.0000147,0.008786581,0.00000937,0.0000682,0.98076665,0.00000814,0.9674411,0.1915886,0.8048135,0.007313124,0.80711603,0.000019,0.14039303,0.0000271,0.0000403,0.14221974,0.00000922,0.002437041,0.011956331,0.000118317,0.00000924,0.15262917,0.0000199,0.8576118,0.20250987,0.8033143,0.0000396,0.0000495,0.12957592,0.000019,0.00002,0.15606777,0.0000165,0.00322253,0.1643412,0.0000385,0.0000145,0.007964248,0.82773596,0.01340509,0.9999788,0.8068838,0.79788524,0.9999553,0.81235945,0.008028671,0.010534577,0.0000126,0.0000133,0.99993956,0.00901572,0.99272525,0.110512465,0.81171644,0.00000722,0.8337359,0.811797,0.9999851,0.009269319,0.008125892,0.006213927,0.000120478,0.84784013,0.17343187,0.8427682,0.000156707,0.98885405,0.000207112,0.78676987,0.82676345,0.23335494,0.00010864,0.005049849,0.15487151,0.8426856,0.013885248,0.8509882,0.0000191,0.83248085,0.11633265,0.8239977,0.009459138,0.00765904,0.0000159,0.0000944,0.99997187,0.010916889,0.9921738,0.14259607,0.83193237,0.0000324,0.010083831,0.006422219,0.008333697,0.0000292,0.7984995,0.17194594,0.8182519,0.000106261,0.9835935,0.00000611,0.78907615,0.76676434,0.14961393,0.007882895,0.8297864,0.021857547,0.0000182,0.00000403,0.1421146,0.99313146,0.009639659,0.008197693,0.765985,0.0002493,0.009022173,0.002268866,0.0000186,0.009477822,0.00000855,0.83326757,0.0000195,0.0000093,0.00754543,0.00282127,0.0000149,0.0000447,0.008817183,0.0000295,0.000264621,0.17426974,0.009600797,0.99206674,0.14045845,0.0000416,0.0000154,0.012705733,0.000017,0.15350682,0.0000277,0.16776392,0.0000392,0.010561725,0.015158571,0.83121794,0.015599419
1319,5,0.000664686,0.000393931,0.9958692,0.000000911,0.00000174,0.9993754,0.03624868,0.037143793,0.99933916,0.029431274,0.00000327,0.017038936,0.000689422,0.000473034,0.9991602,0.00000141,0.98430365,0.9702075,0.03487169,0.00000391,0.000561133,0.00000232,0.11458716,0.00000328,0.00000189,0.12381411,0.00000416,0.00000245,0.15018737,0.041409273,0.98694825,0.87934864,0.001005458,0.00000269,0.4510529,0.00000227,0.00000277,0.1312906,0.00000154,0.000000997,0.00000226,0.9721469,0.00000239,0.00000323,0.9715475,0.00000203,0.00000119,0.9711639,0.000581931,0.118498616,0.99999845,0.00000209,0.00000269,0.014358258,0.00000137,0.00000298,0.9756469,0.000951595,0.000887058,0.997042,0.031165658,0.029973181,0.9957218,0.028317098,0.00000223,0.015900794,0.00000188,0.00000263,0.99682224,0.00000281,0.97367984,0.954824,0.027908457,0.000747544,0.023168718,0.0000011,0.96944237,0.00000316,0.00000291,0.9637937,0.000000907,0.12015898,0.016881121,0.00000145,0.00000179,0.96939385,0.00000105,0.029777944,0.9628427,0.031830218,0.00000383,0.00000073,0.97292376,0.00000368,0.00000156,0.9698213,0.00000142,0.09943301,0.97478175,0.000000557,0.00000148,0.014720873,0.026929323,0.000464492,0.99999845,0.028741688,0.024843624,0.99999917,0.024002707,0.000592448,0.016808178,0.00000185,0.00000141,0.99999774,0.000355609,0.98066413,0.97402215,0.03437304,0.00000116,0.027656438,0.027726524,0.99999785,0.000672217,0.110671915,0.01575662,0.00000428,0.024705248,0.9681677,0.030185245,0.00000179,0.9970264,0.00000332,0.028802909,0.028705237,0.96438575,0.00000111,0.13186136,0.9742225,0.02487219,0.000383701,0.14844482,0.00000418,0.031802796,0.9674608,0.027671162,0.000614729,0.01778349,0.00000118,0.0000064,0.99999714,0.00071243,0.98683757,0.976795,0.035082825,0.00000124,0.000485479,0.14229485,0.013340208,0.00000114,0.029459182,0.96438116,0.031946335,0.0000026,0.9967572,0.000000934,0.042711083,0.3592688,0.9707837,0.000790796,0.027820872,0.016970031,0.00000204,0.00000129,0.97196126,0.82541186,0.000531418,0.016581837,0.34325573,0.00000586,0.01301617,0.1304514,0.00000263,0.122719236,0.000000963,0.17522405,0.00000168,0.00000172,0.012258168,0.12300552,0.00000246,0.00000219,0.016506951,0.00000117,0.00000148,0.9703113,0.000921392,0.98230493,0.97280574,0.00000282,0.00000174,0.000396391,0.00000107,0.96807814,0.00000127,0.86135536,0.00000267,0.01094483,0.000612343,0.02968847,0.000553207
1320,3,0.051932275,0.05715092,0.7872757,0.00133545,0.000933363,0.9401057,0.36329228,0.36031473,0.95529664,0.332071,0.001208596,0.16703275,0.04997145,0.043071005,0.94295555,0.001707977,0.8099767,0.2750478,0.34082782,0.002868815,0.044384155,0.002741294,0.15237972,0.001126513,0.001263961,0.32600483,0.002336619,0.002144108,0.35232845,0.31175876,0.87647533,0.78393954,0.046408102,0.001846864,0.772775,0.001547959,0.001467399,0.1210475,0.001032509,0.00245312,0.003148654,0.35702515,0.001665372,0.001623077,0.34448874,0.001404705,0.001495359,0.30051208,0.051793873,0.1652177,0.99910635,0.001463171,0.002213539,0.10821626,0.000901093,0.001318753,0.2935665,0.04676398,0.053429198,0.7631273,0.32222325,0.361836,0.7827523,0.34692618,0.001926895,0.08753402,0.001683445,0.002597996,0.78936076,0.001270845,0.63236034,0.6501042,0.429107,0.04561535,0.40682393,0.001748343,0.2938423,0.001593992,0.002093837,0.32150796,0.001127589,0.055308286,0.072664365,0.001419242,0.001349941,0.32406104,0.001272631,0.4731947,0.6230866,0.48598453,0.002069101,0.002542267,0.33315447,0.001807434,0.001265792,0.34054035,0.001172018,0.05523124,0.34222186,0.002674234,0.001188117,0.098503485,0.45648164,0.050983947,0.9985201,0.44202685,0.46358758,0.9982413,0.394191,0.048225977,0.09560487,0.002005424,0.001247342,0.99835557,0.04983562,0.8869622,0.3084084,0.3305743,0.000960892,0.48896572,0.4783366,0.99726415,0.047711343,0.18215927,0.11487973,0.00306356,0.4678815,0.6682846,0.48025882,0.002339225,0.80538404,0.004035459,0.39971876,0.44512624,0.6410593,0.001718804,0.20746218,0.29143384,0.47060207,0.05885442,0.6185831,0.001150541,0.37815937,0.33542448,0.42313203,0.060780108,0.09244794,0.001683334,0.0031766,0.99905246,0.05208562,0.90262765,0.3039506,0.3325522,0.001379042,0.052166667,0.24293298,0.08264413,0.001615379,0.44833222,0.6172606,0.47544262,0.00292616,0.8039107,0.001450242,0.37427855,0.6290679,0.29283866,0.048320875,0.43773434,0.19475612,0.00116753,0.000984216,0.30910525,0.71996635,0.059746504,0.08858862,0.6326998,0.002909915,0.0916122,0.05611407,0.000850187,0.17116594,0.000982772,0.51240265,0.001367406,0.001232755,0.08837352,0.056962285,0.001417566,0.002259189,0.09435082,0.002004039,0.003470204,0.3319302,0.05405901,0.8956852,0.34153724,0.002345606,0.001312205,0.05032145,0.000882785,0.32460827,0.001087118,0.2193167,0.001951719,0.094239935,0.047865983,0.42331073,0.042282544
1321,6,0.001912903,0.001304965,0.9603195,0.000000168,0.000000662,0.9978295,0.980703,0.9838457,0.99782664,0.98517543,0.000000434,0.003392445,0.001483434,0.000948802,0.9974733,0.00000041,0.9969041,0.001499681,0.9857444,0.00000157,0.002057517,0.00000571,0.000411322,0.000000251,0.00000102,0.008481016,0.000000764,0.000000705,0.006500761,0.9873689,0.99949753,0.9935556,0.002307515,0.000000421,0.9934285,0.000000229,0.000000217,0.000583861,7.66E-08,0.0000016,0.00000152,0.001078816,0.00000149,0.000000424,0.001392346,0.00000023,0.00000023,0.001785712,0.001752829,0.004979694,0.9999999,0.000000219,0.000000726,0.000409832,2.96E-08,0.000000395,0.001739051,0.002685608,0.002148436,0.9653774,0.98630434,0.97928655,0.97497195,0.9822265,0.000000666,0.000383962,0.000000148,0.00000427,0.97531295,0.000000506,0.98220015,0.014021112,0.9914197,0.001666936,0.991672,0.00000116,0.001444754,0.000000887,0.00000107,0.001441343,0.000000271,0.000153861,0.000603417,0.00000127,0.000000191,0.001460283,0.000000422,0.9858833,0.01178506,0.9887389,0.00000149,0.000000799,0.001373751,0.00000122,0.000000563,0.001918569,0.000000294,0.000217869,0.001136318,0.000000595,0.000000255,0.000400195,0.9915754,0.002297435,0.9999994,0.9907347,0.9896947,0.99999964,0.99166626,0.003054535,0.00085254,0.000000507,0.000000279,0.99999964,0.001506069,0.9992576,0.001331296,0.9868407,0.000000107,0.9870749,0.9857736,0.9999989,0.003276623,0.008596427,0.000470402,0.00000253,0.98817784,0.014939358,0.9889318,0.00000297,0.96286976,0.00000298,0.9903634,0.9903419,0.012105101,0.00000292,0.008264158,0.001905395,0.99002993,0.001736897,0.9617366,0.000000521,0.98674786,0.001414251,0.99060446,0.001050896,0.00077071,0.000000271,0.00000819,0.9999993,0.002467984,0.9992071,0.00164156,0.98732215,0.000000328,0.001928349,0.009692215,0.000500218,0.000000739,0.98917717,0.014000236,0.98897433,0.00000144,0.970648,0.000000413,0.9826115,0.9931316,0.001806515,0.001585776,0.9862521,0.003570948,0.000000308,0.000000117,0.001703599,0.9927654,0.002420015,0.000454691,0.99314594,0.00000418,0.000713809,0.000225604,0.000000192,0.007194033,0.000000238,0.95788217,0.000000316,0.000000262,0.0005721,0.000124987,0.000000528,0.000000597,0.000537335,0.000000563,0.00000289,0.001307598,0.001587604,0.9994276,0.001662902,0.00000106,0.000000693,0.001237665,0.000000266,0.001383588,0.000000542,0.005515142,0.000000683,0.000599003,0.001629242,0.9881521,0.001554882
1322,5,0.0000302,0.0000157,0.99992025,3.06E-10,4.97E-10,0.9999933,0.00000451,0.00000391,0.9999845,0.00000323,4.13E-09,0.05399989,0.00000754,0.0000118,0.99998665,6.95E-10,0.9376187,0.9999995,0.00000158,8.07E-10,0.0000332,1.68E-10,0.12774156,6.58E-09,1.11E-09,0.111740395,8.58E-09,7.24E-10,0.1056053,0.00000404,0.9547491,0.94469506,0.0000121,2.35E-09,0.04353612,4.18E-09,1.38E-08,0.11236666,3.28E-09,2.42E-10,5.42E-10,0.9999981,1.48E-09,5.35E-09,0.99999857,4.2E-09,2.03E-09,0.99999785,0.0000182,0.10094351,1,2.1E-10,2.58E-09,0.051000386,1.73E-09,1.09E-09,0.9999988,0.0000157,0.0000209,0.9999434,0.00000247,0.00000475,0.99990094,0.00000245,4.47E-09,0.039192,1.43E-09,5.7E-10,0.99982786,2.23E-09,0.95440257,0.9999951,0.00000293,0.0000121,0.00000301,2.92E-10,0.9999969,3.68E-09,1.35E-09,0.9999968,7.46E-10,0.06902443,0.045647997,3.64E-10,3.19E-09,0.9999976,3.39E-09,0.00000268,0.9999964,0.00000239,1.81E-09,1.39E-11,0.99999714,1.39E-09,2.37E-09,0.99999905,3.54E-09,0.08840387,0.99999785,8.51E-11,2.53E-09,0.046301965,0.00000355,0.00000954,1,0.0000019,0.00000115,1,0.0000014,0.0000086,0.046023875,8.6E-10,1.98E-09,1,0.00000837,0.95430726,0.9999989,0.00000307,8.3E-10,0.00000102,0.00000359,1,0.00000866,0.054770123,0.048016395,1.79E-09,0.00000402,0.99999666,0.0000041,2.95E-10,0.9999243,9.09E-10,0.00000108,0.00000204,0.99999833,2.26E-10,0.045793947,0.9999989,0.00000185,0.0000173,0.003670719,4.29E-09,0.00000539,0.99999666,0.00000361,0.0000161,0.04554503,1.89E-09,1.01E-09,1,0.0000386,0.9554752,0.99999726,0.0000031,2.6E-10,0.0000152,0.043703396,0.042686507,4.63E-10,0.00000155,0.9999902,0.00000396,8.17E-10,0.99981016,6.29E-10,0.00000354,0.016312607,0.9999976,0.0000076,0.0000033,0.061221093,5.85E-09,1.46E-09,0.9999976,0.88663274,0.0000104,0.047233637,0.021562118,3.65E-09,0.054430548,0.08206957,9.45E-09,0.08539102,3.28E-10,0.005890267,4.55E-10,3.74E-09,0.04236636,0.0838636,3.63E-09,1.27E-09,0.041089445,2.03E-10,6.31E-11,0.9999981,0.0000323,0.95011896,0.99999654,1.33E-09,2.91E-09,0.0000123,2.42E-09,0.99999857,3.43E-10,0.99594116,4.06E-09,0.046975836,0.0000407,0.00000234,0.0000169
1323,1,0.001813808,0.001054226,0.9920393,0.0000155,0.0000264,0.99746656,0.2781788,0.310204,0.99828374,0.27680662,0.0000336,0.036698464,0.001756958,0.001682692,0.99752396,0.0000222,0.9621934,0.7291151,0.31182098,0.0000924,0.001295397,0.0000872,0.3742294,0.0000263,0.0000414,0.3312199,0.0000457,0.0000517,0.34006402,0.29059008,0.93777317,0.8153745,0.002153894,0.0000242,0.8400132,0.0000233,0.0000284,0.3823411,0.0000116,0.0000218,0.0000644,0.79435635,0.0000356,0.000057,0.7571747,0.0000156,0.0000158,0.8120198,0.001941706,0.19084989,0.999987,0.0000612,0.0000263,0.059919983,0.0000191,0.0000327,0.7856276,0.001929412,0.002121255,0.99141556,0.30369106,0.24019119,0.993053,0.29430687,0.0000345,0.06080196,0.0000372,0.0000742,0.9947792,0.0000367,0.96153134,0.6736431,0.27162686,0.002036827,0.23147276,0.0000276,0.7984508,0.0000343,0.0000582,0.77686864,0.0000133,0.24407524,0.050684504,0.0000401,0.0000204,0.80194336,0.0000135,0.2459781,0.70782083,0.26254243,0.0000597,0.00003,0.8191588,0.0000555,0.0000208,0.7736683,0.0000146,0.18112072,0.77763224,0.0000162,0.0000225,0.057050295,0.27562588,0.001499035,0.99997926,0.23851568,0.23402706,0.99998426,0.27224046,0.002375207,0.052991968,0.0000361,0.0000247,0.9999776,0.001315524,0.9233329,0.75632113,0.29473943,0.000023,0.2591533,0.22557211,0.9999256,0.002169797,0.19624427,0.05463559,0.0000539,0.22389495,0.7141632,0.23695154,0.0000769,0.9946849,0.000112097,0.22655323,0.2660379,0.73984724,0.0000299,0.23903996,0.7982726,0.27081814,0.00124588,0.44734594,0.0000492,0.2569661,0.788267,0.22548148,0.001605751,0.05000827,0.0000179,0.000200437,0.9999677,0.002065127,0.94266534,0.8207254,0.30208534,0.0000292,0.001420779,0.21881242,0.051275685,0.0000319,0.2130668,0.69537205,0.26812983,0.000103529,0.99345315,0.0000151,0.25638247,0.7156816,0.7874446,0.002197863,0.22063671,0.03488079,0.0000158,0.0000191,0.7617114,0.6626233,0.002317903,0.05385567,0.65263766,0.000106649,0.051497925,0.22585891,0.0000156,0.18370435,0.000013,0.52851844,0.000032,0.0000176,0.05514935,0.17097077,0.0000311,0.0000415,0.06982196,0.0000338,0.0000754,0.8111512,0.00159874,0.93704534,0.8001847,0.0000763,0.0000263,0.001119302,0.0000102,0.75870043,0.0000208,0.56244636,0.000043,0.038495835,0.001361168,0.2365333,0.00158728
1324,6,0.003410099,0.003355519,0.9589691,0.0000529,0.0000261,0.9963301,0.09156757,0.10697417,0.9963247,0.10103214,0.0000361,0.101415426,0.002797433,0.002763133,0.99761593,0.0000399,0.89996076,0.83402294,0.08040391,0.000120066,0.003599267,0.000111635,0.19884485,0.0000379,0.0000311,0.29847968,0.0000932,0.0000544,0.2810881,0.08504043,0.9124702,0.80449116,0.002572569,0.0000754,0.4532546,0.0000599,0.00007,0.20477396,0.0000452,0.0000599,0.00010577,0.85874003,0.0000864,0.0000892,0.7926981,0.0000522,0.0000561,0.8328485,0.002544886,0.13183449,0.9999497,0.0000716,0.0000659,0.097352155,0.0000337,0.0000307,0.81638825,0.002577948,0.0026981,0.95308876,0.099595845,0.088244274,0.95842403,0.093634166,0.0000809,0.08257282,0.0000431,0.000112376,0.95225513,0.0000488,0.83024025,0.9096169,0.09260328,0.004075193,0.09315605,0.0000406,0.8124215,0.0000561,0.0000858,0.8285295,0.0000135,0.11172638,0.08568488,0.0000696,0.0000569,0.84286356,0.0000346,0.10329128,0.88752806,0.10325282,0.000149107,0.0000554,0.82632715,0.0000886,0.0000637,0.82432836,0.0000379,0.14150542,0.84092575,0.0000634,0.0000761,0.06726877,0.09331135,0.003245695,0.99995565,0.09472142,0.1023182,0.9999237,0.088303104,0.002332283,0.08282074,0.0000482,0.0000374,0.9998944,0.002972751,0.9181454,0.8169911,0.08208547,0.0000573,0.084854245,0.11532257,0.9999229,0.00235285,0.21133605,0.09072503,0.00017006,0.10692427,0.90944105,0.10819385,0.000127585,0.9652592,0.000145733,0.093776464,0.0900892,0.90472585,0.0000775,0.19572653,0.84540254,0.10396263,0.002930033,0.21361254,0.0000523,0.10798791,0.83496267,0.107644066,0.002567352,0.075188555,0.0000871,0.000111361,0.9999442,0.003759151,0.91705453,0.8044298,0.09560391,0.0000747,0.002406762,0.20730835,0.08514817,0.0000485,0.089261755,0.8974323,0.08955111,0.000156308,0.9584594,0.0000275,0.09702742,0.35932624,0.8550384,0.0027984,0.07524483,0.092582,0.0000579,0.0000468,0.8746641,0.71843195,0.00213436,0.103571385,0.36098415,0.000121699,0.07959819,0.12025701,0.0000289,0.11432494,0.0000272,0.2257464,0.0000709,0.0000575,0.088698655,0.13152392,0.0000525,0.0000531,0.08255429,0.000091,0.00010676,0.8329042,0.002247378,0.9164974,0.84110045,0.000122923,0.000057,0.003451154,0.0000391,0.8441776,0.0000543,0.6543066,0.000115813,0.08603362,0.003452605,0.09859056,0.004117247
1325,1,0.0000036,0.00000206,0.99906164,4.52E-08,5.96E-08,0.9999962,0.000711941,0.000931622,0.999997,0.001031744,8.41E-08,0.005947172,0.0000016,0.00000895,0.9999963,2.75E-08,0.9935061,0.99813396,0.000601486,0.000000325,0.00000641,0.000000153,0.6318877,4.27E-08,7.73E-08,0.6789991,0.000000581,8.18E-08,0.673306,0.00068759,0.99506444,0.29346925,0.0000061,0.000000127,0.7797991,0.000000115,0.000000463,0.7090669,0.000000137,4.77E-08,0.000000151,0.9978769,8.47E-08,0.000000251,0.9987264,0.0000002,0.000000063,0.9988011,0.00000228,0.6749304,0.99999976,0.000000118,0.000000123,0.006943489,0.000000224,7.13E-08,0.99893135,0.00000185,0.00000339,0.9992847,0.001238081,0.000859203,0.99955827,0.00058933,0.000000218,0.008830711,0.000000106,0.000000147,0.9993451,0.000000127,0.99327093,0.9991326,0.000688805,0.00000331,0.001079287,7.56E-08,0.99785787,0.000000121,0.000000108,0.9974674,7.18E-09,0.76647377,0.012016185,4.61E-08,0.000000101,0.99893326,0.00000006,0.000722001,0.999278,0.00072516,0.000000306,6.32E-08,0.99852693,8.96E-08,0.000000136,0.99876547,4.02E-08,0.6920633,0.99877745,6.88E-08,6.58E-08,0.009359051,0.000400516,0.00000323,0.9999999,0.000883474,0.001118731,0.9999999,0.000978899,0.00000495,0.012131633,7.28E-08,4.32E-08,0.9999999,0.00000549,0.9889572,0.99827087,0.001073113,0.000000212,0.000487603,0.000848865,0.9999999,0.00000449,0.62945104,0.006847788,0.00000023,0.000918812,0.99887055,0.000693641,0.000000269,0.9995552,0.000000212,0.001735552,0.000710675,0.9991743,2.91E-08,0.66189146,0.998451,0.000674228,0.00000164,0.007723367,0.000000104,0.000765245,0.9988167,0.001199792,0.0000024,0.010841369,0.000000107,0.00000044,0.99999964,0.00000421,0.98973095,0.9988343,0.000948785,0.000000248,0.00000236,0.7199988,0.007278444,5.18E-08,0.001681816,0.99914026,0.00071984,0.000000483,0.99946374,4.12E-08,0.000805199,0.760775,0.99835783,0.00000356,0.000623281,0.008303063,0.000000188,0.000000116,0.9988526,0.28780615,0.00000156,0.008647709,0.74892765,0.000000205,0.008880013,0.7488573,2.87E-08,0.7195668,2.98E-08,0.012643836,5.75E-08,0.000000317,0.015248063,0.7352315,0.000000265,0.000000101,0.008542521,0.000000217,0.000000307,0.99844164,0.000000997,0.9921558,0.9981515,0.000000228,0.000000246,0.00000393,4.52E-08,0.99837273,0.000000135,0.9901917,0.000000334,0.006752459,0.00000432,0.000866546,0.00000651
1327,1,0.000000908,0.000000573,0.9985195,6.2E-09,4.86E-09,0.99999917,0.0000876,0.000107659,0.99999917,0.000136413,1.06E-08,0.008916789,0.000000316,0.00000219,0.9999994,3.18E-09,0.99237275,0.99953103,0.0000688,3.02E-08,0.00000254,1.23E-08,0.6444163,3.98E-09,6.04E-09,0.799789,8.06E-08,7.2E-09,0.7669603,0.000073,0.9951237,0.19266273,0.00000121,1.58E-08,0.7218304,0.000000013,8.19E-08,0.6672566,2.12E-08,4.91E-09,1.83E-08,0.9992254,9.23E-09,3.95E-08,0.99957925,3.25E-08,1.14E-08,0.99955803,0.000000479,0.64826864,1,8.4E-09,1.84E-08,0.009355121,3.13E-08,6.8E-09,0.9996829,0.00000037,0.000000725,0.9990256,0.000171548,0.0001278,0.99936837,0.0000661,3.84E-08,0.009441136,1.19E-08,1.38E-08,0.9989869,0.000000012,0.9804577,0.9999057,0.0000775,0.000000803,0.000165039,7.64E-09,0.99917823,1.21E-08,1.11E-08,0.99913675,5.35E-10,0.717626,0.016727855,3.59E-09,0.000000015,0.9995977,7.72E-09,0.000109991,0.9999025,0.0000824,4.22E-08,5.98E-09,0.9995333,9.13E-09,2.44E-08,0.9996049,5.33E-09,0.72345275,0.9996556,1.08E-08,8.16E-09,0.007986091,0.0000463,0.000000714,1,0.0000936,0.000148508,1,0.00014295,0.000000989,0.011591646,7.26E-09,4.51E-09,1,0.00000147,0.9889865,0.99954444,0.000133015,3.83E-08,0.0000495,0.000104162,1,0.000000805,0.78132945,0.007151478,3.96E-08,0.000137725,0.9998516,0.0000723,2.67E-08,0.9992194,2.39E-08,0.000210955,0.000073,0.9999,3.46E-09,0.7696157,0.9995796,0.0000857,0.000000434,0.002113383,1.15E-08,0.000106639,0.99959236,0.000189265,0.00000043,0.013464234,1.31E-08,3.21E-08,1,0.00000139,0.9881442,0.9995523,0.000129305,3.65E-08,0.000000661,0.7803258,0.009742069,5.48E-09,0.000196789,0.9999186,0.0000759,6.73E-08,0.99925345,6.04E-09,0.000124433,0.6726788,0.99958545,0.000000689,0.0000688,0.009904781,4.04E-08,1.33E-08,0.99971646,0.17752443,0.000000296,0.01170306,0.65986544,2.25E-08,0.010733117,0.76561475,3.85E-09,0.69666,3.85E-09,0.003995594,6.53E-09,6.14E-08,0.015233622,0.7180904,3.86E-08,9.67E-09,0.010051458,2.42E-08,0.000000032,0.99960715,0.000000166,0.9914442,0.9993304,2.29E-08,4.31E-08,0.00000109,6.91E-09,0.999495,1.52E-08,0.99272114,0.000000075,0.009379214,0.00000124,0.000108548,0.00000164
1328,5,0.003125241,0.002224013,0.97509867,0.00000286,0.00000584,0.9957436,0.4017761,0.438557,0.99629503,0.37406427,0.00000663,0.008258633,0.004375306,0.002374654,0.994755,0.00000343,0.99068224,0.2890987,0.4065927,0.0000222,0.002087716,0.0000154,0.030101327,0.00000641,0.00000667,0.103413686,0.00000524,0.00000727,0.10960194,0.39516684,0.9969664,0.8853368,0.005764257,0.00000477,0.7941284,0.00000364,0.00000317,0.036794104,0.0000019,0.00000576,0.00000793,0.37768218,0.00000909,0.00000741,0.32098445,0.00000259,0.00000167,0.37212408,0.003022795,0.057920843,0.9999969,0.00000858,0.0000108,0.002877483,0.00000237,0.0000114,0.37508976,0.004947075,0.004160116,0.98000985,0.42939824,0.37622717,0.9768379,0.3902216,0.00000244,0.00344393,0.00000533,0.0000101,0.9828535,0.0000088,0.9720328,0.54020715,0.4259106,0.003735239,0.41653994,0.00000253,0.37670565,0.00000679,0.00000756,0.3414903,0.00000269,0.040628716,0.003377473,0.0000069,0.00000382,0.35547623,0.00000218,0.39078584,0.558045,0.41794568,0.0000108,0.00000537,0.40331912,0.0000138,0.00000417,0.33778256,0.00000255,0.032706775,0.37809864,0.00000206,0.00000344,0.003015491,0.4264045,0.002522854,0.99999607,0.43451664,0.46199486,0.99999714,0.42786157,0.003981688,0.004595329,0.00000624,0.00000333,0.99999547,0.00205101,0.9954951,0.36189705,0.44280398,0.00000231,0.4172787,0.36552018,0.99999464,0.004577326,0.11049379,0.002582699,0.0000171,0.3691737,0.6292656,0.42450398,0.0000105,0.98119605,0.000017,0.4529669,0.4336521,0.5388777,0.00000742,0.15580064,0.37222,0.4583489,0.001922911,0.44544974,0.0000119,0.39332548,0.38993526,0.38832667,0.003319434,0.003705446,0.00000238,0.0000328,0.99999297,0.002973766,0.9964844,0.44123742,0.405124,0.00000544,0.002456584,0.13568346,0.002607475,0.00000465,0.44378218,0.6365855,0.44915888,0.0000127,0.9805149,0.00000188,0.39006087,0.7745827,0.34536853,0.005255365,0.42864472,0.009589175,0.00000381,0.00000274,0.39587265,0.8602432,0.002729573,0.003655005,0.74792683,0.0000273,0.003224724,0.052023664,0.00000517,0.074128725,0.00000195,0.45132306,0.00000574,0.00000317,0.003128546,0.037637986,0.00000484,0.0000068,0.003836861,0.00000546,0.0000147,0.35770732,0.003430903,0.9961302,0.36057362,0.0000141,0.00000339,0.002445405,0.00000303,0.33532998,0.00000422,0.42260084,0.00000689,0.002838199,0.003057751,0.42507774,0.002614762
1329,6,0.000276312,0.000188312,0.9994949,1.47E-08,3.68E-08,0.99980396,0.067393415,0.054699045,0.9996958,0.056181427,3.78E-08,0.002468867,0.000148829,0.000155291,0.99975115,0.00000002,0.9970361,0.9604446,0.0590426,0.00000012,0.000210971,3.01E-08,0.002600809,7.07E-08,4.23E-08,0.003986958,9.84E-08,0.000000042,0.003745373,0.058081705,0.9993156,0.9956729,0.000192294,5.21E-08,0.14149559,3.35E-08,4.57E-08,0.00280821,1.68E-08,3.33E-08,2.99E-08,0.95188195,0.000000188,3.26E-08,0.9650935,4.03E-08,2.54E-08,0.9578696,0.000174644,0.0121868,1,1.09E-08,0.000000103,0.000816369,0.000000012,3.26E-08,0.9673739,0.000247621,0.000336408,0.9995135,0.050978493,0.067375615,0.9995004,0.058256384,3.87E-08,0.000986174,1.26E-08,0.000000109,0.9993988,0.000000031,0.9977099,0.95548046,0.044987928,0.000222586,0.059910137,1.79E-08,0.95333236,9.48E-08,6.78E-08,0.95774055,1.68E-08,0.003373304,0.000950109,6.91E-08,3.29E-08,0.95241076,3.42E-08,0.04853831,0.9459421,0.05056007,6.13E-08,1.34E-08,0.95800763,4.04E-08,4.44E-08,0.9546912,6.25E-08,0.004264787,0.9557949,6.79E-09,2.34E-08,0.001110664,0.045435376,0.000122426,1,0.060028616,0.04110663,1,0.054343604,0.000288368,0.001095133,0.000000023,2.23E-08,0.9999999,0.000197775,0.9988501,0.95838505,0.044819254,9.94E-09,0.044533562,0.06168856,1,0.000208601,0.00508075,0.001244982,0.000000103,0.056161232,0.94788617,0.05630459,7.04E-08,0.99944717,7.13E-08,0.054541044,0.067186065,0.9459568,4.09E-08,0.007106815,0.9627189,0.041981265,0.000190823,0.11131668,5.53E-08,0.0627445,0.96631515,0.065612115,0.000224256,0.00101779,2.72E-08,0.000000153,0.9999999,0.000345993,0.99904186,0.94712067,0.05810169,2.29E-08,0.000221547,0.004355596,0.000773105,1.81E-08,0.040980846,0.9356054,0.063967004,0.000000064,0.9992656,1.11E-08,0.055480424,0.22230333,0.95554703,0.000233672,0.050723314,0.001693334,4.47E-08,8.84E-09,0.96195805,0.99525684,0.000129644,0.000884273,0.26762825,0.000000283,0.000954272,0.003939334,4.36E-08,0.011087353,1.09E-08,0.13714789,1.28E-08,3.64E-08,0.001181966,0.003569903,5.26E-08,3.96E-08,0.000737296,1.37E-08,3.33E-08,0.9380194,0.000262139,0.99888974,0.954215,5.64E-08,4.15E-08,0.000119601,3.92E-08,0.9608462,0.00000004,0.9051049,6.84E-08,0.000928906,0.000373168,0.06483007,0.000134833
1330,1,0.00000186,0.00000182,0.9930657,1.74E-08,1.31E-08,0.9999987,0.0000591,0.0000586,0.99999857,0.000084,4.29E-08,0.034611937,0.000000856,0.00000497,0.9999982,1.42E-08,0.9764291,0.9995592,0.0000481,7.06E-08,0.00000723,2.06E-08,0.83005494,1.19E-08,1.43E-08,0.92515355,0.000000214,2.64E-08,0.9240053,0.0000399,0.9848999,0.06741681,0.00000215,0.000000046,0.85647035,2.73E-08,0.000000223,0.8318279,7.04E-08,1.33E-08,6.19E-08,0.99904794,1.72E-08,0.000000122,0.9995403,0.000000107,4.09E-08,0.9994555,0.000000989,0.7588203,0.9999999,1.64E-08,5.62E-08,0.03098824,9.88E-08,1.55E-08,0.9995782,0.00000093,0.00000217,0.99455726,0.000125443,0.0000829,0.9964418,0.0000426,0.000000109,0.034036044,4.56E-08,3.04E-08,0.9948718,2.71E-08,0.9121082,0.9999527,0.0000463,0.00000165,0.0000967,2.29E-08,0.99882334,2.64E-08,3.28E-08,0.99856037,2.13E-09,0.7891626,0.04076797,7.4E-09,4.61E-08,0.9995152,2.59E-08,0.000100012,0.9999436,0.0000512,8.19E-08,2.74E-08,0.9993911,1.73E-08,6.23E-08,0.9994186,1.58E-08,0.83064127,0.9996424,6.96E-08,2.14E-08,0.025189366,0.0000249,0.00000173,1,0.0000433,0.0000884,1,0.0000794,0.00000209,0.025624858,0.00000002,1.27E-08,0.9999999,0.00000291,0.9773397,0.99949217,0.0000754,0.000000103,0.0000321,0.0000739,1,0.00000177,0.9137947,0.020987144,0.000000145,0.000134569,0.9999223,0.0000494,5.21E-08,0.9960853,0.000000114,0.000140227,0.0000434,0.9999461,9.73E-09,0.88929534,0.9995554,0.000056,0.00000149,0.003068015,2.89E-08,0.0000616,0.9993019,0.000109881,0.000000931,0.034366395,3.23E-08,6.04E-08,0.9999999,0.00000307,0.97204214,0.9992531,0.0000693,9.94E-08,0.00000195,0.8892926,0.034186512,2.08E-08,0.000125254,0.99996173,0.0000489,0.000000187,0.9957729,0.000000034,0.000105703,0.79051495,0.99946934,0.00000136,0.0000338,0.027102916,0.000000138,3.36E-08,0.99968445,0.0666493,0.00000065,0.037113022,0.7521992,4.64E-08,0.027463926,0.84060365,1.53E-08,0.7749383,1.09E-08,0.004449613,2.22E-08,0.000000183,0.02951509,0.78681767,0.000000111,4.13E-08,0.031001488,5.39E-08,7.76E-08,0.99956113,0.000000457,0.97702104,0.99906784,4.02E-08,0.000000113,0.00000281,1.35E-08,0.9992957,2.67E-08,0.9823682,0.000000214,0.03378668,0.00000229,0.0000753,0.00000313
1331,5,0.00381144,0.002679008,0.98994166,0.00000199,0.00000375,0.99617946,0.020522188,0.029758897,0.9971927,0.015333703,0.00000876,0.029363438,0.005454697,0.002984266,0.9945726,0.00000289,0.97345567,0.964801,0.021923179,0.00000877,0.002430724,0.0000051,0.11690148,0.00000649,0.00000494,0.17474848,0.00000886,0.00000407,0.18856253,0.018728944,0.98634607,0.84085655,0.004845074,0.0000032,0.32648104,0.00000519,0.00000558,0.1387061,0.00000259,0.00000152,0.00000316,0.970675,0.00000317,0.00000796,0.9626134,0.0000035,0.00000308,0.9707629,0.003554544,0.12064901,0.999997,0.00000514,0.00000637,0.013829023,0.00000423,0.00000951,0.9669398,0.004383323,0.00376313,0.9910386,0.01925227,0.020883203,0.99162924,0.017237235,0.00000358,0.015112259,0.00000588,0.00000527,0.99215513,0.00000601,0.96494406,0.9690138,0.026343327,0.003974502,0.021272853,0.00000181,0.9690748,0.00000511,0.00000572,0.96967345,0.00000339,0.08242872,0.012822626,0.00000404,0.00000543,0.96738225,0.00000231,0.023006901,0.97519934,0.020824695,0.00000702,0.00000133,0.9732938,0.00000796,0.00000217,0.9739561,0.00000266,0.07962467,0.9641042,0.000000814,0.00000222,0.015187751,0.035174415,0.002568006,0.9999964,0.02306411,0.02899515,0.9999982,0.02447618,0.004244916,0.019331098,0.00000612,0.00000448,0.99999654,0.00273146,0.98194754,0.9671523,0.023316069,0.00000219,0.026063873,0.019213764,0.9999956,0.005158448,0.12450022,0.011643004,0.00000621,0.02082978,0.9761487,0.02584241,0.00000334,0.9921504,0.00000774,0.025199825,0.028406013,0.9786341,0.0000022,0.17885093,0.9698898,0.031602476,0.002312474,0.18433702,0.00000697,0.022958683,0.9669025,0.020291708,0.003489932,0.012341923,0.0000024,0.0000133,0.9999958,0.002705402,0.9850889,0.9793855,0.0244116,0.00000316,0.003622685,0.14393419,0.009808076,0.00000273,0.026708823,0.9809965,0.028693719,0.00000609,0.99159485,0.00000253,0.02108404,0.23919462,0.96676654,0.005191491,0.027813138,0.0309826,0.00000436,0.00000234,0.9603651,0.82191414,0.003750802,0.015120138,0.21511096,0.00000993,0.011285148,0.15640375,0.00000777,0.15482838,0.0000015,0.1510763,0.00000329,0.0000034,0.010350851,0.09794986,0.00000501,0.00000634,0.018712042,0.00000268,0.00000382,0.9721211,0.004259899,0.98242307,0.96295875,0.00000928,0.00000346,0.003041474,0.00000205,0.96559227,0.00000206,0.86680126,0.00000504,0.012188115,0.003281629,0.025898956,0.00287726
1332,5,0.0000415,0.0000267,0.99991846,3.87E-10,9.37E-10,0.9999814,0.002965635,0.002194774,0.9999511,0.002610222,1.89E-09,0.001367094,0.0000156,0.0000155,0.9999708,6.49E-10,0.99816483,0.9990907,0.002470528,3.15E-09,0.0000281,4.36E-10,0.000956181,3.22E-09,1.46E-09,0.001481665,8.02E-09,9.9E-10,0.001260849,0.002616335,0.9996855,0.9982468,0.0000203,2.81E-09,0.013772872,1.48E-09,3.21E-09,0.000759895,1.06E-09,7.73E-10,6.16E-10,0.99847454,6.95E-09,1.57E-09,0.9991302,2.27E-09,1.56E-09,0.998464,0.0000229,0.005755371,1,1.71E-10,4.72E-09,0.00038014,4.26E-10,9.08E-10,0.9990107,0.0000348,0.000042,0.9999254,0.001828725,0.003515682,0.9998983,0.00191449,2.19E-09,0.000463573,3.53E-10,3.17E-09,0.9998473,1.19E-09,0.99866927,0.99799025,0.001309868,0.0000305,0.002058307,4.92E-10,0.9980751,5.69E-09,2.38E-09,0.99859816,4.95E-10,0.001177543,0.000475749,1.66E-09,1.65E-09,0.99809486,1.73E-09,0.001908436,0.99815315,0.001410797,2.31E-09,1.32E-10,0.9984145,1.33E-09,2.03E-09,0.99864894,4.01E-09,0.001858647,0.9986052,1.28E-10,1.06E-09,0.000438191,0.001579953,0.0000116,1,0.001821616,0.001059497,1,0.001656408,0.0000309,0.000534849,6.82E-10,8.55E-10,1,0.0000247,0.99945146,0.9987675,0.001461226,3.23E-10,0.001617077,0.002553097,1,0.000025,0.002304595,0.000591404,3.88E-09,0.002159924,0.9974726,0.001838289,1.57E-09,0.9998858,1.67E-09,0.001439466,0.002290575,0.9981767,8.17E-10,0.002663409,0.99900085,0.001475888,0.000024,0.014662139,1.66E-09,0.002408109,0.99859244,0.002555024,0.000027,0.000595199,1.4E-09,3.99E-09,1,0.0000544,0.9995989,0.99781406,0.002669165,4.93E-10,0.0000361,0.001356497,0.000403001,5.17E-10,0.001373802,0.99694073,0.002559943,1.2E-09,0.9998274,3.21E-10,0.00258336,0.027505413,0.99834037,0.0000219,0.001884481,0.000931696,3.26E-09,2.96E-10,0.9988482,0.99844545,0.0000126,0.000416018,0.037698943,0.000000011,0.000489656,0.001566285,2.45E-09,0.004505383,3.12E-10,0.02315036,2.9E-10,2.09E-09,0.000499361,0.001490604,2.74E-09,1.49E-09,0.000375549,3.28E-10,3.96E-10,0.99791473,0.0000432,0.99938416,0.9982874,1.73E-09,2.03E-09,0.0000162,1.76E-09,0.99888223,9.13E-10,0.9885056,3.32E-09,0.000431283,0.000064,0.002681884,0.0000193
1334,5,0.0000213,0.0000184,0.9995024,0.000000188,6.78E-08,0.9999815,0.0000602,0.000102145,0.99998486,0.000114259,0.000000184,0.05351856,0.0000109,0.0000358,0.99998367,0.000000132,0.95300776,0.99987316,0.0000727,0.000000466,0.0000559,0.000000154,0.61757135,7.93E-08,0.000000087,0.4030053,0.0000025,0.00000018,0.46901503,0.0000664,0.96391445,0.7121276,0.0000182,0.000000362,0.30113733,0.000000216,0.00000193,0.63416916,0.000000602,0.000000171,0.000000309,0.9998566,0.000000188,0.000000492,0.9999249,0.000000846,0.000000344,0.99987316,0.00000978,0.55623436,0.9999994,0.000000172,0.000000463,0.048437484,0.000000483,0.000000168,0.99987674,0.00000843,0.0000137,0.9995041,0.000182638,0.000115714,0.9997166,0.0000482,0.000000802,0.054785766,0.000000335,0.000000365,0.9996612,0.000000188,0.9807633,0.99991906,0.000142885,0.0000158,0.000204762,0.00000018,0.9997669,0.000000209,0.000000304,0.9997271,2.32E-08,0.46626213,0.046533998,0.000000111,0.000000515,0.99992883,0.000000249,0.000194234,0.9998634,0.000103575,0.00000036,0.000000403,0.9998572,0.00000018,0.000000294,0.9998834,0.000000217,0.47294694,0.9999356,0.000000457,0.000000184,0.04540393,0.0000844,0.0000168,0.99999976,0.000127107,0.000190929,0.9999995,0.000145007,0.0000266,0.046285786,0.000000195,0.000000126,0.9999989,0.0000455,0.94831365,0.99989474,0.000120618,0.000000744,0.0000652,0.000218668,0.9999999,0.0000194,0.26044217,0.035936184,0.00000082,0.000292568,0.99988854,0.000104124,0.000000531,0.99972993,0.00000088,0.000358416,0.000102514,0.99992025,7.13E-08,0.2491467,0.999902,0.000169774,0.0000221,0.006510222,0.000000108,0.000116459,0.99989235,0.000197188,0.0000187,0.053466324,0.000000447,0.000000446,0.99999964,0.0000285,0.9523066,0.99985063,0.000114327,0.00000104,0.0000194,0.27391955,0.049466822,0.000000114,0.000264361,0.9999198,0.000101405,0.00000128,0.9996232,0.000000175,0.000151402,0.1778053,0.9998667,0.0000108,0.0000836,0.0517747,0.000000937,0.000000253,0.99993813,0.6381685,0.00000868,0.04333498,0.14296466,0.00000054,0.050032437,0.46885043,0.000000113,0.57008904,0.000000059,0.007641985,0.000000178,0.00000138,0.060067017,0.39479214,0.000000736,0.000000231,0.038383916,0.000000541,0.000000678,0.999902,0.00000423,0.95552486,0.99981576,0.000000363,0.000000867,0.0000403,0.000000121,0.9998915,0.000000273,0.994582,0.00000102,0.045332238,0.0000316,0.000150529,0.0000318
1335,5,0.00000641,0.00000275,0.9999739,8.56E-12,1.67E-11,0.99999857,0.000003,0.00000274,0.99999607,0.00000257,1.27E-10,0.013246236,0.00000136,0.00000253,0.99999726,2.04E-11,0.9846148,0.9999995,0.00000133,4.3E-11,0.00000687,4.27E-12,0.04082716,2.64E-10,4.01E-11,0.050635453,2.31E-10,2.45E-11,0.04242327,0.00000263,0.99285936,0.9695711,0.00000224,6.95E-11,0.029043024,9.77E-11,3.46E-10,0.03686113,8.85E-11,7.43E-12,1.41E-11,0.9999982,6.76E-11,1.79E-10,0.9999987,1.29E-10,5.8E-11,0.99999845,0.00000276,0.06051108,1,4.33E-12,8.54E-11,0.006947022,5.12E-11,3.5E-11,0.9999989,0.00000349,0.00000492,0.9999795,0.00000203,0.00000395,0.9999645,0.00000172,1.07E-10,0.007669597,3.77E-11,2.23E-11,0.9999274,6.3E-11,0.9875581,0.99999714,0.0000018,0.00000274,0.0000025,5.69E-12,0.9999974,1.26E-10,4.52E-11,0.99999774,2.04E-11,0.029155608,0.009238397,1.17E-11,1.05E-10,0.9999982,1.19E-10,0.00000199,0.99999774,0.00000151,5.98E-11,3.08E-13,0.99999726,6E-11,9.28E-11,0.99999917,1.31E-10,0.040763013,0.999998,1.59E-12,7.32E-11,0.007298652,0.00000194,0.00000148,1,0.00000139,0.00000079,1,0.000000985,0.00000247,0.008340363,2.32E-11,5.58E-11,1,0.00000151,0.9903486,0.9999989,0.00000201,2.05E-11,0.000000704,0.00000235,1,0.00000186,0.027974647,0.009277795,8.89E-11,0.0000025,0.99999726,0.00000226,1.06E-11,0.999961,2.66E-11,0.000000938,0.00000141,0.9999989,8.94E-12,0.031370025,0.99999917,0.0000012,0.00000305,0.002498115,1.6E-10,0.00000416,0.99999714,0.00000255,0.00000274,0.00890315,5.66E-11,3.86E-11,1,0.00000902,0.99204046,0.999997,0.00000227,7.97E-12,0.0000037,0.01792776,0.00750011,1.48E-11,0.0000011,0.9999933,0.00000319,2.78E-11,0.9999168,1.37E-11,0.00000308,0.016733002,0.9999982,0.00000172,0.00000193,0.012861351,1.72E-10,3.17E-11,0.9999982,0.9580074,0.00000142,0.007200152,0.024275685,1.62E-10,0.009653339,0.03444941,2.96E-10,0.042013146,9.24E-12,0.00378247,1.05E-11,1.41E-10,0.007785806,0.03393536,1.03E-10,3.86E-11,0.006554238,5.91E-12,1.93E-12,0.9999981,0.0000062,0.9902035,0.9999976,4.64E-11,8.22E-11,0.00000241,9.55E-11,0.9999988,1.14E-11,0.99733573,1.36E-10,0.008648322,0.000011,0.0000019,0.00000274
1337,5,0.118358344,0.11029374,0.8988104,0.001812082,0.002414304,0.8846785,0.7490933,0.7485868,0.89360565,0.7240953,0.001839136,0.16724911,0.109352276,0.10868259,0.88495237,0.002091878,0.8081842,0.15011546,0.74626625,0.006507478,0.09101835,0.005817692,0.08669699,0.002227875,0.00268971,0.12277145,0.002560669,0.005056653,0.13310573,0.7273759,0.9145351,0.93853176,0.111733235,0.002475276,0.78903735,0.001782047,0.001776862,0.080095336,0.000762377,0.004042412,0.004424846,0.18863878,0.005803003,0.001827943,0.19098932,0.001787185,0.001415673,0.17006162,0.10079344,0.1301519,0.9983979,0.002259821,0.003975888,0.089500226,0.000990237,0.003116915,0.16804196,0.114339165,0.11179147,0.9007646,0.7219019,0.7496991,0.90787375,0.74285823,0.002253753,0.08716301,0.00192502,0.005556488,0.90258324,0.00185936,0.83403575,0.26303136,0.8242665,0.11424876,0.7989906,0.00267696,0.1875581,0.002257176,0.003910679,0.15198027,0.002072216,0.032634728,0.07899079,0.005284553,0.001349088,0.17983344,0.001938809,0.80108476,0.24996111,0.8312986,0.003667927,0.005194466,0.18651173,0.002497,0.00180142,0.15723324,0.001829391,0.03082263,0.18549684,0.003644115,0.001467723,0.10429814,0.81486535,0.10915245,0.9974909,0.8081419,0.8344459,0.99680483,0.79320943,0.09430612,0.08199091,0.00249551,0.002063139,0.99723744,0.104240745,0.9141253,0.15942298,0.7238596,0.001550942,0.81940174,0.8354691,0.9973895,0.09914114,0.04724913,0.09089932,0.004770636,0.82725596,0.28633377,0.8367858,0.006414981,0.9139765,0.008668534,0.8085106,0.8219139,0.25889587,0.004914035,0.05648307,0.15734808,0.80894965,0.09978295,0.8297403,0.002648817,0.7440997,0.20326893,0.80241513,0.10993617,0.06713948,0.001865651,0.006984508,0.99786276,0.10658859,0.9152221,0.18776542,0.71079934,0.003087513,0.09256851,0.071381256,0.07655962,0.002674182,0.81960875,0.24506092,0.80892926,0.00679606,0.90975606,0.001679501,0.7384649,0.7173092,0.15414058,0.11894158,0.8190212,0.18194604,0.001551873,0.001164569,0.14856929,0.89916474,0.12719452,0.085499585,0.69315404,0.008684257,0.08123164,0.031315908,0.001600068,0.13621975,0.001530075,0.7491486,0.002319656,0.001408644,0.083848566,0.025812812,0.002461553,0.003357804,0.07661749,0.00267032,0.007920574,0.16273879,0.112842225,0.92165583,0.16543268,0.003476793,0.001879782,0.08905219,0.001715023,0.162566,0.002924599,0.15450431,0.002479751,0.07432454,0.10631484,0.78810555,0.101705946
1338,6,0.001127253,0.000946583,0.85988563,0.00000194,0.00000371,0.9988487,0.5788518,0.60761636,0.9988427,0.6036379,0.000006,0.017934661,0.000640531,0.000762434,0.9985474,0.00000321,0.9780212,0.062685914,0.616061,0.00000682,0.001260239,0.0000181,0.0301903,0.00000222,0.00000492,0.22376361,0.00000862,0.00000469,0.22477347,0.655022,0.9852492,0.837156,0.001511625,0.00000392,0.9511554,0.00000387,0.00000356,0.032387976,0.00000191,0.0000053,0.00000966,0.061412908,0.00000411,0.00000762,0.06250198,0.00000365,0.00000349,0.079609,0.001073106,0.044469588,0.99999785,0.00000252,0.00000366,0.015057798,0.00000101,0.00000216,0.07658851,0.001326902,0.001077483,0.8688492,0.62313616,0.5383306,0.8713941,0.58876294,0.00000669,0.011196499,0.00000226,0.0000114,0.89115125,0.00000362,0.8359094,0.38469085,0.6256446,0.000818925,0.6343522,0.0000064,0.06251625,0.0000065,0.0000079,0.0678194,0.00000167,0.011596372,0.01470693,0.0000054,0.0000028,0.07748481,0.00000263,0.59032106,0.35676807,0.6035083,0.0000126,0.00000409,0.074413836,0.00000919,0.00000465,0.07381921,0.00000232,0.014156452,0.059364308,0.00000404,0.00000294,0.011047585,0.63157856,0.001178319,0.9999962,0.6213751,0.6212934,0.99999726,0.63169646,0.001100299,0.016371321,0.00000359,0.00000286,0.99999666,0.000954623,0.9857621,0.071655355,0.624122,0.0000018,0.6458157,0.5304525,0.99998987,0.001655635,0.15230636,0.012173616,0.00000967,0.5901187,0.36860597,0.5972177,0.0000106,0.88439,0.0000149,0.5685066,0.61270225,0.32601142,0.00000844,0.16823924,0.07175996,0.6339548,0.001157613,0.54111916,0.00000454,0.60643595,0.062271126,0.5722838,0.000694339,0.016909815,0.00000339,0.0000203,0.99999595,0.001651207,0.98168796,0.0692108,0.592441,0.0000027,0.001022123,0.16535078,0.012460644,0.00000438,0.60380435,0.3783796,0.56625473,0.0000072,0.8745412,0.00000413,0.6115751,0.91143066,0.06982267,0.00088039,0.60902286,0.028615164,0.0000042,0.00000216,0.0735152,0.7813036,0.001210583,0.011705999,0.9111278,0.0000115,0.01553714,0.014741109,0.00000195,0.046308883,0.00000275,0.60211897,0.00000307,0.00000423,0.012662237,0.012898939,0.00000494,0.00000613,0.016647318,0.00000624,0.0000144,0.06924062,0.001033226,0.9866245,0.06918014,0.00000609,0.00000625,0.000813618,0.00000232,0.059924778,0.00000378,0.09318505,0.00000701,0.017686201,0.00090153,0.5756217,0.001009118
1339,5,0.000517401,0.000305688,0.9986877,8.89E-08,0.00000014,0.9997104,0.000251788,0.000278431,0.99966586,0.000151517,0.000000642,0.07910779,0.000263714,0.000351922,0.99966943,0.000000165,0.92090213,0.99993074,0.000162548,0.000000227,0.000492581,8.05E-08,0.3048551,0.000000799,0.000000266,0.26239833,0.000000922,0.000000181,0.28031218,0.000219237,0.91687214,0.814789,0.000368378,0.000000269,0.17684942,0.000000484,0.000000931,0.32981348,0.000000352,5.64E-08,0.000000129,0.9998671,0.000000174,0.000000767,0.9998474,0.000000498,0.000000276,0.999866,0.000388534,0.21499875,0.99999964,0.000000118,0.000000263,0.08370401,0.000000371,0.000000317,0.99988437,0.000370642,0.000500554,0.9987703,0.000155234,0.00021821,0.998694,0.000171683,0.00000045,0.07070092,0.000000326,0.00000016,0.99837637,0.000000378,0.9385865,0.99972457,0.000213789,0.000357086,0.000175444,8.73E-08,0.99983084,0.000000423,0.000000278,0.9998191,0.000000186,0.19345105,0.07676774,9.92E-08,0.000000449,0.9998536,0.000000349,0.000176632,0.999777,0.000191072,0.000000334,1.23E-08,0.9998116,0.00000032,0.000000248,0.9999094,0.000000273,0.21169728,0.99984133,2.74E-08,0.000000256,0.07658735,0.000234271,0.000268084,0.99999976,0.000160004,0.000119569,0.9999999,0.000114448,0.000346585,0.088219196,0.000000216,0.000000358,0.99999964,0.000227064,0.9097851,0.99989593,0.000208668,0.000000158,0.000107342,0.000214671,0.99999976,0.000300192,0.15015978,0.07735404,0.000000305,0.000216202,0.9997856,0.000259997,8.67E-08,0.99877304,0.000000217,0.000148824,0.000164039,0.99987125,6.14E-08,0.16021095,0.9998956,0.000165694,0.000329452,0.028972372,0.000000651,0.000311754,0.99982387,0.000223874,0.000348633,0.06263385,0.000000197,0.000000279,0.99999964,0.000593239,0.9213287,0.9998634,0.000211654,0.00000009,0.000363008,0.14753176,0.07521969,0.000000121,0.000141886,0.9996722,0.000246599,0.000000215,0.9982376,0.000000188,0.000216089,0.08512699,0.9998518,0.00030326,0.000189479,0.07968718,0.000000357,0.000000258,0.99979895,0.7169707,0.000292578,0.084012024,0.08438714,0.000000376,0.080181874,0.24910687,0.000000771,0.22218446,8.22E-08,0.03643069,0.000000128,0.000000366,0.06491156,0.21697974,0.000000482,0.000000248,0.0834378,6.66E-08,3.47E-08,0.99985886,0.000562586,0.92041594,0.999818,0.00000037,0.000000292,0.000291157,0.000000229,0.9998729,9.92E-08,0.9792732,0.000000427,0.07142047,0.000545511,0.000196057,0.000346136
1340,5,0.000389864,0.000349813,0.9957787,0.0000017,0.000000571,0.999665,0.005949592,0.006276713,0.9997049,0.006789874,0.00000128,0.059869748,0.000188238,0.000277031,0.9997776,0.00000133,0.9398151,0.9927481,0.006310456,0.0000031,0.000418418,0.00000219,0.11773892,0.00000109,0.000000658,0.1047523,0.00000869,0.0000014,0.09934546,0.006153421,0.94258684,0.9554601,0.000217118,0.00000303,0.06845334,0.00000212,0.00000516,0.11746776,0.00000274,0.00000139,0.00000223,0.9933502,0.00000253,0.00000273,0.99072766,0.00000282,0.00000294,0.99186605,0.000188848,0.08251291,0.9999975,0.00000177,0.00000242,0.05665733,0.00000151,0.000000897,0.99212706,0.000195843,0.000175859,0.99520445,0.008602024,0.006465722,0.99619365,0.005676119,0.00000485,0.056503024,0.00000101,0.00000422,0.9960145,0.00000126,0.9355792,0.9946337,0.008502326,0.000356915,0.009046254,0.00000135,0.9909485,0.00000211,0.00000299,0.9918727,0.000000255,0.05176096,0.060795847,0.00000263,0.00000308,0.993009,0.00000104,0.008575637,0.99139273,0.007417201,0.00000441,0.00000226,0.9917945,0.00000247,0.00000212,0.9919195,0.0000021,0.06553338,0.9929234,0.00000199,0.00000192,0.049742773,0.006623959,0.000245612,0.99999833,0.006453625,0.007725823,0.9999974,0.008111121,0.000229713,0.05321427,0.00000165,0.00000133,0.9999945,0.000447163,0.93122405,0.9914784,0.005921636,0.00000242,0.006567179,0.009670856,0.9999981,0.000236661,0.05595069,0.0571896,0.00000522,0.008645576,0.99417263,0.007619043,0.00000434,0.99645245,0.00000439,0.007439931,0.006960364,0.9945576,0.00000176,0.05705767,0.9929616,0.009077053,0.000285611,0.045526884,0.00000115,0.008819913,0.99251646,0.007434137,0.000254624,0.058903344,0.00000536,0.00000348,0.999998,0.00046022,0.93303,0.9903262,0.006986185,0.0000028,0.000268086,0.044788726,0.05507736,0.000000893,0.006954822,0.9942247,0.006874584,0.00000634,0.99514467,0.00000106,0.008177326,0.039301626,0.99321693,0.000255878,0.006323725,0.060925864,0.00000378,0.0000014,0.99512744,0.9046281,0.000167303,0.060502913,0.037802618,0.00000583,0.051591147,0.06050677,0.000000769,0.056970686,0.000000801,0.04624275,0.00000193,0.00000457,0.060241695,0.06406016,0.00000283,0.0000013,0.05129382,0.0000031,0.00000388,0.9922599,0.000145218,0.93708336,0.9916535,0.00000343,0.00000418,0.000455486,0.00000126,0.9928665,0.00000203,0.9505536,0.00000453,0.058295302,0.00040541,0.007391356,0.000311785
1341,2,0.030969877,0.021927219,0.97940123,0.0000096,0.0000251,0.9742571,0.046979852,0.044124536,0.9751524,0.033447545,0.0000276,0.2857699,0.025093555,0.02852719,0.970523,0.0000158,0.69516045,0.94502544,0.04182643,0.0000256,0.021613134,0.0000235,0.32880816,0.0000338,0.0000228,0.3107365,0.0000269,0.0000286,0.34043977,0.033734556,0.77938277,0.9528425,0.028070202,0.0000125,0.44154695,0.0000126,0.0000209,0.33760032,0.0000085,0.000008,0.0000134,0.9578511,0.0000186,0.0000284,0.935147,0.0000173,0.0000126,0.945844,0.022528917,0.15047087,0.99998736,0.0000215,0.0000188,0.21764469,0.0000157,0.0000367,0.94756424,0.026155643,0.029541504,0.97731656,0.03866357,0.03850291,0.9766847,0.036487915,0.0000175,0.22772843,0.0000168,0.000034,0.9771409,0.0000154,0.781659,0.95837986,0.06454022,0.027222665,0.06620815,0.0000101,0.94101006,0.0000152,0.0000371,0.945479,0.0000143,0.04065554,0.2275461,0.0000317,0.0000154,0.94228053,0.000015,0.07538505,0.9591815,0.071391314,0.0000324,0.00000932,0.9484956,0.0000219,0.0000106,0.9445652,0.00000917,0.038622163,0.9503321,0.00000662,0.0000082,0.21747945,0.06952499,0.020861583,0.9999875,0.07596539,0.07301752,0.9999882,0.059928738,0.026889024,0.22225845,0.0000179,0.0000269,0.99998176,0.02442275,0.77286124,0.9422691,0.037264146,0.0000124,0.06834863,0.07314303,0.99998355,0.026957259,0.03729712,0.21922927,0.0000277,0.06367574,0.95832163,0.07017868,0.0000233,0.9788552,0.0000453,0.07733851,0.05978026,0.96514076,0.0000206,0.039882977,0.9423779,0.07408414,0.019706827,0.5023674,0.0000292,0.042355206,0.948755,0.07577545,0.024340242,0.18170953,0.0000073,0.0000555,0.99998534,0.029120678,0.7957195,0.9526791,0.03494323,0.0000212,0.023498464,0.037192255,0.18911417,0.0000172,0.06581076,0.9717092,0.08413049,0.0000304,0.97956127,0.0000117,0.040063467,0.14958926,0.95081776,0.025785126,0.07085193,0.30769455,0.0000144,0.00000992,0.94015265,0.68872076,0.02222077,0.22442646,0.1318985,0.0000497,0.20361486,0.05251025,0.0000251,0.15927345,0.0000108,0.40598735,0.0000131,0.0000137,0.19105187,0.034614746,0.0000263,0.0000258,0.21526219,0.0000166,0.0000276,0.9449338,0.030018367,0.8002046,0.9419489,0.0000295,0.0000139,0.023732122,0.0000147,0.9436989,0.0000135,0.56942904,0.0000178,0.1854542,0.028798921,0.08381965,0.025117388
1342,5,0.007082733,0.007193972,0.94481,0.000276823,0.000169576,0.9923091,0.23298495,0.23390515,0.99061537,0.23041095,0.000193841,0.13152231,0.007464875,0.005844855,0.9939644,0.000203579,0.8886403,0.7075157,0.20172496,0.000631437,0.007429129,0.000589573,0.24842359,0.000211328,0.000199278,0.31999865,0.000426479,0.000334881,0.30184114,0.20676324,0.88952637,0.76523453,0.006787733,0.000362438,0.6043225,0.000274839,0.000314425,0.2589183,0.000195192,0.000289786,0.000577809,0.72346026,0.000494604,0.000429597,0.70015335,0.000263654,0.000247716,0.70207006,0.00621174,0.16595124,0.99974734,0.000390879,0.000343577,0.12808105,0.000149801,0.00016334,0.68665373,0.007617814,0.007892944,0.93601084,0.20476905,0.19810526,0.94623524,0.2134475,0.000397522,0.10912053,0.000255275,0.000566402,0.9430882,0.000278738,0.8226449,0.79173416,0.20050286,0.009519248,0.19353546,0.000241329,0.6852087,0.00028527,0.000439011,0.6759197,0.0000986,0.16619428,0.10067128,0.000355167,0.000240309,0.7214773,0.000182388,0.21127602,0.7573648,0.23048884,0.000719905,0.000282471,0.6968211,0.000444804,0.000336045,0.68692786,0.000199788,0.18559147,0.7186365,0.000324483,0.000377108,0.10158179,0.2157151,0.007527527,0.9997583,0.20494428,0.2258451,0.99962413,0.18897273,0.00564547,0.102065,0.00025503,0.000208583,0.9995395,0.005858289,0.9009113,0.69614875,0.176588,0.000273198,0.20745814,0.2281956,0.99954385,0.005904026,0.250978,0.10914171,0.000767532,0.23240025,0.78026277,0.23195629,0.000550908,0.95585704,0.000752286,0.2085125,0.20655885,0.7645422,0.000337203,0.22014335,0.71522194,0.20654398,0.006857747,0.33783883,0.000334762,0.2125719,0.7185166,0.23776376,0.005960233,0.10156721,0.00034729,0.000568601,0.99969983,0.007391614,0.9047837,0.6725135,0.22082497,0.000320785,0.005973718,0.25366917,0.11512978,0.00026483,0.2043725,0.75532967,0.19641191,0.000698334,0.9526405,0.000151644,0.22098309,0.5318354,0.7216208,0.006783584,0.17289601,0.10780475,0.000263638,0.000215349,0.76357216,0.6822162,0.006205155,0.13251619,0.51974726,0.000577422,0.09889828,0.16949937,0.000175873,0.16701789,0.000162281,0.3526158,0.000361763,0.000243419,0.116525576,0.17159219,0.000279459,0.000312934,0.1056291,0.000415479,0.000486748,0.713976,0.006833871,0.90218884,0.73180544,0.000542879,0.000261388,0.006591152,0.000203991,0.7087702,0.000273098,0.541476,0.000563416,0.0961682,0.006798153,0.20838326,0.009353801
1343,5,0.002835706,0.001755597,0.99935144,7.25E-09,3.63E-08,0.99848574,0.4941548,0.54748356,0.99793905,0.45388213,2.79E-08,0.002012577,0.001381531,0.001676092,0.9980451,1.52E-08,0.99819463,0.37929305,0.46649623,0.000000108,0.001566983,0.000000038,0.000106556,3.72E-08,0.00000005,0.000366239,5.97E-08,2.47E-08,0.000328739,0.4257001,0.9998865,0.9996873,0.001955591,2.62E-08,0.3774251,1.22E-08,2.29E-08,0.000130545,4.34E-09,3.46E-08,2.15E-08,0.45578668,0.000000201,9.9E-09,0.33882073,2.16E-08,1.44E-08,0.39775255,0.001484045,0.0027482,1,4.37E-09,0.00000011,0.000119057,4.23E-09,4.15E-08,0.4718052,0.001608401,0.002326238,0.99942315,0.466253,0.5546143,0.99937904,0.4798468,1.56E-08,0.000154937,5.48E-09,0.000000122,0.9991326,1.27E-08,0.9986041,0.5149799,0.55563545,0.001920529,0.6171156,1.41E-08,0.38733926,5.45E-08,4.24E-08,0.44979584,1.15E-08,0.0000838,0.000216575,0.000000166,1.59E-08,0.40243563,2.36E-08,0.5617534,0.5358064,0.5684165,3.92E-08,2.18E-08,0.41997308,2.87E-08,0.000000019,0.40611786,3.27E-08,0.0000844,0.42738202,1.02E-08,8.05E-09,0.000190086,0.6091509,0.000960364,1,0.5622844,0.61181253,1,0.60454917,0.002685719,0.000195575,2.19E-08,1.91E-08,1,0.002708242,0.99972004,0.37116715,0.4598858,4.61E-09,0.58979017,0.64211655,1,0.002293306,0.000298101,0.000188824,0.000000138,0.55239326,0.54847443,0.6330069,0.000000123,0.99916947,8.82E-08,0.6266196,0.62290573,0.5595577,0.000000109,0.000321784,0.42800725,0.6125829,0.001248204,0.58778214,3.15E-08,0.5175333,0.47945806,0.6279289,0.00170541,0.000155549,1.04E-08,0.000000269,1,0.002811834,0.99981207,0.44059366,0.4464141,2.49E-08,0.001733956,0.00029354,0.000178519,1.65E-08,0.5921937,0.5420103,0.6505842,0.000000068,0.9991442,5.71E-09,0.46272197,0.49763137,0.47602168,0.002055296,0.6095495,0.001205601,2.71E-08,3.78E-09,0.4123579,0.99977,0.000962981,0.000185711,0.56061757,0.000000499,0.000196327,0.000091,2.81E-08,0.002930312,6.34E-09,0.5237975,6.46E-09,1.63E-08,0.000233053,0.0000566,4.11E-08,3.24E-08,0.000179235,1.38E-08,9.55E-08,0.34572494,0.001960848,0.99981767,0.40460652,5.92E-08,0.00000003,0.001396658,4.12E-08,0.4389888,0.000000052,0.44597775,3.77E-08,0.000178121,0.003931904,0.6672039,0.00141108
1344,4,0.09481539,0.1020884,0.548786,0.000377209,0.000922996,0.88400275,0.67611027,0.654082,0.8897053,0.6745847,0.000609111,0.37881738,0.08898471,0.104183726,0.8971166,0.000627995,0.60473907,0.054758407,0.64012647,0.001134645,0.095769376,0.002521343,0.07632357,0.00045468,0.000946168,0.35413745,0.000822032,0.001114397,0.35480386,0.6698638,0.85340816,0.9406835,0.10955429,0.000519765,0.9364135,0.000472379,0.000512065,0.06569047,0.000200314,0.000965801,0.00144813,0.045618307,0.001045896,0.000708278,0.057139706,0.000631436,0.000456431,0.04086199,0.1159552,0.08454619,0.9996495,0.000609669,0.000898308,0.15827128,0.000261907,0.0006528,0.049937084,0.10067626,0.10918288,0.58126175,0.65522,0.7015107,0.57228637,0.664568,0.001282653,0.14663474,0.000486725,0.001691036,0.53215975,0.000732572,0.28778714,0.3262397,0.8197966,0.110443234,0.8055781,0.000933868,0.038368773,0.00054691,0.001342206,0.041566133,0.000584822,0.006353237,0.1806887,0.001197771,0.000321202,0.037312016,0.000635326,0.8138867,0.3457949,0.8297945,0.001523566,0.000860746,0.045311112,0.000833548,0.000635687,0.04886396,0.000269255,0.007379107,0.048246168,0.001085889,0.000342596,0.14659975,0.8245051,0.12486249,0.9993042,0.79617393,0.82038844,0.9992138,0.78883713,0.09831457,0.14035296,0.000707877,0.000714197,0.99936575,0.10832952,0.85023904,0.04373505,0.63593316,0.00037824,0.82039,0.83666563,0.99865913,0.106648766,0.0735036,0.1477265,0.001714,0.8263754,0.338639,0.81826943,0.001672682,0.6214323,0.00243253,0.7789765,0.7985427,0.35671255,0.001638475,0.0459033,0.042814672,0.8020822,0.10366588,0.90306616,0.000657513,0.61498564,0.050668653,0.83456165,0.09059279,0.15115851,0.000433212,0.002448204,0.9994758,0.10893514,0.8393233,0.049835198,0.66560155,0.000594357,0.099047214,0.06431747,0.1466818,0.001097806,0.8283517,0.3461008,0.8255425,0.001427567,0.5858874,0.000658696,0.6449982,0.7800647,0.046923432,0.07873513,0.8358729,0.4255971,0.000430793,0.000330379,0.03948336,0.6615976,0.13068707,0.15211698,0.7708103,0.002374571,0.15266407,0.006812824,0.000384415,0.08116664,0.000646633,0.8161868,0.00050202,0.000471309,0.16039038,0.005328206,0.000661248,0.000930191,0.15740398,0.000921824,0.002547748,0.053398293,0.09567108,0.8652715,0.044433456,0.00092601,0.000480482,0.08365324,0.000534701,0.04324086,0.000778113,0.020779928,0.000734952,0.1312467,0.08375471,0.79424,0.1183333
1345,4,0.015355165,0.011087767,0.970145,0.0000145,0.0000403,0.98435277,0.9225773,0.931458,0.98838913,0.94121397,0.0000219,0.01083984,0.017032746,0.018951438,0.9852328,0.0000146,0.9909881,0.026568018,0.92294616,0.000223998,0.013655917,0.000153804,0.003277975,0.0000237,0.0000321,0.013837089,0.0000156,0.0000518,0.010717737,0.92257196,0.99870086,0.96731925,0.010774815,0.0000465,0.9480067,0.0000242,0.0000145,0.00354833,0.00000352,0.0000865,0.0000893,0.023403307,0.00025258,0.0000115,0.021262873,0.0000107,0.0000141,0.021320255,0.0174118,0.010010168,0.9999722,0.000035,0.000110216,0.001207205,0.0000108,0.0000478,0.018410753,0.011407068,0.008117276,0.97091955,0.9357237,0.9435154,0.96890223,0.93635565,0.0000141,0.001610975,0.0000164,0.000114223,0.94634914,0.0000211,0.9607448,0.06620968,0.931797,0.010192893,0.9399723,0.0000239,0.019572249,0.0000505,0.0000458,0.02212527,0.0000128,0.002860494,0.002775955,0.000145986,0.000012,0.01987395,0.0000296,0.95721585,0.086631164,0.93970495,0.0000818,0.0000939,0.021638695,0.0000328,0.0000277,0.025414443,0.0000223,0.003512035,0.02500496,0.0000479,0.0000218,0.001313532,0.93375486,0.012933853,0.9999727,0.94250655,0.9318652,0.99995863,0.93770933,0.015151355,0.002155647,0.0000264,0.0000167,0.99994135,0.012088609,0.9984281,0.017103361,0.94715995,0.0000104,0.9207842,0.94326335,0.9999813,0.011789581,0.016506907,0.001577331,0.000276001,0.9514215,0.06449513,0.9490509,0.000261957,0.96685165,0.000200096,0.94439125,0.92391706,0.0757397,0.000212863,0.013761567,0.02463872,0.9319749,0.013920636,0.91382396,0.0000406,0.94853365,0.017250214,0.9377096,0.016630257,0.001758799,0.0000147,0.000277631,0.9999484,0.013739923,0.9983121,0.017201915,0.93648255,0.0000698,0.01366592,0.015018,0.001830619,0.0000632,0.9394673,0.055400617,0.949034,0.000167318,0.9535542,0.00000795,0.94496846,0.95728695,0.023307154,0.014000301,0.9441834,0.007776764,0.0000188,0.00000746,0.01907341,0.9919258,0.009675982,0.002003291,0.9657427,0.000520933,0.001687256,0.002748474,0.0000203,0.00986651,0.0000123,0.8742481,0.0000245,0.0000135,0.001773634,0.003023526,0.0000153,0.0000532,0.001601739,0.0000424,0.00048807,0.019229155,0.013317088,0.9976708,0.023567459,0.0000985,0.0000156,0.01656745,0.0000325,0.025295688,0.0000319,0.044207137,0.0000622,0.002794206,0.016979164,0.9508773,0.0180216
1346,4,0.036028042,0.03899492,0.051211923,0.00000988,0.0000345,0.94787633,0.7237438,0.6992504,0.9414097,0.68616897,0.0000242,0.060143422,0.022567697,0.047069386,0.9511066,0.0000246,0.92841023,0.001006072,0.7165435,0.000054,0.042539623,0.000100762,0.003484533,0.00000957,0.000047,0.31367093,0.0000421,0.000027,0.3379055,0.68513006,0.99687296,0.73585933,0.05765103,0.0000255,0.98711246,0.0000284,0.0000193,0.002709293,0.00000838,0.0000577,0.0000738,0.000892529,0.0000207,0.0000326,0.001348849,0.000039,0.0000226,0.000778467,0.056875363,0.06917039,0.9999857,0.00000842,0.0000636,0.004410001,0.00000917,0.000015,0.001595267,0.035959743,0.047047615,0.047507808,0.6979188,0.80233604,0.04335754,0.68459487,0.0000486,0.00289785,0.0000168,0.0000499,0.038578343,0.0000248,0.13171233,0.23854882,0.8618429,0.024452267,0.88103145,0.0000393,0.000925529,0.0000288,0.0000407,0.001408567,0.0000194,0.000620167,0.004841314,0.0000165,0.0000182,0.00080079,0.0000244,0.90385795,0.28114453,0.8907759,0.0000642,0.0000164,0.001266545,0.0000337,0.0000355,0.001905356,0.00000861,0.000810825,0.001027697,0.0000557,0.0000084,0.003011039,0.9160401,0.036117136,0.9999683,0.891431,0.90119034,0.9999641,0.8534439,0.047313645,0.004264655,0.0000289,0.0000181,0.9999857,0.031945728,0.99373454,0.00079503,0.74413055,0.00000947,0.9077098,0.8946493,0.9999554,0.04698791,0.23159239,0.003314208,0.000114348,0.8804064,0.27195483,0.88036305,0.0000408,0.05838431,0.0000643,0.8605139,0.8777553,0.28439903,0.0000869,0.18377355,0.000843731,0.8815346,0.04349518,0.86211973,0.0000182,0.66886276,0.000919992,0.8826715,0.03821345,0.003713307,0.0000216,0.0000914,0.9999783,0.043538563,0.9940639,0.001213449,0.70111805,0.0000116,0.04271734,0.28255057,0.002538521,0.0000474,0.89597195,0.30384487,0.9102736,0.0000519,0.053616334,0.0000397,0.7456965,0.9796708,0.001325994,0.02983372,0.92396307,0.074821785,0.0000229,0.0000118,0.00079895,0.74792993,0.05069288,0.003346534,0.9752505,0.000079,0.003074006,0.000967363,0.0000147,0.047472835,0.000028,0.69155705,0.00000687,0.0000258,0.003083711,0.000873953,0.0000229,0.0000516,0.005004504,0.0000288,0.000101082,0.001230861,0.0545735,0.99721223,0.000890144,0.0000369,0.0000197,0.031994317,0.0000257,0.001299146,0.0000257,0.002566526,0.0000298,0.003075542,0.038608365,0.9192173,0.042812962
1347,5,0.001966158,0.001697987,0.96605307,0.0000177,0.0000146,0.9971789,0.24215965,0.2960931,0.9980965,0.25422612,0.0000185,0.03584251,0.001883704,0.002052114,0.9981359,0.000015,0.9523039,0.5707145,0.24729253,0.0000794,0.00148597,0.0000816,0.10985574,0.000017,0.0000135,0.22423843,0.0000379,0.0000271,0.19857557,0.2803935,0.96196115,0.8181451,0.002023728,0.0000362,0.6796714,0.0000286,0.000027,0.10447989,0.0000111,0.0000309,0.0000693,0.6106643,0.0000429,0.0000366,0.5594647,0.0000167,0.0000159,0.60248214,0.001877146,0.06832887,0.9999838,0.0000516,0.0000375,0.031393822,0.0000138,0.0000223,0.59470844,0.001748442,0.001407498,0.966409,0.28140178,0.24144115,0.967213,0.2874853,0.0000286,0.027245529,0.000019,0.0000535,0.9647137,0.0000294,0.8893302,0.7254365,0.23923531,0.002147789,0.23726068,0.0000217,0.5700453,0.000028,0.0000394,0.5809958,0.00000634,0.074171506,0.034355137,0.0000331,0.0000186,0.5928923,0.0000121,0.25236547,0.7532264,0.24691693,0.0000731,0.0000333,0.6021405,0.0000386,0.000024,0.5859103,0.0000114,0.06217448,0.62061995,0.0000281,0.0000264,0.027723046,0.26817507,0.00201994,0.9999788,0.25009012,0.24319354,0.9999671,0.2349955,0.001460343,0.031483006,0.0000243,0.0000132,0.9999639,0.001543824,0.96218526,0.5711445,0.27789694,0.0000203,0.23836544,0.25458878,0.9999528,0.001467438,0.13767667,0.027820399,0.0000898,0.26158914,0.7544133,0.27567366,0.0000963,0.9749416,0.0000856,0.25230893,0.21778673,0.74827236,0.0000388,0.1370696,0.59119195,0.24636309,0.001163204,0.3450444,0.0000331,0.24988392,0.609383,0.25530285,0.002085544,0.030181216,0.0000246,0.0000988,0.9999703,0.002556654,0.9655443,0.62015,0.27382696,0.0000337,0.001245068,0.15292451,0.026618162,0.0000235,0.22009967,0.7398726,0.2525269,0.0000934,0.9701948,0.00000931,0.255262,0.5823511,0.6170339,0.002410643,0.26729143,0.042765807,0.0000187,0.0000171,0.6346035,0.79065675,0.001841184,0.041458048,0.56941307,0.0000923,0.03142026,0.06473959,0.0000104,0.07045255,0.0000148,0.3722783,0.0000349,0.0000199,0.029412586,0.06797297,0.0000172,0.0000265,0.035147626,0.0000413,0.0000812,0.57950956,0.001234903,0.9701764,0.6202845,0.0000651,0.0000186,0.001989204,0.000015,0.5967076,0.0000237,0.5262821,0.0000449,0.0324306,0.002134109,0.23020607,0.002412101
1348,5,0.000340535,0.000249393,0.99937254,6.71E-08,9.08E-08,0.9998852,0.000105411,0.0000871,0.9997851,0.0000677,0.000000502,0.099421225,0.000135482,0.000167752,0.9998123,0.000000127,0.89090306,0.9999856,0.0000527,0.000000139,0.000379928,0.000000048,0.17361373,0.000000565,0.000000173,0.119959205,0.00000121,0.000000126,0.12808396,0.0000903,0.8997595,0.92841303,0.000170061,0.000000404,0.056915008,0.000000473,0.00000132,0.14733471,0.000000384,5.02E-08,0.000000104,0.9999604,0.000000231,0.000000568,0.9999695,0.000000491,0.000000342,0.9999486,0.000283399,0.108060434,0.99999964,5.77E-08,0.000000334,0.1190146,0.000000218,0.000000185,0.9999708,0.000226004,0.000286087,0.99952066,0.0000524,0.0000966,0.99927515,0.0000605,0.000000598,0.08625483,0.000000185,0.000000126,0.9989524,0.000000276,0.92349446,0.99989605,0.0000602,0.00018212,0.000058,8.22E-08,0.99993765,0.000000483,0.000000229,0.99993765,0.00000013,0.081369646,0.08146708,8.96E-08,0.000000397,0.9999465,0.000000343,0.0000681,0.99992347,0.0000626,0.00000029,8.93E-09,0.99994516,0.000000171,0.000000229,0.99997294,0.000000421,0.111457326,0.99995947,3.01E-08,0.000000315,0.0974219,0.0000864,0.00015627,0.99999976,0.000045,0.000036,0.9999999,0.0000366,0.000125855,0.08772339,0.000000157,0.000000276,0.9999995,0.000153258,0.91301435,0.99997497,0.0000673,0.000000139,0.0000405,0.000088,0.9999999,0.000151719,0.07239307,0.09148098,0.000000252,0.0000946,0.9999218,0.0000899,7.05E-08,0.99948335,0.00000019,0.0000307,0.0000537,0.99995244,4.81E-08,0.050826885,0.99997306,0.0000513,0.000243602,0.011925198,0.000000417,0.000103937,0.99994195,0.0000776,0.000231986,0.08577391,0.00000024,0.000000172,0.99999976,0.000359123,0.91528887,0.99995005,0.0000833,5.97E-08,0.000226271,0.05614051,0.09273809,9.07E-08,0.0000451,0.9998485,0.0000787,0.000000142,0.9990264,0.000000139,0.0000752,0.02321718,0.9999447,0.000131303,0.0000757,0.11159829,0.000000634,0.000000193,0.9999471,0.8665203,0.000194818,0.10097918,0.026528863,0.000000425,0.10184865,0.113174014,0.000000789,0.09868493,7.57E-08,0.020213291,0.0000001,0.000000409,0.07524571,0.102751635,0.000000516,0.000000224,0.08801953,0.000000051,2.12E-08,0.9999628,0.000392205,0.9017092,0.9999329,0.000000216,0.000000379,0.000202057,0.00000025,0.9999633,7.32E-08,0.98843527,0.000000471,0.08909713,0.000358953,0.0000642,0.000254126
1349,2,0.008135268,0.007517096,0.3299764,0.0000169,0.0000149,0.9852529,0.008530729,0.007987099,0.98822767,0.010014379,0.0000191,0.16238055,0.00919518,0.007678214,0.9896645,0.0000133,0.70329094,0.81189644,0.005032758,0.0000771,0.009032393,0.0000347,0.67391473,0.0000418,0.000033,0.9632395,0.000015,0.0000246,0.97861326,0.007591773,0.9331089,0.052306443,0.013832925,0.00000994,0.9332961,0.0000254,0.0000236,0.6841646,0.0000167,0.0000162,0.0000337,0.7489355,0.0000101,0.000164902,0.83308023,0.0000192,0.00000777,0.77694094,0.00744041,0.734113,0.9999809,0.0000725,0.0000257,0.065515436,0.0000264,0.0000301,0.8250717,0.009733172,0.010373917,0.3945592,0.00942259,0.00837568,0.4728424,0.008813595,0.0000144,0.055597432,0.0000764,0.0000195,0.40339842,0.000138982,0.23056003,0.9896241,0.012397042,0.013518845,0.014315249,0.00000717,0.80564094,0.00000992,0.0000249,0.7794159,0.0000161,0.55006665,0.07579038,0.00000487,0.0000214,0.8252113,0.0000184,0.010079286,0.9912356,0.008203248,0.0000327,0.00000219,0.78089446,0.0000765,0.0000313,0.8705328,0.00000526,0.6459081,0.75519174,0.0000035,0.0000313,0.046630926,0.015982015,0.008344968,0.9999919,0.01224695,0.01082915,0.9999846,0.008236351,0.010673221,0.07546071,0.0000237,0.0000276,0.9999862,0.003923234,0.9241464,0.8116907,0.006867325,0.0000121,0.005778545,0.008149427,0.9999745,0.010164648,0.9548835,0.04797022,0.0000553,0.01033021,0.99327224,0.017446473,0.0000114,0.48554435,0.000027,0.009626604,0.008919709,0.9939078,0.0000125,0.9641409,0.7230883,0.011064045,0.010534969,0.17563243,0.0000745,0.007156064,0.72837555,0.012928363,0.008361186,0.0711085,0.0000126,0.0000371,0.9999813,0.008919613,0.9369046,0.8070939,0.004994648,0.0000131,0.007167782,0.9593908,0.054977916,0.0000241,0.009401291,0.9899705,0.013901261,0.0000365,0.3989061,0.0000124,0.0097052,0.7992567,0.8182677,0.012573317,0.008432616,0.3193362,0.0000154,0.0000299,0.79814017,0.02204548,0.010088639,0.06983608,0.77734184,0.0000216,0.06575064,0.6223979,0.000036,0.728098,0.0000079,0.1665033,0.0000326,0.0000294,0.093566835,0.5310382,0.0000135,0.0000147,0.076926224,0.000021,0.0000147,0.80226505,0.010657422,0.9153113,0.783222,0.000115657,0.00000514,0.00723736,0.0000135,0.79957587,0.00000793,0.30396125,0.000022,0.079688035,0.013671191,0.012577971,0.009681663
1350,4,0.020406429,0.02609245,0.5542506,0.0000311,0.0000599,0.9776098,0.7189459,0.71426916,0.9768158,0.7278143,0.0000705,0.03826095,0.016273782,0.016203092,0.9710118,0.00007,0.958338,0.016148577,0.74037534,0.000143254,0.024877306,0.000216638,0.005326303,0.0000324,0.0000861,0.08531118,0.000128288,0.0000821,0.08584354,0.7183497,0.9938075,0.9136651,0.023103993,0.0000827,0.9306313,0.0000621,0.0000564,0.004613748,0.0000281,0.000150277,0.000152847,0.014417643,0.0000862,0.0000796,0.01886471,0.0000774,0.0000808,0.012008777,0.024773426,0.036991123,0.99995804,0.0000243,0.000140727,0.007332143,0.000018,0.0000455,0.017583398,0.023027897,0.022350976,0.57919604,0.74504143,0.7856374,0.5724915,0.7263918,0.000103151,0.006013512,0.0000429,0.000138605,0.58846575,0.0000509,0.6710841,0.23011297,0.8205954,0.015644023,0.8399557,0.0000936,0.012720217,0.000101834,0.000101622,0.017036786,0.0000516,0.002137079,0.00715156,0.0000706,0.0000518,0.01398613,0.000062,0.85651004,0.24021149,0.8273427,0.000129324,0.0000666,0.01587783,0.0000882,0.0000697,0.020417847,0.0000465,0.002442907,0.017416157,0.000134751,0.000037,0.005168172,0.85973305,0.021098325,0.99991393,0.8420208,0.83673835,0.99992,0.8121656,0.026397226,0.007304002,0.0000865,0.0000488,0.99993813,0.020954074,0.9907573,0.01365166,0.768888,0.0000248,0.85799766,0.8348967,0.99987674,0.031109886,0.08272757,0.005523455,0.000198028,0.8419971,0.2535252,0.8380668,0.000120022,0.60179085,0.000181442,0.79817253,0.8238057,0.26818988,0.000160095,0.074318714,0.014021888,0.8530189,0.02752283,0.7962019,0.000047,0.7425075,0.013268649,0.79955226,0.019980898,0.006500281,0.0000639,0.000233036,0.9999436,0.024222432,0.991525,0.014340751,0.7563464,0.0000394,0.024935663,0.092702635,0.005104122,0.0000859,0.8451832,0.25421292,0.83392507,0.00012146,0.5606441,0.0000831,0.74649465,0.9072593,0.015339305,0.019186499,0.8376755,0.040461004,0.0000652,0.0000287,0.0122917,0.93451685,0.027152007,0.005056958,0.91541314,0.000200249,0.005872522,0.002898798,0.0000426,0.03715928,0.0000484,0.67852724,0.0000374,0.0000655,0.005175366,0.002212737,0.0000686,0.000127745,0.007093445,0.0000741,0.000210494,0.017314069,0.024824783,0.9933256,0.014043759,0.0000833,0.0000719,0.021898903,0.000048,0.01652118,0.0000624,0.028288595,0.0000964,0.006593253,0.018934222,0.86059785,0.020726422
1351,5,0.00012873,0.0000961,0.97846675,0.000000622,0.000000456,0.9998634,0.028035847,0.026813475,0.9999064,0.030146567,0.00000113,0.021521065,0.0000535,0.00008,0.999912,0.000000796,0.9686695,0.9049407,0.028975653,0.00000207,0.0000987,0.00000198,0.21831056,0.000000656,0.000000554,0.4137386,0.00000332,0.00000113,0.44243932,0.028303202,0.9609017,0.6857032,0.0000899,0.00000136,0.5429143,0.00000107,0.0000017,0.18307343,0.000000932,0.000000761,0.0000022,0.92581964,0.00000107,0.00000234,0.90089375,0.00000105,0.000000842,0.92095006,0.0000778,0.12754135,0.99999917,0.00000126,0.00000103,0.0340831,0.000000637,0.000000517,0.9216366,0.0000921,0.0000825,0.977038,0.040153764,0.021306613,0.9802142,0.030468836,0.00000238,0.03118139,0.000000632,0.0000022,0.9831117,0.00000101,0.8891834,0.97105867,0.02476818,0.000102649,0.024313984,0.00000102,0.9133952,0.00000121,0.00000193,0.9111615,0.000000145,0.12952943,0.034733538,0.000000748,0.000000849,0.9229679,0.000000473,0.026265202,0.9734081,0.023634655,0.00000283,0.00000114,0.92562366,0.00000176,0.00000133,0.9055264,0.000000692,0.12471873,0.91552263,0.00000102,0.000000957,0.027305463,0.018630657,0.000089,0.99999917,0.020417048,0.022473618,0.99999905,0.027683256,0.000075,0.033361565,0.000000817,0.0000006,0.99999857,0.0000935,0.95926046,0.914289,0.025564454,0.00000101,0.023851687,0.022988215,0.9999981,0.0000821,0.30229762,0.036204513,0.00000291,0.022215726,0.9748413,0.026210489,0.00000239,0.98520434,0.00000298,0.022473121,0.022099085,0.97391033,0.00000092,0.30181524,0.92310554,0.027175706,0.0000595,0.07055882,0.0000012,0.028280325,0.91916,0.021873558,0.0000729,0.040509008,0.00000147,0.00000339,0.9999989,0.000156922,0.9614619,0.9175031,0.027174678,0.000000939,0.0000711,0.29386923,0.032819774,0.00000059,0.018155856,0.9728962,0.025353406,0.00000348,0.97943956,0.000000689,0.03327876,0.37720534,0.9379682,0.0000965,0.022501245,0.032576293,0.00000132,0.000000802,0.93315023,0.55455834,0.0000689,0.035364,0.35953325,0.00000263,0.033767812,0.12892963,0.000000315,0.086050734,0.00000056,0.08954936,0.00000125,0.00000163,0.032771688,0.12901466,0.00000129,0.000000853,0.040027563,0.0000013,0.00000237,0.91492593,0.0000551,0.96010154,0.9330899,0.00000193,0.00000184,0.0000793,0.000000456,0.9038813,0.000000956,0.8091773,0.00000229,0.036848076,0.0000973,0.022928638,0.0000936
1352,5,0.00242763,0.003397053,0.9804612,0.0000613,0.0000236,0.9976428,0.0497926,0.04517301,0.9979894,0.05303509,0.0000515,0.13063781,0.002191423,0.001990207,0.9979721,0.0000486,0.85712343,0.9447602,0.045621775,0.0000995,0.002247538,0.000089,0.29042703,0.0000422,0.0000224,0.28252602,0.00014312,0.0000602,0.25135344,0.04895525,0.81403637,0.8655697,0.001896909,0.0000783,0.25053138,0.0000612,0.0001066,0.24838425,0.0000521,0.0000435,0.000104819,0.95231277,0.0000759,0.000092,0.9432515,0.0000585,0.0000625,0.94315934,0.0017907,0.09818278,0.99995613,0.0000649,0.0000678,0.16365725,0.0000358,0.0000402,0.94101,0.002056541,0.00172408,0.9761219,0.055424213,0.044097535,0.9787906,0.049278308,0.000102345,0.14709212,0.00004,0.000110378,0.9779454,0.000043,0.8396287,0.953225,0.04556123,0.002720993,0.044475548,0.0000575,0.93589205,0.0000608,0.0000979,0.94011664,0.0000157,0.10658291,0.14710741,0.0000688,0.000055,0.94602466,0.0000323,0.052876074,0.95034456,0.04616118,0.00011592,0.0000812,0.9419949,0.0000674,0.0000555,0.93732744,0.0000518,0.12236608,0.9488009,0.0000911,0.0000674,0.1537303,0.044901,0.00261107,0.9999442,0.036021996,0.049049642,0.9999161,0.050623868,0.001532228,0.14999989,0.0000608,0.0000449,0.99988306,0.002503463,0.8475423,0.9416892,0.046625078,0.000065,0.05523608,0.04766356,0.9999113,0.001916767,0.13871698,0.15014865,0.000125331,0.05219125,0.95542485,0.055899344,0.00014122,0.9830104,0.000165013,0.039010156,0.04739401,0.9509908,0.0000587,0.100281015,0.9392478,0.057891607,0.001942911,0.16326126,0.0000544,0.052058503,0.9458348,0.046206634,0.002000334,0.16359246,0.0000953,0.000104074,0.9999527,0.00263753,0.843521,0.946628,0.05204032,0.0000667,0.002005275,0.1259177,0.15597306,0.0000391,0.043076314,0.9585236,0.04475198,0.000155318,0.9800091,0.0000414,0.048687447,0.14209738,0.9498094,0.002284779,0.04577045,0.14398521,0.0000766,0.0000466,0.95869356,0.73453057,0.002075343,0.17894912,0.13927999,0.000128051,0.15530916,0.11756318,0.0000326,0.0991539,0.0000382,0.17278169,0.0000966,0.0000781,0.13871434,0.115566626,0.0000666,0.0000552,0.16779082,0.0000892,0.000116011,0.9485598,0.00146963,0.84242415,0.95050555,0.0000937,0.0000849,0.002715833,0.0000359,0.946048,0.0000534,0.82519335,0.00010502,0.1684189,0.002627455,0.04125016,0.002534908
1354,2,0.076815724,0.06765432,0.79145193,0.000944989,0.001444892,0.89974195,0.4894287,0.50407255,0.9248891,0.49495447,0.00123916,0.31150547,0.07387986,0.084232524,0.91469955,0.001307074,0.6843466,0.20584685,0.46520188,0.002666948,0.06795104,0.003766702,0.12845354,0.001098089,0.001803431,0.28087687,0.001941911,0.002174905,0.31349674,0.4712176,0.834167,0.9254783,0.080549076,0.001177593,0.82437474,0.001275579,0.001354251,0.11363834,0.000515619,0.001746493,0.002732519,0.2063513,0.002260514,0.001419865,0.23400225,0.001309344,0.001074044,0.19863793,0.098242246,0.11716988,0.99903107,0.00135778,0.00186229,0.16084509,0.000848786,0.001451183,0.19699304,0.06773028,0.07830674,0.79916894,0.4872709,0.5475404,0.8259779,0.50713474,0.002487643,0.16331948,0.001421962,0.002982345,0.77381414,0.001590862,0.5179238,0.4862244,0.64955086,0.08585306,0.60856164,0.001529546,0.19331132,0.00120242,0.002510697,0.20371427,0.001220536,0.022728145,0.16533884,0.002291615,0.000836942,0.19537872,0.001264567,0.62896127,0.5157908,0.652776,0.002714213,0.00179095,0.22512351,0.001756364,0.001287911,0.21819863,0.000769481,0.020229744,0.20214856,0.001805873,0.000832908,0.16758062,0.66233414,0.08504315,0.99853253,0.61357677,0.65714455,0.99842834,0.6078094,0.07670278,0.13791543,0.001815746,0.001417534,0.99858737,0.07758752,0.8245972,0.20189354,0.47365466,0.000884897,0.65909004,0.6783787,0.9975314,0.07585308,0.081401356,0.15611991,0.00283185,0.659108,0.49553102,0.6408704,0.002983677,0.8436903,0.003912968,0.58266646,0.6253165,0.5382887,0.002070183,0.06657752,0.18908158,0.63662636,0.074953094,0.80991435,0.001408619,0.45773628,0.23314069,0.6430229,0.09042175,0.15266943,0.001088922,0.00455385,0.9988312,0.077348836,0.84548175,0.23353474,0.510051,0.001349718,0.074219644,0.08198693,0.13275887,0.001841215,0.64370334,0.50290793,0.6717749,0.003370406,0.81358016,0.001163405,0.47142786,0.5854887,0.2076546,0.07304115,0.6563569,0.3346715,0.000879062,0.000777417,0.17455916,0.7309062,0.10675476,0.16362834,0.574657,0.004380323,0.14793484,0.02076984,0.000740125,0.10916294,0.001196593,0.6889387,0.001043974,0.000964841,0.17035656,0.016536597,0.001225717,0.00189201,0.16712004,0.001682778,0.004362246,0.22488625,0.071240485,0.83778363,0.20112133,0.002148142,0.001036002,0.06256298,0.001057341,0.20570062,0.001705347,0.09319315,0.001511362,0.13059047,0.07147125,0.59052503,0.08559025
1355,5,0.057747558,0.05020482,0.84139663,0.000116544,0.000166856,0.93923235,0.05338004,0.05276783,0.9081759,0.039530892,0.000166386,0.20536487,0.07568422,0.037831906,0.93749523,0.000113323,0.75570655,0.73002684,0.051706024,0.000384857,0.052415684,0.000272959,0.24364792,0.000200086,0.000270997,0.51790196,0.000234911,0.000152022,0.53469795,0.047715608,0.93820107,0.6795473,0.068778664,0.000113608,0.49794102,0.000126052,0.000135548,0.2105387,0.000113151,0.0000885,0.0000967,0.75477004,0.000115827,0.000439372,0.71954066,0.000138388,0.000133741,0.7283046,0.055214033,0.31051564,0.99988186,0.000275186,0.000165881,0.065487176,0.000134778,0.000292451,0.7561605,0.06999347,0.06293431,0.7902191,0.05014199,0.051279053,0.80923676,0.051196285,0.000138144,0.0600946,0.00022387,0.000243026,0.8315879,0.000318612,0.62700814,0.94578564,0.10540426,0.065774225,0.096246146,0.0000824,0.7674618,0.000133742,0.000216218,0.77706265,0.000122729,0.07629809,0.058078263,0.000193793,0.000229549,0.7685494,0.0000845,0.08179914,0.9526762,0.07149596,0.000308675,0.0000825,0.7723101,0.000418976,0.000121644,0.7661115,0.0000933,0.11791732,0.71058244,0.0000317,0.000106248,0.05537559,0.13017988,0.054242253,0.999907,0.083049364,0.11255859,0.99990726,0.08651924,0.06432928,0.07669523,0.00023092,0.000327625,0.9998548,0.048287936,0.93172574,0.78936714,0.041787423,0.000116673,0.1052071,0.06748776,0.999803,0.08491568,0.29593253,0.03995251,0.000294427,0.08816273,0.9364498,0.09058701,0.000183252,0.82115257,0.000284212,0.087889396,0.102598645,0.94171363,0.000164473,0.29507822,0.7569091,0.09620484,0.052211765,0.31032893,0.000246504,0.046816498,0.77570736,0.0771819,0.049145736,0.07055422,0.0000999,0.000358463,0.9998685,0.04662867,0.9336505,0.7547045,0.05288729,0.000176145,0.07168302,0.28500983,0.06791017,0.000167376,0.09967461,0.9518182,0.09548852,0.000273428,0.82929826,0.000127688,0.049730524,0.29251617,0.7272577,0.07017566,0.101988,0.25375518,0.000141585,0.000134637,0.78078336,0.46358344,0.057156526,0.061924353,0.26953828,0.000338416,0.0555841,0.14345294,0.000278254,0.3422264,0.0000731,0.23476611,0.000163527,0.000205979,0.05419296,0.10196936,0.000220768,0.000157395,0.07932367,0.000273222,0.000230534,0.78327614,0.062863044,0.9319638,0.7519988,0.000434221,0.00011682,0.053048383,0.000133959,0.74491763,0.0000896,0.5308501,0.000164511,0.06613797,0.048811443,0.09739124,0.049029563
1356,6,0.013418871,0.026896924,0.93942904,0.000239668,0.000176401,0.98390675,0.59168375,0.5612006,0.987165,0.5835125,0.000178132,0.12429261,0.019908197,0.015508575,0.984021,0.000157834,0.85204923,0.3916653,0.5623228,0.000745346,0.012796054,0.000838369,0.14490911,0.00019199,0.000128297,0.19115058,0.000265227,0.000537307,0.177543,0.6001065,0.8827984,0.87318736,0.01431765,0.000297849,0.777529,0.000185671,0.000245483,0.12977447,0.0000601,0.000363067,0.000833699,0.3413226,0.000635949,0.000314551,0.40007806,0.000169706,0.000145502,0.34826276,0.01285804,0.05290264,0.99986315,0.000358993,0.000325536,0.123065524,0.0000849,0.000243215,0.3148037,0.019321643,0.01554502,0.9305556,0.5953429,0.5222482,0.94573617,0.5816867,0.000225247,0.1011081,0.000202872,0.000547895,0.9358205,0.000187237,0.8374714,0.43715185,0.54864824,0.01666043,0.5283274,0.000320359,0.3292908,0.000238694,0.000477427,0.31339645,0.00012787,0.050914638,0.101214066,0.000429184,0.00014204,0.3519158,0.000180816,0.59400684,0.4030708,0.5406842,0.00041741,0.000491385,0.31800085,0.000263943,0.000230834,0.2978846,0.000160543,0.056654133,0.38753924,0.000487554,0.000283753,0.11100007,0.59093237,0.023315247,0.99977607,0.5695076,0.54390854,0.9995034,0.56822604,0.010636457,0.09099056,0.000203939,0.000169749,0.99952257,0.013277466,0.91539544,0.3257356,0.5509488,0.00015432,0.5720177,0.5781063,0.9996105,0.012393417,0.117096685,0.09613126,0.000876171,0.6153769,0.42440525,0.6249693,0.000906944,0.9498913,0.001625681,0.56227016,0.5670152,0.4141414,0.000537994,0.07151209,0.33526266,0.60478324,0.016811527,0.67464477,0.000317593,0.5983357,0.34691525,0.5990912,0.014101801,0.08155482,0.000184055,0.000569667,0.9998056,0.018663388,0.8981687,0.34463328,0.6125764,0.000310631,0.013753707,0.106495835,0.11331826,0.000292259,0.53214574,0.41840705,0.5169641,0.000906856,0.9505412,0.000144501,0.54778534,0.74003905,0.33002996,0.014771737,0.54782736,0.12973596,0.000184771,0.000132664,0.3677149,0.79548293,0.020797454,0.108465075,0.68437433,0.0008797,0.1191287,0.052360207,0.000183098,0.07182694,0.000165035,0.6818598,0.000481326,0.000140234,0.09251595,0.047458865,0.000167459,0.000430144,0.10000691,0.000346801,0.000877206,0.360395,0.014124811,0.9076745,0.33476776,0.000376318,0.000169041,0.015936702,0.000138126,0.33175933,0.000252893,0.2665414,0.000382274,0.114642344,0.018533852,0.5455608,0.020805793
1357,6,0.03803701,0.02853181,0.9613235,0.00000787,0.0000251,0.95616263,0.9547524,0.95794934,0.9633594,0.95883536,0.0000114,0.05744147,0.03635106,0.02389884,0.9641207,0.0000168,0.9363566,0.010935482,0.95461696,0.0000357,0.036347024,0.000126989,0.003319192,0.0000126,0.0000367,0.0173147,0.0000214,0.0000267,0.014494702,0.9648148,0.9897792,0.99736744,0.04756489,0.0000117,0.9663271,0.00000692,0.00000887,0.003226918,0.00000288,0.0000417,0.0000353,0.008401298,0.0000419,0.000012,0.008199613,0.00000871,0.00000898,0.009682128,0.03184171,0.015117715,0.9999938,0.0000116,0.0000252,0.009029879,0.00000177,0.00002,0.00986985,0.048068136,0.038411353,0.9617697,0.96073264,0.95245326,0.96463436,0.9553791,0.0000202,0.008258563,0.0000054,0.000114376,0.9698351,0.0000139,0.936889,0.037005953,0.98550814,0.04175289,0.9809121,0.0000348,0.008642385,0.0000182,0.0000411,0.008283748,0.00001,0.0002938,0.012363756,0.0000714,0.00000633,0.009153248,0.0000169,0.97797936,0.03693657,0.98124146,0.0000364,0.0000386,0.008806408,0.0000265,0.0000143,0.010886588,0.00000989,0.000425999,0.009337342,0.0000248,0.00000788,0.008770118,0.98411614,0.04586811,0.99998355,0.9837415,0.98317647,0.9999826,0.98282236,0.04934098,0.011983615,0.0000188,0.0000151,0.9999826,0.036540844,0.98848593,0.008650171,0.9612076,0.00000629,0.9771404,0.9825556,0.9999733,0.050457492,0.003151331,0.01010389,0.0000639,0.98264265,0.048467495,0.984353,0.0000978,0.95983636,0.000098,0.9843684,0.98106855,0.038062334,0.0000926,0.002608066,0.010127476,0.981887,0.03356597,0.9773351,0.0000163,0.96130687,0.009205477,0.98615104,0.025295323,0.012146901,0.00000904,0.000202232,0.9999821,0.042663917,0.988703,0.010324103,0.9599461,0.000018,0.030099364,0.004056711,0.012452058,0.0000211,0.9859116,0.035554696,0.98441976,0.0000489,0.9655429,0.0000127,0.96111614,0.9343445,0.010125861,0.03569726,0.98046976,0.066676795,0.00000842,0.00000505,0.011319522,0.9865508,0.037426893,0.011436303,0.9271592,0.000118787,0.014547907,0.000377459,0.00000837,0.020476907,0.00000858,0.94877934,0.0000159,0.00000821,0.013162817,0.000219842,0.0000194,0.0000176,0.00919293,0.0000272,0.000101004,0.00736081,0.0319508,0.9910919,0.011039643,0.0000316,0.0000161,0.031748366,0.0000102,0.008811575,0.0000232,0.010917126,0.0000168,0.012143578,0.034080658,0.9809475,0.03808564
1358,6,0.015501631,0.013362087,0.9888381,0.0000599,0.000096,0.9902131,0.7855028,0.8068948,0.99087125,0.7629246,0.0000625,0.03379434,0.014353266,0.013590099,0.9831656,0.00005,0.96489245,0.25681192,0.79486376,0.000302619,0.010200867,0.000351284,0.02537367,0.0000716,0.0000763,0.022747833,0.000108386,0.000211257,0.024810525,0.7877725,0.98268133,0.98752403,0.011326391,0.00013559,0.82712084,0.0000813,0.000082,0.028286157,0.0000227,0.000169166,0.000242133,0.28154597,0.000478247,0.0000457,0.2829407,0.0000553,0.0000411,0.26388112,0.012385411,0.025276236,0.9999316,0.000166557,0.000257753,0.021798149,0.0000302,0.0001201,0.24467792,0.013389277,0.010905042,0.99015146,0.76288813,0.7680601,0.99014825,0.78712547,0.0000706,0.024603143,0.0000559,0.000250683,0.99004805,0.0000542,0.9658411,0.21151501,0.8133974,0.011237009,0.76428634,0.000119727,0.26341143,0.000116266,0.000157442,0.20372559,0.0000455,0.01311724,0.020405041,0.000352061,0.0000486,0.25601652,0.0000734,0.77234626,0.18041399,0.809149,0.000167,0.000365165,0.24366789,0.000120263,0.0000655,0.22581442,0.0000908,0.014619146,0.29539204,0.000126495,0.0000667,0.02932564,0.8056077,0.014427809,0.9998592,0.81327605,0.78852713,0.99989057,0.7511596,0.007814805,0.020416025,0.000098,0.0000682,0.9998305,0.014051717,0.98464257,0.28187934,0.74305844,0.0000434,0.78613,0.7979554,0.9999031,0.010226184,0.014340966,0.019917523,0.000339341,0.8111985,0.22982325,0.8305362,0.000384377,0.99303377,0.001003953,0.7797548,0.78519666,0.19384935,0.000257585,0.014412114,0.23543367,0.7925919,0.01502226,0.82567567,0.000100572,0.8062837,0.26001176,0.8000697,0.016637089,0.015155911,0.0000628,0.000479498,0.9999027,0.011672914,0.9788542,0.2564682,0.7496451,0.000164053,0.009836583,0.020924816,0.019280525,0.0000961,0.78385025,0.1823363,0.7980852,0.00037036,0.99175733,0.0000294,0.76177967,0.7969317,0.22232154,0.009471862,0.7552894,0.036032878,0.0000653,0.000037,0.22782686,0.9754362,0.018781913,0.02131189,0.7531006,0.000938772,0.021166902,0.011844897,0.0000631,0.033161566,0.0000461,0.8011124,0.000104408,0.0000455,0.023518857,0.011470705,0.0000985,0.000251311,0.017536934,0.000117785,0.00068086,0.24405165,0.017237244,0.98076403,0.22693866,0.000155703,0.0000943,0.011711744,0.0000544,0.22965135,0.000129944,0.19896767,0.000174548,0.022234594,0.012698127,0.7545973,0.013174783
1359,5,0.000478408,0.000607484,0.99059755,0.00000536,0.00000268,0.99946505,0.05503391,0.04728755,0.9994967,0.05684705,0.00000581,0.059486274,0.000341809,0.000338794,0.99965894,0.00000356,0.92380005,0.9458917,0.061365128,0.000014,0.000406548,0.0000146,0.20179541,0.00000511,0.000003,0.196739,0.0000192,0.00000787,0.19082569,0.06495435,0.9172921,0.89462876,0.000451621,0.00000934,0.21088335,0.00000695,0.00000874,0.21018384,0.00000423,0.00000456,0.00000993,0.9511346,0.0000101,0.000011,0.9493794,0.00000798,0.00000586,0.95620775,0.000275637,0.081130624,0.9999951,0.00000696,0.00000427,0.10140693,0.00000266,0.00000358,0.9480444,0.000455548,0.000423689,0.98766834,0.06434873,0.042051714,0.9891354,0.051292833,0.0000127,0.08106883,0.00000343,0.0000157,0.9914443,0.00000448,0.9250387,0.95384926,0.048460294,0.00058689,0.044837315,0.00000607,0.95006406,0.00000736,0.0000116,0.94343036,0.0000013,0.09605513,0.09011001,0.00000872,0.0000058,0.9549174,0.00000296,0.05078493,0.9422436,0.042852655,0.0000159,0.0000065,0.9431956,0.000011,0.00000756,0.938512,0.00000457,0.11507108,0.95412153,0.00000681,0.00000747,0.076290146,0.041186318,0.000522392,0.99999535,0.043677434,0.041145436,0.9999914,0.047330998,0.000323788,0.08484014,0.00000358,0.00000456,0.99998486,0.000413997,0.92423,0.9414994,0.04619414,0.00000531,0.050968442,0.045666113,0.99999,0.000391291,0.11714902,0.07692911,0.000015,0.052607212,0.9565905,0.049919058,0.0000178,0.9930489,0.0000171,0.048711363,0.046341144,0.9443097,0.00000689,0.071578756,0.9547074,0.055236265,0.000385664,0.13811538,0.00000592,0.058525186,0.95688576,0.037418872,0.000285845,0.091826566,0.0000114,0.0000126,0.99999416,0.00070949,0.9144093,0.9466314,0.056760293,0.00000531,0.000366254,0.094164304,0.10027471,0.00000365,0.036138315,0.94350165,0.03604705,0.0000159,0.98920536,0.00000376,0.049400438,0.16840692,0.9534649,0.000421566,0.044239562,0.077497475,0.00000768,0.00000454,0.96495914,0.78118134,0.000375669,0.08289265,0.13933349,0.0000165,0.08816242,0.08403917,0.00000335,0.07500104,0.00000341,0.14385027,0.0000117,0.00000954,0.085969105,0.106952846,0.00000687,0.00000477,0.088330634,0.00000963,0.0000113,0.9525607,0.00025648,0.91186035,0.95245713,0.00000969,0.00000947,0.00040099,0.00000364,0.94948524,0.00000687,0.8704312,0.0000105,0.09910504,0.000449576,0.037800062,0.000592539
1360,6,0.074612565,0.053825658,0.9076911,0.0000713,0.000167511,0.90734833,0.92330205,0.9311494,0.9374263,0.92063236,0.000103305,0.05466868,0.07106616,0.06041593,0.92692816,0.000141241,0.93277377,0.015381005,0.9227598,0.000343537,0.06779085,0.000711321,0.005432488,0.000104685,0.000275528,0.022579009,0.000183711,0.000198371,0.024985982,0.9265336,0.9904482,0.9895822,0.08539663,0.000119571,0.93357277,0.0000919,0.0000816,0.00519838,0.0000398,0.000368201,0.000296634,0.015404685,0.000322583,0.0000879,0.01411029,0.0000992,0.0000875,0.016795078,0.07099425,0.042086422,0.9999199,0.000100893,0.00025034,0.008915272,0.0000334,0.000193791,0.01942576,0.07732641,0.071585305,0.91817445,0.9197672,0.9206204,0.9296149,0.9285204,0.000169036,0.008324623,0.0000715,0.000565434,0.93092084,0.000143715,0.91251284,0.06759754,0.9716574,0.0700275,0.9670523,0.000258062,0.018484304,0.000171789,0.000286345,0.015036809,0.000102001,0.001357808,0.011134701,0.000419403,0.0000806,0.016964493,0.000145309,0.95917785,0.07030701,0.9657034,0.000233436,0.000304343,0.017308235,0.000212598,0.000134972,0.019840453,0.000104483,0.001389725,0.016775059,0.000218464,0.0000706,0.009926146,0.9716716,0.07847649,0.9998234,0.96990347,0.96567243,0.99983716,0.96813005,0.07826891,0.012554316,0.000183202,0.000118404,0.9998621,0.06244908,0.98706424,0.015998948,0.93727255,0.0000686,0.9600867,0.9672454,0.9998247,0.08319706,0.010091163,0.01029205,0.000423331,0.96518654,0.08755451,0.96814215,0.00058025,0.9285669,0.000467793,0.9684095,0.9678394,0.06804024,0.000529353,0.01061001,0.016341692,0.9669689,0.060225952,0.95255834,0.000135918,0.9326703,0.019589115,0.9681685,0.06962349,0.010733234,0.00011127,0.00105988,0.9998148,0.07690999,0.98888004,0.020076947,0.9230576,0.000148396,0.06498482,0.015874388,0.008695578,0.000160551,0.9704695,0.06123863,0.97113085,0.000523633,0.925215,0.00013128,0.9266084,0.9176665,0.018556923,0.07905606,0.96415794,0.06690187,0.0000798,0.0000603,0.014562755,0.97878253,0.080087855,0.009965347,0.91462463,0.000719291,0.010802993,0.001676575,0.000073,0.045990765,0.0000837,0.9009627,0.000120036,0.0000906,0.012303875,0.000969413,0.000162754,0.000178728,0.009518839,0.000175873,0.000600713,0.014366756,0.059854615,0.99049675,0.01907563,0.000270837,0.000153637,0.056968648,0.000119764,0.017549075,0.000228063,0.027429275,0.000141081,0.00989008,0.07084272,0.9669877,0.06410939
1361,6,0.01239194,0.008774927,0.98043984,0.0000552,0.000110794,0.98758954,0.4209593,0.45039853,0.9877465,0.4444133,0.0000967,0.15871362,0.011811863,0.009394148,0.98555195,0.0000905,0.84357774,0.56922543,0.43534786,0.000203793,0.011005996,0.000316762,0.33415994,0.000096,0.000131116,0.3016057,0.000104986,0.000150548,0.29451457,0.45329058,0.8158474,0.93689483,0.013003099,0.0000713,0.8669583,0.0000554,0.0000788,0.31949002,0.0000382,0.0000822,0.000158717,0.61351436,0.000132293,0.000172657,0.54458725,0.0000522,0.0000629,0.59055734,0.011048059,0.1278472,0.9999596,0.00017285,0.0000739,0.17258625,0.0000399,0.000103816,0.5737016,0.014048613,0.013558532,0.97847444,0.44537225,0.3965035,0.97810566,0.4250685,0.0000987,0.16268921,0.0000878,0.00030454,0.9842935,0.0000918,0.8593035,0.5634187,0.46681365,0.014414716,0.4805367,0.0000896,0.5654139,0.0000909,0.000206779,0.5666785,0.0000563,0.07273997,0.15706167,0.000203293,0.000066,0.5965589,0.0000578,0.46619773,0.5564959,0.47667632,0.000221083,0.000107597,0.5953533,0.000153956,0.0000633,0.5757563,0.0000484,0.06926189,0.5929428,0.0000675,0.0000668,0.15625358,0.49781623,0.011706607,0.99993336,0.43059468,0.4760556,0.99994195,0.48356333,0.014525009,0.16715787,0.000114598,0.000119774,0.9999217,0.011095555,0.82110584,0.6168161,0.4279918,0.0000657,0.4739333,0.43455562,0.9997855,0.016167238,0.073970914,0.15233783,0.000192195,0.46241802,0.56768197,0.47450635,0.000271585,0.9825433,0.000391714,0.43651703,0.42486566,0.590466,0.000167265,0.07307911,0.591934,0.46259138,0.010293075,0.72444326,0.000145138,0.413012,0.57626826,0.45239577,0.008801528,0.16012818,0.0000469,0.000516604,0.99992085,0.014183129,0.8293935,0.5906023,0.43170515,0.000130714,0.010673719,0.07549169,0.17888851,0.000124999,0.44009367,0.57249385,0.49070352,0.000232843,0.98155576,0.0000621,0.42525637,0.59123063,0.57313895,0.010675043,0.41915712,0.14444792,0.0000535,0.0000523,0.60514796,0.702577,0.014117946,0.16999248,0.5765986,0.000342172,0.1699941,0.07026375,0.0000668,0.13348633,0.000052,0.71971375,0.000123803,0.0000694,0.16085856,0.05234877,0.00011599,0.000118115,0.18076669,0.000146595,0.000336434,0.61362237,0.012295047,0.8140036,0.6005708,0.000184036,0.0000795,0.010170671,0.0000475,0.5610422,0.0000684,0.24362434,0.000128824,0.16390482,0.009807177,0.4351242,0.012116117
1362,5,0.00010254,0.0000734,0.9998344,4.6E-09,7.71E-09,0.9999722,0.000067,0.0000535,0.99993396,0.0000518,4.14E-08,0.034813274,0.0000335,0.0000446,0.9999411,9.45E-09,0.95403147,0.999992,0.0000344,1.24E-08,0.000106405,3.07E-09,0.060617145,0.000000048,1.39E-08,0.04243668,0.0000001,1.07E-08,0.04259104,0.0000631,0.970603,0.9745516,0.0000478,3.49E-08,0.030815817,3.65E-08,0.000000117,0.046919458,2.97E-08,3.96E-09,7.9E-09,0.9999769,2.76E-08,4.17E-08,0.9999846,3.97E-08,2.51E-08,0.9999716,0.0000706,0.05317585,1,3.06E-09,4.03E-08,0.03494325,1.46E-08,1.38E-08,0.999985,0.000067,0.0000815,0.99987745,0.0000359,0.0000671,0.9997979,0.0000406,4.63E-08,0.028950172,1.18E-08,1.07E-08,0.9996873,1.89E-08,0.97218037,0.999933,0.0000361,0.0000531,0.00004,5.25E-09,0.9999609,4.55E-08,0.000000019,0.9999659,8.57E-09,0.033455748,0.02927955,8.67E-09,3.12E-08,0.99996865,3.01E-08,0.0000439,0.99994755,0.0000368,2.34E-08,5.68E-10,0.99997234,1.33E-08,0.000000022,0.999985,4.58E-08,0.047444016,0.9999765,1.73E-09,0.000000025,0.03165485,0.0000472,0.0000356,1,0.0000273,0.00002,1,0.0000226,0.0000318,0.028352894,1.18E-08,0.00000002,1,0.0000427,0.96885765,0.99998534,0.0000415,9.45E-09,0.0000228,0.0000504,1,0.0000425,0.026770586,0.031653095,2.27E-08,0.0000528,0.9999467,0.0000496,6.07E-09,0.9998474,1.65E-08,0.0000162,0.0000328,0.9999683,4.38E-09,0.022843521,0.9999846,0.000029,0.000068,0.006457078,3.72E-08,0.0000634,0.9999639,0.0000502,0.0000682,0.029511854,2.12E-08,1.76E-08,1,0.000116134,0.9720586,0.99996924,0.0000515,4.63E-09,0.000062,0.021032777,0.028089091,6.8E-09,0.0000246,0.999895,0.000047,0.000000011,0.9996977,6.7E-09,0.0000533,0.017843548,0.9999695,0.0000355,0.0000434,0.039912492,0.000000069,1.13E-08,0.9999715,0.95612884,0.0000443,0.030766966,0.018934736,5.24E-08,0.032886073,0.04486623,7.56E-08,0.046528675,4.89E-09,0.013281008,6.4E-09,3.65E-08,0.026706116,0.041375827,4.34E-08,1.89E-08,0.027788911,3.3E-09,1.59E-09,0.99997747,0.000114887,0.9661936,0.99996126,0.000000016,3.54E-08,0.0000509,2.29E-08,0.99997914,5.9E-09,0.99330926,4.45E-08,0.027953543,0.000129829,0.0000375,0.000062
1364,5,0.006231182,0.005025039,0.99644023,0.00000199,0.00000435,0.99549097,0.3679602,0.3283324,0.9937928,0.33093697,0.00000363,0.009256155,0.00377703,0.003631244,0.9949227,0.00000292,0.9900249,0.5993843,0.35575798,0.0000152,0.004352578,0.00000484,0.00153506,0.00000476,0.00000654,0.002835041,0.0000102,0.00000539,0.002915234,0.3089659,0.9987142,0.99616146,0.003889879,0.00000648,0.27571392,0.0000038,0.00000514,0.001539092,0.00000155,0.00000637,0.00000475,0.5718918,0.0000254,0.00000275,0.6661427,0.0000051,0.00000359,0.5928097,0.004803391,0.018043693,0.99999404,0.00000134,0.000016,0.001630942,0.0000012,0.00000409,0.64776945,0.004846256,0.006102176,0.9964244,0.3166278,0.40634835,0.9969311,0.36887437,0.00000553,0.001658701,0.00000155,0.0000145,0.9960389,0.00000317,0.9918492,0.6831148,0.4146909,0.004560939,0.44806442,0.00000337,0.58697593,0.00000968,0.00000695,0.603617,0.00000247,0.001550434,0.00171406,0.000012,0.00000348,0.566196,0.00000419,0.41208133,0.66420734,0.3839074,0.00000676,0.0000036,0.6177703,0.00000403,0.0000045,0.6135326,0.00000776,0.001883029,0.6313308,0.00000229,0.00000267,0.002116757,0.44214424,0.002817603,0.99999344,0.3825363,0.38237745,0.9999958,0.4319156,0.005590574,0.002058199,0.00000373,0.00000288,0.999992,0.005112094,0.9977235,0.6149144,0.2973924,0.0000016,0.4091128,0.4587808,0.9999974,0.004598748,0.003675284,0.002129918,0.0000124,0.44588682,0.67747754,0.42685303,0.0000111,0.99670285,0.00000958,0.41689268,0.4615362,0.6872007,0.00000786,0.004642902,0.6183242,0.3873988,0.004556512,0.39868826,0.00000464,0.34183574,0.6656875,0.44613773,0.005873293,0.001686318,0.00000442,0.0000192,0.99999213,0.006258543,0.9981944,0.58477384,0.33787632,0.00000365,0.0049807,0.003896884,0.001436647,0.00000299,0.36994794,0.6157751,0.45985007,0.0000107,0.9954541,0.00000173,0.32466704,0.3940412,0.61322576,0.005255567,0.42608565,0.00646206,0.00000525,0.00000122,0.57540727,0.99750715,0.003821055,0.001598007,0.4138303,0.0000351,0.001621358,0.00193029,0.00000409,0.014324321,0.00000157,0.35056183,0.00000172,0.00000414,0.002134326,0.001469301,0.00000641,0.00000539,0.001361328,0.00000226,0.00000784,0.5519263,0.00500415,0.9979869,0.5896754,0.00000699,0.00000548,0.003350949,0.00000498,0.649567,0.00000642,0.6247054,0.00000727,0.001509378,0.006615637,0.44880408,0.003606446
1365,6,0.000958919,0.000506801,0.9997875,7.72E-09,5.45E-08,0.99968517,0.99236745,0.9903522,0.99951696,0.9920311,3.87E-08,0.00020181,0.000672735,0.001124252,0.9991099,9.19E-09,0.99993837,0.006616634,0.990906,0.000000525,0.000690705,0.000000236,0.0000184,0.000000036,9.33E-08,0.0000275,1.52E-08,5.71E-08,0.000021,0.9855137,0.99999595,0.99986076,0.00048139,5.09E-08,0.96360105,0.000000015,1.61E-08,0.000037,3.09E-09,0.000000187,4.89E-08,0.012002057,0.00000252,2.06E-09,0.005470494,1.01E-08,8.37E-09,0.007999092,0.000892815,0.000325829,0.9999999,2.27E-08,0.000000289,0.00000547,5.42E-09,0.00000006,0.007216262,0.00044716,0.000337932,0.99986255,0.99110293,0.992239,0.999764,0.9932334,9.97E-09,0.0000111,5.29E-09,0.000000294,0.9995943,1.04E-08,0.9998248,0.008916228,0.9925678,0.000437554,0.99302787,3.05E-08,0.008100168,0.000000138,5.99E-08,0.0078724,9.64E-09,0.0000372,0.0000216,0.00000143,0.000000009,0.008644321,4.04E-08,0.99411774,0.010056417,0.9940765,0.000000128,0.000000297,0.010558676,0.00000005,4.03E-08,0.010956368,5.47E-08,0.0000408,0.008806987,3.61E-08,1.06E-08,0.0000113,0.98559046,0.000500491,1,0.9924816,0.9928958,1,0.9913163,0.000836461,0.000024,2.82E-08,1.76E-08,0.9999999,0.000625502,0.99998903,0.006937409,0.98980916,3.16E-09,0.99082106,0.9916813,1,0.001017941,0.000099,0.0000109,0.000000602,0.99171054,0.009040429,0.9933883,0.000000776,0.9998406,0.000000547,0.9918573,0.99206334,0.010216111,0.00000063,0.0000935,0.008107799,0.9892056,0.000880454,0.97693616,5.07E-08,0.9935011,0.005745148,0.9905433,0.000923961,0.0000174,1.13E-08,0.00000185,0.9999999,0.000412547,0.99999106,0.006124427,0.98987764,9.87E-08,0.000746641,0.000125051,0.0000114,5.18E-08,0.99247485,0.005806753,0.9963716,0.000000262,0.99967885,3.53E-09,0.9947748,0.98013407,0.009247134,0.000355881,0.9906825,0.0000666,2.67E-08,2.98E-09,0.007194762,0.999982,0.000288765,0.0000133,0.9856683,0.00000556,0.00000808,0.0000234,1.68E-08,0.000269517,4.92E-09,0.96045375,1.16E-08,1.54E-08,0.0000183,0.0000259,5.18E-08,9.89E-08,0.00000897,3.81E-08,0.00000536,0.008094323,0.000833602,0.99997354,0.01061723,0.000000146,4.08E-08,0.0003471,5.61E-08,0.008390484,7.96E-08,0.021052927,7.51E-08,0.0000194,0.000953017,0.99422234,0.000735835
1366,6,0.36533737,0.29654783,0.7368971,0.0000027,0.0000121,0.61131537,0.9509369,0.9322345,0.5804427,0.9487789,0.00000312,0.09119584,0.33999494,0.36639586,0.72657627,0.00000884,0.91902614,0.000837646,0.9556768,0.0000267,0.45136628,0.0000448,0.0000509,0.00000449,0.000027,0.001417567,0.0000142,0.0000146,0.002024731,0.91943264,0.99964154,0.99952936,0.39591667,0.00000623,0.94215775,0.00000295,0.00000434,0.0000605,0.00000115,0.0000225,0.0000108,0.000463265,0.0000269,0.00000313,0.000479538,0.0000114,0.00000571,0.000483742,0.36471236,0.021155238,0.9999944,0.00000161,0.0000226,0.000541691,0.00000115,0.0000155,0.001056944,0.39467022,0.37521017,0.67806894,0.94404614,0.95601845,0.8019802,0.9351745,0.0000157,0.000376799,0.00000174,0.0000433,0.69182426,0.00000685,0.7611921,0.044847492,0.9945972,0.3725555,0.99421614,0.0000163,0.000661151,0.00000637,0.000018,0.000371383,0.00000605,0.00000264,0.001170817,0.0000383,0.00000391,0.000458678,0.0000113,0.99473155,0.06891385,0.9942697,0.0000122,0.0000151,0.000599024,0.00000952,0.00000951,0.001132585,0.00000544,0.00000418,0.00063473,0.000019,0.00000148,0.000533677,0.9963601,0.40584314,0.99998724,0.9944722,0.99500823,0.9999819,0.9947825,0.3653226,0.000869804,0.00000792,0.00000852,0.99999034,0.3340596,0.99860007,0.000279575,0.949103,0.00000303,0.99424523,0.9956091,0.9999951,0.2915511,0.000418009,0.00063739,0.0000552,0.9945857,0.068536684,0.99573624,0.0000392,0.6784158,0.0000196,0.9957904,0.99382293,0.06997985,0.0000984,0.000169407,0.000714766,0.99393904,0.30781066,0.9946898,0.00000435,0.94569045,0.000469962,0.9963683,0.32845497,0.000899488,0.00000741,0.0000731,0.99998593,0.34008685,0.9992537,0.000754128,0.93883836,0.00000781,0.35148922,0.000552536,0.000779657,0.000011,0.996635,0.04529875,0.9971301,0.0000546,0.71747214,0.0000102,0.9448247,0.9590477,0.001340567,0.3926276,0.9961755,0.09846845,0.00000599,0.00000316,0.000447983,0.99892586,0.32694352,0.000622708,0.94484234,0.0000899,0.000635534,0.00000518,0.00000399,0.012157061,0.00000449,0.9298542,0.00000354,0.00000523,0.000759893,0.00000205,0.00000927,0.00000813,0.000534234,0.0000119,0.0000479,0.000550879,0.3395895,0.99951875,0.000986238,0.0000138,0.0000123,0.35348687,0.0000212,0.000768655,0.0000154,0.00114248,0.00000643,0.000336834,0.41379884,0.99737644,0.41873738
1367,5,0.00310365,0.002192964,0.9872066,0.000012,0.0000147,0.9961486,0.55579406,0.54802024,0.99644995,0.5374024,0.0000121,0.020385817,0.002303227,0.00211245,0.9968876,0.0000132,0.97995126,0.37188137,0.53453,0.0000578,0.002520718,0.0000418,0.04048613,0.0000182,0.0000209,0.062818564,0.0000192,0.0000269,0.074475855,0.5718952,0.988902,0.9477431,0.002829538,0.00002,0.7767349,0.0000131,0.000011,0.053074393,0.00000755,0.0000278,0.0000299,0.36343092,0.0000416,0.0000176,0.3840838,0.0000122,0.00000877,0.43761382,0.00281636,0.09342128,0.9999871,0.000014,0.000022,0.011784716,0.0000058,0.0000119,0.44484624,0.003493705,0.00461993,0.98631513,0.55560887,0.50370866,0.9898637,0.54006225,0.000017,0.010262493,0.0000113,0.0000607,0.9907354,0.000017,0.9773507,0.5283623,0.5791398,0.003794144,0.57776624,0.0000154,0.47197467,0.0000259,0.0000317,0.39021257,0.00000967,0.040213473,0.01045559,0.0000247,0.0000136,0.45665538,0.0000108,0.5028551,0.43591627,0.5971475,0.0000315,0.0000166,0.40882018,0.0000278,0.0000164,0.4153813,0.0000141,0.03812125,0.41343826,0.0000105,0.0000147,0.014020294,0.5100068,0.002609794,0.9999851,0.59092563,0.53444463,0.9999882,0.5870822,0.003691901,0.013113827,0.000013,0.0000105,0.99998283,0.001988084,0.9840954,0.42019293,0.53417635,0.00000887,0.5098291,0.5467426,0.99998116,0.002834389,0.057319075,0.01638773,0.000039,0.57477933,0.49737903,0.5798911,0.000039,0.9882912,0.0000446,0.6388329,0.59451836,0.4635712,0.0000225,0.08851374,0.4633626,0.46901336,0.002417398,0.5544581,0.0000241,0.5967861,0.47164965,0.58162045,0.002506011,0.013045626,0.0000143,0.0000683,0.9999802,0.003506988,0.9866409,0.40710774,0.52014416,0.000014,0.002397139,0.072205745,0.01063873,0.0000107,0.51949817,0.4159828,0.6019004,0.0000449,0.9894476,0.00000999,0.5532467,0.7896614,0.385626,0.004081364,0.47908798,0.015122389,0.00000939,0.00000783,0.4412817,0.9202446,0.002610854,0.012020618,0.8016634,0.0000596,0.012245531,0.03868333,0.0000103,0.090986855,0.00000806,0.5629142,0.0000141,0.0000134,0.012624551,0.03440002,0.0000147,0.0000146,0.009452278,0.0000131,0.0000283,0.35467416,0.002794682,0.9879752,0.45772555,0.0000316,0.0000148,0.001941547,0.0000104,0.41131896,0.0000187,0.4023082,0.00002,0.01199298,0.00295818,0.5363362,0.001916001
1368,6,0.23441777,0.2842961,0.5589488,0.00000255,0.0000143,0.85102797,0.49265394,0.35991815,0.72812986,0.40623236,0.00000365,0.08899801,0.22845937,0.34760648,0.83793503,0.00000262,0.96171093,0.011792531,0.37990114,0.0000466,0.33947623,0.0000256,0.000432547,0.0000052,0.0000101,0.033681408,0.00000362,0.0000103,0.030083261,0.37505165,0.9998549,0.9631454,0.24387752,0.00000511,0.6985974,0.00000252,0.00000156,0.000640531,0.00000138,0.000017,0.00000373,0.01578974,0.0000308,0.00000155,0.010736925,0.00000317,0.00000204,0.005921336,0.27513894,0.052025497,0.9999895,0.0000039,0.0000487,0.00033982,0.00000237,0.0000205,0.017075814,0.23812012,0.24195006,0.6098186,0.33673146,0.46540248,0.4161754,0.26714793,0.00000173,0.000359546,0.00000371,0.0000144,0.49687368,0.0000064,0.6419893,0.6151132,0.7872968,0.3002206,0.7615906,0.00000307,0.01964322,0.00000731,0.00000663,0.005313982,0.00000438,0.000386696,0.000342608,0.0000355,0.0000055,0.012231126,0.00000527,0.7268503,0.65063,0.80914325,0.00000921,0.0000198,0.017292444,0.00000797,0.00000409,0.015440651,0.000004,0.000717671,0.011308576,0.00000304,0.00000184,0.000236647,0.6439114,0.20433235,0.9999938,0.71381706,0.79665625,0.99999547,0.74192655,0.22109582,0.000616388,0.00000548,0.00000749,0.99999154,0.3498794,0.99973685,0.011879719,0.3490522,0.00000125,0.8073156,0.8286983,0.9999993,0.26766527,0.0237411,0.000527539,0.0000668,0.7333716,0.5384772,0.78784394,0.0000218,0.42666215,0.0000415,0.75903493,0.78592277,0.676529,0.0000362,0.021325316,0.01262363,0.6952358,0.31040272,0.8153596,0.00000505,0.46509176,0.0110328,0.6910374,0.23206024,0.000585933,0.00000297,0.0000374,0.99999285,0.18398897,0.9995776,0.005868804,0.35827202,0.00000799,0.33177182,0.024510484,0.000785695,0.00000909,0.8158999,0.6283938,0.7576659,0.0000266,0.50632954,0.00000207,0.47692886,0.77994674,0.012392092,0.21951501,0.85630006,0.06410016,0.00000856,0.00000105,0.008898173,0.9768971,0.21036534,0.000580461,0.7521084,0.000132694,0.000277692,0.000425106,0.0000108,0.053670984,0.00000106,0.45312622,0.00000307,0.00000674,0.000352489,0.00059676,0.00000726,0.000004,0.000353953,0.0000122,0.000108962,0.011314085,0.2920394,0.9996948,0.008669263,0.0000336,0.00000259,0.2858092,0.0000141,0.012307862,0.00000494,0.020862514,0.00000408,0.000594991,0.26000994,0.8138602,0.27376622
1369,6,0.16738522,0.14781679,0.93220603,0.000263715,0.000418833,0.8348696,0.8733259,0.86176956,0.839641,0.83560777,0.000226885,0.07717587,0.14982177,0.15224946,0.855886,0.000317883,0.91517234,0.038218077,0.86576825,0.00156486,0.13891162,0.001189799,0.006119686,0.000345115,0.000685259,0.013851274,0.000504677,0.000805389,0.016192537,0.82982564,0.99215406,0.98927104,0.15517285,0.000455546,0.79566044,0.000272903,0.000271079,0.00584874,0.0000945,0.000931054,0.000675042,0.044122346,0.001460804,0.000229887,0.0388284,0.000372054,0.000260549,0.040775362,0.13494614,0.07620568,0.999708,0.000237945,0.000949729,0.009522935,0.000120979,0.000626241,0.053085633,0.15160856,0.16183472,0.9300251,0.8508081,0.8845104,0.93870705,0.8602716,0.000390676,0.008201086,0.000221614,0.001369635,0.9402764,0.000269887,0.9296275,0.14486298,0.9462618,0.14418943,0.9381671,0.000474847,0.053994406,0.000487395,0.000692068,0.03920044,0.000319301,0.002256152,0.010195481,0.0012664,0.000275281,0.045775793,0.000347931,0.936225,0.13733868,0.9381396,0.000541111,0.000934127,0.050499696,0.000451008,0.000311344,0.0486285,0.000384726,0.002104563,0.05175901,0.00066362,0.000183409,0.011168706,0.94826037,0.13770331,0.99943477,0.9414937,0.94784087,0.99934214,0.9364262,0.15140109,0.012476245,0.000432422,0.000343906,0.99949896,0.14525585,0.98601913,0.037082467,0.861487,0.000212,0.9434598,0.95153457,0.99965894,0.14004867,0.008162207,0.010626175,0.001353936,0.93689746,0.16277166,0.9457552,0.001505653,0.940358,0.001266113,0.94791824,0.9448254,0.16124791,0.001548879,0.009001272,0.04572346,0.9370122,0.1322627,0.9199517,0.00034775,0.8802555,0.057973675,0.9416901,0.15504242,0.006954776,0.000387851,0.001845305,0.9994636,0.15398255,0.98976994,0.05130135,0.8415908,0.000542799,0.13910352,0.013562889,0.008328537,0.000422906,0.94017017,0.11415947,0.95011866,0.001650412,0.93556195,0.000297261,0.8592055,0.8200609,0.046917528,0.18436989,0.9464624,0.067159705,0.0002739,0.000179866,0.033544075,0.9889585,0.15439874,0.008600324,0.8163423,0.002347506,0.008946711,0.002606947,0.000302358,0.064890474,0.000226523,0.8019249,0.000298107,0.000257401,0.009581402,0.001973263,0.000523058,0.000539761,0.007696339,0.000517986,0.00172696,0.041379184,0.16055512,0.9920393,0.05069763,0.000703161,0.000405886,0.13908534,0.00041055,0.050317425,0.000695437,0.0814903,0.000400919,0.007360563,0.16089807,0.9493712,0.14093705
1370,6,0.033977747,0.018431727,0.97978264,0.000000619,0.0000029,0.96478146,0.9789064,0.9804673,0.9648277,0.9802572,0.000000823,0.015507325,0.02577758,0.020939026,0.9749868,0.00000158,0.98712474,0.002404826,0.9823904,0.00000542,0.029734565,0.0000145,0.000161958,0.00000113,0.00000555,0.001782304,0.00000248,0.00000225,0.001581525,0.9830321,0.9994486,0.99935776,0.03890369,0.00000136,0.9685489,0.000000635,0.000000839,0.000197281,0.000000212,0.00000559,0.00000305,0.001856091,0.0000068,0.000000885,0.001419911,0.000000913,0.000000933,0.002173436,0.02585936,0.007362103,0.9999994,0.000000687,0.00000368,0.000528855,0.000000125,0.00000249,0.002783253,0.03761957,0.031129524,0.9757539,0.98370415,0.9803403,0.9829266,0.9794679,0.00000187,0.000490773,0.000000353,0.0000171,0.9837016,0.0000015,0.9819328,0.016959295,0.99520916,0.030991856,0.9939918,0.00000346,0.002311186,0.00000221,0.0000036,0.001993097,0.000000839,0.000025,0.000866116,0.0000102,0.000000684,0.001957022,0.00000183,0.99247414,0.017934058,0.9935709,0.00000355,0.0000044,0.001951441,0.00000277,0.00000159,0.003087228,0.00000127,0.0000363,0.001940154,0.00000244,0.000000585,0.000544323,0.9958045,0.030752331,0.9999981,0.99408203,0.9951794,0.999998,0.99466115,0.046365175,0.000935648,0.00000188,0.00000139,0.99999833,0.02786348,0.998976,0.001713959,0.98324424,0.000000479,0.9924711,0.9944883,0.9999982,0.03516877,0.000760687,0.000677213,0.000013,0.99361056,0.022781804,0.9947464,0.0000137,0.9745,0.00000846,0.99588037,0.9936848,0.01912409,0.0000163,0.000504038,0.002688926,0.9941104,0.022632586,0.98619485,0.00000147,0.9834743,0.002352164,0.9958896,0.019158544,0.000839278,0.000000996,0.0000332,0.9999974,0.031973183,0.9991241,0.00253124,0.9828293,0.00000185,0.025866417,0.000884244,0.000856989,0.00000193,0.9956917,0.01605193,0.9958567,0.00000822,0.9814932,0.00000126,0.9820827,0.973395,0.003021735,0.030444602,0.9938835,0.01279453,0.000000887,0.000000432,0.00241655,0.99872524,0.024280988,0.000811456,0.968597,0.0000217,0.001004785,0.0000385,0.000000741,0.007573384,0.000000741,0.9584513,0.000000956,0.000000782,0.000875836,0.0000182,0.00000209,0.00000157,0.000584044,0.00000258,0.0000127,0.001505471,0.024860034,0.9994697,0.003037812,0.0000045,0.00000205,0.026476515,0.00000148,0.00244808,0.0000028,0.005860408,0.00000168,0.000680745,0.029629167,0.9950334,0.027348772
1371,1,0.000325979,0.000346795,0.9897494,0.000047,0.0000195,0.99961084,0.000876825,0.001638008,0.99971026,0.001970596,0.0000389,0.18189564,0.000394252,0.000694368,0.9996137,0.0000461,0.8240683,0.9969488,0.000980034,0.000115546,0.000623383,0.0000357,0.9397414,0.0000218,0.0000327,0.920363,0.000137146,0.0000501,0.92217124,0.000961123,0.7881487,0.13168606,0.000358945,0.0000509,0.89982384,0.0000369,0.000154106,0.9417966,0.0000647,0.0000441,0.000118293,0.99691075,0.0000289,0.000107534,0.997858,0.000079,0.0000315,0.99746966,0.000236946,0.85687643,0.99995375,0.0000603,0.0000684,0.21109925,0.0000916,0.0000394,0.99692243,0.000225863,0.000449147,0.9904331,0.002486619,0.001391891,0.99376196,0.000891289,0.0000938,0.21417978,0.000125761,0.0000762,0.9906887,0.00005,0.87731856,0.99860483,0.001644713,0.000380691,0.001844422,0.0000473,0.9953126,0.0000317,0.0000627,0.9941403,0.00000967,0.86903113,0.15835084,0.000012,0.0000602,0.998295,0.0000517,0.002193597,0.9985545,0.001399423,0.0000549,0.00010081,0.9968976,0.0000348,0.0000667,0.99753773,0.0000247,0.8696715,0.9981446,0.000128292,0.000046,0.18772385,0.000786824,0.000442437,0.9999684,0.001266865,0.002036193,0.999925,0.001550299,0.00048649,0.20419535,0.0000444,0.0000256,0.99991214,0.000479926,0.7839516,0.99741,0.001732609,0.000134309,0.000846742,0.002225142,0.99995434,0.000306618,0.8527818,0.18236536,0.000155228,0.003502242,0.9987804,0.001593618,0.0000796,0.9933149,0.000197275,0.003779686,0.001412396,0.99870086,0.0000186,0.80325615,0.99755955,0.001589202,0.000397344,0.058183588,0.0000383,0.001353029,0.9967314,0.00260052,0.000425881,0.21597712,0.0000599,0.00010348,0.99994695,0.00041636,0.818374,0.99688333,0.001647061,0.000129325,0.000364895,0.85799336,0.20745896,0.0000469,0.002765516,0.9988096,0.001565959,0.000182098,0.9917361,0.000041,0.002191108,0.8202248,0.9974694,0.000267,0.000806711,0.16449785,0.0000861,0.0000648,0.998516,0.09655653,0.000210795,0.21654503,0.7771398,0.000058,0.23978375,0.82301223,0.000023,0.8422891,0.0000107,0.059871223,0.0000647,0.000111296,0.21496283,0.80491596,0.0000786,0.0000617,0.2044276,0.0000773,0.0000996,0.9976133,0.000141883,0.8098831,0.99626356,0.00011219,0.0000625,0.00051594,0.0000146,0.99719185,0.0000342,0.9322218,0.000130899,0.21582831,0.000586396,0.00160398,0.000484549
1372,6,0.004609262,0.002604561,0.9961404,0.000000187,0.000000829,0.9970085,0.9802412,0.9820696,0.9970995,0.9838958,0.000000488,0.001422875,0.003950063,0.007015863,0.9962831,0.000000194,0.9993825,0.006924642,0.9789985,0.00000821,0.004647838,0.00000383,0.000144543,0.000000554,0.00000102,0.000591288,0.000000203,0.00000122,0.000361154,0.97438383,0.9999609,0.9974425,0.00261781,0.000000861,0.9721557,0.000000343,0.00000022,0.000213738,5.65E-08,0.00000318,0.00000126,0.007553144,0.0000156,7.46E-08,0.004908184,0.000000173,0.000000199,0.006062603,0.004640181,0.001793284,0.99999905,0.000000411,0.00000362,0.0000445,0.000000169,0.000000953,0.004709988,0.002755792,0.001890343,0.9971355,0.98017454,0.98546314,0.99593735,0.98488575,0.000000178,0.0000793,0.000000196,0.00000354,0.9921774,0.000000255,0.9968978,0.01879318,0.9847062,0.002539027,0.9872915,0.000000396,0.005394649,0.00000163,0.000000908,0.006220114,0.000000214,0.000224833,0.000149268,0.00000943,0.000000192,0.005986309,0.000000819,0.98970795,0.025933864,0.9886347,0.00000179,0.00000314,0.007559169,0.00000073,0.000000738,0.009200629,0.000000621,0.000284335,0.006395201,0.000000751,0.000000268,0.0000641,0.97535634,0.003449792,0.9999994,0.98559386,0.98385864,0.9999993,0.98366284,0.004656389,0.000126039,0.000000439,0.000000258,0.99999833,0.003201236,0.9999274,0.004189383,0.9816601,9.92E-08,0.97828317,0.9871394,0.9999999,0.003726893,0.001304522,0.000081,0.0000118,0.9878664,0.017657321,0.98750263,0.00001,0.9960068,0.0000074,0.98580176,0.982323,0.024591988,0.00000892,0.00133987,0.007354016,0.97962373,0.005216735,0.9691149,0.000000799,0.9875044,0.00404478,0.984511,0.004240347,0.0000966,0.000000271,0.0000143,0.999998,0.002866098,0.9999236,0.003729089,0.98159975,0.00000172,0.004321022,0.001220877,0.0000949,0.00000124,0.9862321,0.01057379,0.99135286,0.00000489,0.9931859,8.91E-08,0.9873748,0.9857649,0.008153128,0.002765478,0.98247176,0.000515831,0.000000398,7.03E-08,0.005096877,0.99970776,0.001659648,0.0000904,0.9901002,0.0000397,0.0000644,0.000155982,0.000000371,0.00134714,0.000000128,0.9400191,0.000000258,0.000000254,0.000110332,0.000195606,0.000000449,0.00000134,0.0000578,0.000000804,0.0000411,0.005198529,0.003759012,0.9998727,0.007654775,0.00000265,0.000000361,0.003093131,0.000000935,0.006733929,0.000000975,0.015708182,0.00000144,0.000136062,0.005241631,0.9894192,0.005111867
1375,6,0.057337567,0.050491646,0.85738206,0.000157132,0.000411816,0.9298182,0.5269357,0.4916179,0.9438593,0.52682245,0.000203312,0.57393456,0.04905215,0.06065424,0.94288486,0.000270307,0.41989926,0.21505938,0.47757065,0.000531434,0.05271402,0.001408149,0.3245561,0.000211607,0.000362444,0.508276,0.000343149,0.000574041,0.49181834,0.53256196,0.5897357,0.9702814,0.060857844,0.000201756,0.9206741,0.000173271,0.000206929,0.26220015,0.0000855,0.000335304,0.000600757,0.18920684,0.000487322,0.000341446,0.2145766,0.000206848,0.000174017,0.17764167,0.06650924,0.112173,0.99987113,0.000544918,0.000257183,0.43317702,0.00012838,0.00025849,0.18142477,0.048811335,0.061581362,0.85914445,0.49551862,0.5391933,0.86064917,0.54487354,0.000570567,0.38480058,0.000255639,0.001089712,0.850339,0.000337225,0.31137505,0.4981787,0.7179464,0.06720192,0.69541466,0.000397043,0.1561048,0.000181498,0.000742226,0.17475756,0.00020872,0.013607555,0.42787755,0.000708841,0.00015612,0.16799946,0.000218496,0.69968224,0.5144642,0.7330343,0.000820493,0.000466308,0.19314557,0.00033832,0.000213729,0.18608359,0.0000876,0.013979287,0.18927233,0.000379642,0.000168637,0.43929613,0.7141339,0.073068455,0.99973804,0.6810114,0.68527275,0.9997383,0.7051521,0.06081052,0.35603857,0.000320339,0.000357657,0.9997403,0.0721476,0.5921822,0.1800734,0.45567042,0.000211951,0.713138,0.75404286,0.9992791,0.0561342,0.04627176,0.4376253,0.000594495,0.72832793,0.49762926,0.7270948,0.001006972,0.8857631,0.001514721,0.6431445,0.70521426,0.50916594,0.000620607,0.030208537,0.19361721,0.6780841,0.058391336,0.9134567,0.000267187,0.45668474,0.20635268,0.73260087,0.05672538,0.41688737,0.000181406,0.001502108,0.99983144,0.06476794,0.5711985,0.18079917,0.5238528,0.000370423,0.049931668,0.039568063,0.41150782,0.000454798,0.70090616,0.49908626,0.739031,0.00090624,0.8752381,0.000222197,0.47219563,0.5508405,0.18502435,0.046815053,0.7250677,0.57750106,0.000141522,0.00014463,0.18281326,0.5081117,0.079725444,0.41843712,0.5881849,0.001229275,0.42792436,0.011452013,0.000128276,0.09473919,0.000227547,0.8372096,0.000289388,0.000186186,0.45547366,0.010911119,0.000294274,0.000337267,0.3988939,0.000556901,0.001691949,0.1931963,0.04798034,0.60493237,0.19472131,0.000530771,0.000171631,0.046976775,0.000161395,0.18230292,0.00027817,0.035878938,0.00030417,0.36827508,0.041683692,0.64646965,0.06983571
1376,5,0.002433732,0.001568927,0.9861318,0.0000184,0.0000209,0.99707603,0.18358204,0.1957749,0.99730384,0.1617107,0.0000318,0.034551747,0.002170261,0.001835705,0.99726427,0.000021,0.95638525,0.8259288,0.18818684,0.0000581,0.002162663,0.000048,0.24088602,0.0000365,0.0000336,0.24039769,0.0000327,0.0000365,0.29426178,0.19949266,0.9512026,0.81935406,0.002797985,0.0000244,0.67656153,0.0000204,0.0000223,0.2775074,0.0000192,0.0000205,0.0000369,0.8399279,0.0000303,0.0000485,0.8148426,0.0000186,0.000016,0.86530894,0.002140004,0.20651977,0.99998355,0.0000308,0.0000231,0.04588395,0.000016,0.0000247,0.86416304,0.003164703,0.003563372,0.98536575,0.1669202,0.13609025,0.98749,0.1554549,0.0000258,0.044505235,0.0000252,0.0000514,0.99049157,0.0000319,0.9580062,0.83251,0.15441988,0.00340109,0.15371197,0.0000192,0.85867745,0.0000345,0.0000475,0.82176185,0.0000139,0.2090243,0.040828366,0.0000258,0.0000239,0.86659503,0.0000173,0.1396678,0.82765615,0.17529525,0.0000466,0.0000161,0.8571344,0.000049,0.000027,0.8530439,0.0000191,0.19921747,0.83577955,0.0000103,0.0000228,0.044845384,0.14010565,0.002098623,0.9999831,0.1634061,0.13251168,0.9999858,0.1493201,0.002735672,0.046053033,0.0000222,0.0000229,0.99997675,0.001385203,0.94393706,0.85586417,0.16966982,0.0000183,0.13508563,0.13573359,0.9999635,0.002563454,0.18099886,0.052442525,0.0000457,0.15031181,0.8261377,0.15691589,0.0000416,0.9877966,0.0000537,0.16005354,0.15115713,0.83269566,0.0000226,0.2573314,0.8611471,0.12621152,0.001805729,0.2945943,0.0000522,0.17918861,0.8460152,0.15884441,0.001889245,0.04981178,0.0000177,0.0000852,0.99997044,0.002959577,0.9577238,0.8557609,0.16266282,0.0000207,0.001910468,0.22697878,0.046250615,0.0000188,0.13708569,0.8103027,0.16860813,0.0000493,0.9881931,0.0000176,0.19240372,0.62895554,0.8463029,0.002863906,0.110228695,0.0347502,0.0000144,0.0000179,0.85987407,0.6820482,0.002149072,0.050733145,0.5800311,0.0000575,0.043139353,0.21058252,0.000021,0.21539554,0.0000127,0.37337053,0.0000263,0.0000225,0.04372658,0.17929472,0.0000269,0.0000257,0.04904215,0.0000211,0.0000275,0.8412567,0.002677108,0.95162976,0.86880046,0.0000495,0.0000241,0.001581004,0.0000147,0.8376548,0.0000202,0.67335176,0.0000316,0.04255111,0.002480811,0.15252294,0.0017853
1377,6,0.002776656,0.002239808,0.99163765,0.00000345,0.00000626,0.99750984,0.0806024,0.087540336,0.9978751,0.08282148,0.00000794,0.046055622,0.00257712,0.002552364,0.9965383,0.00000359,0.95393234,0.9423563,0.061067693,0.0000095,0.002364905,0.00000804,0.17172419,0.0000109,0.00000535,0.20737246,0.00000733,0.0000105,0.20477492,0.08252083,0.9529097,0.8733753,0.004411271,0.00000395,0.7434775,0.00000558,0.00000748,0.20737657,0.0000027,0.00000406,0.00000981,0.9380964,0.00000757,0.00000776,0.926865,0.00000527,0.00000204,0.9318153,0.001891509,0.11650285,0.9999956,0.00000486,0.00000727,0.04600088,0.00000325,0.00000824,0.9335512,0.00347618,0.00355417,0.9929817,0.08816329,0.068155505,0.99194956,0.07081694,0.00000424,0.05171249,0.00000624,0.00000699,0.99264365,0.000005,0.9478731,0.9073128,0.08845618,0.00282433,0.0662486,0.00000282,0.9305932,0.0000058,0.00000871,0.9061481,0.00000393,0.13384455,0.049164683,0.00000515,0.00000375,0.9279669,0.00000469,0.0650705,0.8787892,0.0823554,0.00000782,0.00000207,0.9201008,0.00000901,0.00000611,0.93329775,0.00000359,0.103365906,0.92489815,0.0000025,0.00000522,0.05212403,0.06416558,0.002763966,0.99999523,0.07767824,0.06992692,0.9999958,0.049494404,0.002439689,0.054307777,0.00000564,0.0000049,0.9999944,0.001569799,0.95121896,0.9333213,0.078267135,0.00000239,0.050513748,0.07496113,0.9999962,0.002618042,0.1117301,0.04647862,0.0000109,0.069108725,0.9396188,0.08840996,0.00000556,0.99299735,0.0000134,0.062242072,0.05837333,0.91692847,0.00000501,0.1352098,0.8976399,0.06464121,0.002326272,0.39288178,0.0000143,0.07903419,0.9098077,0.074750386,0.002647675,0.037570305,0.00000318,0.000014,0.9999932,0.003626234,0.95083296,0.93458056,0.058241934,0.00000358,0.001977098,0.15924338,0.039686497,0.00000414,0.06959879,0.90618175,0.07223477,0.00000814,0.99137056,0.0000021,0.08064998,0.70099944,0.92291033,0.002435672,0.07027191,0.049851518,0.0000051,0.0000032,0.9248642,0.80495,0.002667602,0.05060676,0.6048234,0.000016,0.04578675,0.11738949,0.00000843,0.16299728,0.00000221,0.39822847,0.00000527,0.00000354,0.054772172,0.107350074,0.00000579,0.00000763,0.04286183,0.00000345,0.00000631,0.9275504,0.004167628,0.96126777,0.91610503,0.00000805,0.00000464,0.001844233,0.0000036,0.910304,0.00000476,0.5868281,0.00000687,0.0411994,0.003477074,0.053598613,0.002483061
1378,6,0.015008719,0.007062601,0.9973743,6.48E-08,0.00000036,0.9856054,0.99007154,0.9912628,0.9870591,0.98987156,8.75E-08,0.003527518,0.009709283,0.00794505,0.9899284,0.000000153,0.99721473,0.001817224,0.99122334,0.00000118,0.010674631,0.00000224,0.0000281,0.000000151,0.000000823,0.00016478,0.000000288,0.000000265,0.000160693,0.9912742,0.99992347,0.99990296,0.015564997,0.000000163,0.9644747,8.16E-08,9.16E-08,0.0000309,1.56E-08,0.000000915,0.000000412,0.001641219,0.0000018,7.16E-08,0.001179264,0.000000105,9.93E-08,0.001956088,0.010477715,0.002683784,0.9999999,6.06E-08,0.000000654,0.0000812,1.17E-08,0.000000356,0.00263773,0.012773407,0.013485489,0.99742436,0.9913005,0.991791,0.9978345,0.9905261,0.000000165,0.0000591,3.28E-08,0.00000312,0.998099,0.000000123,0.9977851,0.008772182,0.99763167,0.010483752,0.99742043,0.000000439,0.002628037,0.000000444,0.000000489,0.00198706,9.66E-08,0.00000661,0.000121656,0.00000257,8.68E-08,0.00183102,0.000000205,0.99597496,0.009487811,0.9963403,0.000000389,0.000000744,0.002019446,0.000000276,0.000000168,0.00287379,0.000000203,0.00000771,0.001967137,0.000000306,5.52E-08,0.0000897,0.99756336,0.00968468,0.99999976,0.99705577,0.9976324,0.99999976,0.9976012,0.018474488,0.000172204,0.000000233,0.000000145,0.99999976,0.011947682,0.99980265,0.001766099,0.9931666,3.91E-08,0.9960765,0.9972465,0.9999999,0.015305312,0.000100374,0.000106158,0.00000206,0.996702,0.013964453,0.99739444,0.00000292,0.99708706,0.00000133,0.9980269,0.99750406,0.009270522,0.00000278,0.0000951,0.002159303,0.9967776,0.009908874,0.9889255,0.000000178,0.9932765,0.002486867,0.9975683,0.008282663,0.0000969,9.77E-08,0.00000667,0.99999964,0.013587485,0.99986506,0.002703382,0.99114406,0.000000276,0.009910198,0.000150969,0.000106752,0.000000209,0.9973029,0.00731505,0.9976553,0.0000013,0.99751544,0.000000112,0.9909224,0.97479385,0.00237433,0.013989102,0.9968696,0.002272209,0.000000109,3.69E-08,0.001873215,0.999879,0.008845733,0.000108143,0.976115,0.00000531,0.000147193,0.00000901,9.93E-08,0.002472697,5.49E-08,0.9679069,0.000000118,9.06E-08,0.00013619,0.00000431,0.000000361,0.000000203,0.000082,0.000000288,0.00000299,0.001314444,0.009524105,0.9999194,0.002718741,0.000000735,0.000000262,0.009191687,0.000000187,0.002517578,0.000000412,0.008846816,0.000000228,0.000128597,0.015217814,0.99739814,0.008975414
1379,6,0.000529966,0.000376824,0.99857783,0.000000229,0.000000375,0.99964917,0.24703607,0.29421318,0.99952316,0.26607326,0.000000447,0.005180455,0.000359931,0.000641974,0.9995478,0.000000128,0.9960848,0.7440104,0.25892738,0.00000195,0.000482848,0.00000161,0.001745201,0.000000297,0.000000249,0.003180211,0.00000119,0.000000354,0.001887029,0.26734743,0.99919933,0.9966989,0.000388867,0.000000838,0.29393777,0.000000475,0.000000716,0.002946035,0.000000195,0.00000062,0.0000006,0.6853131,0.00000314,0.000000227,0.6732923,0.000000434,0.000000267,0.7064993,0.000451085,0.005613405,0.9999994,0.000000617,0.00000163,0.001284616,0.000000209,0.000000447,0.7314127,0.000294062,0.000144848,0.9986058,0.29371274,0.34073594,0.99822086,0.28686735,0.000000657,0.001327687,0.000000119,0.00000162,0.9980204,0.000000375,0.9927256,0.6960453,0.26908925,0.000400987,0.31641236,0.000000371,0.6811658,0.000000974,0.000000796,0.7500451,7.61E-08,0.001603633,0.002545296,0.0000024,0.000000357,0.6710727,0.000000209,0.27757874,0.7164272,0.2601201,0.00000194,0.000000639,0.6845776,0.000000767,0.000000593,0.73604476,0.000000463,0.002165215,0.7056067,0.000000387,0.000000336,0.001633099,0.3028423,0.000397164,0.9999994,0.26021692,0.27401993,0.9999994,0.29335433,0.000324065,0.001961974,0.000000396,0.000000251,0.99999857,0.000481011,0.9981902,0.7112669,0.2808932,0.000000263,0.25876585,0.2658395,0.99999964,0.0004712,0.003095113,0.000979971,0.0000031,0.27787834,0.70560503,0.27326545,0.00000388,0.9988431,0.00000228,0.28730986,0.2503239,0.72960657,0.00000159,0.002729526,0.7171392,0.27718228,0.000266993,0.29730168,0.000000411,0.25280887,0.7297677,0.2842417,0.000411321,0.001714726,0.000000494,0.00000363,0.99999845,0.000657884,0.9982039,0.7405449,0.31556925,0.00000099,0.000414913,0.002932313,0.001034541,0.000000324,0.2652502,0.7445653,0.27681258,0.00000268,0.9985543,8.38E-08,0.25639275,0.29726753,0.7579428,0.000334365,0.29227906,0.003591831,0.000000752,0.000000181,0.70845455,0.9975222,0.000368185,0.001768579,0.29397473,0.00000804,0.00113878,0.001847984,0.000000256,0.005166216,0.000000243,0.33686677,0.000000288,0.0000006,0.001617596,0.002107677,0.000000662,0.000000532,0.00151086,0.000000869,0.00000473,0.71513575,0.000227748,0.9985135,0.7106564,0.00000124,0.000000879,0.000476102,0.000000724,0.7394258,0.000000943,0.6848509,0.00000117,0.001377319,0.000667521,0.2863597,0.000754494
1380,6,0.018951528,0.014693731,0.8754063,0.000124494,0.000147703,0.97399616,0.63254184,0.69476813,0.98131233,0.62128615,0.000158929,0.03350332,0.024338884,0.014913192,0.97568136,0.00011254,0.9442475,0.15850076,0.6199293,0.000531832,0.013378529,0.000574038,0.10745931,0.000167132,0.000192748,0.2649264,0.000116049,0.000243047,0.31274745,0.66589403,0.9767637,0.74060684,0.03008664,0.000142555,0.9035427,0.000103104,0.0000852,0.114601,0.0000509,0.000281851,0.00038605,0.1932356,0.000258746,0.000236308,0.15760866,0.0000763,0.000051,0.1984226,0.016674567,0.12782814,0.9999217,0.000375386,0.000257369,0.019821106,0.0000694,0.000250975,0.19643071,0.025253031,0.022563584,0.8944693,0.6518352,0.58224237,0.90329814,0.6530704,0.000065,0.018417766,0.00018556,0.000308042,0.92036974,0.000261781,0.9037369,0.32212436,0.6649246,0.021552708,0.66494584,0.000116682,0.1839758,0.0001848,0.000250537,0.16738428,0.0000912,0.11010442,0.020123493,0.000198602,0.0000959,0.17679657,0.0000912,0.61772835,0.3178689,0.66109,0.000276292,0.00022776,0.20184487,0.000353548,0.000159511,0.15116647,0.000071,0.09558551,0.19254564,0.000106087,0.000132391,0.019933162,0.67249906,0.019556215,0.99990416,0.673632,0.6885443,0.9998611,0.6737774,0.022031069,0.024603704,0.000154991,0.000111618,0.99986935,0.012094009,0.97747153,0.18087722,0.6546861,0.0000787,0.616226,0.64432174,0.9998306,0.020552943,0.26910076,0.019477505,0.000487295,0.6209819,0.42184427,0.71259457,0.000422827,0.9131915,0.000636199,0.696512,0.6745859,0.31598666,0.000301376,0.31410357,0.17702422,0.69458294,0.013144841,0.63773143,0.000325348,0.624965,0.19169243,0.6703329,0.018663352,0.018053332,0.0000736,0.000754885,0.9998318,0.019828437,0.97897345,0.22378138,0.62395877,0.000205237,0.013220035,0.3257441,0.018881083,0.000183843,0.63989526,0.332471,0.67168295,0.000470734,0.9080483,0.0000757,0.6363622,0.8870029,0.16853827,0.024032764,0.6367226,0.045598496,0.0000894,0.000111706,0.20141804,0.6388603,0.018505327,0.022493076,0.86756647,0.000566027,0.021726558,0.11610582,0.000126484,0.1677691,0.0000608,0.64384466,0.000231329,0.0000728,0.024263056,0.09352981,0.00014856,0.000215702,0.021801643,0.000196475,0.000502364,0.1575572,0.02056686,0.97658825,0.16817842,0.000415172,0.0000841,0.013000162,0.0000881,0.15679277,0.000144625,0.22497334,0.000224241,0.019636737,0.021200217,0.6649265,0.01773669
1381,6,0.029604858,0.021113092,0.9295239,0.0000972,0.000192202,0.9688898,0.9099323,0.92699015,0.97482216,0.9142564,0.0000869,0.026044812,0.032466155,0.029576287,0.9721915,0.0000917,0.9756344,0.031595957,0.90719026,0.000710833,0.027621541,0.000715479,0.016887333,0.000122164,0.000187247,0.052917354,0.0000888,0.000306665,0.04871923,0.9092186,0.99360573,0.91719115,0.023344833,0.000195003,0.94691646,0.000110622,0.0000687,0.016927557,0.0000276,0.000407754,0.000458601,0.039433636,0.000761525,0.0000914,0.025875874,0.0000638,0.0000626,0.036152545,0.031282946,0.038234636,0.9998841,0.0002463,0.000358892,0.005771558,0.0000549,0.000200542,0.027555304,0.025755009,0.02555006,0.9257493,0.9199974,0.90906525,0.93647146,0.9233491,0.000065,0.006789813,0.000100361,0.000491655,0.91983294,0.000140226,0.9340026,0.0910146,0.9202145,0.027393304,0.92094755,0.000120883,0.03117311,0.000201097,0.000220844,0.026519142,0.000071,0.017349087,0.007336319,0.000460533,0.0000778,0.031358853,0.00012961,0.92912954,0.081921026,0.9346481,0.000368006,0.000427178,0.034484297,0.00019749,0.000141307,0.030714206,0.0000988,0.018229235,0.035096306,0.000170316,0.000122808,0.005502188,0.9189051,0.028066112,0.999876,0.93693334,0.92729294,0.9998373,0.9196405,0.029253397,0.008204799,0.000148629,0.0000929,0.99978286,0.021107337,0.9944958,0.028483734,0.9144112,0.0000551,0.9047302,0.9415142,0.9998698,0.022536458,0.058684956,0.007618455,0.000911009,0.93756557,0.08466962,0.9361249,0.000875642,0.93910176,0.0008701,0.93231225,0.9164487,0.083147965,0.000672181,0.069005355,0.033343863,0.9153695,0.028699901,0.8741379,0.00021657,0.92721206,0.031031456,0.93401986,0.030901473,0.005395555,0.0000817,0.001022526,0.9997843,0.027353061,0.99349314,0.025036773,0.9102889,0.000294252,0.022736322,0.069073275,0.00698719,0.00026053,0.92212725,0.06394554,0.93385726,0.000636344,0.9246591,0.0000506,0.92162097,0.95547456,0.03158213,0.027886312,0.9144035,0.020522723,0.000078,0.0000571,0.03225062,0.95489955,0.023000514,0.008656961,0.95548296,0.001239826,0.006837425,0.015765904,0.0000891,0.040127333,0.0000579,0.8349398,0.000145121,0.0000598,0.007973434,0.016844835,0.0000965,0.000251721,0.005732562,0.000222806,0.001321705,0.026798835,0.030117854,0.99215454,0.032384098,0.000426472,0.0000734,0.027398359,0.00011119,0.032934356,0.000171221,0.05696085,0.000254268,0.008744776,0.02743007,0.93352497,0.032475743
1383,6,0.018309126,0.015626015,0.8746779,0.0000708,0.000118122,0.976654,0.77746946,0.7930252,0.9777206,0.7715082,0.0000728,0.0295855,0.021579372,0.014593875,0.9785377,0.0000621,0.96832037,0.06484626,0.74542904,0.000455164,0.014898488,0.000452466,0.034661938,0.000096,0.000141573,0.15592341,0.0000693,0.000172988,0.15650913,0.7631843,0.9911998,0.8155311,0.025627034,0.000100741,0.92625237,0.0000663,0.0000471,0.037507888,0.0000283,0.000231228,0.000281681,0.0818578,0.000296049,0.000131527,0.055791996,0.0000502,0.0000327,0.067229144,0.016972672,0.07477209,0.9999337,0.000189769,0.000202386,0.008294265,0.0000369,0.000150526,0.06874286,0.02432159,0.022139454,0.8843043,0.79046303,0.7481688,0.8818343,0.7901381,0.0000437,0.008679497,0.0000882,0.000238292,0.8948125,0.000159111,0.8945182,0.20916978,0.80090994,0.021110822,0.7844166,0.0000649,0.06869713,0.000118349,0.000137004,0.057372652,0.0000561,0.043762222,0.008386075,0.000174446,0.0000595,0.071770504,0.000066,0.774914,0.20184778,0.794223,0.000249038,0.00016829,0.07116025,0.000223844,0.00011526,0.057644803,0.0000492,0.040397167,0.078052275,0.0000834,0.0000917,0.00685451,0.7756973,0.019990627,0.9999281,0.79502124,0.8097088,0.9998994,0.7596317,0.020639356,0.01085778,0.000113023,0.0000697,0.9998946,0.011933595,0.99040246,0.07128485,0.75220597,0.0000384,0.7515491,0.79885477,0.9998957,0.020784594,0.1911984,0.007370297,0.000519079,0.79343456,0.25558493,0.8143668,0.000338657,0.90195256,0.00044662,0.7853518,0.7847245,0.19678478,0.000267019,0.21492243,0.06428203,0.79090536,0.01550677,0.7014414,0.000221975,0.7535483,0.07743763,0.808488,0.01848613,0.007701082,0.00005,0.000545218,0.99986327,0.018797345,0.9907404,0.06819509,0.76757157,0.000138592,0.013129449,0.21565467,0.008433281,0.000141774,0.7880658,0.20293218,0.78519493,0.000324239,0.88275117,0.0000353,0.75479585,0.92973226,0.061520133,0.020848345,0.77962273,0.028311476,0.0000634,0.0000584,0.08336601,0.82799333,0.01629293,0.010188972,0.92812264,0.000539509,0.009267243,0.04212789,0.0000731,0.08292497,0.0000353,0.7020436,0.000142136,0.0000505,0.010459409,0.040766183,0.000097,0.000146858,0.008416116,0.000150971,0.000427295,0.06497801,0.020012764,0.9917772,0.068680935,0.000326961,0.0000499,0.013296803,0.000073,0.065859966,0.000098,0.108426794,0.000155717,0.008345958,0.01715818,0.78767,0.019357665
1384,6,0.000596107,0.000270585,0.9878083,0.00000428,0.00000841,0.9994678,0.20524019,0.18791425,0.9994746,0.21067734,0.00000757,0.02169004,0.000319149,0.000588604,0.999443,0.00000597,0.97194856,0.6928037,0.2450509,0.0000228,0.00057332,0.0000268,0.4099392,0.00000646,0.000012,0.5220745,0.0000194,0.0000125,0.49568102,0.26146337,0.96857667,0.6680431,0.000809646,0.00000821,0.8678702,0.00000719,0.00000893,0.47889215,0.00000559,0.00000859,0.0000131,0.6882375,0.00000796,0.0000174,0.64503336,0.00000645,0.00000706,0.75571793,0.000407823,0.36466184,0.99999416,0.0000169,0.00000455,0.03733643,0.00000591,0.00000503,0.755215,0.00045167,0.000418459,0.9814461,0.25257847,0.180059,0.9853747,0.2280889,0.0000113,0.03815711,0.00000663,0.0000314,0.9895285,0.0000108,0.9655108,0.802586,0.2117402,0.000406856,0.21153547,0.00000936,0.7188449,0.0000112,0.0000161,0.7514719,0.00000195,0.29244772,0.043836452,0.0000113,0.00000933,0.7657692,0.00000355,0.18997063,0.78746027,0.2109027,0.0000245,0.0000098,0.7276992,0.0000164,0.00000964,0.7124182,0.00000496,0.32249758,0.6802274,0.00000445,0.00000828,0.0415808,0.17922871,0.000494759,0.99999464,0.21860367,0.18620077,0.9999945,0.22962362,0.000680838,0.048536416,0.00000754,0.00000765,0.9999933,0.000483908,0.9510504,0.6618106,0.23102123,0.00000898,0.18679595,0.2052747,0.9999864,0.000661691,0.36331,0.046170857,0.0000139,0.1690526,0.79478073,0.17850384,0.0000286,0.98552346,0.0000306,0.21522297,0.2473311,0.7641534,0.0000104,0.4312744,0.7564713,0.18264167,0.000413066,0.22081016,0.00000976,0.22604525,0.75465316,0.16737469,0.000359542,0.04170823,0.00000885,0.0000642,0.99999046,0.000671175,0.95279735,0.7062185,0.21649331,0.0000133,0.000393908,0.3697459,0.041740354,0.00000863,0.21539335,0.71493536,0.18638878,0.0000298,0.9853616,0.00000503,0.17959967,0.8385552,0.7243185,0.000530173,0.17652898,0.026492005,0.00000698,0.00000767,0.7354561,0.4823919,0.000327844,0.032864977,0.8347561,0.0000206,0.041651458,0.2973179,0.00000338,0.30159232,0.00000368,0.31942087,0.00000702,0.00000892,0.051346403,0.35831264,0.0000127,0.0000107,0.0342455,0.0000232,0.0000335,0.65465164,0.000392824,0.9588913,0.7555241,0.0000238,0.0000126,0.000327793,0.00000291,0.7043665,0.0000082,0.65364164,0.0000148,0.032335658,0.000342311,0.22456448,0.000472674
1387,6,0.0000939,0.0000471,0.998898,0.00000177,0.00000247,0.9998944,0.019091956,0.02065609,0.999913,0.023240665,0.00000232,0.01050724,0.0000803,0.000149423,0.9998845,0.00000142,0.9893036,0.9832503,0.018711984,0.0000111,0.0000911,0.00000576,0.33009407,0.00000217,0.00000285,0.27492094,0.0000149,0.00000314,0.27580553,0.021841785,0.9889682,0.78610617,0.000123499,0.00000442,0.4875115,0.00000439,0.00000745,0.4114163,0.00000296,0.00000204,0.00000429,0.98439413,0.00000353,0.0000054,0.9863027,0.00000312,0.00000243,0.9873827,0.0000757,0.34691373,0.99999654,0.00000621,0.00000368,0.010367413,0.00000394,0.00000258,0.98840135,0.0000653,0.0000723,0.99847704,0.027148312,0.021325743,0.9990847,0.01970504,0.00000739,0.015057743,0.00000268,0.00000834,0.9988894,0.00000478,0.9935313,0.97591895,0.019838672,0.00010983,0.019546626,0.00000316,0.9830645,0.00000427,0.00000479,0.983881,0.000000441,0.36682066,0.015030948,0.00000291,0.0000027,0.98976994,0.00000147,0.018899221,0.9804246,0.0198794,0.00000902,0.00000305,0.98630106,0.00000429,0.00000298,0.986661,0.00000198,0.31415182,0.9855735,0.0000018,0.00000269,0.018466767,0.016054738,0.0000928,0.999997,0.02143312,0.026653744,0.999997,0.019187925,0.000118305,0.018914456,0.00000355,0.0000022,0.99999607,0.000118683,0.9815564,0.98108095,0.022045923,0.00000447,0.01792322,0.02003823,0.99999595,0.000109603,0.20712042,0.013191774,0.00000582,0.018703569,0.97644275,0.021777576,0.00000939,0.9992505,0.00000696,0.031950854,0.021796305,0.97965884,0.00000164,0.20891596,0.9848807,0.01841323,0.0000484,0.06697054,0.00000293,0.01901877,0.98879004,0.022825763,0.0000857,0.016218971,0.0000046,0.0000212,0.99999464,0.0000827,0.985067,0.98815084,0.024691086,0.00000534,0.0000751,0.235976,0.011079446,0.00000204,0.03404774,0.97670126,0.021783173,0.0000138,0.99908435,0.00000116,0.018859794,0.49790892,0.98523766,0.000119479,0.017604496,0.012821692,0.00000321,0.00000326,0.98690885,0.7121482,0.0000656,0.014490221,0.4629358,0.00000756,0.011802565,0.36702567,0.000000954,0.33417186,0.00000133,0.07306858,0.00000264,0.00000451,0.018295096,0.35191235,0.00000487,0.00000329,0.014331741,0.00000728,0.00000905,0.98120844,0.0000478,0.9839184,0.9858262,0.00000931,0.0000054,0.0000906,0.0000011,0.98596245,0.00000362,0.96728915,0.00000624,0.009487578,0.000084,0.021388553,0.000118593
1389,1,0.0000146,0.00000765,0.9999008,9.21E-11,1.43E-10,0.99999535,0.00000441,0.00000419,0.9999914,0.00000359,9.63E-10,0.044045188,0.00000433,0.00000805,0.99999213,1.71E-10,0.94977045,0.9999993,0.0000016,2.82E-10,0.0000195,5.1E-11,0.20759347,2.33E-09,3.23E-10,0.24085349,1.45E-09,2.52E-10,0.218866,0.00000415,0.96102077,0.8800085,0.00000806,4.17E-10,0.11654375,9.69E-10,2.79E-09,0.20896344,7.53E-10,6.28E-11,1.63E-10,0.9999969,3.33E-10,1.78E-09,0.9999975,1.04E-09,3.75E-10,0.99999714,0.00000768,0.15526164,1,6.02E-11,5.05E-10,0.037620813,5.4E-10,3.01E-10,0.9999981,0.00000944,0.0000136,0.99992096,0.00000314,0.00000485,0.9998826,0.00000249,8.9E-10,0.03821762,5.15E-10,1.42E-10,0.99978036,5.93E-10,0.9551729,0.9999956,0.00000332,0.00000822,0.00000339,5.57E-11,0.99999547,7.19E-10,3.71E-10,0.99999547,2.07E-10,0.13098907,0.044170547,7.09E-11,7.74E-10,0.99999714,9.16E-10,0.00000275,0.9999957,0.00000257,4.47E-10,2.72E-12,0.999995,5.61E-10,7.59E-10,0.9999987,6.73E-10,0.14461988,0.99999607,1.84E-11,7.18E-10,0.039479535,0.00000328,0.00000596,1,0.00000233,0.0000013,1,0.00000133,0.00000628,0.040628236,2.27E-10,5.45E-10,1,0.0000036,0.9542709,0.9999981,0.00000331,1.96E-10,0.000000906,0.0000035,1,0.00000485,0.10774744,0.042716436,6E-10,0.00000382,0.9999964,0.00000398,7.41E-11,0.9998791,2.36E-10,0.00000143,0.00000198,0.99999833,6.72E-11,0.11556189,0.9999981,0.00000179,0.00000966,0.006133571,1.61E-09,0.00000655,0.9999945,0.00000375,0.00000775,0.039289832,4.42E-10,2.57E-10,1,0.0000235,0.95754945,0.99999547,0.00000297,6.21E-11,0.00000901,0.08809494,0.03541096,1.31E-10,0.0000018,0.9999895,0.0000045,2.54E-10,0.99974793,1.46E-10,0.00000457,0.050604895,0.99999666,0.00000482,0.00000312,0.049407575,1.03E-09,3.92E-10,0.9999963,0.78195655,0.00000576,0.03803909,0.05918308,8.26E-10,0.045925763,0.13095091,2.32E-09,0.13413505,8.48E-11,0.008110216,1.32E-10,9.85E-10,0.04190624,0.12704271,6.65E-10,3.13E-10,0.033485945,5.99E-11,1.71E-11,0.9999969,0.0000172,0.9595137,0.99999547,4.17E-10,5.51E-10,0.00000653,6.26E-10,0.9999976,9.52E-11,0.9928848,8.7E-10,0.042518184,0.0000274,0.0000024,0.0000087
1390,1,0.0000199,0.0000162,0.9808132,0.00000117,0.00000264,0.9999763,0.00439859,0.004006998,0.9999807,0.005443838,0.00000301,0.030597577,0.000012,0.0000522,0.9999738,0.00000105,0.9751232,0.9718151,0.003417224,0.00000977,0.0000408,0.00000472,0.96481633,0.00000126,0.000004,0.9859409,0.00000845,0.00000429,0.98626417,0.002935235,0.96368563,0.014869229,0.0000336,0.00000237,0.9919809,0.00000252,0.00000705,0.9685509,0.00000235,0.00000133,0.0000067,0.9719792,0.00000115,0.0000119,0.9783312,0.00000257,0.00000125,0.9811002,0.000021,0.9212718,0.9999975,0.00000411,0.0000017,0.04417966,0.00000595,0.00000184,0.9775128,0.0000174,0.000036,0.9748029,0.005752704,0.003456623,0.9873776,0.004344766,0.00000489,0.055952452,0.00000506,0.00000412,0.9844141,0.00000418,0.92445755,0.9958633,0.002883623,0.0000175,0.003721909,0.00000332,0.97396255,0.00000274,0.00000424,0.9664288,0.000000388,0.95882976,0.054046698,0.000000773,0.0000018,0.9810637,0.00000171,0.004028546,0.99755245,0.00337408,0.00000663,0.00000215,0.9776424,0.00000192,0.00000325,0.9768446,0.000000735,0.9392058,0.98080164,0.00000263,0.00000234,0.050893776,0.001715665,0.0000265,0.99999857,0.003325553,0.004792139,0.99999774,0.004432467,0.000048,0.07356545,0.00000206,0.0000016,0.999998,0.000023,0.9559383,0.97431684,0.005048876,0.00000568,0.001985129,0.003420434,0.99999666,0.0000266,0.98036826,0.048031136,0.00000608,0.004007754,0.9929333,0.00299213,0.00000596,0.984297,0.0000101,0.007847843,0.003235976,0.995826,0.000000973,0.9766975,0.9768708,0.002805662,0.0000203,0.033236045,0.00000368,0.003700735,0.97551423,0.005342843,0.0000143,0.053112555,0.00000139,0.0000144,0.9999958,0.0000215,0.9470874,0.9761681,0.004337192,0.0000051,0.0000211,0.97993636,0.05780052,0.00000353,0.007074854,0.99523073,0.003611393,0.0000155,0.9866355,0.00000224,0.004152056,0.989792,0.97445923,0.0000213,0.002222699,0.025169773,0.00000288,0.0000039,0.9726073,0.01333199,0.0000125,0.05055348,0.98576653,0.00000346,0.055214755,0.9591247,0.000000737,0.90798056,0.000000795,0.064781465,0.00000188,0.00000409,0.061317466,0.9481744,0.00000531,0.00000509,0.05573504,0.00000665,0.00000982,0.9768926,0.0000101,0.9488324,0.977571,0.00000752,0.00000389,0.0000215,0.000000451,0.97444487,0.00000142,0.8792316,0.00000764,0.043648914,0.0000168,0.004659128,0.0000285
1391,6,0.001503039,0.001190073,0.9992842,0.000000276,0.000000923,0.99932563,0.90560085,0.8946715,0.9991571,0.8929997,0.000000714,0.001821652,0.001416853,0.001837728,0.9980867,0.000000222,0.9988545,0.111253604,0.8963154,0.00000486,0.001032877,0.00000382,0.000427824,0.000000554,0.000000865,0.000453637,0.000000874,0.000000935,0.000366961,0.88357544,0.9998406,0.9990821,0.001120923,0.00000133,0.7836923,0.000000545,0.000000709,0.000567804,0.000000112,0.00000145,0.00000112,0.11639883,0.0000134,0.000000137,0.11174536,0.000000358,0.000000277,0.119585976,0.001621613,0.001682604,0.9999989,0.000000842,0.00000441,0.000216818,0.000000195,0.00000115,0.12578146,0.001014781,0.000540279,0.99940467,0.8987455,0.9061662,0.9991179,0.90955395,0.000000506,0.000281481,0.000000169,0.00000359,0.9986395,0.000000387,0.9979552,0.09817866,0.8922442,0.000817618,0.90416753,0.000000818,0.113696106,0.00000179,0.00000131,0.11910564,0.000000209,0.000361345,0.000509444,0.0000081,0.000000292,0.10950618,0.000000468,0.90559787,0.11478685,0.8983446,0.00000251,0.00000279,0.1215267,0.000000937,0.000000628,0.13771783,0.000000906,0.000408993,0.11620002,0.0000008,0.000000371,0.000380424,0.8962767,0.001025323,0.9999987,0.8921046,0.90003955,0.9999993,0.89444447,0.001034632,0.00046685,0.000000761,0.000000423,0.9999982,0.001252522,0.9997008,0.12652631,0.9061398,0.000000195,0.89998585,0.87737733,0.99999964,0.00159594,0.000695877,0.000218666,0.00000535,0.8902392,0.1042456,0.90973544,0.00000886,0.9994241,0.00000698,0.8901058,0.8920535,0.09469808,0.00000462,0.000546693,0.11732231,0.8897359,0.000998952,0.8579993,0.000000848,0.89864445,0.1098314,0.88568985,0.00178546,0.000400856,0.000000402,0.0000121,0.99999785,0.001040885,0.99973816,0.13696183,0.88961107,0.00000161,0.00128355,0.000823819,0.000235608,0.000000817,0.9019688,0.10981361,0.9208494,0.00000453,0.99919075,0.00000012,0.9109797,0.8019904,0.1234968,0.000957679,0.9087247,0.001112035,0.000000731,0.000000132,0.100647725,0.9996182,0.001133528,0.000380901,0.80943227,0.0000283,0.000249474,0.000341456,0.000000449,0.001799358,0.00000029,0.84240377,0.0000004,0.000000453,0.000307657,0.000368354,0.000000866,0.00000171,0.000326879,0.000000923,0.0000216,0.11936169,0.001164487,0.99959654,0.1130615,0.00000207,0.000001,0.001132661,0.000000872,0.12491868,0.00000139,0.17532247,0.00000149,0.000432801,0.00167016,0.90079224,0.001524275
1393,6,0.001733467,0.000695909,0.9968219,0.00000045,0.00000162,0.998733,0.89906865,0.9021896,0.99855417,0.8964294,0.000000967,0.001948299,0.001791453,0.001740697,0.9983607,0.0000004,0.99893147,0.04741169,0.88721067,0.00000842,0.001216549,0.00000563,0.000816323,0.000000827,0.0000019,0.00186756,0.0000011,0.00000112,0.001898573,0.897877,0.99984896,0.9936639,0.001339959,0.00000219,0.90049005,0.00000109,0.000000842,0.001102317,0.000000226,0.00000298,0.0000019,0.053671636,0.0000145,0.000000347,0.043679766,0.00000057,0.000000458,0.059405785,0.001776452,0.00525942,0.9999982,0.00000201,0.00000557,0.000160083,0.000000418,0.00000154,0.053318884,0.001054024,0.000681122,0.9967147,0.91651464,0.9151671,0.9963993,0.9191009,0.000000779,0.0001907,0.000000444,0.00000576,0.9940375,0.00000115,0.99575293,0.10847455,0.882315,0.001176823,0.90448624,0.000000907,0.05658799,0.00000265,0.00000184,0.06613425,0.000000307,0.001348864,0.000427144,0.00000639,0.000000583,0.052256335,0.000000582,0.90738606,0.1109427,0.9064155,0.00000545,0.00000239,0.06986607,0.00000209,0.00000124,0.06477888,0.000001,0.001538417,0.058561116,0.000000829,0.0000009,0.000256935,0.8928447,0.000983226,0.9999987,0.9072833,0.9102824,0.99999905,0.8912337,0.001484701,0.000378903,0.00000133,0.000000591,0.999998,0.001076638,0.9996885,0.061517738,0.90550905,0.000000397,0.87404877,0.89727694,0.99999917,0.001525507,0.004609553,0.000193635,0.0000115,0.8898795,0.11063879,0.90500224,0.0000124,0.99703026,0.00000702,0.926292,0.8851,0.09351926,0.0000064,0.00488468,0.066332825,0.86918783,0.000840448,0.8044404,0.00000153,0.8999506,0.056483045,0.9009843,0.001619175,0.000308166,0.000000705,0.0000188,0.9999958,0.001176312,0.9997677,0.055227883,0.8969654,0.00000255,0.001298785,0.005314143,0.000222811,0.00000166,0.9087335,0.103945434,0.9212117,0.00000672,0.9966912,0.000000184,0.92678756,0.9227999,0.06089638,0.00130619,0.90257704,0.000948266,0.000000944,0.000000337,0.05630099,0.9980281,0.000921361,0.000357381,0.91819376,0.0000282,0.000185713,0.001498911,0.000000615,0.004063102,0.000000439,0.7706975,0.000000522,0.000000741,0.00030675,0.001407963,0.00000105,0.00000182,0.000255757,0.00000173,0.0000217,0.04986367,0.001090723,0.9996351,0.062757954,0.00000431,0.0000011,0.001204169,0.00000131,0.06260131,0.00000167,0.13552557,0.00000261,0.000314182,0.001557305,0.9087696,0.001619361
1395,1,0.00000502,0.00000281,0.9942095,0.000000317,0.000000505,0.99999523,0.000728378,0.00070973,0.9999958,0.001048545,0.000000645,0.016750317,0.00000231,0.0000139,0.999995,0.000000244,0.9861545,0.99580944,0.000491464,0.00000239,0.000011,0.000000718,0.9569245,0.000000313,0.000000792,0.9775328,0.0000022,0.000000716,0.98158413,0.000522557,0.9869515,0.01704356,0.00000791,0.000000704,0.98006666,0.000000615,0.00000252,0.9638684,0.000000857,0.000000284,0.00000141,0.9945589,0.000000331,0.00000284,0.9971597,0.00000104,0.000000323,0.997288,0.00000354,0.9496783,0.9999989,0.000000713,0.000000663,0.021034338,0.000002,0.00000041,0.9977145,0.00000272,0.00000781,0.9941375,0.001151576,0.000761099,0.99692446,0.000588901,0.00000138,0.027929787,0.00000127,0.000000694,0.99537575,0.000000996,0.96980125,0.99924976,0.000463483,0.00000454,0.000839813,0.000000554,0.9958313,0.000000593,0.000000705,0.9932454,6.07E-08,0.974777,0.02988213,0.000000133,0.000000504,0.99759656,0.000000469,0.000694015,0.99947566,0.000586478,0.00000149,0.000000376,0.9969392,0.000000422,0.00000099,0.997216,0.000000218,0.9630556,0.99760264,0.000000572,0.000000469,0.027005935,0.000251157,0.00000445,0.9999995,0.000561511,0.000873198,0.9999994,0.000829675,0.0000087,0.03584981,0.000000474,0.000000265,0.9999993,0.00000549,0.97395724,0.99633336,0.00098728,0.0000019,0.000322105,0.000666735,0.9999995,0.0000051,0.97670865,0.025449647,0.00000149,0.000880194,0.9990018,0.000510043,0.00000113,0.99648345,0.00000169,0.001651887,0.000573622,0.9993218,0.000000143,0.9775823,0.99698037,0.000469087,0.00000304,0.009600108,0.000000938,0.00064883,0.99705863,0.001130696,0.00000247,0.03258278,0.000000447,0.00000255,0.99999845,0.00000513,0.9748882,0.9969754,0.000834805,0.00000147,0.00000371,0.98221785,0.026019646,0.000000529,0.001426347,0.9992549,0.000612918,0.00000358,0.9968008,0.000000495,0.000839158,0.979257,0.9966466,0.00000514,0.000358331,0.016933843,0.000000974,0.000000966,0.9970631,0.01834807,0.00000208,0.027369937,0.9775335,0.000000707,0.027440362,0.97469056,0.000000192,0.9514816,0.000000182,0.0177124,0.000000413,0.00000151,0.03641727,0.9677407,0.00000165,0.000000772,0.025408529,0.00000115,0.00000163,0.99660945,0.00000166,0.9765132,0.9961241,0.00000139,0.00000129,0.00000458,0.000000168,0.996662,0.000000511,0.9680256,0.00000255,0.01980642,0.00000484,0.000764506,0.00000734
1398,5,0.0000491,0.0000322,0.99995315,3.58E-10,8.96E-10,0.99998736,0.0000387,0.0000309,0.9999672,0.0000309,5.15E-09,0.01097746,0.0000146,0.0000183,0.9999739,9.4E-10,0.9856962,0.9999957,0.0000251,1.48E-09,0.0000445,2.4E-10,0.013650831,5.21E-09,1.64E-09,0.009266691,1.51E-08,8.67E-10,0.008291112,0.0000318,0.9930194,0.9920065,0.0000199,3.95E-09,0.01009124,3.25E-09,0.000000013,0.010341789,2.68E-09,3.63E-10,5.63E-10,0.9999893,3.86E-09,3.92E-09,0.9999925,4.81E-09,3.16E-09,0.9999858,0.000032,0.017994408,1,2.39E-10,4.97E-09,0.007390901,1.34E-09,1.75E-09,0.9999919,0.0000304,0.0000354,0.9999627,0.0000215,0.000044,0.99994016,0.0000238,4.37E-09,0.006478914,8.97E-10,1.42E-09,0.999894,1.95E-09,0.9919418,0.9999597,0.0000177,0.0000222,0.0000239,4.88E-10,0.99998033,6.44E-09,2.05E-09,0.9999852,8.31E-10,0.00751136,0.007479579,1.18E-09,3.72E-09,0.99998415,3.4E-09,0.0000272,0.9999733,0.0000194,2.61E-09,5.01E-11,0.9999857,1.39E-09,2.11E-09,0.99999213,5.96E-09,0.01227471,0.9999895,1.2E-10,1.95E-09,0.006692806,0.0000289,0.0000118,1,0.0000144,0.0000123,1,0.0000128,0.0000182,0.007629629,1.21E-09,2.11E-09,1,0.0000223,0.9918691,0.9999926,0.0000247,7.31E-10,0.0000162,0.0000297,1,0.000023,0.006894406,0.006576998,2.79E-09,0.0000313,0.999964,0.0000258,6.94E-10,0.99994946,1.57E-09,0.0000102,0.0000189,0.99998283,4.89E-10,0.006505909,0.9999931,0.00002,0.0000266,0.003295176,3.55E-09,0.0000364,0.9999831,0.0000302,0.0000303,0.00684723,1.85E-09,2.32E-09,1,0.0000551,0.99377173,0.99998474,0.0000324,5.27E-10,0.0000324,0.004318724,0.00645735,7.2E-10,0.0000145,0.99994636,0.0000308,9.95E-10,0.99989605,5.98E-10,0.0000309,0.006513783,0.99998593,0.0000159,0.0000276,0.012023585,8.87E-09,9.02E-10,0.99998677,0.9911233,0.0000155,0.007259791,0.007266423,7.57E-09,0.008056716,0.012499861,8.39E-09,0.015617508,4.58E-10,0.007275241,4.73E-10,4.12E-09,0.005745072,0.010699319,5.89E-09,2.22E-09,0.007066107,3.02E-10,1.64E-10,0.9999887,0.0000499,0.9909786,0.9999814,1.85E-09,3.95E-09,0.0000256,2.9E-09,0.9999906,6.39E-10,0.9971111,5.59E-09,0.006428313,0.0000628,0.000029,0.0000264
1399,6,0.004597336,0.00337577,0.99554896,0.00000184,0.00000344,0.99754757,0.58849025,0.6757874,0.9974171,0.56688744,0.00000365,0.010324722,0.004653732,0.008952277,0.9954412,0.000001,0.9921929,0.36763647,0.58802974,0.0000152,0.004391655,0.000013,0.001911431,0.00000283,0.0000024,0.003317871,0.00000519,0.00000371,0.002326789,0.60952985,0.99882,0.9954756,0.002992088,0.00000576,0.61322224,0.00000351,0.00000503,0.003416808,0.000000954,0.00000588,0.00000562,0.29486635,0.0000225,0.00000136,0.3191871,0.00000277,0.00000236,0.35239506,0.005147375,0.008060367,0.9999949,0.00000504,0.0000148,0.001617659,0.00000218,0.00000496,0.29057714,0.003007364,0.001276891,0.99578923,0.5784439,0.6808389,0.9958217,0.6032613,0.0000032,0.002116711,0.00000135,0.0000117,0.9917822,0.00000278,0.98897105,0.3923249,0.66098666,0.002879873,0.6896218,0.00000317,0.3090368,0.00000737,0.00000662,0.3360022,0.00000113,0.00137646,0.003290404,0.0000248,0.00000243,0.29128242,0.00000284,0.63648415,0.3978543,0.64130133,0.0000104,0.00000798,0.29185534,0.0000043,0.0000037,0.40193558,0.00000393,0.002165205,0.28476435,0.00000347,0.00000257,0.002835688,0.72285914,0.003988145,0.99999475,0.6581578,0.64476377,0.99999464,0.6743177,0.003023967,0.002531855,0.000003,0.00000178,0.9999894,0.00388839,0.99854773,0.3131911,0.62940305,0.00000149,0.62270033,0.670021,0.99999785,0.003968455,0.002862783,0.001689664,0.0000231,0.68071556,0.33020508,0.6773641,0.0000285,0.9966125,0.0000251,0.6768843,0.60415107,0.41461876,0.0000157,0.003556833,0.3104165,0.6594976,0.003814307,0.6854586,0.00000317,0.61698306,0.317086,0.67302966,0.00486527,0.00204544,0.00000373,0.0000298,0.9999914,0.003653513,0.99808264,0.33182406,0.59982574,0.00000855,0.004503407,0.003662543,0.001483335,0.00000368,0.6845667,0.38175902,0.72908634,0.0000242,0.9955918,0.000000847,0.56964064,0.6352351,0.38574377,0.002824581,0.647597,0.007309456,0.00000418,0.00000107,0.24535483,0.9978496,0.004085913,0.002844734,0.6169671,0.0000691,0.001594105,0.001711576,0.00000295,0.007133199,0.00000196,0.6375739,0.00000203,0.00000297,0.002016307,0.001721157,0.00000296,0.00000885,0.001627422,0.00000826,0.0000584,0.28801262,0.002835221,0.99801093,0.2809174,0.00000939,0.00000484,0.00575032,0.00000502,0.37954617,0.00000727,0.31286988,0.00000784,0.002584695,0.006237221,0.70335287,0.006844918
1400,5,0.000540072,0.000423416,0.9993431,3.55E-08,0.000000102,0.9995357,0.20820518,0.20283838,0.99935573,0.21562426,9.07E-08,0.002499839,0.000297181,0.000286233,0.99953055,5.75E-08,0.9973123,0.83253866,0.21917611,0.000000276,0.000377441,0.000000125,0.000661077,0.000000114,0.000000136,0.00153704,0.000000333,8.26E-08,0.001345798,0.23336162,0.99944526,0.99847394,0.000440917,0.000000141,0.19372994,8.78E-08,0.000000109,0.000628223,3.42E-08,0.000000127,9.33E-08,0.82009554,0.000000501,0.000000073,0.8587632,0.000000101,8.02E-08,0.80796385,0.000434257,0.005014779,0.9999999,0.000000024,0.000000281,0.00058285,1.76E-08,0.000000082,0.84839094,0.000505553,0.000706093,0.9994,0.17402865,0.23447965,0.99940217,0.19379483,0.000000132,0.000545731,2.71E-08,0.000000386,0.99927324,7.76E-08,0.9976781,0.8282235,0.17850491,0.000509972,0.21688841,7.53E-08,0.8158,0.000000283,0.000000179,0.8359541,4.89E-08,0.000635614,0.000596417,0.000000241,7.66E-08,0.7948686,9.55E-08,0.1743951,0.7900507,0.18869793,0.000000183,4.68E-08,0.81802154,0.000000103,9.23E-08,0.831215,0.000000145,0.000855795,0.8235707,0.00000003,0.000000058,0.000620862,0.20050205,0.000261318,0.9999999,0.19961585,0.17298861,1,0.19021259,0.000624486,0.000906684,7.75E-08,6.01E-08,0.9999999,0.000493075,0.99902666,0.8373879,0.17296045,0.000000022,0.1860474,0.22780813,0.9999999,0.000574262,0.001849176,0.000760148,0.000000292,0.22718795,0.8179434,0.20397362,0.000000239,0.9993451,0.000000228,0.19934534,0.23387568,0.80904186,0.000000137,0.002225346,0.833886,0.19278283,0.00043581,0.23755254,9.98E-08,0.20689343,0.85477066,0.24101727,0.00043437,0.000659767,7.59E-08,0.000000576,0.9999999,0.000734781,0.9992816,0.81202906,0.2086929,5.58E-08,0.000509632,0.001576668,0.000550025,5.75E-08,0.17382576,0.78657985,0.20736513,0.000000145,0.99918145,3.37E-08,0.18635526,0.30431193,0.80536526,0.000451392,0.19340251,0.00188935,0.000000113,1.85E-08,0.8402255,0.9986222,0.000327502,0.000603538,0.33742017,0.000000744,0.000758795,0.000848234,8.71E-08,0.005558566,2.62E-08,0.29485065,3.41E-08,8.59E-08,0.000758755,0.000621945,0.000000154,0.000000106,0.00056939,4.37E-08,0.000000119,0.77180994,0.000467333,0.9993,0.7997844,0.000000202,0.000000112,0.000301926,8.37E-08,0.8439675,0.000000103,0.77490264,0.000000174,0.000671409,0.000679535,0.21124338,0.000322551
1401,6,0.006383767,0.00450924,0.9926138,0.00000257,0.00000937,0.9950919,0.9568093,0.954009,0.99532276,0.9631706,0.00000503,0.003907768,0.00724056,0.007267221,0.99350893,0.00000284,0.9974137,0.021206591,0.95234984,0.0000532,0.005532003,0.0000338,0.001023183,0.00000507,0.00000848,0.003022409,0.00000328,0.0000105,0.002581475,0.948651,0.9996431,0.9920276,0.004371407,0.0000102,0.95005655,0.00000445,0.00000305,0.001237521,0.000000685,0.0000194,0.0000141,0.023110038,0.0000883,0.00000163,0.016588137,0.00000203,0.00000234,0.02038415,0.007080165,0.00418866,0.99999344,0.00000655,0.0000282,0.000321074,0.00000177,0.0000109,0.01820126,0.004713128,0.003577211,0.9935961,0.9638172,0.9630891,0.9922361,0.9611814,0.00000253,0.000512407,0.00000234,0.0000271,0.9870618,0.00000376,0.99088484,0.044003785,0.95576936,0.00434963,0.9616119,0.00000544,0.018377326,0.0000128,0.00000943,0.019743523,0.00000233,0.001149516,0.000874185,0.0000443,0.00000206,0.019025564,0.00000561,0.9716859,0.051153768,0.96199656,0.0000191,0.0000272,0.021909451,0.00000728,0.00000552,0.022968177,0.00000574,0.00129773,0.021435251,0.00000888,0.00000351,0.000454128,0.95245874,0.004966294,0.9999931,0.9631799,0.961091,0.99999344,0.9604196,0.005985003,0.000755804,0.00000634,0.00000341,0.9999875,0.005057541,0.9994992,0.01828374,0.9650635,0.0000016,0.9506606,0.96081007,0.9999969,0.005856409,0.004712917,0.000476273,0.0000568,0.96485746,0.039864037,0.96746576,0.0000654,0.99232167,0.0000515,0.9660711,0.95094144,0.04581677,0.0000464,0.003686511,0.021905804,0.95467424,0.005540351,0.9358396,0.00000921,0.9686837,0.01637053,0.9584136,0.007148138,0.000632561,0.00000259,0.000089,0.99998677,0.004886722,0.99950266,0.017224615,0.95844406,0.0000156,0.005464437,0.004457033,0.000591998,0.0000114,0.96583307,0.035189338,0.9722276,0.0000339,0.99009776,0.00000134,0.9692606,0.96120113,0.019577194,0.00507718,0.96448475,0.002421891,0.00000388,0.00000135,0.018878583,0.9977907,0.003654464,0.000645305,0.9678886,0.000176414,0.000488216,0.001072884,0.00000365,0.004404307,0.00000224,0.9027905,0.00000409,0.00000283,0.000584058,0.00106067,0.00000428,0.0000128,0.000516684,0.00000818,0.000158657,0.017585803,0.005817472,0.9991357,0.021749314,0.0000194,0.00000416,0.005782993,0.00000682,0.021723837,0.00000763,0.043067057,0.0000116,0.000942092,0.006393477,0.96805197,0.006667689
1402,5,0.039410096,0.064700045,0.9576538,0.000272402,0.000112605,0.9553615,0.08265351,0.0952396,0.95819795,0.087973855,0.000205399,0.15804893,0.04190948,0.031533655,0.9610309,0.000288358,0.8295258,0.76391983,0.09578067,0.000486907,0.044914007,0.000322695,0.022964625,0.000128443,0.000156478,0.035898283,0.001047369,0.000336335,0.04351147,0.07358898,0.95027,0.97683173,0.02804192,0.000484076,0.1881128,0.00028697,0.000470052,0.019351328,0.000250105,0.000444382,0.000356614,0.7911026,0.000343397,0.00029382,0.8254756,0.000522576,0.000482604,0.7159499,0.037170526,0.070890225,0.999731,0.000153628,0.000717043,0.044644814,0.000161006,0.000167234,0.69090235,0.035113227,0.035953898,0.94271976,0.11052358,0.12757125,0.93839985,0.07380317,0.000536152,0.039552335,0.000206648,0.000559649,0.9600273,0.000138904,0.8451326,0.9230004,0.16639833,0.03260302,0.14912091,0.000255122,0.7159723,0.000323839,0.000496448,0.76338804,0.000182909,0.006105763,0.025578223,0.000356397,0.000414505,0.8021429,0.000284138,0.21697588,0.8701224,0.20070545,0.000261212,0.000512306,0.7537541,0.000324776,0.000205256,0.77872705,0.000382851,0.005413279,0.8183701,0.000657351,0.00020157,0.03751273,0.2006587,0.031825766,0.99965775,0.17500544,0.2188633,0.99952507,0.14837904,0.05297582,0.036893748,0.000440101,0.000261547,0.9994086,0.050838128,0.9437271,0.740063,0.09345808,0.000172957,0.2066826,0.2280325,0.99952126,0.044467166,0.017943224,0.03990842,0.000778374,0.24056005,0.9152644,0.19686414,0.000426402,0.9625493,0.00095247,0.19755578,0.17307548,0.921435,0.0003248,0.023149684,0.7696552,0.24028811,0.071749225,0.43044692,0.000108743,0.10310584,0.7638572,0.15270679,0.050770957,0.027830647,0.000656977,0.000481386,0.99984455,0.044329084,0.9579127,0.7156833,0.10081245,0.000272487,0.053643044,0.016885156,0.029519364,0.000231308,0.22833623,0.89244705,0.18275967,0.000646778,0.95040864,0.000284675,0.12240702,0.11292543,0.69866127,0.036447417,0.18138814,0.14151621,0.000364249,0.000137986,0.7767711,0.97920793,0.042389918,0.02486143,0.097066425,0.000655593,0.031618368,0.007034647,0.00020276,0.044800058,0.000132707,0.22648716,0.000181552,0.000419434,0.027009651,0.005531701,0.000334683,0.000435929,0.032696683,0.000425028,0.000668978,0.7856188,0.032991234,0.9623316,0.7532854,0.000349532,0.000353619,0.072517134,0.000197122,0.78688914,0.000191086,0.554942,0.000375172,0.029557487,0.044947226,0.22886448,0.03766336
1403,5,0.004454578,0.003082243,0.990728,0.0000627,0.000130859,0.9951615,0.23249646,0.23652546,0.9963379,0.2219982,0.000134354,0.06266883,0.005273136,0.004431972,0.99440444,0.0000851,0.93536335,0.7957506,0.23371883,0.00033006,0.003610487,0.000293772,0.45080584,0.00010451,0.000163182,0.3709694,0.000198993,0.000200497,0.37798145,0.21014036,0.9111483,0.8050477,0.004265104,0.000102432,0.842053,0.000105938,0.000150595,0.47054568,0.0000488,0.0000756,0.000196948,0.83469534,0.000147664,0.00019776,0.8232097,0.0000685,0.0000767,0.85053074,0.005256113,0.22488925,0.99993825,0.000293479,0.000116303,0.08141088,0.0000905,0.000147144,0.8191387,0.004464473,0.00461215,0.987783,0.23874004,0.20819405,0.99215275,0.24652752,0.00014722,0.08780506,0.000152107,0.000293079,0.9926133,0.000148565,0.95095843,0.7327233,0.252176,0.004072147,0.20375878,0.000134112,0.8320956,0.000138252,0.000215664,0.83896154,0.0000616,0.25834674,0.07133647,0.000167904,0.0000816,0.82952714,0.0000639,0.23636796,0.77845395,0.22469005,0.000216348,0.000136712,0.8354593,0.000180073,0.0000739,0.82027507,0.0000763,0.22794035,0.8080994,0.0000719,0.0000889,0.09604579,0.27718467,0.004233545,0.9999074,0.21154433,0.23666137,0.99992824,0.25035417,0.005652027,0.08507984,0.000159357,0.00012974,0.9999088,0.00385302,0.90295213,0.8159245,0.23560758,0.000105577,0.21886887,0.19357403,0.9997429,0.004833748,0.20270999,0.082243614,0.000180726,0.21305394,0.7455993,0.24261089,0.000317851,0.9930894,0.000452127,0.20966019,0.2522481,0.793784,0.000116872,0.20473474,0.8257452,0.22714609,0.003514256,0.49500486,0.000151783,0.22164945,0.82667446,0.20003709,0.004418865,0.07436651,0.0000762,0.000646389,0.99987996,0.003837371,0.91759485,0.8545802,0.2556108,0.000148835,0.004201516,0.21980578,0.083406895,0.000141399,0.2287459,0.7609341,0.23220275,0.000396459,0.99207616,0.0000711,0.19333255,0.6896885,0.81067914,0.004681987,0.21082728,0.062383704,0.0000718,0.0000946,0.78103715,0.5930812,0.005371343,0.0732949,0.6478718,0.000378884,0.07183899,0.2659706,0.000073,0.24371739,0.000053,0.513841,0.000114699,0.0000812,0.07851399,0.20154206,0.000132559,0.000189159,0.09332848,0.000154897,0.00038208,0.85190916,0.003836073,0.89706546,0.82437974,0.000275481,0.000110543,0.003235474,0.0000408,0.8050752,0.0000769,0.6118822,0.000172657,0.06320714,0.003371392,0.23339473,0.004117624
1404,2,0.001425929,0.002980337,0.9754097,0.0000209,0.0000158,0.99793977,0.42661056,0.33325675,0.99822575,0.3921103,0.0000168,0.06921685,0.001792331,0.001649493,0.99826616,0.0000125,0.9164117,0.5935454,0.40358084,0.0000923,0.001440006,0.0000791,0.20880158,0.000022,0.000012,0.2377386,0.0000342,0.0000569,0.21489719,0.4449526,0.9184933,0.8635896,0.002039459,0.0000304,0.74592423,0.0000204,0.0000253,0.1801436,0.00000584,0.0000258,0.0000773,0.548454,0.0000622,0.0000409,0.65366983,0.0000169,0.0000127,0.5769755,0.00126619,0.05935079,0.9999881,0.0000356,0.0000234,0.09021101,0.00000698,0.0000198,0.5726017,0.002482439,0.002072598,0.9703096,0.3865589,0.3183226,0.9803538,0.38003236,0.0000299,0.073523365,0.0000202,0.0000625,0.97765404,0.0000209,0.8925484,0.6471253,0.30162206,0.002294925,0.309269,0.0000305,0.5749671,0.0000231,0.0000503,0.53243285,0.0000094,0.08209759,0.077348955,0.0000318,0.000013,0.595747,0.0000137,0.35685083,0.6387967,0.30602345,0.0000485,0.0000339,0.55239683,0.0000303,0.0000256,0.52742255,0.0000131,0.070699476,0.58453375,0.0000373,0.0000283,0.08696079,0.32132825,0.002626296,0.9999814,0.31582385,0.30637744,0.9999565,0.3450784,0.001263965,0.06504062,0.0000153,0.0000156,0.99995494,0.001262239,0.92785645,0.54624903,0.33517498,0.0000149,0.36616236,0.30693984,0.99995005,0.001339564,0.14609525,0.069561265,0.0000823,0.36125597,0.6361159,0.36272812,0.0000949,0.98025423,0.000128249,0.34239206,0.3757064,0.6146801,0.0000377,0.085313834,0.58053875,0.32600918,0.001635636,0.50497365,0.0000348,0.3961165,0.57336104,0.34367174,0.001270921,0.07632562,0.0000198,0.0000547,0.99997616,0.002386471,0.91968554,0.5826939,0.43065125,0.0000197,0.001513167,0.11211531,0.087961435,0.0000217,0.27724347,0.62297076,0.28879315,0.000097,0.9816565,0.0000131,0.35106423,0.69090974,0.55703557,0.002015478,0.34796718,0.07003334,0.000018,0.0000124,0.62379414,0.7362344,0.002620595,0.07815984,0.6496027,0.0000874,0.08592912,0.06697052,0.0000132,0.06920606,0.0000158,0.57596666,0.0000515,0.0000159,0.067404814,0.067404926,0.0000175,0.0000322,0.07196107,0.0000319,0.0000682,0.56665003,0.001249132,0.92560273,0.5911517,0.0000384,0.0000171,0.001550252,0.0000113,0.5201799,0.000022,0.4491056,0.0000338,0.07737361,0.00214823,0.28516564,0.002285207
1405,2,0.000513846,0.000357905,0.9984731,2.28E-08,3.95E-08,0.99973506,0.000295382,0.000266457,0.999589,0.000181847,0.000000142,0.07464351,0.00024676,0.000415682,0.9996792,3.35E-08,0.91386944,0.9998803,0.000161059,7.03E-08,0.000561978,1.87E-08,0.18451273,0.000000273,6.85E-08,0.22164814,0.000000183,5.53E-08,0.20882913,0.000205169,0.9440373,0.88100046,0.000358647,5.99E-08,0.16565242,9.16E-08,0.000000187,0.2001926,7.54E-08,1.71E-08,2.86E-08,0.99980336,6.08E-08,0.000000164,0.9997305,0.00000012,5.52E-08,0.9997788,0.000308999,0.15643275,0.9999999,1.94E-08,6.68E-08,0.052402064,7.75E-08,8.05E-08,0.99980265,0.000367405,0.000524461,0.9985104,0.00018461,0.000246869,0.99831676,0.0001727,8.37E-08,0.05610633,7.08E-08,0.000000044,0.9973303,7.28E-08,0.94115484,0.9997875,0.000219373,0.000404048,0.000198355,1.64E-08,0.9997054,9.19E-08,7.41E-08,0.99970883,4.58E-08,0.09503786,0.059226904,2.99E-08,0.000000106,0.9997867,0.000000101,0.000207584,0.9997726,0.000218638,7.42E-08,2.97E-09,0.99964225,9.43E-08,0.00000007,0.9998411,7.42E-08,0.10223002,0.99971646,7.04E-09,6.88E-08,0.055307962,0.000236984,0.000286525,1,0.000209893,0.000167998,1,0.000126309,0.000375083,0.05573917,4.36E-08,0.000000104,0.9999999,0.000244598,0.9403311,0.99980396,0.000184204,0.000000028,0.000132254,0.000262981,1,0.000278716,0.08956897,0.052513443,0.00000011,0.000238933,0.9997553,0.000298257,0.000000029,0.9978028,5.56E-08,0.000177417,0.000168573,0.9998684,2.67E-08,0.1005877,0.99981135,0.000189086,0.000364772,0.04133503,0.000000161,0.000362706,0.99970895,0.000253767,0.000301056,0.04359077,4.82E-08,6.24E-08,0.9999999,0.000675613,0.9450172,0.99971,0.000181857,2.16E-08,0.000395655,0.07955675,0.059437085,3.28E-08,0.000188616,0.9996631,0.00029975,5.79E-08,0.99731666,3.73E-08,0.000261653,0.096933044,0.99974734,0.000275653,0.000254319,0.07299762,0.00000008,5.12E-08,0.9996941,0.801523,0.000273097,0.058876112,0.087239265,0.00000012,0.062318347,0.1045819,0.000000198,0.15731885,2.15E-08,0.040471926,2.48E-08,0.000000103,0.052534882,0.08918517,9.77E-08,0.000000062,0.053520877,1.99E-08,1.03E-08,0.9997553,0.000614824,0.94622797,0.9997018,9.54E-08,6.51E-08,0.000336743,8.88E-08,0.9997937,2.77E-08,0.96619797,8.99E-08,0.061129153,0.000792587,0.000250518,0.000345848
1406,6,0.005507707,0.002627587,0.9819017,0.000000629,0.0000021,0.993295,0.9713722,0.9765548,0.9940911,0.97664696,0.00000108,0.00529179,0.004396628,0.00298788,0.9948555,0.00000152,0.9956334,0.004959604,0.9777274,0.00000552,0.005110785,0.0000118,0.000378557,0.00000105,0.00000371,0.004152042,0.00000274,0.00000192,0.003718559,0.97971785,0.9993759,0.99682236,0.006281925,0.00000151,0.9737012,0.000000778,0.000000848,0.000513145,0.000000279,0.00000557,0.00000391,0.003887175,0.00000544,0.00000114,0.003946031,0.00000079,0.000000864,0.005208548,0.004313021,0.007082109,0.9999993,0.000000871,0.0000028,0.000473728,0.000000135,0.00000159,0.005520425,0.006389852,0.005626516,0.98217666,0.9802178,0.97273827,0.9878983,0.975343,0.00000203,0.000509482,0.000000472,0.0000137,0.987525,0.00000194,0.98895884,0.021822743,0.9879546,0.005007604,0.9874542,0.00000307,0.004808137,0.00000265,0.00000329,0.004573144,0.000000837,0.000190348,0.000707769,0.00000495,0.000000701,0.004827412,0.00000147,0.9803885,0.019801127,0.984769,0.00000392,0.00000307,0.00403306,0.00000357,0.00000175,0.005744557,0.00000114,0.000228408,0.004111284,0.0000018,0.000000815,0.000530388,0.9896947,0.005160122,0.9999982,0.9863012,0.98629504,0.99999857,0.98787785,0.009018869,0.000923882,0.00000188,0.00000104,0.99999845,0.004585355,0.999019,0.004392234,0.9793528,0.000000437,0.9811318,0.9848801,0.9999975,0.007048113,0.004421033,0.000637278,0.0000092,0.9845734,0.024882874,0.9864188,0.00000986,0.9823068,0.00000707,0.98889357,0.9857507,0.02273764,0.00000784,0.003750215,0.006475974,0.9866846,0.003776158,0.9568419,0.0000017,0.9798195,0.005908531,0.988535,0.003132085,0.000933645,0.00000101,0.0000275,0.99999714,0.006125391,0.99917406,0.005164638,0.9810616,0.00000141,0.004729182,0.00448466,0.000687316,0.00000195,0.9874034,0.022050705,0.9882692,0.00000639,0.98566324,0.00000115,0.972392,0.9788238,0.006362292,0.005159521,0.98229975,0.004636544,0.000000881,0.000000401,0.005776989,0.9965346,0.005051529,0.000676334,0.98063046,0.0000144,0.000944867,0.000249916,0.000000603,0.008929545,0.000000716,0.93812764,0.000000972,0.000000797,0.000834499,0.000129395,0.00000178,0.00000157,0.000594836,0.00000193,0.00000823,0.003501327,0.003810293,0.9993304,0.005865358,0.00000447,0.00000194,0.003746081,0.00000105,0.005208965,0.00000228,0.016256522,0.00000208,0.000637433,0.004822551,0.98557323,0.003960819
1407,5,0.00041897,0.000256801,0.99668115,0.00000398,0.00000198,0.9994413,0.005991466,0.011874715,0.99968565,0.010488685,0.00000292,0.04292455,0.000342025,0.000774598,0.9995795,0.00000215,0.9510781,0.9900011,0.007820749,0.0000107,0.000603711,0.00000784,0.19046329,0.00000225,0.00000255,0.20097354,0.0000163,0.00000368,0.15676627,0.009846066,0.96740603,0.9062444,0.000477807,0.00000686,0.38731408,0.00000758,0.0000168,0.2028508,0.00000502,0.00000497,0.0000114,0.9869573,0.00000634,0.00000677,0.9909532,0.00000763,0.00000443,0.99005216,0.000290726,0.17323214,0.99999344,0.00000786,0.0000112,0.034127835,0.00000666,0.00000365,0.9874516,0.00026941,0.000237488,0.99728894,0.012506724,0.012437817,0.99793255,0.008771946,0.0000104,0.045389447,0.00000556,0.00000748,0.9964954,0.00000546,0.9665119,0.98756313,0.013017708,0.000321502,0.014541325,0.00000374,0.98130465,0.00000479,0.00000565,0.984377,0.000000823,0.122810274,0.04544089,0.00000468,0.00000748,0.991784,0.00000408,0.011552752,0.9877472,0.009633685,0.0000105,0.00000649,0.98692316,0.00000697,0.00000679,0.99207956,0.00000402,0.12765524,0.99149394,0.00000478,0.00000476,0.04513033,0.013004218,0.00043917,0.9999939,0.013355946,0.014034843,0.99999046,0.009613061,0.000359343,0.035466507,0.00000551,0.00000282,0.999985,0.00077088,0.9603556,0.9868732,0.011793393,0.00000701,0.008373411,0.01645647,0.9999951,0.000337986,0.097974636,0.025876692,0.0000152,0.015304313,0.98709375,0.01078708,0.0000131,0.99835396,0.0000152,0.015937801,0.009282508,0.9902096,0.00000361,0.0894347,0.98864424,0.01525276,0.000328775,0.0922222,0.00000364,0.010477674,0.9905488,0.017000802,0.000545107,0.037689894,0.0000102,0.0000167,0.9999914,0.000510839,0.95678973,0.98768425,0.011589789,0.0000148,0.000304841,0.13442068,0.027955811,0.00000312,0.018516885,0.9870411,0.012351319,0.0000216,0.9978064,0.00000155,0.00936315,0.3051293,0.9900345,0.000324826,0.01108196,0.058559302,0.00000941,0.00000394,0.991226,0.8592342,0.000356784,0.043522403,0.25878492,0.0000171,0.04810806,0.11375679,0.00000242,0.198647,0.00000236,0.08704687,0.00000462,0.00000953,0.061292145,0.13191459,0.00000652,0.00000622,0.034222238,0.0000127,0.0000176,0.98778164,0.000206955,0.97070485,0.9858431,0.0000136,0.00000899,0.00064702,0.00000373,0.9897239,0.0000078,0.9200843,0.0000141,0.033855792,0.00068823,0.010667875,0.000634735
1408,1,0.0000423,0.0000232,0.99952114,1.94E-09,2.34E-09,0.9999809,0.000025,0.0000239,0.9999722,0.0000203,1.23E-08,0.09169705,0.0000155,0.0000282,0.9999733,2.76E-09,0.8990262,0.9999938,0.00000851,4.82E-09,0.000056,1.31E-09,0.48695493,3.26E-08,4.9E-09,0.54069155,1.46E-08,5.23E-09,0.5375256,0.0000254,0.90306103,0.69269884,0.000033,5.25E-09,0.36855707,1.46E-08,2.85E-08,0.5037614,9.9E-09,1.32E-09,4.02E-09,0.99997723,4.33E-09,0.000000029,0.99998,1.24E-08,4.07E-09,0.99998176,0.0000243,0.3326795,1,1.58E-09,6.04E-09,0.09777461,8.45E-09,4.54E-09,0.9999857,0.0000314,0.0000443,0.9995956,0.0000184,0.0000247,0.99948525,0.000015,1.21E-08,0.09955018,1.14E-08,2.27E-09,0.99920434,1.01E-08,0.90172774,0.9999764,0.0000222,0.0000288,0.0000181,1.07E-09,0.9999715,7.73E-09,6.25E-09,0.99996614,3.56E-09,0.3531352,0.111634396,9.75E-10,9.06E-09,0.9999814,1.14E-08,0.000015,0.99997294,0.0000155,6.82E-09,7.67E-11,0.99996686,1.07E-08,1.12E-08,0.99999,6.8E-09,0.3482093,0.9999709,4.78E-10,1.15E-08,0.107399024,0.0000182,0.000024,1,0.0000152,0.00000805,1,0.00000853,0.000022,0.09727888,3.68E-09,8.3E-09,1,0.0000102,0.8919687,0.9999862,0.0000182,3.73E-09,0.00000506,0.0000188,1,0.0000156,0.2975647,0.109558836,8.81E-09,0.000021,0.99998116,0.0000247,1.44E-09,0.9994783,4.57E-09,0.0000101,0.0000121,0.9999883,1.16E-09,0.3167999,0.99998474,0.00000993,0.0000305,0.019720143,2.57E-08,0.0000361,0.9999633,0.0000208,0.0000246,0.097030364,6.68E-09,4.1E-09,1,0.0000694,0.89204884,0.9999709,0.0000154,1.09E-09,0.0000241,0.30215365,0.09446563,2.33E-09,0.0000109,0.99993885,0.0000252,5.16E-09,0.9990232,2.6E-09,0.0000272,0.1872896,0.99997723,0.0000185,0.0000174,0.10166883,9.85E-09,7.12E-09,0.99997354,0.48072603,0.0000243,0.099292,0.20076068,1.05E-08,0.11239653,0.32468516,2.49E-08,0.3055797,1.58E-09,0.022138117,2.91E-09,1.19E-08,0.11794021,0.31590378,7.6E-09,4.62E-09,0.083788306,1.23E-09,4.07E-10,0.99997663,0.0000532,0.9047726,0.9999708,6.72E-09,6.48E-09,0.0000181,7.19E-09,0.9999819,1.74E-09,0.9755553,1.04E-08,0.10465377,0.0000733,0.0000119,0.0000279
1409,4,0.001069731,0.001154549,0.102644466,0.00000247,0.0000084,0.9988444,0.2433823,0.23005122,0.99902093,0.2019095,0.0000123,0.031416103,0.000402165,0.001240585,0.9988482,0.00000505,0.96390224,0.028917708,0.22165926,0.00000992,0.001421077,0.000016,0.11887325,0.00000343,0.00000876,0.9172908,0.0000127,0.00000663,0.8992499,0.20386037,0.98613507,0.08777368,0.00186994,0.00000514,0.9928215,0.00000863,0.00000685,0.10990927,0.00000387,0.00000774,0.0000201,0.023762036,0.00000258,0.000014,0.027944608,0.00000871,0.00000512,0.029564809,0.001158741,0.18456832,0.9999958,0.0000039,0.0000068,0.019313838,0.00000484,0.00000229,0.026879981,0.000923827,0.001192583,0.10951286,0.21271518,0.2564683,0.08978362,0.255056,0.0000104,0.015125562,0.00000621,0.00000876,0.10791659,0.00000657,0.21176727,0.8022506,0.18544805,0.000515281,0.2231355,0.00000879,0.027140515,0.00000981,0.00000907,0.035612732,0.00000281,0.08031354,0.023919737,0.00000266,0.0000059,0.021538755,0.00000406,0.22461265,0.7741302,0.2421748,0.0000167,0.00000363,0.02828076,0.00000789,0.000011,0.032591257,0.00000214,0.08786727,0.031636957,0.00000801,0.00000405,0.01127584,0.17870492,0.000962454,0.99999547,0.2788769,0.19311562,0.9999944,0.25058866,0.00123463,0.020375429,0.00000503,0.00000351,0.9999964,0.000983367,0.98434734,0.034421824,0.26037696,0.00000352,0.1987928,0.23723283,0.99998856,0.001145078,0.911151,0.01872352,0.0000171,0.20766534,0.7892086,0.19241147,0.0000081,0.094823465,0.0000218,0.21286848,0.22235581,0.7224663,0.00000804,0.92459357,0.025688102,0.20490249,0.001616205,0.29107004,0.00000535,0.24167952,0.026104048,0.21886046,0.000733443,0.01676523,0.00000324,0.0000223,0.9999939,0.001832187,0.975911,0.02566056,0.20165451,0.00000353,0.00109535,0.9102809,0.014122753,0.00000938,0.24637857,0.7779324,0.21947367,0.000011,0.10319923,0.00000848,0.23567906,0.9874746,0.023663618,0.000711859,0.23248991,0.04160392,0.0000075,0.00000378,0.022957586,0.08437614,0.000807738,0.016076762,0.985685,0.00001,0.01792866,0.08892829,0.00000338,0.20911276,0.00000407,0.29212406,0.00000243,0.00000732,0.02025154,0.09664762,0.00000714,0.0000172,0.019355953,0.00000731,0.0000233,0.027487116,0.001182505,0.9863049,0.026265323,0.00000952,0.00000665,0.00067992,0.00000247,0.02614796,0.00000489,0.043424886,0.0000134,0.022786353,0.000878079,0.26035562,0.001065083
1410,6,0.012426887,0.010805083,0.9874128,0.0000158,0.000037,0.9901911,0.9527363,0.956205,0.99179626,0.94985056,0.0000167,0.011045408,0.011308945,0.012386771,0.98687965,0.0000137,0.99068964,0.037787143,0.95807546,0.000149211,0.009838669,0.000142225,0.007003868,0.0000251,0.0000337,0.011665434,0.0000168,0.0000824,0.010481354,0.9432957,0.99695396,0.98825026,0.009400709,0.0000342,0.93881726,0.0000152,0.000013,0.009381527,0.00000408,0.0000771,0.0000716,0.04834697,0.000243759,0.0000107,0.030773176,0.00000982,0.0000089,0.043004487,0.010089149,0.012839146,0.99997985,0.0000336,0.000068,0.003220313,0.0000064,0.0000352,0.034249015,0.011552007,0.011121677,0.9883562,0.9522374,0.9449657,0.9901564,0.9551822,0.0000113,0.004744484,0.0000137,0.000110392,0.98834527,0.0000132,0.985314,0.057058748,0.9562176,0.011160716,0.9514041,0.0000266,0.041299656,0.0000387,0.0000484,0.03401053,0.0000129,0.005708434,0.003907211,0.000171937,0.0000112,0.041080397,0.0000269,0.9545453,0.03786224,0.96333176,0.0000602,0.000132634,0.042751383,0.0000336,0.0000227,0.03624575,0.0000248,0.00574043,0.040872015,0.0000342,0.0000166,0.004144718,0.9407416,0.01253627,0.9999747,0.9624686,0.96015805,0.9999695,0.94909644,0.010090368,0.005168834,0.0000236,0.0000178,0.99995315,0.009670599,0.99661106,0.034284286,0.9434818,0.00000763,0.95035243,0.9613201,0.9999802,0.009185102,0.011054923,0.004769873,0.000161201,0.95842403,0.046610124,0.9614484,0.000188181,0.98872876,0.000305746,0.95791125,0.95654196,0.04716642,0.000147168,0.013323711,0.04221697,0.95108426,0.013841234,0.9177485,0.0000406,0.9648706,0.03654615,0.95751214,0.011212076,0.003149198,0.0000133,0.000249376,0.99996114,0.010601174,0.9960699,0.029615715,0.9493731,0.0000548,0.009353597,0.013213393,0.00415731,0.000038,0.95300895,0.035164326,0.96193147,0.000129263,0.98821366,0.00000818,0.95663893,0.9519402,0.032492813,0.008760009,0.9413012,0.008410417,0.0000131,0.00000685,0.03711001,0.9900829,0.0092446,0.003890374,0.9492916,0.000432202,0.004064218,0.004776052,0.0000142,0.016276103,0.00000876,0.90841466,0.0000256,0.00000971,0.004786612,0.005090695,0.0000241,0.0000648,0.0029656,0.0000338,0.000401057,0.032799065,0.01385743,0.99517447,0.040844504,0.0000659,0.0000195,0.009164516,0.0000172,0.034094647,0.000036,0.061768275,0.0000397,0.004831893,0.011122123,0.9550558,0.010551804
1411,5,0.010383026,0.007382779,0.9939003,0.0000472,0.000165014,0.9929242,0.4400854,0.40165743,0.9920065,0.42848545,0.0000927,0.047095742,0.010468474,0.011561081,0.98568547,0.0000724,0.9653638,0.6210591,0.48298237,0.000274204,0.007163609,0.00027355,0.15304926,0.000083,0.000137431,0.12228882,0.000200253,0.000162201,0.1053662,0.49052137,0.9721504,0.93510103,0.009784851,0.000104905,0.70468557,0.000102044,0.000119272,0.16932617,0.0000358,0.0000648,0.000129662,0.632394,0.0001605,0.000114292,0.6413462,0.000055,0.0000826,0.65205365,0.010405692,0.13464162,0.9999372,0.000178115,0.000111095,0.033089824,0.0000651,0.000147622,0.6487383,0.008267457,0.007587511,0.9892134,0.48137343,0.44557992,0.99309856,0.4575411,0.00012386,0.038134433,0.0000809,0.000316015,0.99271554,0.0000998,0.96980524,0.53736955,0.48243573,0.007285083,0.46712103,0.000108046,0.6548224,0.000114118,0.000170089,0.6806187,0.0000458,0.070849955,0.035150234,0.000224211,0.0000789,0.6428426,0.0000442,0.48271808,0.56284577,0.48880914,0.000190674,0.000141881,0.6690089,0.000108408,0.0000484,0.6581537,0.0000792,0.072344474,0.63134396,0.0000604,0.0000649,0.04360514,0.55710685,0.007931324,0.9998956,0.49981803,0.44802737,0.9999355,0.5187539,0.01151097,0.039090183,0.000129164,0.000112088,0.9999132,0.010866039,0.9655178,0.62374395,0.48537052,0.0000717,0.51653534,0.4427218,0.9998528,0.011202925,0.063441835,0.03613655,0.000161508,0.444142,0.52780414,0.45220223,0.000299313,0.99220157,0.000395348,0.44333914,0.50738674,0.51107043,0.000127596,0.0581941,0.6466252,0.46681565,0.007986676,0.5548362,0.0000942,0.44020855,0.66335803,0.43110034,0.010477275,0.032405823,0.0000604,0.000663413,0.99990463,0.008124786,0.9599216,0.66324306,0.4577846,0.000157777,0.011266275,0.066325985,0.034635082,0.000111399,0.49784562,0.5866245,0.44071898,0.000316997,0.99341244,0.0000523,0.3984982,0.597817,0.61712945,0.010125282,0.46860716,0.038288686,0.0000761,0.0000543,0.5659657,0.8944318,0.011818299,0.03243669,0.5780006,0.000452158,0.031105999,0.09189272,0.0000801,0.13347489,0.000051,0.58846056,0.0000755,0.0000642,0.02818365,0.07284051,0.000111691,0.000207677,0.03706845,0.000161742,0.000431392,0.6581952,0.009326903,0.96158147,0.61433995,0.000198876,0.000111398,0.008878645,0.00004,0.63381743,0.0000695,0.54776376,0.000121005,0.03132887,0.006114045,0.4704588,0.008744554
1412,6,0.004050491,0.001914299,0.994558,0.000000285,0.00000115,0.995726,0.9746319,0.9772066,0.9962209,0.9787604,0.000000481,0.00269703,0.002825817,0.001817384,0.9965193,0.000000645,0.99764484,0.007445969,0.98118424,0.00000334,0.003064984,0.00000639,0.000190511,0.000000495,0.00000193,0.001088357,0.00000153,0.000000952,0.000987777,0.98159903,0.99973315,0.9990476,0.003941268,0.000000865,0.9509544,0.000000442,0.000000411,0.000236198,0.000000131,0.00000326,0.0000019,0.006481916,0.00000488,0.000000445,0.007162382,0.000000463,0.000000434,0.008186272,0.003040661,0.004478344,0.9999995,0.000000392,0.00000181,0.000242036,6.09E-08,0.000000888,0.00975633,0.003728447,0.003877623,0.9957,0.9794829,0.9767273,0.9965139,0.97885406,0.00000104,0.000221354,0.000000214,0.00000822,0.9966641,0.000000824,0.9963169,0.022050457,0.98840755,0.003005752,0.98968214,0.00000176,0.009737093,0.00000172,0.00000179,0.008124894,0.000000424,0.00010022,0.000307376,0.00000379,0.000000417,0.008062098,0.000000781,0.97977763,0.017064318,0.985321,0.00000194,0.00000202,0.007655153,0.00000155,0.000000844,0.009152322,0.000000766,0.000125805,0.007546223,0.00000084,0.000000402,0.000275458,0.9883541,0.003132757,0.9999989,0.9874958,0.98655987,0.9999994,0.9882116,0.00544991,0.000558933,0.000000962,0.000000501,0.99999917,0.003305465,0.9994655,0.008046388,0.9815409,0.000000185,0.9830467,0.9862345,0.9999988,0.004749985,0.001352215,0.000336155,0.00000454,0.98468286,0.029065019,0.98635095,0.00000551,0.9958502,0.00000397,0.9892343,0.9886342,0.01957282,0.00000426,0.001366067,0.009854675,0.9879076,0.002775532,0.947978,0.000000781,0.98224306,0.011039326,0.9880856,0.002407568,0.000383919,0.000000533,0.0000155,0.99999833,0.004355975,0.9995956,0.008904884,0.9803616,0.000000764,0.003118969,0.001746061,0.000277813,0.000000927,0.9851532,0.0187756,0.9862941,0.0000033,0.99583626,0.000000517,0.97301054,0.96445405,0.009171248,0.003335328,0.98323566,0.002275198,0.000000489,0.000000171,0.008838331,0.9989705,0.003437571,0.000279085,0.96738315,0.00000926,0.000427783,0.000143418,0.000000338,0.00525722,0.000000299,0.93289036,0.000000509,0.000000422,0.000432117,0.0000816,0.00000125,0.000000828,0.000263486,0.000000814,0.00000537,0.005815525,0.002625545,0.99965954,0.009295831,0.00000242,0.00000118,0.002112017,0.000000546,0.008296999,0.00000131,0.030489752,0.00000121,0.00033071,0.003278452,0.9855936,0.002259935
1413,6,0.014796512,0.013646793,0.87925375,0.0000082,0.0000196,0.9803122,0.84841615,0.8763763,0.9827718,0.86422175,0.00000873,0.013505809,0.014255066,0.011666121,0.983564,0.00000795,0.98635197,0.018965563,0.8422881,0.0000961,0.012721715,0.0000804,0.006000001,0.0000126,0.0000189,0.07756426,0.00000584,0.0000288,0.0757021,0.83759516,0.9985166,0.8826725,0.018018529,0.0000115,0.95820135,0.00000624,0.00000426,0.008307757,0.00000228,0.0000436,0.0000424,0.02243952,0.0000646,0.0000129,0.016292486,0.00000512,0.00000325,0.0159056,0.01250195,0.02853784,0.9999908,0.0000223,0.0000404,0.001413128,0.00000358,0.0000228,0.020100106,0.018295778,0.016149879,0.88493603,0.8803995,0.83269835,0.86860317,0.8553961,0.00000362,0.001574097,0.00000939,0.0000405,0.9040056,0.0000201,0.9177674,0.14010021,0.89779896,0.016184025,0.87426513,0.0000076,0.019959597,0.0000176,0.0000173,0.012323493,0.00000787,0.009851744,0.001538676,0.0000366,0.00000706,0.018143196,0.00000987,0.8893866,0.14143765,0.8956007,0.000031,0.0000308,0.019048333,0.0000266,0.0000155,0.016131062,0.0000059,0.009968298,0.024040157,0.0000106,0.0000101,0.001161097,0.8632033,0.014722111,0.99999166,0.88779384,0.8953965,0.99998677,0.86988723,0.018174566,0.002320908,0.0000134,0.0000091,0.99998593,0.011708383,0.99833137,0.020014059,0.85600215,0.00000331,0.8545823,0.89739925,0.99999154,0.016066086,0.11151353,0.001557544,0.000124646,0.8947374,0.16356292,0.90334654,0.0000686,0.89673173,0.0000939,0.88546336,0.8695457,0.13358437,0.0000644,0.114042774,0.018058514,0.88796556,0.012005785,0.807734,0.0000333,0.8520588,0.017185945,0.8913213,0.012996399,0.001630602,0.00000445,0.000118568,0.99998176,0.017226059,0.9979448,0.015444276,0.8623487,0.0000225,0.012119491,0.10469644,0.001759193,0.0000231,0.87617236,0.13188133,0.876808,0.0000559,0.86319107,0.00000374,0.8563156,0.9646926,0.015408601,0.015128299,0.88916814,0.012412195,0.00000896,0.00000569,0.02197549,0.91884404,0.011295085,0.001891191,0.96996695,0.000138146,0.001683804,0.008667624,0.00000954,0.034583207,0.00000288,0.75502956,0.000019,0.00000576,0.00196996,0.010108382,0.0000125,0.0000139,0.001450684,0.0000191,0.000120691,0.016945181,0.016330613,0.9982821,0.019360125,0.0000624,0.00000496,0.010687848,0.0000118,0.01993933,0.000012,0.04032926,0.000021,0.001787144,0.015519399,0.88909227,0.015534975
1414,6,0.001308465,0.00100938,0.9984817,0.000000833,0.0000018,0.9991986,0.68098485,0.6941976,0.99899906,0.6712167,0.00000161,0.004724002,0.001082202,0.001552404,0.9984951,0.000000538,0.9965011,0.367586,0.68140787,0.00000793,0.001040007,0.00000742,0.0020561,0.00000123,0.00000127,0.002394574,0.00000324,0.00000201,0.001683982,0.6823843,0.99917525,0.99705005,0.00116291,0.00000286,0.6020952,0.00000151,0.00000211,0.003118323,0.000000437,0.00000261,0.00000261,0.35594866,0.0000146,0.000000639,0.35228708,0.00000122,0.000000734,0.36278984,0.001250917,0.00540017,0.999998,0.00000247,0.00000621,0.001181077,0.00000058,0.00000211,0.39082098,0.000919182,0.00049836,0.9986009,0.6753104,0.6927872,0.9982999,0.70163065,0.00000171,0.00126048,0.000000527,0.00000661,0.9979721,0.00000126,0.9946589,0.29090455,0.66948336,0.000974272,0.6905766,0.00000169,0.36234766,0.0000034,0.00000321,0.37232625,0.000000427,0.001727742,0.002098007,0.0000106,0.000000959,0.3507955,0.000000921,0.67101735,0.3202509,0.6718178,0.00000589,0.00000364,0.36664477,0.00000245,0.0000017,0.3765101,0.00000173,0.00180452,0.34836215,0.00000166,0.00000104,0.001887342,0.69492465,0.001032771,0.9999975,0.66339695,0.66732126,0.9999982,0.6879538,0.000890946,0.001983735,0.00000166,0.000000997,0.99999607,0.001048729,0.9984403,0.37244087,0.6857189,0.000000712,0.69063765,0.64247537,0.9999987,0.001463147,0.002608034,0.000948202,0.00000965,0.6628056,0.31371567,0.683791,0.0000147,0.9988306,0.0000119,0.6775142,0.67272544,0.30981857,0.00000669,0.002304161,0.35366666,0.6745333,0.000756699,0.61178935,0.00000185,0.64997756,0.36785156,0.67618483,0.001308737,0.001663689,0.00000131,0.0000156,0.9999951,0.001269218,0.9985177,0.41395137,0.6862439,0.00000324,0.001082836,0.00298432,0.001010664,0.00000145,0.6647746,0.337919,0.6988737,0.00000932,0.9985404,0.000000342,0.674238,0.59260094,0.39214858,0.000908106,0.689523,0.003159623,0.00000198,0.000000506,0.3440439,0.9980117,0.001152348,0.001637806,0.6001592,0.0000339,0.00120474,0.001759492,0.000000975,0.005780041,0.000000824,0.65319806,0.0000011,0.00000133,0.001472138,0.001894019,0.00000222,0.00000292,0.001462289,0.00000267,0.0000236,0.36667225,0.000864515,0.99839896,0.36050665,0.00000416,0.00000251,0.001136064,0.00000208,0.38051426,0.00000328,0.41527784,0.00000344,0.001439778,0.00158987,0.67285603,0.001639269
1415,6,0.008443276,0.007593366,0.964793,0.000139882,0.000183979,0.98977554,0.85183156,0.8547004,0.9922741,0.8214801,0.000152989,0.03026382,0.009844101,0.006945956,0.9897271,0.000141956,0.96333337,0.12825984,0.8224643,0.000728619,0.005229038,0.000926767,0.108712815,0.000180737,0.000191921,0.14214379,0.0001663,0.000415997,0.16219176,0.82964617,0.9679893,0.87727344,0.009351428,0.000256946,0.9414349,0.000143279,0.000122154,0.106698684,0.0000555,0.000381506,0.000661625,0.17973588,0.000630783,0.000197822,0.13579944,0.0000838,0.0000746,0.16159844,0.008794629,0.07239271,0.99991286,0.000479058,0.000348926,0.028556041,0.0000652,0.000258887,0.16416395,0.009784736,0.010028505,0.9676595,0.82259834,0.7769822,0.9691924,0.8351692,0.000133613,0.026296793,0.000169593,0.000526977,0.9753145,0.000220219,0.9407566,0.15977097,0.8303873,0.009908457,0.7892599,0.00023746,0.15636815,0.000212436,0.000351448,0.12282305,0.0000909,0.08063664,0.022019548,0.000379931,0.0000875,0.14811207,0.000111408,0.8111092,0.16666979,0.8434881,0.000436173,0.000596603,0.16631445,0.000348252,0.000149467,0.11561454,0.000105393,0.067675665,0.16262664,0.00027653,0.000154294,0.03153396,0.8133066,0.0093463,0.99982834,0.8309056,0.8246537,0.99981993,0.8053668,0.007466126,0.028084809,0.000209293,0.000125373,0.9998109,0.005368617,0.97204596,0.15630487,0.802881,0.00010582,0.80694467,0.81585896,0.99964523,0.007082757,0.10958784,0.027984345,0.000671345,0.8276295,0.1914377,0.85559094,0.000928487,0.97787035,0.001341734,0.81760055,0.81717193,0.15177606,0.000441626,0.11300181,0.13817488,0.8026176,0.005533816,0.7822697,0.000391456,0.822464,0.16830477,0.8273223,0.009448528,0.024158511,0.00010173,0.001130332,0.99975294,0.008902056,0.9716275,0.16755119,0.81927097,0.000280713,0.005230899,0.15305889,0.029807547,0.000224575,0.8048507,0.15253782,0.8200274,0.000720285,0.9763731,0.0000904,0.83449155,0.91297084,0.13049825,0.009357866,0.80723906,0.034211777,0.0000837,0.000122162,0.16882929,0.81597674,0.009558803,0.032315727,0.90724015,0.001098036,0.028638832,0.07015679,0.000087,0.095579065,0.0000945,0.797072,0.000303718,0.0000835,0.028388502,0.05904006,0.000163374,0.000320952,0.029293636,0.000235177,0.000948269,0.14684418,0.009323238,0.96843976,0.15574583,0.000413528,0.000126158,0.005557799,0.000100691,0.13220604,0.000187509,0.1620043,0.000315596,0.026721075,0.006933209,0.7951703,0.007974576
1417,6,0.000355836,0.00030907,0.99852896,0.000000258,0.000000266,0.99976,0.03051871,0.04751283,0.9997193,0.03634641,0.000000483,0.011227619,0.000246308,0.000473699,0.99968934,0.00000015,0.9882274,0.9673411,0.041219078,0.00000121,0.000351146,0.00000104,0.005611857,0.000000281,0.000000156,0.007364881,0.00000221,0.000000284,0.004762391,0.039716292,0.99613047,0.99533045,0.000253584,0.000000862,0.0744236,0.000000682,0.00000128,0.008869976,0.000000368,0.000000355,0.000000568,0.9588791,0.00000138,0.000000343,0.96016496,0.000000688,0.00000045,0.96027136,0.000280531,0.009474394,0.9999993,0.000000598,0.00000138,0.005013454,0.000000338,0.000000406,0.9603424,0.000214585,0.0000872,0.9985997,0.046131436,0.057974093,0.9982132,0.046197176,0.00000101,0.00641125,0.000000134,0.00000103,0.9980854,0.000000364,0.98613364,0.9531382,0.047434147,0.000237861,0.05620419,0.000000393,0.9521915,0.000000934,0.000000735,0.9638059,6.48E-08,0.003456075,0.009115278,0.00000171,0.000000517,0.95939165,0.000000217,0.04494082,0.95213765,0.037550464,0.00000159,0.000000657,0.9537388,0.00000061,0.000000508,0.96667427,0.000000531,0.004821346,0.96135557,0.000000374,0.000000356,0.006560861,0.057797443,0.000280073,0.9999993,0.041037545,0.045624238,0.9999993,0.043484874,0.000178788,0.00729869,0.000000442,0.000000253,0.99999833,0.000455884,0.9940732,0.9621398,0.04807821,0.00000035,0.047547873,0.047672402,0.99999964,0.000314063,0.004135154,0.003731912,0.00000185,0.049222127,0.9506398,0.045761716,0.00000226,0.9991002,0.00000179,0.042936128,0.03499153,0.95862454,0.000000811,0.003584486,0.95473474,0.054291055,0.000225205,0.10342978,0.000000338,0.03857167,0.96600115,0.045336574,0.000364022,0.006418437,0.000000821,0.00000237,0.99999905,0.000463918,0.99323845,0.96625906,0.04896327,0.000000972,0.00026379,0.004563672,0.003541189,0.000000237,0.047077972,0.9619976,0.043096915,0.00000212,0.99852186,0.000000111,0.03452912,0.053358763,0.9695369,0.000259735,0.055175316,0.012644651,0.00000098,0.000000248,0.95887035,0.9940919,0.000284909,0.00712004,0.048773076,0.00000466,0.004517485,0.004278284,0.000000273,0.009090001,0.000000337,0.10611044,0.000000357,0.000000927,0.005873012,0.00529926,0.0000007,0.000000532,0.0058906,0.00000111,0.00000308,0.9586635,0.000165736,0.99503374,0.9546006,0.000000971,0.00000116,0.000435131,0.000000661,0.968328,0.00000102,0.9159943,0.0000012,0.005799233,0.000481986,0.045496654,0.000505996
1418,6,0.00637057,0.004278328,0.95170015,0.0000307,0.0000452,0.9912305,0.9068091,0.9221474,0.99391055,0.9179599,0.0000543,0.027509462,0.00622144,0.003957743,0.991379,0.0000451,0.96349704,0.03680309,0.9064918,0.000125365,0.005095567,0.000322816,0.03708523,0.0000354,0.000077,0.10589037,0.0000685,0.0000838,0.11118408,0.9293313,0.97301066,0.94588035,0.007844472,0.0000457,0.97226715,0.0000312,0.000031,0.03524248,0.000014,0.000110088,0.00016176,0.038361583,0.0000871,0.0000656,0.042186767,0.000024,0.0000255,0.051402282,0.007132631,0.040552925,0.9999794,0.0000602,0.0000556,0.020302836,0.00000934,0.0000431,0.041052476,0.008264447,0.007425961,0.95623034,0.90945464,0.88408977,0.96396315,0.90500957,0.0000601,0.016839402,0.0000363,0.000222134,0.96946824,0.0000591,0.9371496,0.080296814,0.9327452,0.006609072,0.9226978,0.0000912,0.040757112,0.0000694,0.000125089,0.036428962,0.0000311,0.012770425,0.020328943,0.0000952,0.0000229,0.043446083,0.0000372,0.8965952,0.0755346,0.91354024,0.000120077,0.0000853,0.042908728,0.00011944,0.0000466,0.039293658,0.000028,0.012681543,0.037979547,0.0000566,0.0000402,0.02081757,0.92784727,0.007427986,0.99995196,0.9272585,0.91152483,0.9999641,0.9319176,0.008220074,0.0239782,0.0000566,0.0000348,0.99995935,0.004741162,0.97645706,0.044236083,0.9143785,0.0000239,0.909623,0.89519686,0.99985015,0.009666929,0.05383801,0.01967212,0.000118878,0.913307,0.09211663,0.9214428,0.000216879,0.96472865,0.000270697,0.9134726,0.92265046,0.07739552,0.000122102,0.07314763,0.043750837,0.9219416,0.005646227,0.8836679,0.0000697,0.9120863,0.0406945,0.9172112,0.005174482,0.024357818,0.0000331,0.000416395,0.99994695,0.007896249,0.97842455,0.048748992,0.9073514,0.000045,0.005354573,0.07593408,0.020296387,0.0000681,0.90693593,0.07377147,0.9182087,0.000128846,0.96230423,0.000038,0.9082557,0.94625163,0.041796237,0.006732421,0.89939684,0.035252318,0.0000272,0.0000198,0.045145255,0.8994069,0.009344398,0.019640092,0.9437061,0.000225798,0.02573317,0.012093924,0.0000234,0.061988566,0.0000285,0.8871327,0.0000593,0.0000292,0.023449223,0.008501643,0.0000465,0.0000694,0.022957157,0.0000722,0.00020634,0.04049909,0.005926713,0.97620904,0.044867497,0.0000985,0.0000522,0.00431444,0.0000216,0.036110085,0.0000502,0.0543719,0.0000696,0.023594879,0.005496493,0.8944326,0.005777285
1419,6,0.01607091,0.009815558,0.97166944,0.00001,0.0000315,0.9858174,0.9260505,0.9094186,0.98425645,0.9200291,0.0000188,0.006601869,0.022980956,0.014868384,0.98573685,0.0000127,0.9961281,0.015967384,0.8940066,0.0001728,0.014691032,0.000105848,0.001732848,0.0000165,0.0000593,0.007840907,0.0000152,0.0000288,0.009549273,0.90956336,0.9996966,0.9659411,0.014243868,0.000042,0.9020582,0.0000212,0.0000116,0.001357579,0.00000418,0.0000789,0.0000314,0.019749222,0.000200189,0.00000945,0.014734989,0.0000104,0.0000117,0.018792475,0.019603617,0.014069228,0.9999701,0.0000318,0.000111156,0.000305606,0.00000907,0.0000427,0.018049976,0.013225211,0.011378948,0.9732352,0.93061805,0.9296836,0.96471924,0.91457915,0.00000897,0.000395332,0.0000129,0.0000968,0.9519942,0.0000284,0.98224086,0.09943299,0.9242078,0.014222512,0.9362132,0.000018,0.020861149,0.00005,0.0000316,0.018602997,0.0000114,0.002666985,0.000583982,0.000105117,0.0000147,0.019517582,0.000014,0.9453981,0.09324322,0.92972136,0.0000916,0.0000657,0.024485923,0.0000406,0.0000215,0.02318175,0.0000243,0.004089159,0.021139476,0.0000181,0.0000141,0.000353269,0.92251533,0.011330889,0.99997246,0.938002,0.940539,0.99998176,0.9346627,0.015149983,0.000673148,0.0000388,0.0000184,0.99996114,0.013055594,0.9995425,0.023636395,0.9121068,0.00000712,0.9216479,0.93893534,0.99998486,0.021325951,0.019422999,0.000323983,0.000179159,0.9236748,0.08677731,0.9380353,0.000170926,0.9679653,0.000118273,0.94576806,0.9282249,0.07892936,0.0000978,0.023368252,0.023327032,0.9180109,0.012276287,0.8440829,0.0000289,0.928697,0.024215952,0.91131645,0.017294211,0.000512731,0.0000142,0.000236936,0.9999517,0.010040408,0.99964345,0.018367514,0.9171187,0.0000462,0.017457299,0.022620153,0.00045658,0.0000468,0.9430584,0.08023672,0.93932194,0.000096,0.9637236,0.00000598,0.9379403,0.9401772,0.018321471,0.014874944,0.9443864,0.004375485,0.0000225,0.00000637,0.023621675,0.99158794,0.010467684,0.000574581,0.9406347,0.000371666,0.000381095,0.004283678,0.0000173,0.014936839,0.00000751,0.7400838,0.0000147,0.0000167,0.000465498,0.003183835,0.0000183,0.0000385,0.000450089,0.0000347,0.000320615,0.016754817,0.013536414,0.999335,0.020714927,0.0000903,0.0000151,0.013502944,0.0000247,0.021832824,0.0000267,0.069628745,0.0000423,0.000783365,0.011078997,0.94406205,0.014718846
1420,5,0.00000927,0.00000341,0.99998784,6.68E-12,2.22E-11,0.99999845,0.000025,0.0000261,0.99999595,0.0000284,1.12E-10,0.004325402,0.00000196,0.00000312,0.99999464,1.66E-11,0.9947301,0.999997,0.0000112,3.65E-11,0.000007,5.24E-12,0.009120249,1.65E-10,3.17E-11,0.008831656,1.75E-10,3.06E-11,0.007218985,0.0000271,0.9983693,0.99403536,0.00000375,6.32E-11,0.037408534,9.34E-11,2.98E-10,0.007954002,4.93E-11,9.42E-12,2.11E-11,0.99999034,1.03E-10,7.65E-11,0.9999939,9.48E-11,3.36E-11,0.99999094,0.0000035,0.023178898,1,3.9E-12,1.6E-10,0.001890702,2.86E-11,3.38E-11,0.99999475,0.00000424,0.00000526,0.99999297,0.0000176,0.0000342,0.99998486,0.0000219,7.76E-11,0.002708579,2.42E-11,2.53E-11,0.9999732,3.81E-11,0.99668676,0.9999659,0.0000188,0.00000315,0.0000246,5.71E-12,0.99998355,1.1E-10,4.09E-11,0.9999862,1.36E-11,0.009852791,0.003097812,2.42E-11,6.07E-11,0.999987,8.04E-11,0.0000187,0.999969,0.000015,5.72E-11,6.3E-13,0.9999889,4.09E-11,7.67E-11,0.9999938,1.37E-10,0.01275068,0.9999895,1.64E-12,4.53E-11,0.003000578,0.0000177,0.00000192,1,0.0000135,0.00000719,1,0.0000114,0.0000022,0.002349422,2.37E-11,3.47E-11,1,0.0000021,0.99734205,0.99999344,0.0000181,1.28E-11,0.00000668,0.0000182,1,0.00000282,0.00564935,0.002850927,7.4E-11,0.0000198,0.9999783,0.0000217,1.34E-11,0.99998975,4.16E-11,0.00000642,0.0000145,0.9999856,1.13E-11,0.008459571,0.9999918,0.0000115,0.00000453,0.004993269,1.25E-10,0.0000261,0.9999814,0.0000225,0.00000498,0.002656744,4.78E-11,7.76E-11,1,0.0000106,0.99776137,0.999985,0.0000169,9.79E-12,0.00000354,0.006888793,0.001858546,1.39E-11,0.00000876,0.9999343,0.0000231,2.64E-11,0.9999684,5.05E-12,0.0000262,0.034360636,0.9999907,0.00000204,0.0000167,0.004243815,1.93E-10,1.49E-11,0.99998987,0.993487,0.00000209,0.002188393,0.038663696,3.27E-10,0.002230011,0.010567647,2.81E-10,0.018714655,6.23E-12,0.007861935,8.76E-12,7.65E-11,0.003468186,0.010428658,8.82E-11,5.13E-11,0.001938139,4.32E-12,4.29E-12,0.99998736,0.0000103,0.9967122,0.99998355,3.56E-11,9.61E-11,0.000002,7.43E-11,0.99999154,1.65E-11,0.99469477,1.34E-10,0.002178526,0.0000147,0.0000119,0.00000317
1421,1,0.000000396,0.000000194,0.99925894,2.55E-09,1.96E-09,0.99999964,0.0000433,0.0000603,0.99999964,0.0000727,3.71E-09,0.006848482,0.000000138,0.00000108,0.99999976,1.08E-09,0.9947162,0.9997682,0.000033,1.38E-08,0.00000116,5.45E-09,0.6443305,1.48E-09,2.66E-09,0.798945,3.88E-08,2.4E-09,0.7620882,0.0000387,0.9967428,0.18943307,0.00000059,6.93E-09,0.7143207,5.84E-09,4.06E-08,0.6947094,9.91E-09,1.98E-09,7.61E-09,0.99956995,3.59E-09,1.72E-08,0.9998024,1.55E-08,4.69E-09,0.99977607,0.000000203,0.70989394,1,4.01E-09,7.77E-09,0.006721276,1.51E-08,2.57E-09,0.99983144,0.000000146,0.000000306,0.9994893,0.0000902,0.0000741,0.99969256,0.000033,2.01E-08,0.006834411,5.28E-09,5.57E-09,0.9994764,5.9E-09,0.98783374,0.99994993,0.0000411,0.000000365,0.000093,3.03E-09,0.9995993,4.81E-09,4.46E-09,0.99953234,1.72E-10,0.78300935,0.012778736,1.41E-09,6.92E-09,0.99980587,3.11E-09,0.0000556,0.9999459,0.0000468,1.94E-08,1.94E-09,0.9997533,3.93E-09,1.18E-08,0.99982697,1.95E-09,0.76541173,0.9998398,3.71E-09,3.5E-09,0.005566606,0.0000248,0.0000003,1,0.0000528,0.0000841,1,0.0000783,0.00000047,0.008123636,2.98E-09,1.65E-09,1,0.000000612,0.99225384,0.9997725,0.0000758,1.76E-08,0.0000238,0.0000585,1,0.000000321,0.7876797,0.00499763,1.81E-08,0.0000829,0.9999187,0.0000365,1.04E-08,0.9996252,8.61E-09,0.000121848,0.0000365,0.99994445,1.14E-09,0.78537107,0.99980277,0.000043,0.000000181,0.001463573,4.73E-09,0.0000561,0.99981076,0.000108426,0.000000181,0.009803575,5.86E-09,0.000000015,1,0.000000614,0.99179006,0.99976426,0.0000724,0.000000016,0.000000256,0.8096659,0.00680522,2.04E-09,0.000123274,0.9999541,0.0000397,3.29E-08,0.9996513,2.01E-09,0.0000656,0.6907352,0.99978906,0.000000309,0.0000352,0.00713068,1.59E-08,5.68E-09,0.9998605,0.1793943,0.000000124,0.009459079,0.6604324,9.78E-09,0.007516779,0.80877644,1.45E-09,0.7595683,1.39E-09,0.002626053,2.48E-09,2.88E-08,0.012017667,0.75844187,1.61E-08,3.61E-09,0.007258406,1.08E-08,1.27E-08,0.9998115,6.77E-08,0.9940347,0.9996464,1.02E-08,1.83E-08,0.00000047,2.91E-09,0.99976295,6.17E-09,0.9954733,3.62E-08,0.006186845,0.000000559,0.000055,0.0000008
1422,5,0.000160554,0.0000992,0.99886024,6.43E-08,7.57E-08,0.99990094,0.000279013,0.000282834,0.9998838,0.00017321,0.000000388,0.07832123,0.000100298,0.000103664,0.9998753,0.000000107,0.9252157,0.9999299,0.00014977,0.000000167,0.000160901,7.43E-08,0.44268897,0.000000504,0.000000141,0.38334897,0.000000638,0.00000015,0.4265064,0.000281622,0.9045527,0.7439938,0.000159225,0.000000222,0.27898717,0.000000345,0.000000622,0.4398725,0.000000265,4.32E-08,0.000000132,0.9998473,0.000000119,0.000000572,0.99985695,0.000000308,0.000000149,0.9998462,0.000132091,0.27255294,0.99999976,0.000000102,0.00000019,0.10855606,0.000000206,0.000000176,0.99988616,0.000156361,0.000193907,0.9991523,0.000154873,0.000219229,0.9988617,0.000162994,0.000000391,0.08496118,0.000000255,0.000000106,0.99883336,0.000000302,0.9180415,0.9996563,0.000220051,0.000134118,0.000147526,6.87E-08,0.9997942,0.000000255,0.000000213,0.9997696,0.000000105,0.2950368,0.09257841,4.87E-08,0.000000232,0.99983656,0.000000187,0.000180228,0.99976665,0.000182546,0.00000028,9.36E-09,0.9998124,0.000000268,0.000000181,0.9998982,0.000000148,0.2896604,0.99982184,2.53E-08,0.000000211,0.09643022,0.000213814,0.000105587,0.9999999,0.00014702,0.000105513,0.9999999,0.000107362,0.0000975,0.09725237,0.000000136,0.000000201,0.99999976,0.000058,0.8918656,0.99988544,0.000187829,0.000000138,0.000101344,0.000211363,0.99999976,0.0000923,0.24222898,0.101361185,0.000000231,0.000217954,0.999778,0.000262375,5.99E-08,0.9991714,0.000000187,0.000124707,0.000165108,0.99985015,3.56E-08,0.22294737,0.9998878,0.000129243,0.000098,0.031318527,0.00000051,0.000279038,0.9997744,0.000200963,0.000120146,0.08765854,0.000000144,0.000000203,0.99999976,0.000202225,0.91046196,0.9998567,0.000214241,5.16E-08,0.000100795,0.25327426,0.08769958,7.39E-08,0.000139512,0.9995857,0.000235557,0.000000157,0.9987264,0.000000114,0.000259459,0.12875919,0.99983835,0.000108108,0.000194984,0.082309455,0.00000026,0.000000192,0.9998099,0.5572561,0.000119482,0.10467437,0.14850157,0.000000295,0.09319263,0.32581493,0.000000456,0.26566288,6.22E-08,0.0423595,0.000000119,0.00000024,0.07377753,0.32304892,0.00000029,0.000000161,0.09940249,5.07E-08,2.56E-08,0.9998528,0.000221214,0.906944,0.999813,0.000000217,0.000000177,0.0000771,0.000000113,0.999843,5.84E-08,0.97212315,0.000000285,0.071277104,0.000163963,0.000168133,0.000132053
1423,5,0.0000976,0.000229809,0.99906963,9.56E-08,1.53E-08,0.9999312,0.000419981,0.000461976,0.9999634,0.00058296,8.99E-08,0.12399896,0.000055,0.0000659,0.99994946,8.68E-08,0.83440036,0.99959904,0.000643048,0.000000138,0.000119319,0.0000001,0.15980037,5.41E-08,1.37E-08,0.053742327,0.00000113,9.92E-08,0.056405026,0.000608667,0.8382155,0.9873964,0.0000345,0.00000023,0.011700721,0.0000001,0.000000564,0.1273526,0.000000156,5.82E-08,0.000000138,0.99966383,0.000000113,0.000000132,0.99972194,0.000000295,0.000000209,0.9995689,0.0000294,0.025741946,0.9999999,7.76E-08,0.00000013,0.14647627,6.26E-08,4.84E-08,0.9995018,0.0000543,0.0000422,0.99886024,0.000957773,0.000447893,0.998919,0.000370582,0.000000332,0.18381281,4.12E-08,0.000000232,0.99916387,3.43E-08,0.93563503,0.9996176,0.000781165,0.000068,0.000718176,9.56E-08,0.99947923,7.55E-08,0.00000022,0.99940896,1.32E-08,0.01629419,0.12975089,0.000000172,0.000000232,0.99970055,6.78E-08,0.000998474,0.9992311,0.000521313,0.000000146,0.000000274,0.99946433,7.94E-08,0.000000105,0.999466,0.000000145,0.02581063,0.99970955,0.00000026,0.000000105,0.13515261,0.000586901,0.0000768,0.9999999,0.000543377,0.000587677,0.99999976,0.000758837,0.0000399,0.12266054,5.87E-08,6.24E-08,0.99999917,0.000166363,0.88324285,0.9995728,0.000619072,0.000000125,0.000535922,0.001040662,0.9999999,0.0000537,0.014166751,0.1398526,0.000000312,0.001332653,0.9996087,0.000797635,0.000000293,0.99933785,0.000000697,0.000715406,0.000585814,0.9995747,7.31E-08,0.008121282,0.999668,0.001116205,0.000138972,0.019461574,3.57E-08,0.000984351,0.9995173,0.000424863,0.0000687,0.15623619,0.00000038,0.000000111,1,0.000129232,0.8364795,0.9994479,0.00058064,0.000000168,0.0000765,0.009564096,0.15979668,3.53E-08,0.000499403,0.9995864,0.000430424,0.000000352,0.9988512,8.54E-08,0.000712899,0.004084098,0.9996276,0.0000414,0.000570502,0.14276442,0.000000405,5.18E-08,0.999754,0.9478255,0.0000525,0.122529574,0.002478921,0.000000447,0.15779746,0.015589106,4.78E-08,0.021094115,3.49E-08,0.018587071,0.000000208,0.000000433,0.14298616,0.017924512,0.00000013,8.68E-08,0.13595507,0.000000178,0.000000207,0.9996711,0.0000252,0.83569574,0.99948704,9.75E-08,0.000000378,0.000167826,0.000000043,0.9995709,9.26E-08,0.9881798,0.000000223,0.19480084,0.000126583,0.000662683,0.0000858
1424,6,0.03766907,0.028667005,0.97962934,0.000035,0.0000813,0.96028453,0.7284979,0.7659444,0.9642822,0.7548048,0.0000559,0.11371067,0.031372067,0.028026253,0.9621414,0.0000555,0.8868421,0.18616013,0.7327671,0.000108507,0.029580474,0.000249813,0.032599613,0.0000566,0.0000982,0.05333116,0.0000861,0.0000829,0.04956392,0.7819438,0.9459643,0.9907206,0.04356829,0.0000458,0.820377,0.0000366,0.0000434,0.030150004,0.0000158,0.0000784,0.0000979,0.20176983,0.00010585,0.0000629,0.16920699,0.0000383,0.0000411,0.18722226,0.03409108,0.04075423,0.9999739,0.0000504,0.0000666,0.048446443,0.0000153,0.000075,0.18301982,0.038593873,0.03887749,0.9788513,0.75231856,0.7450645,0.97731584,0.73392713,0.0000565,0.04193694,0.0000327,0.000250553,0.98081136,0.0000442,0.92312527,0.26797512,0.8297426,0.037104085,0.8156839,0.0000681,0.19240072,0.0000702,0.000136061,0.1942435,0.0000401,0.004558394,0.05045586,0.00020553,0.0000346,0.18861672,0.0000436,0.7996829,0.23330598,0.8260833,0.000113042,0.0000822,0.19961107,0.0000771,0.000036,0.19991367,0.0000336,0.004734025,0.20863043,0.0000578,0.0000361,0.04539114,0.8458748,0.033037364,0.99994636,0.83770126,0.83396584,0.9999523,0.8375195,0.044237543,0.053273425,0.0000692,0.0000603,0.9999435,0.03937683,0.9458429,0.21694764,0.76157594,0.0000271,0.82354033,0.82970303,0.99990606,0.050471947,0.009526957,0.0482459,0.000142647,0.833232,0.28122407,0.8310129,0.000212489,0.978848,0.000266836,0.833457,0.80503416,0.22953233,0.000148588,0.009696802,0.17928195,0.8280207,0.032794036,0.86131114,0.0000644,0.7495292,0.20589858,0.8459306,0.028408848,0.04456236,0.0000287,0.000422949,0.9999497,0.04399873,0.9471616,0.21869166,0.729656,0.0000742,0.032028355,0.010850491,0.050008222,0.0000683,0.84043014,0.2597056,0.8282431,0.000124605,0.98080426,0.0000368,0.74457926,0.63328373,0.17075318,0.037258595,0.81869304,0.1186548,0.0000376,0.0000218,0.21159886,0.96038604,0.038594607,0.054110862,0.6172475,0.000277492,0.06211759,0.005287362,0.0000462,0.050365265,0.0000331,0.8265107,0.0000553,0.0000352,0.054721575,0.00325985,0.0000729,0.0000805,0.046510488,0.0000975,0.000231365,0.17545332,0.032753676,0.95989525,0.19032572,0.000109999,0.0000504,0.033740424,0.0000374,0.19243076,0.0000669,0.11793236,0.0000623,0.057141617,0.033574898,0.79998827,0.0376252
1425,5,0.001236058,0.000854517,0.98957413,0.00000732,0.00000896,0.9985434,0.089630626,0.09375244,0.99870384,0.068560876,0.0000176,0.028732363,0.001294584,0.000914452,0.99839836,0.00000921,0.9679587,0.9136682,0.089817405,0.0000293,0.000872565,0.0000209,0.26685327,0.000018,0.0000128,0.2806786,0.0000203,0.0000178,0.3347761,0.09217621,0.96126896,0.76132774,0.001549418,0.0000131,0.60599494,0.0000115,0.0000125,0.28952244,0.00000842,0.00000709,0.0000181,0.93030185,0.0000127,0.0000257,0.9167517,0.0000083,0.00000771,0.930719,0.001150505,0.20176144,0.99999344,0.0000161,0.0000126,0.03828465,0.00000834,0.0000159,0.9365252,0.00173515,0.001662662,0.9904943,0.07566019,0.06014306,0.99071246,0.07120644,0.0000145,0.037392978,0.0000142,0.0000187,0.99361175,0.0000173,0.95597184,0.90311974,0.072819136,0.001799337,0.05916736,0.00000837,0.9306289,0.0000154,0.0000208,0.9084666,0.000006,0.2395367,0.031854797,0.0000106,0.0000101,0.9258325,0.00000635,0.06841755,0.9254036,0.07448803,0.0000223,0.00000728,0.9416798,0.0000241,0.00000987,0.9230512,0.00000761,0.19695911,0.9224337,0.00000469,0.00000938,0.03573176,0.06762121,0.001008685,0.999992,0.06893238,0.06370655,0.99999404,0.0651775,0.001288192,0.034516603,0.0000112,0.00000983,0.9999887,0.000672856,0.9541009,0.9256596,0.076054536,0.00000868,0.06782958,0.059334964,0.99997926,0.001222122,0.22544703,0.038710795,0.0000237,0.062793545,0.9202468,0.06940386,0.0000172,0.9925655,0.0000256,0.06476841,0.07102567,0.9246237,0.00000815,0.2817155,0.9350369,0.062080666,0.00074308,0.21218546,0.0000258,0.07467925,0.92151576,0.0648077,0.00104015,0.03869685,0.00000737,0.0000418,0.9999852,0.001394914,0.9654974,0.93896,0.082790755,0.00000879,0.000931955,0.27313757,0.036173876,0.00000857,0.060454484,0.91717017,0.07229422,0.0000243,0.99221027,0.0000078,0.09341405,0.50971514,0.9253315,0.001566069,0.061531723,0.031222412,0.00000805,0.00000951,0.9252537,0.6356566,0.001217056,0.03861589,0.45465374,0.0000322,0.029736862,0.2563935,0.0000103,0.2044301,0.00000599,0.25968346,0.0000139,0.00000929,0.028192034,0.20924419,0.0000128,0.0000129,0.043346733,0.00000864,0.0000123,0.92996967,0.001355874,0.95793563,0.93273187,0.0000214,0.0000105,0.000718826,0.00000563,0.9126699,0.0000071,0.7779486,0.0000154,0.02639489,0.00110646,0.06318755,0.000931793
1426,6,0.017080601,0.013990688,0.93894374,0.00052269,0.000625468,0.98223925,0.5224654,0.53947896,0.9738565,0.525739,0.00049766,0.121703975,0.023096148,0.014328972,0.98040766,0.000540756,0.8951053,0.36967456,0.5376018,0.001644382,0.0191545,0.002071684,0.30776235,0.000596161,0.000971633,0.36054873,0.000795836,0.000825654,0.36238858,0.6121195,0.91229427,0.7174054,0.024488857,0.000717627,0.8414077,0.000566589,0.000462748,0.29565924,0.000381114,0.000726682,0.000985161,0.33858225,0.000873026,0.001277013,0.3311509,0.000415763,0.000606059,0.36916685,0.016854536,0.27642378,0.99959475,0.001126813,0.000536043,0.09879691,0.00033738,0.000665382,0.36708495,0.023642955,0.019315636,0.9162301,0.5231628,0.48116586,0.9224626,0.52196366,0.000750444,0.082716666,0.000699104,0.001712933,0.94404763,0.000950962,0.8357341,0.49636656,0.535078,0.021950295,0.5598873,0.000685782,0.36349246,0.000731181,0.001108029,0.37377292,0.000319476,0.1743464,0.091358155,0.001057463,0.000595034,0.4037991,0.000372019,0.52066135,0.5018976,0.55475223,0.001657562,0.000722888,0.37336388,0.001301165,0.000654654,0.37883478,0.000417798,0.22264352,0.35863698,0.000419043,0.000717659,0.08275573,0.5862294,0.019130133,0.9995741,0.556897,0.51390195,0.9994673,0.5339928,0.023350976,0.091272056,0.000697643,0.000823766,0.99929523,0.013304349,0.92140293,0.3903849,0.51387715,0.000632067,0.5205427,0.5043778,0.9987074,0.022138514,0.26182878,0.07698083,0.00144846,0.5368039,0.45634162,0.5388468,0.001549662,0.9253358,0.001592759,0.5237613,0.531165,0.39560422,0.00104077,0.2809336,0.41751656,0.5093564,0.020076273,0.56900036,0.000908637,0.5221375,0.37777993,0.5027651,0.013382481,0.09590058,0.000486263,0.002017095,0.9992817,0.019424517,0.9131358,0.32366872,0.5090444,0.000879866,0.018313691,0.27768105,0.116368994,0.000863643,0.5422177,0.41929334,0.46470746,0.001616913,0.9301378,0.000503577,0.5561483,0.7738633,0.35820463,0.019799836,0.49463558,0.10194648,0.000473341,0.000519091,0.4299298,0.621273,0.019792022,0.09549718,0.77935845,0.00172255,0.087123446,0.2082617,0.000573463,0.26800415,0.000425996,0.6042451,0.000882996,0.000573426,0.08205249,0.19343206,0.000661251,0.00081997,0.09919961,0.001385724,0.001505521,0.36187854,0.020987242,0.91029906,0.40404728,0.001469307,0.000518105,0.016053526,0.000406007,0.3666787,0.00047582,0.30284402,0.000963558,0.10082431,0.013085407,0.52862,0.016934844
1428,6,0.02694654,0.017712664,0.98012793,0.0000069,0.000021,0.970225,0.91461897,0.93266064,0.97522247,0.9117381,0.0000101,0.037380617,0.020245263,0.018995756,0.97672254,0.0000117,0.9657584,0.028320594,0.91299635,0.0000417,0.01711409,0.0000779,0.004592372,0.0000133,0.0000272,0.016972123,0.000016,0.0000193,0.014906223,0.9269872,0.9927516,0.9959559,0.030104324,0.0000105,0.91722083,0.00000709,0.00000694,0.005376925,0.00000264,0.0000284,0.0000277,0.0341921,0.0000433,0.00000926,0.026696667,0.00000769,0.00000637,0.035761148,0.02207973,0.02173034,0.99999416,0.00000927,0.0000228,0.006693644,0.0000024,0.0000178,0.034997985,0.02425595,0.028145421,0.97975516,0.91783327,0.91687787,0.98321116,0.9196297,0.0000116,0.006187223,0.00000599,0.0000808,0.98409444,0.000011,0.96587557,0.090878785,0.962218,0.02646811,0.9543421,0.0000169,0.036347892,0.0000166,0.0000284,0.03357297,0.00000834,0.001162361,0.007477895,0.0000632,0.00000668,0.035796236,0.00000982,0.944995,0.0704484,0.95834935,0.0000288,0.0000286,0.035359215,0.0000204,0.00000984,0.037543796,0.00000756,0.001070319,0.035728954,0.0000165,0.00000647,0.007483552,0.9590736,0.022300787,0.99998605,0.95767844,0.9596498,0.9999869,0.96229815,0.03137245,0.008725974,0.0000143,0.0000106,0.9999876,0.024190359,0.9896276,0.032826446,0.9199415,0.00000522,0.94935125,0.95925444,0.99998426,0.02725834,0.004249855,0.008697,0.0000522,0.9600317,0.09929374,0.96069133,0.0000764,0.9809383,0.0000712,0.9656902,0.9573171,0.07387087,0.0000539,0.004604953,0.033721805,0.95316654,0.018616922,0.9335003,0.0000165,0.9264075,0.045640312,0.9619417,0.019238353,0.007578102,0.00000643,0.000150918,0.9999838,0.030114163,0.9907363,0.04251415,0.9137919,0.0000164,0.016919276,0.005796704,0.008048344,0.0000138,0.95994425,0.08284001,0.95883954,0.0000466,0.98354715,0.0000075,0.9150913,0.8778985,0.033526346,0.028222721,0.9515292,0.034163997,0.00000655,0.00000402,0.038010456,0.9874676,0.021373177,0.008802892,0.8738534,0.000111225,0.009742952,0.001194761,0.00000752,0.0260506,0.00000622,0.8995806,0.0000103,0.00000723,0.010262463,0.000663978,0.0000148,0.000014,0.00711416,0.0000179,0.000084,0.02762543,0.019126331,0.99363893,0.039471645,0.0000359,0.0000106,0.01746205,0.0000101,0.036351934,0.0000214,0.048625853,0.0000136,0.008297529,0.023729263,0.9469093,0.020814886
1429,5,0.0000627,0.000115199,0.99530506,3.03E-08,1.13E-08,0.9999559,0.000830051,0.000717374,0.99996924,0.0008475,9.26E-08,0.0473804,0.0000215,0.0000464,0.999961,4.22E-08,0.95042425,0.9976666,0.000935944,7.59E-08,0.0000799,0.000000047,0.056249302,2.29E-08,1.25E-08,0.06545152,0.000000798,5.29E-08,0.06355304,0.000687024,0.9683641,0.96494174,0.0000255,0.000000151,0.038787577,4.92E-08,0.000000243,0.043854475,0.000000108,3.54E-08,6.73E-08,0.99806494,4.91E-08,8.36E-08,0.9979894,0.000000168,0.000000135,0.9972378,0.0000289,0.035364155,0.9999999,3.26E-08,0.000000116,0.029654972,0.000000049,2.42E-08,0.9970509,0.0000344,0.000028,0.9960536,0.001410663,0.000817676,0.99424016,0.000696961,0.000000215,0.032626867,2.45E-08,8.84E-08,0.9973003,2.29E-08,0.9213765,0.9994809,0.000995687,0.0000357,0.000944707,4.42E-08,0.9967997,6.34E-08,9.34E-08,0.996518,6.77E-09,0.012691445,0.029883955,6.61E-08,0.000000126,0.99818206,3.09E-08,0.001556061,0.99894017,0.001035299,0.000000106,0.000000114,0.99752766,6.07E-08,4.73E-08,0.996626,7.15E-08,0.014506068,0.9986406,0.000000138,0.000000037,0.021250209,0.00082824,0.0000349,1,0.000808136,0.000922504,0.9999999,0.001092867,0.0000366,0.02605077,4.43E-08,3.32E-08,0.99999976,0.0000918,0.9685092,0.99779725,0.000801564,5.73E-08,0.000936754,0.001449536,0.9999999,0.0000486,0.02675321,0.02712447,0.00000019,0.001777233,0.9992687,0.000993876,0.000000118,0.9969856,0.000000295,0.001170506,0.00067467,0.9994267,3.73E-08,0.030808698,0.9981852,0.001670017,0.000061,0.016687848,2.19E-08,0.001091039,0.99709487,0.000725893,0.0000363,0.027846888,0.000000147,0.000000116,1,0.000104702,0.9664197,0.9966697,0.000675485,7.65E-08,0.000052,0.022472065,0.029665211,2.09E-08,0.000950564,0.9994306,0.000769204,0.0000002,0.9946582,5.93E-08,0.001513832,0.012824311,0.9971511,0.0000346,0.001140013,0.051636185,0.000000236,2.71E-08,0.9983677,0.94794565,0.0000266,0.025648475,0.010296092,0.000000219,0.024258194,0.015788155,0.000000026,0.027928185,2.74E-08,0.011955464,4.87E-08,0.000000269,0.023575185,0.013556932,0.000000127,6.48E-08,0.03080731,9.61E-08,0.000000143,0.9982438,0.0000193,0.9696932,0.99718875,5.63E-08,0.000000237,0.0000943,2.78E-08,0.9969518,4.45E-08,0.97064376,0.000000153,0.033997968,0.0000437,0.001188175,0.0000414
1430,5,0.008286722,0.005772628,0.819171,0.000254517,0.000266588,0.98887503,0.5148477,0.53343636,0.9843699,0.523352,0.00019488,0.06966205,0.010089744,0.006534994,0.9925833,0.000242965,0.93528306,0.19459292,0.48253813,0.001233223,0.009046587,0.001075631,0.22019678,0.000278023,0.000464888,0.5322382,0.00029796,0.000430899,0.54177505,0.50681007,0.95998335,0.38269755,0.009694124,0.000403621,0.90472096,0.000312828,0.000195437,0.22160001,0.000189667,0.000520706,0.000793346,0.18827708,0.000595973,0.000758025,0.16892636,0.000220624,0.000241182,0.1976615,0.008573666,0.2719344,0.99973184,0.000648655,0.000367326,0.042693716,0.00017222,0.00024488,0.17597416,0.01027875,0.010863902,0.78584737,0.5285588,0.47783595,0.794527,0.52462816,0.000365927,0.037520863,0.00039049,0.000776423,0.80141914,0.000659084,0.75106674,0.52373034,0.4692891,0.011771362,0.4832929,0.000263842,0.19379337,0.000341914,0.000465544,0.1825334,0.000112662,0.24037018,0.038216554,0.000332542,0.00026326,0.21291997,0.000200647,0.48719198,0.5290553,0.48878726,0.001114255,0.00027257,0.18425368,0.000811424,0.000488962,0.19011512,0.000166604,0.28675687,0.21477832,0.000237152,0.000516775,0.029475985,0.48924416,0.009056219,0.9998041,0.5377309,0.46088037,0.9996551,0.44076565,0.009479466,0.03290058,0.000309332,0.000236859,0.999589,0.004520981,0.9632145,0.19244277,0.43643877,0.000260017,0.4477189,0.5101285,0.99930584,0.0069202,0.5566652,0.033301447,0.001310004,0.5003808,0.48948717,0.51094264,0.000776407,0.8147716,0.000638702,0.50807464,0.45687142,0.43516397,0.000554328,0.5780335,0.22417802,0.41600558,0.007029224,0.47615287,0.000602089,0.48504663,0.21655004,0.49749687,0.006858589,0.037364326,0.000279798,0.000925488,0.9995447,0.009415088,0.96773046,0.14515018,0.49564305,0.000353615,0.00656443,0.57373583,0.048221353,0.000467493,0.4832461,0.42129788,0.4373854,0.001000551,0.80154544,0.000184842,0.5511858,0.8973468,0.20403598,0.010548354,0.43848163,0.06025616,0.000192318,0.000287558,0.2504117,0.46552604,0.007738053,0.047583137,0.8954585,0.000758089,0.035508078,0.23502566,0.00020043,0.24941348,0.000198669,0.48753482,0.000466853,0.00026419,0.04214409,0.23536563,0.000223305,0.000351629,0.040079203,0.000539291,0.000522879,0.18240975,0.009442933,0.9627808,0.24067652,0.00098614,0.000156126,0.00608503,0.000250689,0.20803688,0.000257631,0.21875225,0.000551467,0.03916679,0.006634208,0.52510154,0.010884274
1432,5,0.000139456,0.000158095,0.9856838,0.00000298,0.00000116,0.99984825,0.00025725,0.00038777,0.999858,0.000446988,0.0000034,0.11869909,0.0000909,0.000259087,0.9998419,0.00000324,0.90579623,0.99776936,0.00026287,0.00000669,0.000322599,0.00000154,0.62753206,0.00000104,0.00000187,0.75944626,0.0000183,0.00000287,0.8005166,0.00017642,0.94611835,0.271484,0.000126792,0.00000491,0.7937817,0.00000257,0.0000139,0.6586576,0.00000646,0.0000034,0.00000524,0.99694353,0.00000152,0.00000691,0.99811363,0.0000099,0.00000332,0.9969798,0.000110828,0.6808575,0.999995,0.00000207,0.00000957,0.058345813,0.00000684,0.00000153,0.9958103,0.0000864,0.000174905,0.9817214,0.000879554,0.000513773,0.98336995,0.00018186,0.0000118,0.054379918,0.00000543,0.00000551,0.9864287,0.00000264,0.84586525,0.9997533,0.000511162,0.000110095,0.000641397,0.00000267,0.9954086,0.00000303,0.00000451,0.9946996,0.000000623,0.45227593,0.039689478,0.000000653,0.00000646,0.9982856,0.00000342,0.000846085,0.9995652,0.000554802,0.00000367,0.00000702,0.99691796,0.00000254,0.00000383,0.99733704,0.00000207,0.41413838,0.9985415,0.0000105,0.00000213,0.04201773,0.000284596,0.000120316,0.99999774,0.00042536,0.000714059,0.9999957,0.00051612,0.000297288,0.044735763,0.00000293,0.00000152,0.99999297,0.000199999,0.94693893,0.99790925,0.000486327,0.00000691,0.000349249,0.000840706,0.9999968,0.000141131,0.6545279,0.04192951,0.0000157,0.001506895,0.99970907,0.000414325,0.00000405,0.9869904,0.0000127,0.00172699,0.000406967,0.9996822,0.00000133,0.68011004,0.9982021,0.000565441,0.000238196,0.02766414,0.00000134,0.000356571,0.9970169,0.000716051,0.000178803,0.04275508,0.0000052,0.00000646,0.9999963,0.000276222,0.9521221,0.9961308,0.000400551,0.00000686,0.000184905,0.57580924,0.042414926,0.00000239,0.001193594,0.9997625,0.000481409,0.0000123,0.9828992,0.00000401,0.000855544,0.5875429,0.99657273,0.0000965,0.000326013,0.08215001,0.00001,0.00000254,0.99874085,0.30936816,0.0000795,0.051344823,0.51833546,0.00000453,0.06000286,0.37974265,0.00000205,0.56800705,0.000000803,0.018126609,0.00000184,0.000012,0.03025655,0.33990446,0.0000061,0.00000454,0.04964463,0.00000548,0.0000077,0.9979785,0.0000614,0.9524411,0.9951054,0.000005,0.00000594,0.000323506,0.00000119,0.9974141,0.00000183,0.93382806,0.00000883,0.058868952,0.00021132,0.000756235,0.000191396
1433,6,0.024682337,0.023985105,0.9672076,0.000006,0.0000211,0.97969717,0.9258537,0.91795826,0.9800214,0.9203627,0.00000888,0.010570095,0.024319274,0.03547625,0.97949666,0.00000718,0.99279094,0.017262384,0.92242795,0.0000938,0.029078828,0.0000654,0.001121984,0.000012,0.0000179,0.00891183,0.00000566,0.0000366,0.007795305,0.9230185,0.99954945,0.9829473,0.018223684,0.0000166,0.9351666,0.00000708,0.00000416,0.001673368,0.00000172,0.0000481,0.0000244,0.017872863,0.000125523,0.00000332,0.014023062,0.00000515,0.00000491,0.014396978,0.027511302,0.012323552,0.9999864,0.0000115,0.0000656,0.000562528,0.00000438,0.0000285,0.014263425,0.026343713,0.022423137,0.9700143,0.9196942,0.92648965,0.96348786,0.91137666,0.00000459,0.00089852,0.00000652,0.0000438,0.96314174,0.00000806,0.9680996,0.09795593,0.9553973,0.026379652,0.9511369,0.00000936,0.01891267,0.0000252,0.0000169,0.009433839,0.00000711,0.001682143,0.00100691,0.0000866,0.00000627,0.015592494,0.0000156,0.9501548,0.08484116,0.96644205,0.0000256,0.0000756,0.01784878,0.0000137,0.0000111,0.018050496,0.0000123,0.002178813,0.018563414,0.0000135,0.00000665,0.000575198,0.91245764,0.020635843,0.9999875,0.9519555,0.9417942,0.9999863,0.9483206,0.02699834,0.001164013,0.0000114,0.00000902,0.99997365,0.027127283,0.9994407,0.013849482,0.926772,0.00000311,0.9389214,0.9629962,0.9999956,0.02181873,0.010846991,0.001043318,0.000140843,0.9543168,0.07750777,0.95386744,0.0000937,0.95972943,0.000118491,0.95451903,0.9399981,0.09017527,0.000094,0.012188454,0.018956201,0.941162,0.03446656,0.9251773,0.0000194,0.9469276,0.013740415,0.9422636,0.026430083,0.000852,0.00000596,0.000140865,0.99997866,0.02350776,0.9992601,0.007946763,0.92393,0.0000231,0.028092222,0.009449764,0.001082658,0.0000228,0.95060843,0.0646159,0.9524113,0.0000678,0.95337194,0.00000382,0.9381117,0.96113515,0.015558453,0.020933868,0.94958586,0.007965204,0.00000827,0.00000247,0.012676749,0.99310863,0.017694827,0.000928586,0.9623241,0.00033779,0.000746963,0.001404117,0.0000103,0.011597248,0.00000334,0.83675295,0.00000961,0.00000767,0.00076953,0.001727375,0.00000845,0.0000196,0.000585428,0.0000187,0.000277567,0.013580686,0.028764423,0.99905366,0.015754255,0.0000453,0.00000702,0.027587963,0.0000166,0.017865907,0.0000161,0.03149529,0.0000205,0.001439855,0.025255391,0.9545933,0.0243076
1434,4,0.012726619,0.009522558,0.6406909,0.0000121,0.0000166,0.9819902,0.24475075,0.29386786,0.9803152,0.2504587,0.0000154,0.022694783,0.01604102,0.008767159,0.98118836,0.000012,0.9620227,0.107379854,0.2265852,0.000109215,0.009587974,0.0000592,0.049486734,0.0000201,0.0000262,0.4855076,0.0000115,0.0000193,0.52885866,0.26595438,0.9960918,0.425694,0.023132022,0.0000134,0.87395734,0.0000124,0.00000846,0.049246307,0.00000751,0.0000271,0.0000359,0.13301578,0.0000207,0.0000526,0.13821279,0.00000943,0.00000598,0.1288917,0.013056207,0.19313616,0.9999883,0.00004,0.0000384,0.003892622,0.0000101,0.0000332,0.14456941,0.017238319,0.014438173,0.66284907,0.29532686,0.2522968,0.66531783,0.289078,0.00000653,0.003633215,0.0000275,0.0000299,0.6676302,0.0000724,0.7386288,0.68060577,0.33345717,0.014759875,0.3449243,0.00000618,0.13061544,0.0000156,0.0000191,0.117231004,0.0000109,0.07515976,0.004059648,0.0000135,0.0000171,0.12199357,0.00000825,0.30130446,0.7491297,0.2693546,0.0000386,0.0000109,0.14717697,0.0000591,0.0000219,0.14247352,0.00000577,0.08188384,0.13627432,0.00000561,0.0000175,0.002915294,0.3753074,0.010106178,0.9999902,0.31498638,0.3395766,0.99998665,0.3281157,0.01607245,0.004578069,0.0000195,0.0000131,0.9999869,0.00710346,0.99507153,0.13482794,0.26670307,0.0000076,0.2903852,0.27728555,0.9999813,0.017141527,0.5868971,0.002624969,0.0000832,0.30186984,0.76984423,0.35995346,0.0000325,0.67795545,0.0000418,0.29952654,0.31605646,0.69432664,0.0000282,0.685118,0.12427738,0.35001022,0.00901514,0.33368522,0.0000436,0.22065115,0.1551318,0.29857656,0.012141999,0.004420243,0.00000839,0.0000769,0.9999796,0.011820754,0.9957581,0.15869837,0.23930389,0.0000204,0.010095251,0.6041082,0.003278094,0.000023,0.3276521,0.7655734,0.3360461,0.0000555,0.6430291,0.00000709,0.23626181,0.85752743,0.13858752,0.023033787,0.33130583,0.033559944,0.0000137,0.0000129,0.15990059,0.4498596,0.01173284,0.005289853,0.85102934,0.0000606,0.003964013,0.09783078,0.0000223,0.18162836,0.00000546,0.32139245,0.0000257,0.0000134,0.004353703,0.07807333,0.0000129,0.0000168,0.004819236,0.0000238,0.0000371,0.12725073,0.012959848,0.99572986,0.123829626,0.0000962,0.00000596,0.010116167,0.0000124,0.14285533,0.000011,0.20800878,0.0000252,0.00365764,0.015791822,0.3614319,0.011687038
1435,2,0.000561256,0.000477432,0.9933356,0.0000308,0.0000136,0.99920815,0.005711794,0.008287407,0.99955183,0.008343022,0.0000232,0.107120365,0.000519643,0.000951599,0.99943477,0.0000223,0.8900332,0.9911209,0.005961301,0.0000688,0.000778176,0.0000422,0.67928374,0.0000172,0.0000194,0.61259013,0.0000996,0.0000329,0.5865895,0.007074489,0.8795715,0.6110552,0.000679572,0.0000409,0.6518744,0.0000391,0.0000961,0.64208186,0.000035,0.0000307,0.0000788,0.9902395,0.0000312,0.0000568,0.9927533,0.000042,0.000026,0.9919532,0.000425429,0.4634101,0.99996924,0.0000509,0.000053,0.12368031,0.0000428,0.0000277,0.99143994,0.000413696,0.000520862,0.99402833,0.008591373,0.008127457,0.99550015,0.006056813,0.0000689,0.13580723,0.0000551,0.000051,0.99391043,0.0000349,0.9259628,0.9909484,0.008771054,0.000580025,0.009176735,0.0000312,0.9874435,0.0000275,0.0000391,0.9875628,0.00000711,0.4697576,0.121368416,0.0000186,0.0000379,0.9933381,0.0000275,0.00896974,0.99143,0.007020383,0.0000568,0.0000495,0.99016666,0.0000357,0.0000402,0.9929316,0.0000231,0.4689825,0.99334705,0.0000502,0.0000314,0.14234838,0.006811928,0.000642949,0.99996984,0.007314111,0.009738744,0.9999485,0.007100881,0.000580117,0.12137686,0.000038,0.0000225,0.99993277,0.000904554,0.8579898,0.9909492,0.008278646,0.0000695,0.005595046,0.010250421,0.99996233,0.000493813,0.3963877,0.10897961,0.0000768,0.010339593,0.99177986,0.008277041,0.0000668,0.99591273,0.0001072,0.012227439,0.007868394,0.99294853,0.0000164,0.35189092,0.99126095,0.00952147,0.00050473,0.10172147,0.0000264,0.007747208,0.9918326,0.010682031,0.000654893,0.13153699,0.0000498,0.0000772,0.99995697,0.000637051,0.8696207,0.9916727,0.008465841,0.000078,0.000498118,0.46129525,0.12569104,0.0000245,0.011919498,0.99120104,0.008045775,0.000125215,0.99584925,0.0000183,0.008753999,0.52059835,0.99195766,0.000510906,0.006714706,0.11985756,0.0000511,0.0000317,0.9938281,0.4547411,0.000487539,0.13639492,0.47423315,0.0000678,0.15394565,0.45201498,0.0000145,0.51553184,0.0000142,0.108968355,0.0000419,0.0000525,0.16508467,0.46277487,0.0000466,0.0000397,0.12198398,0.0000639,0.0000798,0.9912369,0.000309946,0.88772005,0.9904522,0.0000845,0.000052,0.000695852,0.0000145,0.9915896,0.0000352,0.90755343,0.0000853,0.11371406,0.000806099,0.006660238,0.000755195
1436,2,0.0000388,0.0000227,0.77451783,0.000000159,0.000000232,0.9999621,0.016417533,0.014473084,0.99994576,0.015008924,0.000000443,0.009536726,0.0000116,0.0000394,0.99997485,0.000000171,0.99059665,0.67595744,0.011088703,0.000000697,0.0000588,0.000000505,0.2508474,0.000000155,0.000000363,0.8685046,0.000000881,0.000000273,0.87111825,0.00895683,0.99454194,0.074437715,0.0000405,0.000000382,0.9423691,0.00000036,0.000000531,0.28940004,0.00000037,0.000000258,0.000000537,0.65714407,0.000000209,0.000000964,0.65855986,0.000000657,0.000000262,0.68648154,0.0000258,0.39942855,0.9999995,0.000000258,0.000000479,0.008745802,0.000000371,0.000000102,0.75384367,0.0000234,0.0000395,0.792228,0.015309976,0.012073107,0.78496593,0.011434251,0.000000745,0.006991506,0.000000277,0.000000478,0.8000837,0.000000407,0.75014746,0.99081916,0.008725388,0.0000298,0.013315345,0.000000261,0.6861433,0.000000507,0.000000423,0.6584941,3.94E-08,0.3765212,0.01162084,0.000000118,0.000000327,0.69891226,0.00000018,0.011447835,0.98757076,0.012466272,0.0000015,0.000000148,0.6896512,0.000000564,0.000000772,0.68227214,0.000000134,0.42202044,0.7226734,0.00000021,0.000000229,0.00529315,0.007056585,0.0000217,0.99999976,0.01227845,0.012430351,0.99999976,0.014214505,0.0000359,0.009287132,0.00000019,0.000000166,0.99999976,0.0000263,0.9922191,0.71858037,0.012093787,0.000000385,0.008016039,0.011140525,0.99999964,0.0000296,0.90539366,0.007269227,0.000000952,0.010569222,0.9857808,0.009263706,0.000000468,0.804986,0.000000551,0.016248228,0.009811263,0.98458993,0.000000281,0.9321909,0.7234734,0.008729719,0.0000233,0.025944976,0.000000398,0.01288628,0.7154905,0.013030212,0.0000135,0.009028292,0.000000306,0.00000088,0.99999917,0.0000504,0.99110657,0.6584022,0.010854759,0.000000274,0.0000275,0.9017667,0.007296548,0.000000309,0.014422365,0.98916596,0.009079029,0.000000913,0.79374504,0.000000308,0.015521891,0.93427444,0.70874554,0.0000252,0.009905048,0.011756816,0.000000554,0.000000295,0.75173795,0.088134885,0.0000122,0.008292269,0.9325481,0.000000509,0.006621117,0.42253667,0.000000124,0.37332246,0.000000157,0.034144636,0.00000011,0.000000693,0.010180819,0.41027012,0.00000057,0.000000414,0.008534629,0.000000392,0.000000627,0.70590955,0.0000228,0.993178,0.65853363,0.000000589,0.000000508,0.0000223,0.00000023,0.6750753,0.000000358,0.6009937,0.0000013,0.007872802,0.0000277,0.018456554,0.0000377
1438,6,0.00008,0.0000443,0.9993693,0.000000126,0.000000148,0.99993885,0.021279892,0.027484886,0.9999058,0.021751825,0.000000209,0.005525166,0.0000534,0.000101046,0.9999211,6.99E-08,0.9946615,0.983086,0.022539908,0.000000702,0.0000833,0.000000503,0.011969836,0.000000149,0.000000113,0.011838831,0.00000166,0.000000161,0.00908169,0.025511067,0.9978264,0.99019706,0.0000737,0.000000458,0.09753531,0.00000043,0.000000663,0.02255633,0.000000219,0.00000016,0.000000223,0.98221636,0.000000621,0.000000219,0.98032266,0.000000324,0.000000227,0.9828552,0.0000662,0.02696517,0.99999964,0.000000341,0.000000508,0.002797501,0.000000191,0.00000019,0.98472875,0.0000519,0.0000292,0.999328,0.027016701,0.031093942,0.99939513,0.023117526,0.000000658,0.003707961,8.52E-08,0.000000666,0.9993511,0.000000289,0.99486166,0.97339386,0.026446063,0.0000793,0.031699795,0.000000172,0.9795645,0.000000503,0.00000035,0.98043114,2.53E-08,0.015814012,0.00499435,0.000000557,0.000000251,0.98449683,8.77E-08,0.022490889,0.9711247,0.023899717,0.00000104,0.000000223,0.9825005,0.00000038,0.00000027,0.98367506,0.000000221,0.016067352,0.9807515,0.000000117,0.000000174,0.004179328,0.02778213,0.0000646,0.99999964,0.027550219,0.029996315,0.99999976,0.024191733,0.0000552,0.004977492,0.000000211,0.00000014,0.9999994,0.0000951,0.99609345,0.98373437,0.024610981,0.000000206,0.023546783,0.025217153,0.99999976,0.0000839,0.010074163,0.002238823,0.000000735,0.026681209,0.9701892,0.023340223,0.00000098,0.999673,0.000000576,0.032943916,0.022055004,0.97369397,0.000000238,0.010004149,0.980602,0.0241054,0.0000408,0.056264166,0.000000185,0.022159614,0.9860707,0.028688477,0.0000763,0.004270442,0.000000435,0.0000015,0.9999994,0.0000937,0.995743,0.9844409,0.027457943,0.000000412,0.0000589,0.01094163,0.002136685,0.000000117,0.030480077,0.9735421,0.024011422,0.000000969,0.99941015,4.95E-08,0.022640973,0.08372621,0.9839244,0.0000696,0.02758225,0.006192606,0.000000473,0.000000155,0.98446965,0.98759115,0.0000582,0.004480255,0.07689535,0.0000018,0.002469546,0.017057378,0.000000106,0.02467199,0.000000141,0.061475698,0.000000149,0.000000444,0.004190882,0.019928966,0.000000407,0.000000228,0.003569337,0.000000586,0.00000105,0.97945595,0.0000377,0.9960829,0.97635615,0.000000534,0.000000632,0.0000853,0.000000231,0.9826712,0.00000049,0.96501935,0.000000587,0.003017546,0.0000881,0.023322236,0.000121613
1439,6,0.09873066,0.09608696,0.96354276,0.0000164,0.0000289,0.9226357,0.8701671,0.8461745,0.8883754,0.87383807,0.0000184,0.029241344,0.10339905,0.06963789,0.90571696,0.0000254,0.9727994,0.019471277,0.88979954,0.000135542,0.11338619,0.000108855,0.000249731,0.0000184,0.0000578,0.001143666,0.000105483,0.0000532,0.001304496,0.83720064,0.9993235,0.99870265,0.09816596,0.0000457,0.6823443,0.0000199,0.0000283,0.000231959,0.00000751,0.0000972,0.0000464,0.014654452,0.000133555,0.0000216,0.02130904,0.000047,0.0000388,0.013846514,0.09032194,0.020062843,0.9999721,0.0000099,0.000119571,0.000977748,0.00000534,0.0000372,0.023352243,0.0984693,0.07766589,0.96078026,0.8767812,0.92027384,0.9695518,0.867436,0.0000577,0.000747127,0.0000131,0.000129647,0.9697733,0.0000203,0.96882623,0.101149455,0.9604211,0.07613443,0.96316475,0.0000504,0.01856252,0.0000568,0.0000687,0.016755989,0.0000253,0.0000795,0.001259696,0.000110367,0.0000264,0.016862975,0.0000328,0.9628941,0.11086018,0.9531111,0.0000419,0.000047,0.019408626,0.0000401,0.0000298,0.026002962,0.0000457,0.0000791,0.024010941,0.0000654,0.0000146,0.001121061,0.9744912,0.08187469,0.9999323,0.9573095,0.96205944,0.99993753,0.962646,0.12596203,0.001361727,0.0000473,0.0000298,0.99994373,0.09035101,0.9979596,0.012339552,0.8886851,0.000012,0.9703038,0.9681051,0.9999616,0.11576255,0.001276868,0.000891141,0.000151771,0.9622016,0.12132039,0.9612257,0.000109653,0.96642137,0.0000787,0.96495473,0.9650419,0.16390835,0.00015194,0.000998436,0.020912033,0.967765,0.09214846,0.94213355,0.0000164,0.8817949,0.018217305,0.9583976,0.09008551,0.000863956,0.000054,0.00020361,0.99994826,0.09256049,0.9989483,0.020361766,0.8833167,0.0000279,0.11427416,0.001739127,0.000816165,0.0000378,0.96492606,0.093752764,0.97026336,0.000149082,0.9612036,0.0000286,0.8793634,0.7528548,0.021419443,0.104549594,0.967475,0.021327654,0.0000372,0.0000117,0.011997681,0.9993315,0.11941616,0.00072333,0.7478735,0.000253543,0.000803294,0.00012498,0.0000283,0.014233395,0.0000168,0.7722866,0.0000176,0.0000274,0.000897224,0.0000673,0.0000514,0.0000431,0.000833664,0.0000478,0.000141722,0.019408187,0.098193645,0.999127,0.020980278,0.0000493,0.0000499,0.10671447,0.0000393,0.021303836,0.0000557,0.04548401,0.0000386,0.000555987,0.09627591,0.97501963,0.0972363
1442,5,0.006931735,0.016586728,0.9098373,0.000150324,0.0000873,0.9897426,0.22381262,0.2222861,0.9911953,0.25453135,0.00011155,0.16812111,0.011478337,0.011562186,0.9918848,0.0000837,0.81301963,0.6412534,0.22169043,0.000397359,0.009515319,0.000355128,0.17669217,0.000102909,0.000061,0.29325926,0.000219847,0.000205326,0.23649433,0.26041397,0.8819574,0.7678112,0.008212645,0.000179988,0.5625244,0.000156929,0.000215668,0.15981662,0.00005,0.000145681,0.000385225,0.5693053,0.000231775,0.000237794,0.6437127,0.000141737,0.000136275,0.5851826,0.007801684,0.069607675,0.9998871,0.000199007,0.000169267,0.124080025,0.0000728,0.000128491,0.53476006,0.009767988,0.007164318,0.8857357,0.2612648,0.23235874,0.9118272,0.24273829,0.000196156,0.11606155,0.000120028,0.000268552,0.865424,0.000138433,0.7290255,0.7812455,0.18530753,0.01019091,0.22118905,0.000136791,0.5605861,0.000123345,0.000263575,0.59227526,0.0000554,0.06400882,0.13587624,0.000188689,0.000108783,0.599657,0.000104532,0.28298554,0.7750382,0.19853973,0.000293223,0.000145009,0.5426445,0.000158957,0.000165662,0.607309,0.0000813,0.0785819,0.6225909,0.000253039,0.000210822,0.09879371,0.27484322,0.012595031,0.99988234,0.22226511,0.22176875,0.999637,0.22961268,0.006891743,0.103105485,0.000108724,0.0000998,0.99963415,0.007181898,0.91937244,0.55177593,0.23348792,0.000120414,0.24012199,0.24377121,0.9997508,0.00770164,0.19213463,0.08872568,0.000537739,0.2887407,0.7476243,0.2520068,0.00047923,0.92096055,0.00051407,0.23410323,0.20333855,0.77063596,0.000278314,0.1061252,0.5734197,0.26714215,0.010217075,0.43757293,0.000148258,0.24221115,0.56451565,0.24229696,0.00759512,0.10272598,0.00017223,0.000247261,0.9998677,0.01191546,0.89032996,0.57297146,0.28426343,0.000151934,0.009535501,0.14427684,0.1187919,0.000166177,0.21414664,0.77210945,0.1869163,0.000487151,0.90385115,0.0000871,0.2115502,0.49559444,0.6499138,0.009546531,0.22937322,0.16565298,0.000156095,0.0000874,0.6335843,0.7422242,0.010838103,0.13513592,0.45830423,0.000352,0.1181647,0.066241115,0.000114647,0.07793209,0.000109099,0.43683118,0.000252413,0.000126966,0.09778174,0.064227484,0.0000813,0.000198529,0.113380946,0.000277993,0.000382809,0.6100828,0.005954856,0.8956725,0.5637105,0.000260493,0.0000958,0.013196932,0.00010591,0.6239716,0.000148699,0.4524626,0.000236516,0.14024839,0.01272587,0.24156457,0.016377565
1443,5,0.003460844,0.003341821,0.9888235,0.0000176,0.0000165,0.99746823,0.016193092,0.014458455,0.99612564,0.013244947,0.0000395,0.09100839,0.002475744,0.002311532,0.997122,0.0000217,0.9005691,0.99159724,0.012920351,0.0000399,0.003593304,0.0000197,0.13388844,0.000048,0.0000254,0.14654987,0.000077,0.0000278,0.14963305,0.015672239,0.92194736,0.896695,0.003020712,0.0000444,0.16144295,0.0000355,0.000055,0.113988005,0.0000314,0.0000172,0.0000268,0.9878056,0.0000421,0.0000458,0.99009657,0.0000366,0.000031,0.9875694,0.003079173,0.123365104,0.999969,0.0000128,0.000038,0.08927665,0.0000187,0.0000235,0.9887143,0.003726836,0.00415428,0.98967,0.010662542,0.016250027,0.9891238,0.012114052,0.0000471,0.08045962,0.0000238,0.0000348,0.98648447,0.0000299,0.9078802,0.9853952,0.011909898,0.003653462,0.010508857,0.0000168,0.982989,0.0000494,0.0000389,0.9865435,0.0000208,0.08920584,0.07488655,0.0000204,0.0000331,0.98562974,0.0000286,0.012842693,0.9869177,0.012415392,0.0000417,0.00000734,0.9873998,0.0000308,0.0000305,0.9890056,0.0000379,0.10727688,0.9866252,0.0000121,0.0000346,0.07460472,0.012230222,0.002607718,0.99997294,0.010622832,0.009423644,0.99998,0.009260595,0.002667972,0.0681983,0.0000225,0.0000269,0.99995255,0.002597022,0.9189723,0.98893005,0.010731016,0.0000182,0.011244444,0.015330731,0.9999689,0.002614011,0.123228766,0.079324506,0.0000462,0.014728358,0.98570585,0.014104068,0.000023,0.9877916,0.0000376,0.00906595,0.012617485,0.9886564,0.0000152,0.113534115,0.990218,0.009624084,0.003074706,0.094127655,0.0000358,0.015065572,0.9868578,0.014623873,0.003160888,0.07140103,0.0000308,0.000038,0.99997115,0.003785206,0.9285086,0.9864182,0.015827822,0.0000147,0.003029995,0.10291139,0.075267024,0.0000175,0.0111896,0.9812275,0.014435873,0.0000286,0.9861724,0.0000185,0.01490665,0.14670628,0.9850522,0.002836047,0.012039988,0.08165054,0.0000396,0.0000179,0.9871187,0.8461386,0.002926182,0.08075975,0.14260742,0.0000559,0.08207102,0.10051509,0.0000382,0.10855184,0.0000148,0.12134692,0.0000191,0.0000392,0.068824574,0.09371197,0.0000364,0.0000318,0.070209384,0.0000146,0.0000114,0.9877237,0.004167024,0.9224279,0.9865827,0.0000333,0.0000307,0.002579922,0.0000217,0.98795533,0.0000171,0.8969519,0.0000423,0.06577197,0.003984504,0.012375121,0.003119438
1444,2,0.055175155,0.046792056,0.93858826,0.0000443,0.0000998,0.93547213,0.044724856,0.043520875,0.94025195,0.034791563,0.0000912,0.55736405,0.057425,0.052385695,0.93894565,0.0000656,0.33473772,0.91853994,0.04614191,0.0000943,0.054884337,0.000111529,0.67450756,0.000120873,0.000105466,0.63234407,0.000074,0.000127563,0.6863735,0.037441522,0.51572055,0.9189469,0.063607894,0.0000319,0.7138629,0.0000373,0.0000707,0.6538053,0.0000323,0.0000331,0.0000495,0.90878093,0.0000539,0.000163165,0.89835775,0.0000743,0.0000425,0.90786904,0.04783118,0.2743633,0.99995136,0.000141115,0.0000576,0.464219,0.0000592,0.000120826,0.9162308,0.05757548,0.06030132,0.9367489,0.047589906,0.04285645,0.9255031,0.042484302,0.0000683,0.4808298,0.0000885,0.000147473,0.9405821,0.0000768,0.48143432,0.95696753,0.08636644,0.063298054,0.105630435,0.0000442,0.89953816,0.0000489,0.000170977,0.91296804,0.0000574,0.066509955,0.5093371,0.000107256,0.0000605,0.91348714,0.0000583,0.093543276,0.9578286,0.07990156,0.000132205,0.0000341,0.9055081,0.000116059,0.0000507,0.9054172,0.0000262,0.0773457,0.90685475,0.0000212,0.0000344,0.48415393,0.09411682,0.04916515,0.99996006,0.09294026,0.094590984,0.99995196,0.080738656,0.06410896,0.51794535,0.0000777,0.000144589,0.9999367,0.0483535,0.4771178,0.9182887,0.04042489,0.0000635,0.083545536,0.08499968,0.9999144,0.06901314,0.074803,0.46760252,0.0000944,0.08085688,0.9525388,0.08941205,0.0000961,0.944283,0.000223706,0.11008155,0.08395958,0.9626553,0.0000881,0.078157485,0.902606,0.092425235,0.048184704,0.64859915,0.000134059,0.04330428,0.9036824,0.09806574,0.045547683,0.47724214,0.0000252,0.000207466,0.99994755,0.06567348,0.5283841,0.9175934,0.044422828,0.0000969,0.053590447,0.06744667,0.45628905,0.0000829,0.07928355,0.96513265,0.10266603,0.00012757,0.9413111,0.0000563,0.045554347,0.17944428,0.91826725,0.061398327,0.08614737,0.6200409,0.0000456,0.0000536,0.9131741,0.29879865,0.05079629,0.46045768,0.1863264,0.000147042,0.46807697,0.08929177,0.000105019,0.3035876,0.000046,0.52740985,0.0000767,0.0000611,0.49417648,0.06628732,0.000131637,0.0000832,0.46215335,0.0000973,0.000143904,0.9034807,0.05331259,0.5074631,0.91197157,0.00012633,0.0000446,0.049638286,0.0000553,0.90913373,0.0000567,0.36296016,0.0000702,0.47168133,0.061463088,0.10704254,0.057105925
1445,6,0.010943447,0.006008304,0.97726417,0.000032,0.0000815,0.98881745,0.8536967,0.86490786,0.99039626,0.8745893,0.000049,0.011330686,0.0141019,0.009766351,0.98732066,0.0000374,0.9913448,0.053560376,0.8476896,0.00034461,0.007365885,0.000241627,0.010756488,0.0000456,0.0000909,0.028798254,0.0000584,0.0000782,0.030019535,0.86784303,0.99740654,0.943138,0.010124231,0.000112702,0.8853192,0.0000727,0.0000414,0.009134205,0.0000118,0.00012194,0.000129649,0.06780726,0.000299593,0.0000422,0.061993565,0.0000274,0.0000316,0.06480413,0.012227019,0.02397455,0.99994576,0.000110449,0.000203171,0.001967481,0.0000281,0.000107183,0.061801244,0.008686516,0.006974735,0.97206306,0.88632715,0.8732132,0.9731708,0.86613363,0.0000401,0.002462585,0.0000458,0.000209334,0.96380067,0.0000799,0.9669411,0.14295402,0.84427464,0.008624586,0.8562648,0.0000533,0.0670471,0.000093,0.0000888,0.067707226,0.0000264,0.009941857,0.003361444,0.00016424,0.0000345,0.06208852,0.0000326,0.8780492,0.1589529,0.8619618,0.000222447,0.00015114,0.07799517,0.0000932,0.0000441,0.06813383,0.0000463,0.010488398,0.070925064,0.0000612,0.0000454,0.002853932,0.88426864,0.007115012,0.9999256,0.87686116,0.8802651,0.9999491,0.8633548,0.009620096,0.003375643,0.0000921,0.0000425,0.9999219,0.008510519,0.9970402,0.06906855,0.8816236,0.0000289,0.86494315,0.8571867,0.9999194,0.010110426,0.03221568,0.002026363,0.000301985,0.8579129,0.14018016,0.8752042,0.000353598,0.97470945,0.000272442,0.88509405,0.84901726,0.11837517,0.000192026,0.037805576,0.06988462,0.8608857,0.005850283,0.7793861,0.0000862,0.8640483,0.070447065,0.8470794,0.011786643,0.002893613,0.0000379,0.000504834,0.99989915,0.007757813,0.9972838,0.071180746,0.8529652,0.0001143,0.008790249,0.040577833,0.002333635,0.0000937,0.8727938,0.15972942,0.8752432,0.00026447,0.973678,0.000019,0.8786457,0.8900837,0.05798223,0.01234704,0.9048327,0.009777826,0.0000455,0.0000236,0.0700548,0.9732738,0.010209073,0.003462311,0.8884916,0.000614425,0.002613559,0.012931163,0.0000364,0.02415457,0.0000353,0.72782964,0.000044,0.0000367,0.002543932,0.01158233,0.0000371,0.000110062,0.003130623,0.0000998,0.000506785,0.05530279,0.00884626,0.9962674,0.062760845,0.000173143,0.0000423,0.011012714,0.0000482,0.071774885,0.0000588,0.14312057,0.000112452,0.003578077,0.007791008,0.86771935,0.009945279
1446,6,0.002926964,0.003210389,0.9808952,0.00000209,0.00000355,0.9968388,0.76076365,0.75054675,0.997148,0.8117273,0.00000377,0.011431863,0.00244883,0.001553778,0.9963946,0.00000377,0.9902352,0.08186764,0.7886776,0.0000112,0.003228506,0.000016,0.001864306,0.00000225,0.00000494,0.008502435,0.000012,0.00000547,0.008388886,0.7911257,0.99754095,0.99341196,0.002659507,0.00000565,0.79149044,0.00000327,0.00000362,0.002002784,0.00000169,0.0000106,0.00000909,0.0682663,0.0000116,0.00000382,0.09035094,0.00000412,0.00000425,0.06475866,0.002707873,0.011188214,0.9999969,0.00000182,0.00000805,0.002382777,0.000000587,0.00000269,0.07944244,0.003590616,0.002863113,0.9831482,0.8208506,0.78087866,0.9863171,0.80078423,0.00000938,0.002378911,0.00000189,0.0000189,0.9864689,0.00000387,0.9761619,0.19582948,0.8550141,0.002665534,0.8569281,0.00000785,0.06908149,0.00000841,0.00000809,0.071200214,0.00000234,0.000853509,0.002896841,0.00000798,0.00000277,0.08355959,0.00000397,0.83030945,0.17128773,0.8325076,0.00000938,0.0000054,0.06707029,0.00000771,0.00000408,0.08568027,0.00000443,0.000986503,0.07825969,0.00000581,0.00000319,0.002589357,0.8578261,0.003302234,0.9999932,0.8349451,0.8365392,0.99999607,0.84937817,0.003860142,0.003351064,0.00000503,0.00000266,0.9999943,0.003312269,0.9959413,0.062454205,0.7908494,0.00000141,0.85924715,0.82639724,0.999992,0.004139964,0.009270041,0.002821555,0.0000123,0.8355957,0.21160686,0.85973686,0.0000112,0.9873232,0.0000128,0.8439167,0.85108155,0.21507768,0.00000997,0.00703642,0.08813686,0.8684075,0.002832382,0.77434653,0.00000302,0.812717,0.07403134,0.84370893,0.002159257,0.003472122,0.00000502,0.0000285,0.999995,0.003505875,0.996603,0.07194583,0.80516124,0.00000264,0.003113636,0.009562271,0.002329127,0.00000352,0.84286845,0.19721924,0.84227115,0.0000112,0.9841829,0.00000395,0.77430034,0.766905,0.077787064,0.002886733,0.8315057,0.010790073,0.0000044,0.00000151,0.08040049,0.99177647,0.003941122,0.002053963,0.8042635,0.0000181,0.002843984,0.001161908,0.00000223,0.012081943,0.00000249,0.71337014,0.00000355,0.00000358,0.002660967,0.000776289,0.00000524,0.00000507,0.002620357,0.00000414,0.0000129,0.07035028,0.002418804,0.99717075,0.07670469,0.00000714,0.00000709,0.0024469,0.00000289,0.066152774,0.00000544,0.12007124,0.00000601,0.002591938,0.002521386,0.84567326,0.002834936
1448,5,0.000427425,0.000226004,0.99435943,0.0000078,0.0000102,0.9994617,0.107653014,0.13000086,0.9995937,0.124059156,0.00000969,0.014425775,0.000430573,0.000518999,0.9994785,0.00000749,0.9844683,0.83379376,0.10539261,0.000048,0.000334334,0.0000303,0.22289905,0.00000947,0.0000107,0.29140964,0.0000305,0.0000138,0.27515978,0.11616422,0.9836727,0.7688011,0.00048263,0.0000184,0.74332964,0.0000165,0.0000177,0.2704891,0.00000752,0.0000112,0.0000252,0.87050074,0.0000184,0.0000195,0.85764676,0.00000856,0.00000734,0.8663136,0.000421318,0.20573255,0.99999034,0.0000321,0.0000196,0.012205211,0.0000108,0.0000124,0.87792075,0.000361748,0.000330099,0.992397,0.13937506,0.11376517,0.9943316,0.123225816,0.000021,0.014928015,0.0000117,0.0000326,0.9942696,0.0000203,0.978096,0.85998064,0.113238275,0.000453017,0.09611023,0.0000136,0.85422444,0.0000166,0.0000195,0.86490464,0.00000254,0.22301058,0.0154207,0.0000118,0.00000901,0.8861823,0.00000582,0.10656963,0.895248,0.11297297,0.0000388,0.0000175,0.8679492,0.0000209,0.0000121,0.86318845,0.00000761,0.18368256,0.85987854,0.00000983,0.0000118,0.018960077,0.105812065,0.000407078,0.99998844,0.11428796,0.13310564,0.9999888,0.100286484,0.000469805,0.019791614,0.000016,0.00000827,0.9999869,0.000378393,0.97814137,0.84146714,0.12528202,0.000015,0.10020153,0.103116035,0.9999765,0.00039032,0.18975991,0.014091066,0.000031,0.111265585,0.8781987,0.1304903,0.0000426,0.99582714,0.0000385,0.13963476,0.11463796,0.8825346,0.000012,0.21656781,0.85658944,0.09949654,0.0002065,0.2087154,0.0000158,0.10843211,0.8725299,0.1209458,0.00043634,0.017736306,0.000014,0.0000888,0.99998176,0.000365348,0.98304373,0.8820977,0.12637016,0.0000204,0.000290642,0.24921522,0.012329828,0.0000108,0.1425384,0.87355435,0.12641028,0.0000547,0.99543285,0.00000467,0.11423434,0.6990318,0.8642986,0.000544049,0.110961765,0.017634878,0.00000943,0.000012,0.87722355,0.70396537,0.000354015,0.017320227,0.68122065,0.0000427,0.013404548,0.20140019,0.00000408,0.19747011,0.00000687,0.2165787,0.0000128,0.0000125,0.01688685,0.20065038,0.0000131,0.0000146,0.017980028,0.0000265,0.0000455,0.8299967,0.000287946,0.9829175,0.87351334,0.0000422,0.0000137,0.000377947,0.00000516,0.8622736,0.0000132,0.8084873,0.0000253,0.012344132,0.000383279,0.11574859,0.000461712
1449,5,0.001456638,0.001147249,0.99851865,0.00000019,0.000000447,0.99883026,0.083274975,0.08468464,0.9983011,0.08414552,0.000000542,0.007395103,0.000863112,0.000870294,0.9987808,0.000000304,0.991622,0.9363622,0.084899224,0.000000927,0.001176867,0.000000404,0.002479013,0.000000653,0.000000604,0.004620268,0.00000154,0.000000357,0.004631782,0.09023554,0.99779284,0.9958704,0.001238533,0.000000594,0.13049464,0.000000424,0.000000638,0.002233263,0.000000215,0.000000416,0.000000352,0.92820024,0.00000129,0.000000409,0.93557954,0.000000512,0.00000043,0.9175969,0.001145193,0.012153283,0.9999995,0.000000114,0.00000101,0.002324729,0.00000013,0.000000444,0.935733,0.001388847,0.001758131,0.9985812,0.07050862,0.09887884,0.9984376,0.07297082,0.00000055,0.002184727,0.000000156,0.0000012,0.99810314,0.000000359,0.9936718,0.92561805,0.06857927,0.001339985,0.08286987,0.000000295,0.91906756,0.00000113,0.000000757,0.9326851,0.000000254,0.00192302,0.002475425,0.000000844,0.000000413,0.90956503,0.000000473,0.07437988,0.92083967,0.0745709,0.000000667,0.000000158,0.92048067,0.000000453,0.000000413,0.932428,0.000000659,0.002534364,0.9290828,0.000000134,0.000000284,0.0021905,0.085160896,0.000707984,0.9999995,0.082025915,0.07089641,0.99999976,0.07404599,0.001560756,0.002786812,0.000000363,0.00000035,0.9999993,0.001312055,0.9969216,0.9370255,0.07383095,0.000000127,0.07638598,0.09685819,0.99999964,0.001496699,0.004677365,0.002582076,0.00000111,0.09078082,0.921836,0.08685611,0.000000758,0.9982572,0.000000767,0.07449438,0.08587949,0.9271892,0.000000501,0.005216363,0.9302901,0.078688934,0.001189894,0.16611287,0.000000447,0.084044114,0.9341239,0.09986093,0.001126241,0.002385333,0.000000322,0.0000017,0.9999993,0.001905588,0.997635,0.924499,0.0824156,0.000000267,0.001466664,0.003973729,0.002210095,0.000000263,0.0794132,0.92100686,0.08863508,0.000000535,0.99801755,0.000000185,0.076459035,0.18676601,0.9216934,0.00122445,0.07878845,0.006098479,0.000000578,0.000000118,0.931643,0.9957653,0.000886866,0.00243228,0.19431114,0.00000228,0.002882292,0.002535583,0.000000525,0.013266975,0.000000145,0.19852942,0.000000164,0.00000042,0.002563113,0.001853021,0.000000694,0.00000051,0.002220011,0.000000212,0.000000365,0.90567774,0.001410145,0.9976169,0.913041,0.000000773,0.000000517,0.001007381,0.00000043,0.93765104,0.000000424,0.8432628,0.000000701,0.00252863,0.002080277,0.09431581,0.000957322
1450,5,0.00018065,0.000238458,0.9994105,0.00000104,0.000000187,0.99985576,0.0000988,0.000174798,0.9998802,0.000188266,0.000000913,0.20453015,0.000120632,0.000197353,0.99988914,0.00000114,0.83204144,0.99989927,0.000152307,0.00000129,0.000360368,0.000000441,0.38986728,0.000000435,0.000000215,0.09823192,0.0000153,0.000000772,0.15133952,0.000148151,0.847795,0.9549707,0.0000797,0.0000021,0.041265655,0.000000723,0.00000774,0.3662668,0.00000278,0.000000693,0.000000993,0.99988925,0.000000828,0.00000159,0.9999263,0.00000284,0.00000208,0.9998486,0.0000782,0.23756333,0.99999785,0.000000781,0.00000191,0.12367077,0.00000122,0.000000599,0.99984753,0.0000918,0.000106105,0.99930143,0.000363219,0.000191186,0.999416,0.0000845,0.0000044,0.1561428,0.00000084,0.00000212,0.999584,0.000000588,0.960474,0.9999,0.000333403,0.000130001,0.000346197,0.000000707,0.99978524,0.000000733,0.0000017,0.99975663,0.000000129,0.10140034,0.087995686,0.000000737,0.00000239,0.9999361,0.00000118,0.000425114,0.9997248,0.000269343,0.00000107,0.00000293,0.9998368,0.000000705,0.000000872,0.9998648,0.00000142,0.11478745,0.99993134,0.00000301,0.000000946,0.12636378,0.00025371,0.000127201,0.99999905,0.000197449,0.000299007,0.9999982,0.000252003,0.000206338,0.1066551,0.00000102,0.000000684,0.99999356,0.000314621,0.8745149,0.9998956,0.000193298,0.00000241,0.000154185,0.000500111,0.9999993,0.000141708,0.046606608,0.11420466,0.00000373,0.000809853,0.99985933,0.00027405,0.0000015,0.99965036,0.00000497,0.000654547,0.000193207,0.99988055,0.000000341,0.03747988,0.99991417,0.00035735,0.000263255,0.017415848,0.000000325,0.000223094,0.99988055,0.000301475,0.000230903,0.13052242,0.00000351,0.00000145,0.9999994,0.000206634,0.8615078,0.999811,0.000196358,0.00000262,0.000207049,0.028318731,0.12916867,0.000000426,0.000385993,0.99986005,0.000247007,0.00000458,0.9993723,0.000000936,0.000387317,0.014446304,0.9998828,0.0000902,0.000163308,0.16004966,0.00000411,0.000000745,0.999948,0.9176591,0.0000959,0.11705543,0.010634677,0.00000284,0.13329673,0.10584323,0.000000424,0.15000802,0.000000267,0.013780095,0.00000111,0.00000501,0.11060655,0.06407377,0.00000186,0.000000899,0.09951235,0.00000174,0.00000185,0.9998938,0.0000436,0.85789305,0.99981886,0.00000121,0.00000345,0.000434042,0.000000394,0.99989104,0.000000874,0.99217683,0.00000244,0.12677222,0.000224255,0.000301121,0.000187152
1451,5,0.000539302,0.000405072,0.9999101,7.69E-10,4.85E-09,0.9998343,0.1093644,0.09545778,0.99958056,0.13260058,5.45E-09,0.000668662,0.000219172,0.00020493,0.999607,1.75E-09,0.9993923,0.9327612,0.11760974,1.53E-08,0.000228696,2.55E-09,0.0000235,4.99E-09,6.51E-09,0.0000483,2.52E-08,3.21E-09,0.0000382,0.08015913,0.9999641,0.9999119,0.000206906,6.91E-09,0.050763145,2.51E-09,7.99E-09,0.0000203,8.28E-10,4.28E-09,2.35E-09,0.9183004,6.02E-08,1.81E-09,0.9437961,5.67E-09,4.06E-09,0.8947692,0.00026039,0.000681785,1,4.02E-10,3.13E-08,0.0000345,5.39E-10,5.05E-09,0.9290424,0.000265261,0.000290424,0.9999324,0.09230213,0.15415987,0.9999249,0.12278229,4.82E-09,0.000051,6.36E-10,0.000000016,0.9998462,2.16E-09,0.99954695,0.89880306,0.08355882,0.000268611,0.12599099,1.93E-09,0.8843388,1.55E-08,6.27E-09,0.9199643,1.62E-09,0.0000229,0.0000683,2.29E-08,2.79E-09,0.8872278,4.23E-09,0.12826133,0.9165908,0.0946644,6.15E-09,1.66E-09,0.9071584,2.66E-09,3.51E-09,0.92013645,0.000000011,0.0000326,0.93799204,1.02E-09,1.52E-09,0.0000597,0.14069948,0.000123046,1,0.07831438,0.09550547,1,0.12663928,0.000386843,0.0000617,3.3E-09,2.87E-09,1,0.000462368,0.9998977,0.91884667,0.0697223,4.4E-10,0.14299758,0.1376108,1,0.000374091,0.0000767,0.0000514,0.000000022,0.14309092,0.8953767,0.13705862,1.29E-08,0.99988544,9.43E-09,0.08507987,0.116902225,0.9187547,8.7E-09,0.0000727,0.9186282,0.13835806,0.000249156,0.15310584,3.6E-09,0.0800085,0.9158503,0.14295447,0.000356152,0.0000595,2.24E-09,3.87E-08,1,0.000546227,0.99994624,0.9110419,0.112517364,2.51E-09,0.000375385,0.0000543,0.0000481,2.77E-09,0.087754704,0.9013945,0.13728921,6.49E-09,0.9998184,6.56E-10,0.09417804,0.096261114,0.93089765,0.000221812,0.14725097,0.00045399,9.8E-09,4.15E-10,0.9108046,0.9999685,0.00018283,0.0000513,0.105155736,0.000000101,0.0000539,0.0000299,4.78E-09,0.000556466,7.49E-10,0.14618023,7.2E-10,3.67E-09,0.0000792,0.0000169,9.18E-09,6.21E-09,0.0000514,1.22E-09,0.000000008,0.9042629,0.000388908,0.9999162,0.8899695,6.91E-09,5.91E-09,0.000194464,7.72E-09,0.9326663,5.83E-09,0.86992943,9.58E-09,0.0000564,0.00060469,0.15676822,0.00026899
1452,3,0.007203432,0.004242765,0.9903251,0.000000338,0.00000186,0.99426043,0.980518,0.9821879,0.99437165,0.98318154,0.000000722,0.002375085,0.007700492,0.012942718,0.9947292,0.000000447,0.9990195,0.003776979,0.97918516,0.0000153,0.009434783,0.00000746,0.000198586,0.00000103,0.00000201,0.001427892,0.000000347,0.00000307,0.001018578,0.9779238,0.99995434,0.9928404,0.004231947,0.00000159,0.9813421,0.000000735,0.000000314,0.000273997,9.61E-08,0.00000657,0.00000234,0.004098981,0.0000239,0.000000146,0.002853016,0.000000314,0.000000375,0.003805517,0.00852228,0.003541714,0.99999845,0.000000901,0.00000707,0.0000547,0.000000317,0.000002,0.00269014,0.005596571,0.004143329,0.99211454,0.9816544,0.9842784,0.98912084,0.98199224,0.000000296,0.0000877,0.000000458,0.00000664,0.98285365,0.000000564,0.9929798,0.023358263,0.98537606,0.005782267,0.98849034,0.000000746,0.003878709,0.00000306,0.00000161,0.002579942,0.000000461,0.000390125,0.00013188,0.0000121,0.000000399,0.003926813,0.00000151,0.9902384,0.026319457,0.99079365,0.00000306,0.0000065,0.004019743,0.00000125,0.00000121,0.005306665,0.00000109,0.0004969,0.003657966,0.00000131,0.000000548,0.0000574,0.9731424,0.005549943,0.99999905,0.9882783,0.98518294,0.9999987,0.98560065,0.00943813,0.000137251,0.000000881,0.000000511,0.99999714,0.006072979,0.9999317,0.002648325,0.9829799,0.000000185,0.9785341,0.9908732,0.99999964,0.005798561,0.002948757,0.000102214,0.0000249,0.98903906,0.017753387,0.98864985,0.0000184,0.9873913,0.0000141,0.98945695,0.9821232,0.02510576,0.0000153,0.003490575,0.004528561,0.9789027,0.00956827,0.9740035,0.00000141,0.9887527,0.002305792,0.98578554,0.007712514,0.000100843,0.000000502,0.0000235,0.99999666,0.005662171,0.9999157,0.001710788,0.98228776,0.00000264,0.008529043,0.002747748,0.000129358,0.00000283,0.9878298,0.01083937,0.98974824,0.00000942,0.9821761,0.000000186,0.9879737,0.99144167,0.00445064,0.005520313,0.98575217,0.000894045,0.000000725,0.00000015,0.002791492,0.99919456,0.003252378,0.000109369,0.9931594,0.0000625,0.0000708,0.000250163,0.00000061,0.002678586,0.000000224,0.92140496,0.000000511,0.000000483,0.000115844,0.000326873,0.000000683,0.00000194,0.000055,0.00000155,0.0000605,0.002418699,0.006502172,0.9998796,0.004060976,0.00000518,0.000000477,0.006750058,0.00000179,0.004004808,0.00000151,0.011397925,0.00000254,0.000186735,0.008556733,0.9895929,0.008638593
1453,5,0.000516825,0.000355722,0.99901533,9.17E-08,0.000000149,0.99970454,0.002926978,0.002511401,0.99946815,0.00243356,0.0000004,0.01657198,0.000272926,0.000298716,0.9996107,0.000000148,0.9782891,0.9989932,0.002552323,0.000000314,0.000499411,8.37E-08,0.02991866,0.000000513,0.000000222,0.029358137,0.00000083,0.00000017,0.02936261,0.00271219,0.98948365,0.97440207,0.000372288,0.000000348,0.04831311,0.000000266,0.00000054,0.02594249,0.000000226,9.39E-08,0.00000012,0.99843246,0.000000409,0.000000362,0.99871695,0.000000341,0.000000257,0.9983903,0.000370288,0.045340493,0.99999964,6.38E-08,0.000000387,0.011996399,0.000000151,0.000000215,0.9987324,0.000475705,0.000566478,0.99910766,0.001960455,0.003122553,0.99881506,0.002060412,0.000000303,0.011950964,0.000000126,0.000000285,0.9984841,0.000000231,0.98567235,0.99747074,0.001581821,0.000408917,0.001839414,8.62E-08,0.99793017,0.000000525,0.000000324,0.9983754,0.000000128,0.022113474,0.012423785,0.000000181,0.000000316,0.9980798,0.000000262,0.002060439,0.9977986,0.001925267,0.000000309,2.87E-08,0.99831736,0.000000225,0.000000247,0.99858993,0.000000404,0.032021392,0.99846673,3.53E-08,0.0000002,0.011002389,0.002002079,0.000217746,0.99999976,0.00189182,0.001382545,0.9999999,0.001551111,0.000395356,0.011321469,0.000000147,0.000000213,0.9999995,0.000342143,0.98711085,0.99867755,0.002061226,9.76E-08,0.001719306,0.002523894,0.9999999,0.000377353,0.027031397,0.01184253,0.000000398,0.002265936,0.99737984,0.002234621,0.000000161,0.99875844,0.000000253,0.001485902,0.002011727,0.99806577,0.00000011,0.030963771,0.99883705,0.001759778,0.00035161,0.027234176,0.000000336,0.002742101,0.9983352,0.002553459,0.00037703,0.010910614,0.000000186,0.000000376,0.99999964,0.000609371,0.99011225,0.9981779,0.002666567,0.000000107,0.000439499,0.020958833,0.010781129,0.000000112,0.00169956,0.9969644,0.002632004,0.000000192,0.99841475,0.000000102,0.00263043,0.053085838,0.998307,0.000359257,0.001975454,0.015255396,0.000000403,9.55E-08,0.99851507,0.96737605,0.000257353,0.012350017,0.054545227,0.000000672,0.013159647,0.03015937,0.000000464,0.040086348,8.32E-08,0.042163443,8.66E-08,0.000000317,0.010794258,0.028188612,0.000000384,0.000000261,0.010933397,0.000000076,5.69E-08,0.9981501,0.000607068,0.9875101,0.99814725,0.000000274,0.000000278,0.000322399,0.000000238,0.9986701,0.000000136,0.9753355,0.000000428,0.010817342,0.000712914,0.002735828,0.000337029
1454,6,0.009179778,0.006033642,0.8489238,0.000000161,0.000000871,0.9902021,0.98435956,0.98751104,0.9885533,0.98659515,0.000000518,0.004163057,0.00631266,0.005425031,0.990131,0.000000556,0.99596715,0.000277539,0.9883421,0.00000225,0.010645865,0.00000602,0.0000797,0.000000246,0.00000174,0.00402863,0.000000835,0.000000791,0.003696736,0.9863077,0.9998789,0.9953485,0.010289622,0.000000456,0.9954099,0.000000247,0.000000258,0.000105665,7.42E-08,0.00000222,0.00000162,0.000189853,0.00000178,0.000000385,0.000226294,0.000000371,0.000000292,0.000273561,0.008475296,0.005701721,0.99999976,0.000000168,0.00000153,0.000134324,3.83E-08,0.000000562,0.000398375,0.010237676,0.008268575,0.8684397,0.989262,0.9878127,0.8924957,0.9846948,0.000000704,0.000118139,0.00000014,0.00000478,0.8881946,0.000000507,0.9596331,0.009293171,0.99576616,0.006588423,0.99622476,0.00000133,0.000274288,0.00000107,0.00000109,0.000257565,0.000000322,0.0000266,0.000255758,0.00000156,0.000000247,0.000227,0.00000058,0.9941129,0.011063288,0.9938705,0.00000148,0.00000082,0.000266288,0.00000112,0.000000707,0.000466067,0.000000354,0.0000355,0.000243838,0.00000101,0.000000201,0.000124577,0.9964064,0.008196209,0.99999905,0.9951858,0.995514,0.9999994,0.9960901,0.011531035,0.000288461,0.00000068,0.000000335,0.9999995,0.006732533,0.99968934,0.000218394,0.9909587,0.000000135,0.9942847,0.99427575,0.99999917,0.014151182,0.00521427,0.000141129,0.00000431,0.9936702,0.01231006,0.9948955,0.00000369,0.85344446,0.00000272,0.99586535,0.9952565,0.011795638,0.00000571,0.00434352,0.000325878,0.99514693,0.006673671,0.98073834,0.000000501,0.9892868,0.000252604,0.9955895,0.004855293,0.000228523,0.000000347,0.00000956,0.9999989,0.010265419,0.9997271,0.00035604,0.9897684,0.000000406,0.009090203,0.006323347,0.000148485,0.000000901,0.99553776,0.01202584,0.995999,0.00000216,0.8795502,0.000000567,0.9869292,0.9961976,0.000429452,0.008246441,0.9946254,0.0037657,0.000000427,0.000000155,0.000237877,0.9968527,0.009430497,0.000158396,0.9958889,0.00000607,0.000202021,0.000045,0.000000264,0.006328778,0.000000293,0.96078914,0.000000248,0.000000348,0.000178806,0.0000225,0.000000733,0.000000703,0.000173424,0.000000597,0.00000384,0.000246273,0.007443347,0.9998405,0.000316092,0.00000119,0.000000872,0.006698484,0.00000053,0.000311034,0.000000874,0.001545067,0.000000736,0.000158748,0.008613471,0.9963068,0.008277471
1455,5,0.003240941,0.004277626,0.99774206,0.00000338,0.00000578,0.9983797,0.54119813,0.5658232,0.99758744,0.55778706,0.00000673,0.011701946,0.003259743,0.004054049,0.996114,0.00000213,0.99098176,0.54368025,0.5550698,0.0000249,0.002947579,0.0000219,0.002348491,0.0000044,0.00000363,0.002539693,0.0000127,0.00000695,0.001563021,0.5468172,0.9979907,0.997265,0.002515676,0.0000106,0.39183965,0.00000524,0.00000991,0.003281147,0.00000181,0.00000762,0.00000899,0.47134385,0.0000517,0.00000243,0.522799,0.00000535,0.00000373,0.47448853,0.003295358,0.004433163,0.99999213,0.00000645,0.0000261,0.003154809,0.00000222,0.00000842,0.5149239,0.002557981,0.001103306,0.99793434,0.55012405,0.603984,0.9969078,0.5683389,0.00000786,0.003338641,0.00000179,0.0000194,0.9963362,0.00000346,0.9888104,0.41289383,0.55659217,0.002219641,0.5709883,0.00000711,0.45925274,0.0000127,0.000011,0.5051634,0.00000178,0.001238587,0.005538594,0.0000429,0.00000344,0.44730273,0.00000416,0.58399355,0.451997,0.52785134,0.0000174,0.0000145,0.44213873,0.00000699,0.0000058,0.50950724,0.00000766,0.001706838,0.5019931,0.00000848,0.00000424,0.004005577,0.6034951,0.002927258,0.99998915,0.5124095,0.53957564,0.99999106,0.56312543,0.002027792,0.004442095,0.00000595,0.00000419,0.99998045,0.003512665,0.9969488,0.5030045,0.5707344,0.00000302,0.60501593,0.511779,0.9999956,0.003701674,0.002196129,0.002005287,0.0000339,0.5690133,0.4081721,0.59309447,0.0000445,0.9980444,0.0000418,0.50486195,0.5223272,0.4382508,0.0000262,0.001436367,0.48051006,0.5863927,0.002440685,0.5738673,0.0000055,0.5253701,0.47819495,0.5451764,0.003472093,0.003863277,0.00000514,0.0000383,0.9999863,0.003186292,0.99669266,0.5551759,0.57497185,0.0000119,0.003242944,0.002198573,0.0026927,0.00000574,0.55289966,0.4868603,0.55559653,0.0000295,0.99748564,0.00000157,0.5407812,0.3672279,0.5168912,0.002153379,0.58568674,0.008643038,0.00000988,0.0000019,0.45408577,0.99808645,0.003527393,0.003779711,0.35945177,0.000104875,0.00295248,0.001444376,0.00000511,0.005505158,0.00000405,0.5908803,0.00000502,0.00000615,0.002878931,0.001453145,0.00000829,0.0000116,0.003867646,0.00000947,0.0000713,0.5352084,0.002279409,0.9967614,0.47143772,0.0000125,0.0000104,0.003660944,0.00000906,0.5171063,0.0000122,0.4711246,0.0000144,0.003838684,0.004630061,0.5781171,0.004907575
1456,3,0.013500441,0.010057903,0.97964555,0.000092,0.000127525,0.9876061,0.74274015,0.786552,0.9911805,0.74702245,0.0000939,0.040224798,0.015082712,0.018783072,0.9833709,0.000065,0.96480745,0.2207345,0.73993593,0.000472084,0.010853961,0.000511826,0.035259716,0.0000985,0.000106325,0.04730654,0.000131628,0.000216019,0.040707737,0.74591553,0.9818818,0.96854246,0.014436451,0.000187037,0.86472064,0.00012417,0.000119615,0.038477834,0.0000307,0.000231917,0.000383181,0.20200884,0.000483239,0.0000825,0.24583578,0.0000689,0.0000589,0.21957646,0.014907169,0.032907553,0.99991226,0.000259802,0.000357698,0.018955337,0.0000599,0.00015192,0.1951565,0.013450497,0.009672892,0.98167795,0.7295052,0.7746345,0.97921365,0.75773966,0.000101625,0.022153866,0.0000972,0.000270159,0.9762719,0.000111825,0.9455842,0.21768396,0.7731942,0.010096708,0.7284103,0.00013305,0.19310573,0.000142514,0.000210653,0.19501428,0.0000648,0.018152643,0.02037551,0.000368222,0.0000681,0.2245459,0.0000979,0.75117654,0.22316542,0.7776197,0.000277026,0.000344344,0.20088884,0.000182292,0.000103508,0.2158215,0.00010029,0.01782321,0.2275765,0.000184696,0.0000909,0.029738782,0.81876945,0.015063612,0.9998198,0.77133524,0.77497315,0.9998318,0.7204193,0.009602701,0.019854248,0.000162393,0.0000813,0.9997936,0.012295423,0.98281133,0.20395647,0.7537469,0.0000668,0.7424726,0.7747545,0.99984086,0.010613794,0.027519487,0.01769583,0.000486159,0.8003964,0.23173779,0.78562975,0.000543234,0.9861244,0.001063431,0.7475621,0.75427854,0.23167914,0.000303597,0.027510835,0.18883948,0.7761481,0.011718473,0.82631594,0.000169984,0.73662466,0.21508554,0.7863694,0.017723659,0.015176993,0.0000926,0.000771991,0.99983263,0.013138541,0.97985625,0.23244667,0.74564475,0.000250658,0.010336665,0.039290793,0.015179914,0.000144081,0.78393024,0.20591217,0.79597306,0.000601284,0.98420185,0.000038,0.7447045,0.82864386,0.20326605,0.012501498,0.78034276,0.039342973,0.000085,0.0000513,0.19915056,0.9651559,0.02040678,0.023703339,0.82679766,0.001113392,0.020633902,0.016364012,0.00008,0.045353644,0.0000872,0.7959454,0.000128841,0.0000624,0.022070779,0.017373776,0.0000966,0.000311233,0.019446217,0.000230815,0.001017996,0.20365274,0.015961826,0.9830958,0.1960334,0.000270129,0.000106427,0.013314131,0.000089,0.20937572,0.000168078,0.15777582,0.000251812,0.019797273,0.013138535,0.72327036,0.016010484
1457,6,0.002129945,0.00107063,0.99968183,2.33E-09,0.000000016,0.9987961,0.9274987,0.9302846,0.9985959,0.91792077,7.16E-09,0.000491952,0.000902152,0.000890783,0.99867684,6.12E-09,0.99961555,0.030257637,0.9262183,8.78E-08,0.000865413,3.32E-08,0.0000059,9.82E-09,2.87E-08,0.000029,2.65E-08,0.000000011,0.0000256,0.90887,0.9999906,0.9999598,0.001205076,1.31E-08,0.6784778,4.83E-09,7.17E-09,0.00000675,9.14E-10,3.28E-08,1.38E-08,0.035354614,0.000000232,2.93E-09,0.032597512,7.91E-09,5.85E-09,0.03398929,0.001177257,0.00069859,1,1.81E-09,7.55E-08,0.0000107,7.53E-10,1.47E-08,0.049352486,0.001013866,0.001604693,0.99975055,0.9178186,0.94562554,0.99975485,0.9341483,9.11E-09,0.0000108,1.53E-09,0.000000112,0.99969685,5.61E-09,0.9996063,0.079745784,0.9567474,0.001147253,0.96545845,1.02E-08,0.039251335,3.09E-08,1.96E-08,0.042084884,4.36E-09,0.00000521,0.0000171,0.00000012,5.27E-09,0.032271635,9.14E-09,0.9532717,0.084899545,0.94734687,2.18E-08,1.99E-08,0.038390823,1.11E-08,8.25E-09,0.041136373,1.54E-08,0.00000565,0.043730155,7.57E-09,2.61E-09,0.0000182,0.9664142,0.000574845,1,0.94782364,0.95869803,1,0.97000104,0.002073777,0.0000235,1.04E-08,6.13E-09,1,0.001881842,0.99996483,0.03371441,0.9158113,1.46E-09,0.9588657,0.9645686,1,0.001664845,0.0000404,0.0000176,9.77E-08,0.9574569,0.099618554,0.9650638,0.000000112,0.9997004,5.14E-08,0.9674192,0.96879894,0.09198298,7.92E-08,0.0000409,0.042444266,0.96321404,0.000750895,0.87232953,1.08E-08,0.9294839,0.058339708,0.96126413,0.001217983,0.0000156,5.04E-09,0.000000283,1,0.001983186,0.99998033,0.046153262,0.92044127,1.12E-08,0.001171882,0.0000449,0.0000146,8.49E-09,0.9479063,0.07235719,0.9695039,5.37E-08,0.9996321,2.38E-09,0.9101782,0.8071881,0.053825866,0.001437601,0.9613569,0.000267523,1.03E-08,9.81E-10,0.035639476,0.99998176,0.000785417,0.0000146,0.8688603,0.000000499,0.0000188,0.00000603,6.58E-09,0.000621797,2.03E-09,0.802096,2.72E-09,6.15E-09,0.0000245,0.00000323,2.09E-08,1.25E-08,0.0000146,6.23E-09,0.000000104,0.028405514,0.001021693,0.9999788,0.040972937,3.63E-08,1.33E-08,0.00075085,0.000000015,0.049073745,2.71E-08,0.14006494,1.84E-08,0.0000171,0.002160202,0.9673597,0.000911429
1458,6,0.03625443,0.025203433,0.9079957,0.0000459,0.000105785,0.96649283,0.6920658,0.6877765,0.96355546,0.68294233,0.0000592,0.023040086,0.041562278,0.030449273,0.9605698,0.0000501,0.9736685,0.056298308,0.68623316,0.000332533,0.030832367,0.000290351,0.01440868,0.0000551,0.000123923,0.07199029,0.0000617,0.0000866,0.078973286,0.7086412,0.99662685,0.9224892,0.037310973,0.0000887,0.81944263,0.0000635,0.0000395,0.01161849,0.0000217,0.000137965,0.000119773,0.07262553,0.000233739,0.0000717,0.06352343,0.000032,0.0000375,0.074273326,0.038535465,0.060614657,0.99993694,0.000150762,0.000218354,0.003154008,0.0000341,0.00014605,0.0807315,0.033483483,0.029786803,0.89582723,0.7061264,0.7146313,0.9067699,0.70713377,0.0000329,0.003385093,0.0000619,0.000193325,0.8989614,0.000128982,0.9126254,0.30375817,0.76545,0.03187283,0.79903877,0.0000543,0.07733492,0.000100623,0.000103261,0.072025076,0.0000427,0.012445708,0.004006648,0.000196351,0.0000656,0.06920657,0.0000425,0.77035236,0.31996387,0.76903504,0.000185229,0.000162234,0.091012426,0.000128638,0.0000624,0.07276174,0.0000564,0.016612198,0.06715856,0.0000404,0.0000553,0.003720015,0.80608964,0.024892114,0.99992335,0.7883576,0.7882881,0.99994767,0.8053036,0.038531695,0.004815533,0.000112814,0.0000739,0.999913,0.028735293,0.996317,0.087930515,0.71866655,0.0000323,0.78545254,0.7429637,0.999944,0.041906662,0.06731954,0.003245128,0.00026456,0.7688891,0.28464547,0.7872715,0.000275823,0.9027655,0.000307889,0.77830523,0.79524034,0.25013366,0.000201784,0.091688976,0.072222754,0.7643647,0.027628254,0.6482954,0.000109095,0.7051255,0.07985455,0.7524702,0.041259147,0.004490676,0.0000418,0.000494816,0.99990904,0.026212245,0.9960161,0.071087554,0.68093663,0.000131171,0.03405792,0.093994215,0.003914824,0.000109114,0.7824206,0.3368657,0.7880951,0.000280546,0.91088265,0.0000285,0.70003015,0.80082124,0.061021976,0.03750174,0.8022893,0.028582033,0.0000635,0.0000353,0.08420252,0.92066944,0.03207632,0.004764624,0.80580676,0.000569978,0.003612515,0.019188546,0.0000695,0.060011115,0.0000285,0.5858356,0.0000633,0.0000551,0.003816009,0.016999496,0.000072,0.00010552,0.004088988,0.000128005,0.000534902,0.061696853,0.028430512,0.99469817,0.060101558,0.000236219,0.0000485,0.031677805,0.0000645,0.06967523,0.0000669,0.15048732,0.000111393,0.005560992,0.03174762,0.7806476,0.02610646
1459,2,0.003126678,0.00324834,0.6996126,0.0000579,0.0000402,0.99445146,0.031763557,0.027991248,0.993476,0.03567541,0.0000535,0.13263758,0.004354736,0.003410762,0.99577963,0.0000407,0.814457,0.82505614,0.027652942,0.00019675,0.00457462,0.00010572,0.69105625,0.0000965,0.0000833,0.9152584,0.0000561,0.0000779,0.93714374,0.031762164,0.89878976,0.11556691,0.006206125,0.0000428,0.85623765,0.0000707,0.0000537,0.7034643,0.0000557,0.000044,0.000107885,0.7632266,0.0000379,0.000343489,0.8125376,0.0000516,0.000035,0.8010042,0.002988835,0.634394,0.99995637,0.000117571,0.0000468,0.10963692,0.0000586,0.0000548,0.79551375,0.005681105,0.005207969,0.69713014,0.03661662,0.0304118,0.72991425,0.02907281,0.0000606,0.101974376,0.000132499,0.0000676,0.72347546,0.000190662,0.5132432,0.9630957,0.027616637,0.006271555,0.032221835,0.0000297,0.80829716,0.0000474,0.0000961,0.79015887,0.0000303,0.61032236,0.118855804,0.0000189,0.0000597,0.84356636,0.0000432,0.028565764,0.9711456,0.026151853,0.0000999,0.0000116,0.8111902,0.000180211,0.000104563,0.84577525,0.0000237,0.6705677,0.8109902,0.00002,0.000114067,0.07774521,0.026847048,0.004122437,0.9999747,0.031778548,0.02491507,0.9999466,0.020416277,0.004777904,0.08392539,0.0000511,0.0000556,0.9999391,0.001573118,0.8925594,0.80020785,0.026618153,0.0000503,0.01997154,0.024862522,0.9998895,0.003923718,0.9006791,0.0810419,0.000163418,0.03071141,0.9741805,0.035662714,0.0000473,0.7215396,0.0000781,0.030723058,0.028531265,0.9686415,0.0000441,0.9077624,0.7952946,0.021139022,0.004330924,0.1964341,0.000168134,0.031747855,0.74749935,0.035437092,0.002799303,0.097862564,0.0000496,0.0000886,0.99994314,0.004092749,0.9171555,0.78272,0.02829337,0.0000348,0.003382864,0.8953361,0.10557455,0.0000574,0.029171659,0.96201694,0.029284362,0.000105449,0.70357835,0.0000478,0.041783236,0.7702601,0.8080567,0.006092949,0.020336615,0.16723892,0.0000395,0.0000788,0.81956315,0.07401937,0.004084492,0.11132956,0.71230197,0.0000597,0.08635775,0.62076056,0.0000818,0.59643906,0.0000307,0.22119693,0.000113772,0.0000692,0.09581358,0.6046697,0.0000422,0.0000525,0.10703415,0.0000636,0.0000325,0.80999154,0.004691431,0.9055681,0.82236886,0.000184695,0.000021,0.003011204,0.0000336,0.7945451,0.0000266,0.46802402,0.000065,0.10590057,0.005144831,0.034156837,0.00468933
1460,5,0.000021,0.0000121,0.99977237,3.92E-08,2.41E-08,0.99997973,0.000918196,0.001692347,0.9999825,0.001603664,4.53E-08,0.010248476,0.0000138,0.0000393,0.9999808,1.52E-08,0.990827,0.999212,0.001277557,0.000000145,0.0000356,9.65E-08,0.04537026,0.000000029,2.23E-08,0.028708993,0.000000652,3.56E-08,0.020707205,0.001443129,0.9947632,0.98291713,0.0000232,0.000000107,0.0742533,0.00000011,0.000000417,0.0636849,9.73E-08,3.89E-08,8.28E-08,0.9988042,0.000000109,7.96E-08,0.9992913,0.00000016,8.22E-08,0.999046,0.0000129,0.06853891,0.9999999,8.18E-08,0.000000151,0.006427701,0.000000086,4.94E-08,0.99893326,0.0000121,0.00000785,0.99983025,0.00199233,0.002113466,0.9998789,0.001243078,0.000000266,0.009935218,3.96E-08,0.00000012,0.99979943,7.09E-08,0.99555653,0.99819916,0.002259895,0.0000173,0.002763643,0.000000047,0.99833566,9.19E-08,7.93E-08,0.99849105,4.71E-09,0.040687222,0.012512609,9.91E-08,0.000000103,0.9992706,4.11E-08,0.00177269,0.99791783,0.001484187,0.000000208,6.41E-08,0.9986964,7.71E-08,8.76E-08,0.99926263,0.000000057,0.042065345,0.9992735,0.000000041,5.16E-08,0.009474255,0.001929474,0.0000218,0.9999999,0.00210128,0.002223654,0.9999999,0.001780065,0.0000178,0.008228425,0.000000058,3.31E-08,0.99999964,0.0000438,0.9926237,0.99898964,0.001721966,8.47E-08,0.001420669,0.002484032,1,0.0000211,0.01684339,0.0042477,0.000000223,0.002465316,0.99762696,0.001569161,0.000000188,0.99991715,0.000000141,0.002564758,0.00124913,0.9984855,3.46E-08,0.0147574,0.99877495,0.00217906,0.0000142,0.018003592,3.38E-08,0.001479874,0.99915373,0.002670056,0.0000257,0.008727343,0.000000157,0.000000268,0.99999976,0.0000271,0.9913537,0.99893516,0.00172065,0.000000181,0.0000146,0.023389546,0.005018325,2.46E-08,0.003302702,0.9983076,0.001745226,0.000000334,0.9998449,1.32E-08,0.001476869,0.06074875,0.999047,0.000015,0.00192102,0.013163078,0.000000184,4.41E-08,0.9992236,0.97887623,0.0000171,0.010586939,0.041643407,0.000000381,0.007575025,0.043542556,0.000000026,0.078648336,3.18E-08,0.01688552,0.000000048,0.000000223,0.013484606,0.04115014,0.000000122,6.72E-08,0.006952385,0.000000195,0.000000261,0.99891686,0.00000777,0.9930246,0.998533,0.00000015,0.000000216,0.0000339,5.66E-08,0.9990753,0.00000014,0.99139154,0.000000227,0.006608666,0.0000346,0.001539347,0.0000407
1461,5,0.0000686,0.0000337,0.9999269,2.94E-10,9.39E-10,0.999977,0.001020734,0.000939897,0.99994874,0.001040359,2.41E-09,0.002549881,0.0000237,0.0000312,0.9999498,6.09E-10,0.99645376,0.9997296,0.000837258,2.07E-09,0.0000527,2.9E-10,0.004416508,3.45E-09,1.09E-09,0.004533028,4.06E-09,1.04E-09,0.003756384,0.000952203,0.99910307,0.99525934,0.0000354,1.7E-09,0.031231236,1.34E-09,3.53E-09,0.003979961,9.01E-10,4.1E-10,5.61E-10,0.9995326,3.87E-09,1.47E-09,0.99966717,1.86E-09,1.03E-09,0.9995819,0.0000312,0.015363011,1,1.79E-10,3.77E-09,0.001020583,6.98E-10,1.3E-09,0.9996964,0.0000449,0.0000552,0.99994886,0.000814196,0.001327042,0.9999145,0.000931901,1.28E-09,0.001436523,4.57E-10,1.59E-09,0.99987125,9.03E-10,0.9980545,0.99905306,0.000621648,0.0000349,0.000948905,2.44E-10,0.99937135,3.09E-09,1.55E-09,0.9995407,4.77E-10,0.004991157,0.001602629,1.4E-09,1.55E-09,0.99941385,1.51E-09,0.000831864,0.9991173,0.000675925,1.59E-09,9.27E-11,0.9995485,1.12E-09,1.55E-09,0.9996019,3.12E-09,0.007379913,0.99953663,8.38E-11,8.28E-10,0.001381072,0.000649448,0.0000165,1,0.000725487,0.000450171,1,0.000640193,0.0000379,0.001185279,6.95E-10,9.1E-10,1,0.0000309,0.99843234,0.999597,0.000725946,3.29E-10,0.000519604,0.000797409,1,0.0000373,0.00419567,0.001376091,2.66E-09,0.000747516,0.999067,0.000763577,8.94E-10,0.99991035,1.41E-09,0.000447975,0.000734508,0.9992878,7.04E-10,0.007429523,0.99960893,0.000594835,0.0000354,0.014621495,2.36E-09,0.00096401,0.99944955,0.000924491,0.0000432,0.001245177,8.93E-10,3.06E-09,1,0.0000789,0.9988405,0.99940205,0.000835322,5.36E-10,0.0000429,0.003775566,0.001006195,5.08E-10,0.000501361,0.9987356,0.000932506,1.09E-09,0.99984443,2.18E-10,0.001004325,0.04488458,0.9996106,0.0000337,0.000662076,0.002085503,3.15E-09,2.91E-10,0.9995946,0.99600166,0.000019,0.001115597,0.049939677,8.69E-09,0.001226463,0.006457478,3.88E-09,0.012879415,2.71E-10,0.02235913,2.83E-10,1.69E-09,0.00145522,0.005737211,2.15E-09,1.47E-09,0.001001602,2.31E-10,3.22E-10,0.99938047,0.0000685,0.99845815,0.9994319,1.29E-09,1.84E-09,0.0000249,1.85E-09,0.9996112,7.77E-10,0.9877708,2.89E-09,0.001134165,0.000109223,0.000871129,0.0000257
1462,6,0.038173925,0.031419165,0.927067,0.0000367,0.0000758,0.95978695,0.8953817,0.90298504,0.95752144,0.90340096,0.0000546,0.024013987,0.03556065,0.028931323,0.9640805,0.0000702,0.9763981,0.02103507,0.9098259,0.000190236,0.04000368,0.000239637,0.001277898,0.0000454,0.000132849,0.01005891,0.000131446,0.0000807,0.010590171,0.90620583,0.99699056,0.99092555,0.04040701,0.0000797,0.87237245,0.0000422,0.0000544,0.001335405,0.0000183,0.000177311,0.000123448,0.017476251,0.000195274,0.0000511,0.018678842,0.0000509,0.0000573,0.017066292,0.03573186,0.018917091,0.99995804,0.0000313,0.000155902,0.003029451,0.0000121,0.0000799,0.022645116,0.04300391,0.039532453,0.9311395,0.9097506,0.9169985,0.9434955,0.8991313,0.000102207,0.002931716,0.0000264,0.000261209,0.9342542,0.0000681,0.9458583,0.08399209,0.9476229,0.03894462,0.948646,0.000105495,0.017309226,0.000105019,0.000114044,0.019794377,0.000047,0.000679299,0.003672397,0.000154263,0.0000388,0.01710373,0.0000698,0.93850225,0.085856676,0.93954253,0.000120877,0.0001104,0.018738108,0.0000975,0.0000754,0.023401443,0.0000642,0.000852878,0.020140726,0.0000991,0.00004,0.00278369,0.95836467,0.034357414,0.99990666,0.94082844,0.9482564,0.99990976,0.9422485,0.049674187,0.003797882,0.0000875,0.0000543,0.99991953,0.03888344,0.99525565,0.01842681,0.91276747,0.0000278,0.94233775,0.94828147,0.99991584,0.045825206,0.011564334,0.003094225,0.000286436,0.9417776,0.09492838,0.9448761,0.000233516,0.9264994,0.000189429,0.94621176,0.93916684,0.10606942,0.000244729,0.00843861,0.022841673,0.9511502,0.031872287,0.8944359,0.0000627,0.9090059,0.022688407,0.95135576,0.030604405,0.00375664,0.000059,0.000459751,0.99989843,0.04159005,0.99629277,0.02105161,0.91889286,0.0000599,0.04220414,0.010827653,0.003466639,0.0000824,0.9544036,0.09283951,0.9519636,0.00020683,0.93586135,0.0000539,0.8956174,0.90158486,0.025153158,0.0361378,0.9411167,0.023687331,0.0000548,0.0000239,0.018528624,0.99206585,0.040220805,0.003203727,0.8982958,0.000382411,0.003790989,0.000899635,0.000038,0.020538265,0.0000385,0.83643186,0.000041,0.0000481,0.003437818,0.000516446,0.0000774,0.0000831,0.003196671,0.0000744,0.000224418,0.017934915,0.030933442,0.9965668,0.021154664,0.00013672,0.0000875,0.035527147,0.0000631,0.021967085,0.000107855,0.045267314,0.0000881,0.002792788,0.040092405,0.94992995,0.036563493
1463,5,0.012131549,0.015996397,0.9881931,0.0000284,0.0000389,0.9912513,0.7741838,0.78767335,0.99200153,0.76650614,0.0000396,0.027702548,0.01423941,0.018644743,0.98493654,0.0000182,0.9719059,0.21913543,0.7817284,0.000192485,0.009673582,0.000187189,0.009027145,0.0000323,0.0000296,0.013023481,0.000052,0.0000749,0.009140871,0.7724905,0.99317837,0.987655,0.010624126,0.0000697,0.73910743,0.0000382,0.000046,0.010669807,0.00000881,0.0000753,0.000100837,0.19487363,0.000241692,0.0000198,0.24511272,0.0000244,0.0000239,0.20525075,0.013778158,0.011054516,0.9999591,0.0000555,0.000145967,0.007594102,0.0000169,0.0000641,0.19235878,0.012155692,0.006547355,0.98933804,0.7383589,0.776825,0.9876808,0.7809329,0.0000338,0.010124575,0.0000225,0.000122712,0.9815957,0.0000272,0.9663559,0.23050657,0.7827736,0.00938854,0.7719231,0.0000477,0.19524005,0.0000671,0.0000848,0.17304966,0.0000213,0.004165148,0.012574335,0.0002294,0.0000219,0.18662746,0.0000398,0.7950414,0.24755222,0.7673735,0.000094,0.000138144,0.17947118,0.0000452,0.0000365,0.21750957,0.0000385,0.004914608,0.2200619,0.0000762,0.0000339,0.010787116,0.825747,0.012727045,0.99993706,0.78291005,0.7662089,0.99992585,0.7799125,0.009321988,0.011507064,0.0000406,0.0000291,0.9998889,0.011520833,0.99260205,0.18847464,0.7745683,0.0000209,0.78056186,0.77099717,0.99996555,0.011438088,0.008441715,0.007283918,0.000201678,0.811747,0.20848927,0.81486547,0.000294197,0.9901273,0.000395439,0.76853454,0.759054,0.2436817,0.000168115,0.006533196,0.19919759,0.8092085,0.013567087,0.8315858,0.0000491,0.778156,0.18589243,0.78332365,0.015291722,0.009212042,0.0000331,0.00024911,0.99993575,0.011661668,0.99191135,0.21484564,0.76079196,0.0000821,0.011891578,0.009087433,0.008062034,0.0000618,0.7833748,0.22515602,0.81455815,0.000231199,0.9865854,0.0000146,0.75415164,0.74793416,0.20245902,0.010419696,0.79966116,0.02394646,0.0000374,0.000012,0.17956871,0.9912491,0.013909434,0.011312624,0.7267064,0.000581395,0.00881245,0.00410034,0.0000358,0.015585111,0.0000258,0.8086155,0.0000401,0.0000248,0.008499686,0.003884668,0.0000337,0.000112003,0.009736436,0.000066,0.000491351,0.21296708,0.012022498,0.9913284,0.18088822,0.0000912,0.0000412,0.014787304,0.0000401,0.21323429,0.0000661,0.20336011,0.000084,0.011512587,0.016200546,0.7965433,0.016528951
1464,6,0.003179141,0.001298218,0.9819989,0.00000114,0.00000304,0.9974017,0.39485115,0.33170426,0.99531615,0.31937107,0.00000305,0.006613902,0.003988863,0.002759341,0.9969217,0.00000123,0.99687636,0.25387874,0.25077993,0.0000136,0.002703956,0.00000633,0.004926932,0.00000286,0.0000062,0.024558948,0.0000052,0.00000238,0.022217233,0.3267813,0.9997385,0.937069,0.004648517,0.0000055,0.6333668,0.00000387,0.00000233,0.004411081,0.00000159,0.00000591,0.00000232,0.2722968,0.00000852,0.00000218,0.27706078,0.00000211,0.00000157,0.24692316,0.003914359,0.050316762,0.9999944,0.00000367,0.0000107,0.000332878,0.00000194,0.00000482,0.3192036,0.003711472,0.00226609,0.98606306,0.31148434,0.40330243,0.97254634,0.33069918,0.0000025,0.000509451,0.00000241,0.00000638,0.9744238,0.00000738,0.9796728,0.66555524,0.3311782,0.003470707,0.36781833,0.00000118,0.35076827,0.00000716,0.00000412,0.3056949,0.00000129,0.01382323,0.000709761,0.00000457,0.00000283,0.32986656,0.00000125,0.33654606,0.65445167,0.37342817,0.0000118,0.00000167,0.3387176,0.00000853,0.00000373,0.31031966,0.0000026,0.012891127,0.34793442,0.000000723,0.00000255,0.000466632,0.38072264,0.002137257,0.999997,0.41188928,0.39758936,0.9999987,0.37668163,0.004120846,0.001092516,0.00000407,0.00000214,0.9999956,0.001858049,0.99935144,0.3638725,0.3059728,0.00000121,0.3234171,0.37517083,0.999998,0.004666591,0.05680245,0.000377026,0.0000128,0.30396703,0.6901445,0.3801422,0.00000639,0.98255676,0.00000568,0.42025733,0.37960947,0.60609597,0.00000377,0.08919642,0.34162474,0.332961,0.002376919,0.39401293,0.00000379,0.3168708,0.3969651,0.31832784,0.00304397,0.000961063,0.00000262,0.0000179,0.9999918,0.002126845,0.9995927,0.2643567,0.32987005,0.00000277,0.002893662,0.07395784,0.000445013,0.00000306,0.42186272,0.6300578,0.4098918,0.00000765,0.98007166,0.000000593,0.38826054,0.7131587,0.29045293,0.003224731,0.48065442,0.003442755,0.00000404,0.00000115,0.36166605,0.9749253,0.002074383,0.000749777,0.7473769,0.0000272,0.000351871,0.021595163,0.00000377,0.045905292,0.00000115,0.29290566,0.00000125,0.00000294,0.000585473,0.015406791,0.00000321,0.00000424,0.000599713,0.00000453,0.0000117,0.27109006,0.0035717,0.99927837,0.33616695,0.000009,0.00000244,0.002128238,0.00000339,0.32849982,0.00000287,0.41052046,0.00000599,0.000578729,0.002257485,0.4305915,0.002555804
1466,4,0.08919481,0.09075884,0.3806172,0.000124209,0.000314225,0.88457,0.549992,0.583898,0.91637814,0.6060287,0.0000925,0.10479334,0.10272256,0.0928812,0.90164244,0.00011332,0.89784473,0.028705057,0.5720371,0.001033318,0.08678466,0.000881091,0.030044496,0.000168702,0.000185302,0.3780409,0.000124518,0.000347233,0.3289036,0.55979484,0.98922145,0.5613625,0.08968556,0.000215596,0.9203342,0.000145259,0.000100252,0.030216629,0.0000423,0.000395903,0.000660452,0.0311884,0.000564063,0.000339844,0.0360965,0.000108355,0.0000878,0.020379655,0.09346012,0.10223455,0.99982077,0.000405124,0.000367852,0.010447369,0.0000875,0.000367813,0.030527517,0.09598985,0.087820336,0.3916161,0.5907587,0.5890688,0.421243,0.61870056,0.0000976,0.0104472,0.000229116,0.000457676,0.35296285,0.000474779,0.44733194,0.40307444,0.69760495,0.07873437,0.70089096,0.000113202,0.027384833,0.000171666,0.000237677,0.021947261,0.00011757,0.021317016,0.010682161,0.000356466,0.000158005,0.030376595,0.000164227,0.72261035,0.3799453,0.67323965,0.000388698,0.000311955,0.031169875,0.000293474,0.000193219,0.028359666,0.0000826,0.030800698,0.041446794,0.000151836,0.000171991,0.006396738,0.73426163,0.11166166,0.99987507,0.7236045,0.6776678,0.9997372,0.66438115,0.084418885,0.012723541,0.000193715,0.000132004,0.999744,0.081217736,0.99100107,0.033396114,0.6076962,0.0000617,0.68574053,0.73809433,0.9998323,0.08030531,0.39124832,0.011279184,0.001459363,0.73169035,0.42547712,0.69230783,0.000616687,0.44431275,0.000877299,0.66711867,0.68200773,0.41455516,0.000738233,0.34319857,0.025677942,0.7370768,0.11071108,0.67934567,0.000326438,0.5870235,0.028210266,0.7053296,0.09928137,0.009906357,0.000093,0.000797625,0.99980193,0.09753636,0.98877245,0.023090078,0.5993242,0.000356251,0.08424595,0.39155197,0.011386223,0.000486255,0.65380996,0.38837233,0.63118994,0.000770721,0.38154307,0.0000887,0.5342777,0.90383905,0.029291656,0.09563598,0.6895576,0.10997868,0.000144337,0.000086,0.0264625,0.6589674,0.09800385,0.011282924,0.905856,0.000985203,0.009649497,0.02680714,0.000207469,0.115122095,0.0000735,0.59950984,0.000360777,0.000108473,0.010774917,0.032810383,0.00011721,0.000200322,0.008716772,0.00030252,0.00142288,0.031691264,0.09044742,0.98626846,0.027428823,0.000791369,0.0000658,0.10135368,0.000171989,0.035576396,0.000162953,0.04474678,0.000247598,0.010816847,0.10502396,0.7326126,0.108699955
1467,6,0.004660575,0.004495345,0.98533106,0.0000399,0.0000439,0.9953387,0.35697055,0.39833355,0.9958106,0.36312377,0.0000444,0.037541572,0.004533884,0.005471,0.9950152,0.0000254,0.9637917,0.6216861,0.3876444,0.00016204,0.004262776,0.000156918,0.039370537,0.0000422,0.000036,0.053784184,0.000102117,0.0000661,0.037773862,0.36363667,0.9789908,0.96893144,0.00507118,0.0000894,0.51291364,0.0000624,0.0000679,0.04512428,0.0000235,0.0000663,0.000107741,0.58411366,0.00016704,0.0000473,0.64125746,0.000042,0.000037,0.59530395,0.004422515,0.032983955,0.9999554,0.0000882,0.000128748,0.025352329,0.0000277,0.0000566,0.6204548,0.004578573,0.002899917,0.98626626,0.3442832,0.4089296,0.98362654,0.3854396,0.0000781,0.027286714,0.0000329,0.000115286,0.9855326,0.0000443,0.94528157,0.6084239,0.35413426,0.004458479,0.34038344,0.000055,0.58695555,0.0000701,0.0000842,0.61000204,0.0000201,0.023168428,0.027452217,0.000136589,0.0000403,0.60090274,0.000034,0.34874925,0.6012424,0.3759642,0.0001467,0.0000975,0.5915046,0.0000798,0.0000555,0.6069058,0.0000479,0.024115307,0.6244903,0.0000602,0.0000442,0.030117895,0.41986084,0.005035254,0.99993134,0.37656718,0.39808622,0.9999249,0.32769546,0.003248513,0.029330062,0.0000583,0.0000415,0.9998884,0.004851535,0.9749537,0.6182736,0.36605912,0.0000445,0.37230057,0.36236665,0.99992466,0.003875277,0.03074781,0.020746712,0.000177529,0.4126313,0.60979843,0.36802498,0.00019705,0.9895216,0.000244456,0.34587803,0.37170082,0.6099557,0.0000987,0.027956603,0.5878603,0.37084904,0.003956471,0.48026863,0.0000577,0.35109395,0.6370171,0.3915974,0.004796078,0.023798387,0.0000515,0.000231833,0.99990726,0.005838071,0.97108275,0.6223625,0.40936917,0.0000882,0.003829623,0.03399187,0.020641968,0.0000451,0.3783186,0.61615443,0.35795194,0.000207138,0.9890842,0.0000174,0.35150254,0.4544987,0.58485645,0.00457274,0.40274802,0.04120761,0.0000553,0.0000284,0.62871003,0.95451283,0.005729141,0.028955521,0.43724397,0.000330596,0.02345536,0.023180954,0.0000349,0.046299797,0.0000424,0.482114,0.000057,0.0000457,0.025814418,0.024971478,0.0000597,0.0000824,0.027211675,0.0000951,0.000249992,0.6072095,0.003781006,0.9784557,0.60419345,0.000111236,0.0000657,0.004924852,0.0000461,0.58215475,0.0000747,0.51374644,0.000118181,0.022791864,0.005033978,0.32062158,0.00579127
1468,6,0.011160494,0.005912336,0.98245496,0.0000132,0.0000344,0.9870925,0.85398436,0.87053585,0.9907386,0.856562,0.0000192,0.07632772,0.008554637,0.008366306,0.9886847,0.0000219,0.9078403,0.09426432,0.840047,0.0000808,0.007286894,0.000168483,0.10843219,0.0000201,0.0000388,0.13908802,0.0000219,0.00005,0.13261788,0.8786517,0.9403979,0.98471385,0.012275721,0.0000163,0.953723,0.0000119,0.0000135,0.09757146,0.00000599,0.0000383,0.0000679,0.10369692,0.0000598,0.0000296,0.09980475,0.0000104,0.0000109,0.12835431,0.009901924,0.061984137,0.99999106,0.0000554,0.0000273,0.056957763,0.00000747,0.0000223,0.11198935,0.010108349,0.011215355,0.9826413,0.84581894,0.84154683,0.983751,0.8605609,0.0000221,0.047898397,0.0000185,0.000137629,0.98822844,0.0000235,0.9157887,0.16645128,0.89932483,0.011088817,0.8978314,0.0000295,0.108380266,0.0000229,0.0000633,0.09874637,0.0000128,0.015283466,0.05299218,0.0000885,0.0000135,0.11528943,0.0000129,0.8802236,0.13533214,0.9022098,0.0000685,0.0000559,0.12233179,0.000042,0.0000176,0.10419908,0.00001,0.013633905,0.11169922,0.000026,0.0000151,0.06508231,0.89659864,0.009770867,0.99997747,0.8851033,0.8753764,0.9999827,0.9192787,0.011024806,0.052540068,0.0000295,0.0000215,0.9999808,0.009567114,0.93190664,0.115299545,0.8413411,0.000014,0.8896797,0.88640946,0.9999473,0.011668542,0.020206336,0.06295075,0.0000653,0.89601374,0.1611432,0.9001817,0.000159495,0.9870263,0.000197854,0.8851486,0.8953727,0.13197939,0.0000695,0.025756381,0.11006756,0.88013,0.007131551,0.8997406,0.0000377,0.8367176,0.13212456,0.89202684,0.007931504,0.057714406,0.0000118,0.000305592,0.99997735,0.013514585,0.93739706,0.12495403,0.84378344,0.000041,0.007095179,0.026821116,0.05905854,0.0000318,0.87909263,0.14903958,0.9031573,0.000116059,0.9870495,0.000012,0.83325493,0.82942355,0.104686104,0.010968129,0.8643136,0.07564183,0.00000991,0.00000868,0.1282388,0.86090267,0.011730789,0.06200402,0.83197695,0.000171355,0.06551241,0.012982369,0.0000113,0.06397082,0.0000116,0.889173,0.0000302,0.0000136,0.07695579,0.009545739,0.0000282,0.0000296,0.05346861,0.0000491,0.00021203,0.1007169,0.008236558,0.9433442,0.12319525,0.0000648,0.0000175,0.00652589,0.0000119,0.10558873,0.0000269,0.07062628,0.0000332,0.057528015,0.007741155,0.86149776,0.008921109
1469,6,0.006722993,0.00522932,0.98006195,0.0000739,0.000083,0.9904152,0.4680995,0.51660067,0.9909984,0.5145148,0.0000864,0.10361881,0.008716055,0.005448983,0.9908646,0.0000692,0.87404734,0.50936276,0.50912017,0.000177254,0.007697191,0.000322716,0.33800724,0.0000997,0.000114381,0.29366156,0.000105058,0.000148213,0.30304956,0.5769372,0.858299,0.8945489,0.011197908,0.0000604,0.88307476,0.0000593,0.0000686,0.31937188,0.0000333,0.0000914,0.000158002,0.46687925,0.000106689,0.000190906,0.50492674,0.0000559,0.0000491,0.57698756,0.006603709,0.15741865,0.99996054,0.000120913,0.0000539,0.12656735,0.0000314,0.0000879,0.5008017,0.009948937,0.008941867,0.97761256,0.52714694,0.4741281,0.9771872,0.48132837,0.0000806,0.113235585,0.0000868,0.000267684,0.9844416,0.0000853,0.91494346,0.494684,0.50175434,0.008209313,0.5468134,0.0000889,0.5310107,0.000102541,0.000221957,0.53730136,0.0000528,0.10035861,0.1267308,0.000124173,0.0000605,0.57981735,0.0000608,0.47393587,0.47874045,0.48542184,0.000149124,0.0000676,0.5061778,0.000183469,0.0000832,0.52727175,0.0000492,0.107582085,0.4968668,0.0000522,0.0000863,0.12154828,0.5138615,0.007964594,0.99994636,0.553351,0.48701215,0.99993813,0.5290094,0.0122012,0.13746251,0.0000945,0.0000883,0.99991524,0.004872048,0.8634522,0.54790175,0.53680897,0.0000568,0.47885245,0.44498405,0.99979764,0.010796717,0.10375867,0.114867374,0.00016638,0.5025988,0.49700773,0.49146405,0.000231902,0.9784969,0.000347905,0.53238493,0.5027854,0.44630596,0.000125512,0.13735968,0.52413386,0.48492247,0.007922868,0.70260066,0.00015266,0.52022934,0.48975477,0.5083767,0.005161053,0.1302821,0.0000493,0.000361987,0.99992526,0.010351979,0.87868637,0.5304618,0.50469816,0.0000923,0.006848611,0.11980731,0.127484,0.000094,0.4858529,0.44113857,0.4781568,0.000171618,0.979458,0.0000598,0.5139607,0.7312516,0.51807785,0.009379515,0.45167473,0.10351382,0.0000471,0.0000527,0.5649628,0.71604073,0.010231711,0.11722411,0.72414505,0.000227937,0.14221512,0.097216226,0.0000703,0.1938684,0.0000534,0.7275104,0.000129568,0.0000648,0.12792674,0.08918397,0.0000981,0.000103627,0.12255177,0.000150809,0.000223745,0.5042007,0.007486124,0.8790875,0.5617559,0.000141167,0.0000731,0.006286597,0.0000456,0.5233475,0.0000673,0.2860121,0.000106588,0.14625527,0.008518046,0.46173543,0.007600249
1470,5,0.000116177,0.000103994,0.99130553,0.000000548,0.000000183,0.9998902,0.005041229,0.005162,0.99991584,0.006143199,0.000000518,0.046628226,0.0000542,0.0000883,0.99993813,0.000000484,0.9568146,0.9898044,0.00534976,0.00000111,0.000133648,0.000000863,0.20831282,0.000000404,0.000000232,0.28320548,0.00000292,0.000000507,0.24865158,0.004939745,0.9448763,0.8326197,0.0000695,0.00000106,0.12515049,0.000000649,0.00000174,0.19279133,0.000000996,0.000000399,0.00000088,0.98974824,0.000000669,0.00000141,0.98668,0.000000894,0.00000109,0.9880676,0.000059,0.10694793,0.99999917,0.000000713,0.000000645,0.05120042,0.000000503,0.000000256,0.9875107,0.0000732,0.0000611,0.9900096,0.007687466,0.004824854,0.9915631,0.005082973,0.00000191,0.05385918,0.000000362,0.00000137,0.9919478,0.000000583,0.89451796,0.9954443,0.005653372,0.000123131,0.005494996,0.000000461,0.9871631,0.000000627,0.0000011,0.98789024,6.97E-08,0.10328262,0.06438086,0.000000636,0.000000945,0.99017197,0.000000328,0.00608722,0.9942298,0.005946958,0.00000208,0.00000057,0.98784804,0.000000951,0.000000896,0.98754054,0.000000577,0.13082132,0.98948544,0.000000658,0.000000781,0.042674776,0.004582692,0.0000853,0.9999995,0.004584845,0.004844936,0.99999917,0.006047112,0.000075,0.046962153,0.000000491,0.000000408,0.99999833,0.000111196,0.9465582,0.9863273,0.005192978,0.000000921,0.004776616,0.006986598,0.99999917,0.0000636,0.18232955,0.054441452,0.0000018,0.006299856,0.9948443,0.005607821,0.00000132,0.99222,0.0000013,0.005082007,0.004499405,0.995295,0.000000522,0.16232027,0.99084985,0.006050604,0.0000651,0.034177493,0.000000525,0.006563624,0.98819155,0.005117447,0.0000654,0.060771618,0.00000164,0.00000144,0.9999993,0.000141414,0.9427458,0.985437,0.005821701,0.000000762,0.0000776,0.143229,0.056672443,0.000000311,0.004924931,0.99529207,0.005210888,0.00000233,0.99014986,0.000000418,0.007409559,0.071001425,0.9913189,0.000088,0.004679978,0.049854632,0.00000116,0.0000005,0.99313354,0.7235259,0.0000512,0.06917809,0.07225722,0.00000156,0.051114596,0.11088055,0.000000224,0.07593877,0.000000316,0.034596425,0.000000833,0.0000015,0.05137562,0.12089029,0.000000721,0.000000413,0.057727344,0.00000109,0.00000111,0.98920363,0.0000455,0.93748415,0.9896778,0.00000125,0.00000131,0.000122381,0.000000364,0.9887368,0.000000608,0.9338028,0.00000162,0.06011997,0.0000985,0.005794862,0.0001088
1471,6,0.016335951,0.017094208,0.96317035,0.0000341,0.0000611,0.98059386,0.9325898,0.94761306,0.98771334,0.9457375,0.0000324,0.021917032,0.016746564,0.017517122,0.9832055,0.0000309,0.9792102,0.033606384,0.94327575,0.000309691,0.013620291,0.000343253,0.012665945,0.0000444,0.0000428,0.04051237,0.0000278,0.00017411,0.033538934,0.93316424,0.9938659,0.95026,0.014011008,0.0000659,0.9578946,0.0000288,0.0000243,0.016590804,0.00000592,0.000156302,0.000230885,0.031778693,0.000355745,0.0000285,0.029805593,0.0000195,0.0000174,0.026570423,0.01445427,0.015771832,0.9999682,0.000075,0.000127427,0.006043468,0.0000135,0.0000738,0.022837836,0.018006228,0.01614991,0.965411,0.9457029,0.9322688,0.96409667,0.9469787,0.0000256,0.008459646,0.0000318,0.000183971,0.96172357,0.0000305,0.94827086,0.0660391,0.9479415,0.014677241,0.9350288,0.0000534,0.029566435,0.0000615,0.000092,0.022647625,0.0000258,0.009274066,0.008499401,0.000225093,0.0000192,0.029495716,0.000052,0.94970924,0.05448894,0.9541317,0.000109522,0.000224701,0.028277608,0.0000558,0.0000454,0.024128422,0.0000318,0.008861708,0.043007135,0.0000968,0.0000391,0.006019147,0.9317827,0.019257328,0.9999639,0.9506977,0.9400116,0.9999175,0.9410544,0.01613316,0.009132298,0.0000424,0.0000321,0.99991035,0.013747441,0.9937928,0.022887558,0.9446485,0.0000162,0.93560046,0.9520644,0.99995697,0.012458596,0.03718174,0.008531801,0.000456244,0.9569098,0.055141572,0.95206743,0.000374461,0.9639581,0.000572552,0.9476882,0.9357227,0.059494425,0.000278925,0.02890313,0.030993162,0.9468065,0.017648777,0.9207314,0.0000997,0.95324105,0.025082313,0.94899756,0.015322159,0.005661825,0.0000211,0.000435729,0.99993527,0.020252345,0.9931039,0.02048005,0.9477489,0.0000999,0.013168467,0.03127948,0.007638464,0.0000949,0.9342844,0.046505295,0.9397243,0.000252663,0.95643353,0.0000173,0.9478074,0.96424186,0.027604679,0.015797611,0.9358079,0.018690808,0.0000235,0.0000134,0.02697385,0.97123057,0.014725182,0.007528702,0.9689608,0.000717442,0.008489119,0.007185139,0.0000306,0.02267743,0.0000189,0.9018358,0.0000718,0.0000175,0.007252354,0.007982831,0.0000292,0.0000881,0.006478742,0.0000693,0.000691102,0.028278282,0.021251906,0.991366,0.034035403,0.000134191,0.000026,0.015218806,0.0000362,0.03112015,0.0000608,0.041822884,0.0000881,0.008244098,0.017533805,0.9441565,0.017698813
1473,5,0.00021058,0.00013707,0.99943024,9.67E-08,0.000000138,0.9998821,0.0633429,0.072314255,0.9997873,0.061372362,0.000000236,0.00519054,0.000155632,0.000255817,0.99981195,4.87E-08,0.99634737,0.94932145,0.06676555,0.000000647,0.000212182,0.00000045,0.001998679,0.000000136,9.51E-08,0.002460563,0.00000119,0.000000116,0.001734618,0.0701453,0.99918216,0.99730265,0.000153453,0.000000426,0.08776213,0.000000322,0.000000507,0.004424694,0.000000139,0.000000156,0.000000167,0.9408464,0.000000904,0.00000011,0.93966687,0.0000003,0.000000196,0.945555,0.000177722,0.007225099,0.99999964,0.000000266,0.000000644,0.001310201,0.000000125,0.000000179,0.941352,0.000118769,0.0000473,0.9992719,0.065510996,0.094881766,0.99925226,0.06376357,0.000000546,0.001559552,5.47E-08,0.00000067,0.9991167,0.000000206,0.99547887,0.92828923,0.07500901,0.000175473,0.083712935,0.00000015,0.94024426,0.0000005,0.000000356,0.94353783,2.63E-08,0.002055265,0.002828009,0.000000876,0.000000199,0.9400475,7.21E-08,0.069488876,0.9246705,0.06442186,0.000000941,0.000000231,0.9394229,0.000000314,0.000000215,0.9526187,0.000000245,0.003058953,0.9415385,0.000000113,0.000000139,0.002102174,0.09102,0.000132721,0.99999964,0.06952251,0.07340305,0.99999976,0.07893691,0.000131811,0.002339967,0.000000171,0.000000124,0.9999993,0.000240442,0.99848735,0.95094985,0.067009926,0.000000127,0.07289546,0.07242543,0.9999999,0.000231035,0.002202735,0.001030388,0.000000873,0.07117668,0.92341137,0.067257024,0.00000119,0.9995871,0.000000675,0.083335534,0.060607504,0.927002,0.000000369,0.002256034,0.94219404,0.079113215,0.000117307,0.11686432,0.00000012,0.060947258,0.95073134,0.06986344,0.000187002,0.002056102,0.000000331,0.0000013,0.9999994,0.000221365,0.9983041,0.95024586,0.07070176,0.000000344,0.000174777,0.002604699,0.001044718,0.000000114,0.07626926,0.9354365,0.07262863,0.000000881,0.9993168,4.02E-08,0.06571531,0.07229796,0.95077187,0.000128755,0.089666545,0.004327111,0.000000487,9.37E-08,0.9404444,0.99789584,0.000156436,0.002274257,0.06351232,0.0000028,0.001003434,0.002894735,0.000000124,0.006414087,0.000000122,0.10733477,0.000000106,0.000000381,0.001890159,0.003118969,0.000000326,0.000000236,0.001674454,0.000000458,0.00000155,0.93931425,0.000100599,0.9979867,0.93203557,0.000000429,0.000000606,0.000220397,0.000000296,0.95359874,0.000000442,0.91628444,0.000000545,0.001618977,0.000245142,0.076214686,0.000342822
1474,5,0.0000455,0.0000281,0.99996185,2.6E-10,7.38E-10,0.9999908,0.0000738,0.0000616,0.9999734,0.0000746,3.34E-09,0.007518135,0.0000122,0.0000169,0.99997246,6.44E-10,0.9897686,0.99999106,0.0000457,1.09E-09,0.0000409,1.73E-10,0.009459266,3.8E-09,1.01E-09,0.006607319,7.84E-09,8.03E-10,0.006102885,0.0000725,0.99639493,0.9947062,0.0000186,2.49E-09,0.01332111,2.33E-09,8.57E-09,0.007300871,1.77E-09,2.86E-10,5.13E-10,0.99997544,3.32E-09,2.25E-09,0.99998546,2.99E-09,1.76E-09,0.99997056,0.0000239,0.019004254,1,1.45E-10,4.65E-09,0.004511272,8.4E-10,1.1E-09,0.9999852,0.0000261,0.0000284,0.99997294,0.0000485,0.0000966,0.99994946,0.0000582,2.8E-09,0.004840405,5.74E-10,9.64E-10,0.99991715,1.14E-09,0.9944746,0.999918,0.0000404,0.0000185,0.0000585,2.92E-10,0.9999583,4.09E-09,1.45E-09,0.999967,4.79E-10,0.007311165,0.005510165,9.97E-10,2.13E-09,0.9999651,2.21E-09,0.0000588,0.99993396,0.0000427,1.62E-09,4.16E-11,0.99997354,8.77E-10,1.69E-09,0.9999831,4.84E-09,0.011428414,0.9999784,8.75E-11,1.38E-09,0.005166584,0.0000543,0.0000102,1,0.0000339,0.0000226,1,0.0000326,0.0000137,0.004279391,7.82E-10,1.23E-09,1,0.0000177,0.9950296,0.99998415,0.0000505,4.71E-10,0.0000296,0.0000568,1,0.0000186,0.005177539,0.005119089,2.02E-09,0.0000606,0.9999331,0.0000558,5.17E-10,0.9999614,1.2E-09,0.0000182,0.0000422,0.9999566,4.06E-10,0.005971068,0.99998236,0.0000363,0.0000254,0.004133957,2.41E-09,0.0000674,0.99996066,0.0000636,0.0000286,0.00507876,1.41E-09,1.97E-09,1,0.0000512,0.99598515,0.9999659,0.0000601,3.77E-10,0.0000249,0.004554579,0.003846744,4.66E-10,0.0000281,0.99987924,0.0000583,8.18E-10,0.99990857,2.86E-10,0.0000697,0.011483126,0.99997294,0.0000136,0.0000507,0.008089834,6.71E-09,4.97E-10,0.9999739,0.9939872,0.000014,0.004487011,0.012701499,7.22E-09,0.004728942,0.010360576,6.6E-09,0.015119803,2.85E-10,0.008482436,3.31E-10,2.58E-09,0.004791837,0.009031112,3.36E-09,1.59E-09,0.003966863,1.88E-10,1.51E-10,0.9999727,0.0000472,0.9939948,0.99995935,1.05E-09,2.94E-09,0.0000173,2.18E-09,0.9999796,5.46E-10,0.99572706,3.83E-09,0.004320251,0.0000658,0.0000488,0.0000207
1475,5,0.00000767,0.00000175,0.99986506,1.85E-09,2.02E-09,0.9999939,0.013299256,0.016457452,0.99999154,0.013704152,2.38E-09,0.000992891,0.00000279,0.00000802,0.99999475,7.39E-10,0.9992749,0.9856754,0.011966791,1.78E-08,0.00000703,1.01E-08,0.003429216,2.18E-09,2.33E-09,0.005021874,2.31E-08,2.15E-09,0.003626617,0.014678337,0.9997167,0.9959705,0.00000799,7.38E-09,0.08706893,7.53E-09,1.04E-08,0.008312602,4.39E-09,3.42E-09,3.97E-09,0.9853087,1.47E-08,3.11E-09,0.9850175,6.44E-09,2.71E-09,0.99012274,0.00000438,0.017405478,1,6.65E-09,9.78E-09,0.00045621,3.32E-09,1.54E-09,0.989051,0.00000338,0.00000228,0.9998454,0.016495569,0.016925145,0.99987507,0.014873602,0.000000012,0.000594319,1.2E-09,1.26E-08,0.9998667,5.03E-09,0.9988397,0.9812215,0.014232223,0.00000698,0.01907253,1.89E-09,0.9844109,9.8E-09,6.14E-09,0.98702973,2.36E-10,0.010151587,0.000907654,1.01E-08,6.15E-09,0.99049723,1.17E-09,0.011627216,0.98157275,0.01360278,2.24E-08,2.59E-09,0.9892804,1.17E-08,7.99E-09,0.9895699,3.22E-09,0.007530904,0.9873728,1.01E-09,2.8E-09,0.000750413,0.013018897,0.00000401,1,0.015268152,0.016341692,1,0.016419204,0.0000048,0.000772206,2.81E-09,1.5E-09,1,0.00000704,0.9990773,0.98679745,0.01596557,2.62E-09,0.011830288,0.01608012,1,0.00000487,0.005652273,0.000418171,0.000000018,0.0130802,0.9814454,0.009930725,2.25E-08,0.9999287,8.87E-09,0.018484173,0.015707277,0.98400104,4.45E-09,0.008394282,0.9898919,0.012781274,0.00000282,0.026032126,3.61E-09,0.013089177,0.99235266,0.015789036,0.00000483,0.000856304,9.37E-09,4.06E-08,1,0.00000921,0.9992077,0.9876095,0.019183869,7.84E-09,0.00000331,0.007528741,0.000308232,1.3E-09,0.014813412,0.9799601,0.01644182,2.61E-08,0.9998896,4.71E-10,0.012359833,0.08839765,0.99002355,0.00000447,0.01651499,0.000874625,7.67E-09,2.3E-09,0.9905167,0.9953779,0.00000314,0.000730092,0.088059075,4.87E-08,0.000374148,0.007225047,1.2E-09,0.011762137,1.37E-09,0.034589447,1.49E-09,9.18E-09,0.001191748,0.012273594,8.44E-09,2.31E-09,0.000505427,9.43E-09,2.36E-08,0.9844558,0.00000237,0.99935144,0.98821414,1.31E-08,0.000000013,0.00000422,4.96E-09,0.98802245,9.01E-09,0.98035896,1.27E-08,0.000327887,0.0000088,0.01322266,0.00000877
1477,5,0.000987578,0.000609994,0.9913674,0.00000111,0.00000135,0.9986902,0.007442721,0.00930018,0.99917394,0.005506004,0.0000035,0.05518878,0.001189736,0.000877175,0.9988312,0.00000117,0.9429275,0.99319977,0.005443417,0.00000291,0.000859547,0.00000179,0.4844069,0.00000469,0.00000217,0.532892,0.00000288,0.00000229,0.5967943,0.007740177,0.9389152,0.5540558,0.001714482,0.00000119,0.7091452,0.00000261,0.00000282,0.56534135,0.00000141,0.000000739,0.00000209,0.9916186,0.00000112,0.00000501,0.9897412,0.00000214,0.000000895,0.99334526,0.000769112,0.3532266,0.9999987,0.00000216,0.00000181,0.056697596,0.00000232,0.00000269,0.99250895,0.001247215,0.00142618,0.9923012,0.006686235,0.0059472,0.9931967,0.005574966,0.00000179,0.058014087,0.00000389,0.0000017,0.99412364,0.00000313,0.9326544,0.9909197,0.00878279,0.001188936,0.006124764,0.000000738,0.9918662,0.00000192,0.00000264,0.99007505,0.00000144,0.4207356,0.066658415,0.000000806,0.00000201,0.9921995,0.00000148,0.006000015,0.99060374,0.006625208,0.00000278,0.000000257,0.9908097,0.00000452,0.00000204,0.99393445,0.000000892,0.37600994,0.9889009,0.000000359,0.00000163,0.069308415,0.007331709,0.0008487,0.9999988,0.0073495,0.005888165,0.99999905,0.005180839,0.001217968,0.07161111,0.00000193,0.00000201,0.99999857,0.000426654,0.9207211,0.99163,0.006962474,0.0000013,0.003834079,0.005887442,0.9999982,0.000987549,0.3896933,0.060295187,0.00000276,0.006423466,0.9938259,0.008383136,0.00000106,0.99403715,0.0000026,0.00774841,0.006724607,0.9939884,0.000000772,0.49993443,0.9913673,0.005734568,0.000709051,0.18032235,0.00000588,0.008414657,0.98956096,0.007123786,0.000886869,0.05313711,0.00000119,0.00000375,0.9999974,0.001179554,0.9337616,0.99377924,0.005695226,0.000000899,0.000750368,0.47279516,0.05044686,0.0000011,0.006321319,0.99073166,0.009093864,0.00000253,0.99262553,0.0000011,0.008381235,0.5768328,0.9925368,0.001163143,0.006495485,0.061505616,0.00000147,0.00000182,0.9908441,0.4000088,0.00095915,0.063562244,0.5243946,0.00000298,0.05568337,0.46735156,0.00000356,0.42779568,0.000000696,0.16263025,0.0000016,0.00000164,0.06407195,0.39008266,0.00000174,0.00000196,0.06843911,0.00000088,0.000000828,0.99115527,0.001302049,0.9414531,0.99126196,0.00000358,0.0000013,0.000535983,0.000000984,0.9904089,0.00000103,0.8419832,0.0000023,0.04702406,0.001141226,0.006153917,0.000831616
1478,2,0.004400617,0.003595924,0.95165086,0.0000104,0.0000155,0.99244493,0.05816129,0.05915362,0.9934034,0.050736442,0.0000196,0.2684044,0.004667464,0.003921985,0.99436104,0.0000141,0.5555334,0.8846369,0.052657306,0.0000319,0.00558461,0.0000287,0.83800226,0.0000327,0.0000258,0.803203,0.00000957,0.0000391,0.8564304,0.048403244,0.5955423,0.75009364,0.005971866,0.00000665,0.92867756,0.00000787,0.0000133,0.837678,0.0000087,0.00000894,0.0000189,0.8731032,0.0000132,0.0000512,0.8872829,0.0000129,0.0000057,0.9143698,0.003983687,0.34804228,0.9999902,0.0000403,0.0000102,0.35557973,0.0000112,0.0000164,0.88976866,0.006623429,0.00725269,0.9540341,0.06913329,0.04897734,0.9507192,0.0594279,0.0000136,0.38096428,0.0000224,0.0000361,0.96561694,0.0000214,0.6432074,0.9413965,0.07050426,0.008146619,0.09398094,0.00000903,0.87571365,0.0000122,0.0000392,0.8842505,0.00000914,0.30587444,0.42559224,0.0000123,0.0000113,0.922587,0.0000136,0.08829864,0.9449538,0.06777529,0.0000316,0.00000502,0.87585026,0.00004,0.0000179,0.89947516,0.0000053,0.29186895,0.88796926,0.00000468,0.0000117,0.34673813,0.05882984,0.004555279,0.99999404,0.0839852,0.07231402,0.99998987,0.06549608,0.006860197,0.37777358,0.0000146,0.0000218,0.9999857,0.002714399,0.55552334,0.89585847,0.04848973,0.0000127,0.05293687,0.060879253,0.9999671,0.006092028,0.25893104,0.3654448,0.0000271,0.06814194,0.9421453,0.07773851,0.0000287,0.9623816,0.0000494,0.088957034,0.068447836,0.9569003,0.0000188,0.3823136,0.8871721,0.058365297,0.005090449,0.6324327,0.0000464,0.05888644,0.8590283,0.083893515,0.003569062,0.3977273,0.00000584,0.0000529,0.9999862,0.007174837,0.65437645,0.89308393,0.055320222,0.0000158,0.00355977,0.2591137,0.35453668,0.000017,0.059103593,0.9392596,0.09389606,0.0000281,0.9591103,0.00000987,0.08316589,0.53697926,0.9028032,0.006755691,0.050160766,0.30475718,0.00000611,0.0000136,0.90565336,0.13043015,0.004670471,0.3674484,0.5184419,0.0000297,0.3696039,0.23748487,0.0000133,0.37558782,0.00000874,0.5730625,0.000025,0.0000152,0.44201088,0.21183178,0.0000211,0.0000131,0.3675257,0.0000173,0.0000257,0.89087355,0.004825534,0.54601413,0.9213609,0.0000345,0.00000743,0.003747912,0.0000087,0.8896638,0.00000989,0.30627152,0.000016,0.39923143,0.007537134,0.084794044,0.004795957
1479,5,0.0000606,0.000043,0.9977296,0.000000963,0.00000058,0.9999325,0.003426252,0.004148235,0.9999449,0.004197229,0.00000103,0.024313353,0.0000383,0.0000701,0.9999502,0.000000672,0.97729194,0.9949498,0.002876736,0.00000306,0.0000744,0.00000203,0.34661916,0.000000791,0.000000652,0.34168825,0.0000062,0.000000895,0.31176907,0.003320519,0.9755494,0.7461659,0.0000584,0.00000202,0.33613795,0.00000159,0.00000378,0.35844207,0.00000177,0.000000761,0.00000182,0.9947745,0.00000158,0.00000272,0.9944279,0.00000179,0.00000129,0.99503964,0.0000418,0.28885865,0.99999845,0.00000159,0.00000167,0.023881476,0.00000175,0.000000974,0.9962745,0.0000314,0.0000424,0.997964,0.004964921,0.004685406,0.9982541,0.003349681,0.00000334,0.023427548,0.000000926,0.00000268,0.9980825,0.00000132,0.9723504,0.9964809,0.003617496,0.0000594,0.00423496,0.00000109,0.9936708,0.0000017,0.00000158,0.9947654,0.00000013,0.30412018,0.03211053,0.00000103,0.00000142,0.9959144,0.00000061,0.003946779,0.9958377,0.003754311,0.00000426,0.00000116,0.99505913,0.00000165,0.00000151,0.99501365,0.000000826,0.2968367,0.995415,0.00000116,0.00000124,0.024422124,0.002610016,0.0000563,0.9999988,0.00363151,0.004968295,0.99999833,0.0041355,0.0000553,0.032217547,0.00000134,0.00000082,0.9999976,0.0000727,0.96075374,0.9950723,0.003853478,0.00000244,0.002889189,0.003771236,0.9999987,0.000053,0.25685212,0.02353622,0.00000348,0.004243684,0.9959266,0.004206083,0.00000329,0.9985306,0.00000261,0.005052281,0.003255113,0.9959459,0.000000738,0.22751917,0.9947423,0.003469752,0.0000304,0.025889585,0.00000126,0.004137668,0.99574465,0.004950076,0.0000461,0.033421867,0.00000192,0.00000459,0.9999975,0.00007,0.9680118,0.9958882,0.004577372,0.00000255,0.0000426,0.24738239,0.023866413,0.000000738,0.005585935,0.99666506,0.003633628,0.00000473,0.9982949,0.00000054,0.004310818,0.23699757,0.9954507,0.0000622,0.002992994,0.02666019,0.00000217,0.00000149,0.9969349,0.6347635,0.0000318,0.031683415,0.26183012,0.00000304,0.026161527,0.33814386,0.000000457,0.2762007,0.000000666,0.032375187,0.00000137,0.00000327,0.032192215,0.30791187,0.00000249,0.000000962,0.030744962,0.00000264,0.0000029,0.9949132,0.0000222,0.97179407,0.9951723,0.00000337,0.0000028,0.0000651,0.000000739,0.9957058,0.00000161,0.97073925,0.00000364,0.026386427,0.0000633,0.003587577,0.0000763
1480,5,0.00023221,0.000146608,0.9997515,4.44E-09,1.56E-08,0.9998209,0.20031823,0.17357947,0.99975675,0.20466748,0.000000011,0.00100164,0.000106454,0.000113907,0.9997979,7.33E-09,0.9990452,0.8509115,0.20484634,5.65E-08,0.000145631,0.000000014,0.000318482,1.75E-08,1.91E-08,0.000639006,4.13E-08,1.41E-08,0.000552292,0.19010454,0.99986196,0.9991266,0.000142551,2.08E-08,0.19123408,1.16E-08,1.51E-08,0.000349954,3.76E-09,2.01E-08,1.26E-08,0.83590823,0.000000106,8.91E-09,0.88051,1.49E-08,1.03E-08,0.8314297,0.00015221,0.00383344,1,3.04E-09,5.51E-08,0.000152775,2.56E-09,1.13E-08,0.88068664,0.000183417,0.000271904,0.9997706,0.1793578,0.22292759,0.99978286,0.20018438,1.55E-08,0.000174136,3.5E-09,0.000000066,0.9997193,1.11E-08,0.99914074,0.8544481,0.16417079,0.000180828,0.2348783,8.52E-09,0.85474384,0.000000043,2.57E-08,0.8533448,6.2E-09,0.000406243,0.000193794,3.78E-08,1.12E-08,0.8316243,1.37E-08,0.16144904,0.8242615,0.17152762,2.57E-08,6.61E-09,0.844551,1.39E-08,1.45E-08,0.84534925,2.45E-08,0.000548606,0.8490576,3.07E-09,6.72E-09,0.000241559,0.17722882,0.0000841,1,0.17833777,0.1590865,1,0.19838591,0.000263657,0.000278162,9.8E-09,7.16E-09,1,0.000187705,0.9997054,0.8544867,0.1573653,2.75E-09,0.16660091,0.21392241,1,0.00020744,0.000991907,0.00024722,4.61E-08,0.20647055,0.84249496,0.18678412,3.59E-08,0.99976295,3.13E-08,0.21514519,0.2305238,0.84274155,2.11E-08,0.001379268,0.8595021,0.17371896,0.000149546,0.20411073,0.000000016,0.1935529,0.8804339,0.2378151,0.000173676,0.000207654,1.04E-08,9.75E-08,1,0.00029289,0.9997732,0.82382905,0.17461711,8.49E-09,0.000195489,0.000827275,0.000146883,7.38E-09,0.13970315,0.8016535,0.21614745,2.71E-08,0.99965334,3.66E-09,0.16401792,0.31702685,0.8487649,0.000195087,0.18400912,0.00058005,1.78E-08,2.15E-09,0.86490965,0.99935704,0.000107588,0.000167465,0.39607766,0.000000158,0.000215802,0.000548122,1.31E-08,0.003492463,3.52E-09,0.23806122,3.94E-09,1.13E-08,0.00025713,0.000433967,2.14E-08,1.53E-08,0.00014636,5.06E-09,1.99E-08,0.78330857,0.000182988,0.9997702,0.83105534,0.000000028,1.73E-08,0.000105608,1.44E-08,0.8614685,1.84E-08,0.8239789,2.86E-08,0.000195586,0.000284138,0.21082363,0.0000996
1481,5,0.003056295,0.002373479,0.9861979,0.00000901,0.00000954,0.99703825,0.28608105,0.3850908,0.9976591,0.31814894,0.0000104,0.025829604,0.002727327,0.003530626,0.9970253,0.00000683,0.9709161,0.5900649,0.31692877,0.0000423,0.002476074,0.000045,0.028065046,0.00000981,0.00000792,0.052146286,0.0000229,0.0000148,0.042888608,0.3206086,0.98518896,0.9646804,0.002513942,0.0000221,0.6115037,0.0000162,0.000017,0.03217872,0.00000597,0.0000197,0.0000343,0.5915977,0.0000389,0.0000129,0.5609952,0.0000103,0.00000885,0.5774097,0.002712399,0.028546432,0.9999888,0.0000279,0.0000355,0.01424569,0.00000777,0.0000147,0.5652463,0.002282108,0.001507802,0.986955,0.34646088,0.3656604,0.98559594,0.35878465,0.0000148,0.016450606,0.00000767,0.0000293,0.9852388,0.0000125,0.94798386,0.6495412,0.34600604,0.002323061,0.33094567,0.0000125,0.5477751,0.0000177,0.0000214,0.5658441,0.00000365,0.017399894,0.018017195,0.0000331,0.0000104,0.57955784,0.0000082,0.3228862,0.63555866,0.34084776,0.0000387,0.0000277,0.56706125,0.0000218,0.0000131,0.5858575,0.0000103,0.01850319,0.6199212,0.0000156,0.0000125,0.017177885,0.40986496,0.002780848,0.9999826,0.3571854,0.35887688,0.99998164,0.31101862,0.001822454,0.017525395,0.0000159,0.00000793,0.9999715,0.00275906,0.9847451,0.583815,0.33333036,0.00000996,0.32441893,0.36663508,0.9999826,0.002076235,0.029186249,0.01300884,0.0000593,0.39238903,0.65893704,0.38739893,0.0000613,0.9912066,0.0000765,0.33978093,0.29763877,0.65250224,0.0000295,0.029115265,0.54362714,0.36244604,0.002142271,0.4653315,0.0000163,0.33655068,0.6064694,0.3780155,0.003355679,0.013309296,0.0000135,0.000077,0.9999801,0.003501819,0.9818687,0.5832575,0.34137338,0.0000284,0.001940525,0.037556153,0.011625294,0.0000117,0.3445807,0.65906423,0.3639407,0.0000632,0.9890086,0.00000405,0.30687279,0.5300637,0.5999788,0.002737968,0.3533603,0.030551556,0.0000121,0.00000808,0.5862595,0.95375556,0.003040176,0.019821297,0.49433237,0.0000973,0.014983095,0.0176807,0.00000727,0.033618696,0.00000897,0.4484303,0.0000153,0.0000118,0.016500156,0.01810398,0.000013,0.0000219,0.015240326,0.0000277,0.0000798,0.5418979,0.002167827,0.9868333,0.55742466,0.0000326,0.000014,0.003013323,0.0000117,0.60678655,0.000019,0.46113032,0.0000313,0.01615476,0.003025898,0.32687557,0.003597227
1482,6,0.004074656,0.003468023,0.9944748,0.00000274,0.0000058,0.99673575,0.89544827,0.9031753,0.99749714,0.90267175,0.00000457,0.006027603,0.00385699,0.00512797,0.9954894,0.00000208,0.99424523,0.075918525,0.89000297,0.0000374,0.003041856,0.0000349,0.002462049,0.00000425,0.00000484,0.00503836,0.00000435,0.00000855,0.003651049,0.8859518,0.9989361,0.99268407,0.003457937,0.00000867,0.89716697,0.00000363,0.00000381,0.00277224,0.000000755,0.0000132,0.0000145,0.065587275,0.0000572,0.00000197,0.07116521,0.00000221,0.0000019,0.07229754,0.004516657,0.005193892,0.99999547,0.00000778,0.0000233,0.001145698,0.00000174,0.00000808,0.07465948,0.003336035,0.002081147,0.9956039,0.9014124,0.9056916,0.993842,0.9136012,0.00000296,0.001455856,0.00000209,0.0000198,0.99131143,0.00000347,0.9874721,0.09510426,0.8958017,0.002527151,0.9044336,0.00000533,0.060510483,0.00000927,0.00000925,0.07102973,0.0000019,0.001675035,0.002197527,0.0000325,0.00000216,0.063362524,0.00000415,0.914832,0.1136463,0.8980079,0.0000159,0.0000193,0.06496805,0.00000728,0.00000538,0.08265581,0.00000438,0.001791291,0.07416756,0.00000865,0.00000331,0.001648949,0.90910304,0.00382197,0.99999285,0.8992108,0.8918868,0.9999926,0.9009628,0.00302085,0.001947901,0.00000553,0.00000295,0.99998844,0.003025055,0.9983339,0.06386527,0.910446,0.00000194,0.8879357,0.89330333,0.9999964,0.003479037,0.005021579,0.001226467,0.0000429,0.9115762,0.09805041,0.9136876,0.0000576,0.9951975,0.0000545,0.89455783,0.8874297,0.10442723,0.0000321,0.003759394,0.07112289,0.89636886,0.002775722,0.88042635,0.00000839,0.9048808,0.07029373,0.899814,0.004647692,0.001699205,0.00000277,0.0000617,0.9999883,0.00422375,0.99856204,0.07768548,0.90206224,0.0000132,0.003271953,0.004910762,0.001232443,0.00000734,0.9011203,0.094726965,0.9238098,0.0000373,0.9941519,0.00000115,0.9034129,0.9055834,0.07725381,0.003492651,0.9121938,0.004954609,0.0000038,0.00000128,0.06473065,0.9964288,0.003439903,0.001740924,0.9157947,0.000127875,0.001541466,0.001534509,0.00000305,0.006455741,0.00000272,0.87322783,0.00000445,0.00000291,0.001556483,0.001550305,0.00000422,0.0000106,0.001565223,0.00000782,0.000106582,0.06951802,0.003171404,0.998386,0.07776305,0.0000164,0.0000044,0.003559917,0.00000611,0.07277745,0.00000847,0.098417416,0.000011,0.001954242,0.004797332,0.90566224,0.004573632
1483,5,0.000388209,0.00026797,0.997804,0.000000117,0.000000141,0.9997398,0.000377305,0.000335264,0.9995946,0.00025806,0.000000528,0.087536305,0.000207095,0.000292228,0.9997496,0.000000168,0.90494263,0.99985933,0.000231737,0.000000327,0.000497838,0.000000092,0.27953327,0.000000972,0.000000324,0.31689024,0.000000827,0.000000232,0.30843252,0.000294195,0.91201717,0.7830287,0.000288521,0.000000314,0.2104916,0.000000431,0.000000818,0.28452408,0.000000394,8.86E-08,0.000000142,0.9997279,0.000000279,0.000000924,0.999688,0.000000545,0.000000295,0.99974614,0.000285204,0.19205026,0.99999964,0.000000106,0.000000249,0.07903589,0.00000033,0.00000027,0.9997209,0.000367852,0.000507782,0.9976997,0.000259085,0.000356108,0.99748456,0.000223662,0.000000459,0.081033416,0.000000372,0.000000202,0.99613094,0.000000416,0.9190894,0.99972457,0.000243332,0.000354935,0.000224279,8.53E-08,0.9996338,0.000000482,0.000000329,0.99965453,0.000000202,0.1729816,0.07979765,9.36E-08,0.00000048,0.9997509,0.000000476,0.000228562,0.9997112,0.000224374,0.000000389,1.33E-08,0.99951553,0.000000514,0.000000388,0.9998054,0.000000349,0.21178147,0.9996393,3.73E-08,0.000000428,0.066754945,0.000264894,0.000232767,0.9999999,0.000213598,0.000179321,0.9999999,0.00012833,0.000353613,0.08071673,0.000000206,0.000000429,0.9999995,0.000176298,0.91307044,0.9997843,0.000237281,0.00000016,0.000145615,0.000298915,0.99999976,0.000243518,0.19028784,0.073108606,0.000000521,0.000300711,0.9996642,0.00029827,0.000000126,0.99670947,0.000000256,0.000209111,0.000191743,0.9998265,0.000000103,0.20075804,0.9998099,0.000198163,0.000313863,0.037416752,0.000000766,0.00045884,0.9996137,0.000296355,0.000241209,0.06674343,0.000000264,0.00000024,0.9999995,0.000534908,0.92725897,0.99960214,0.000284877,9.17E-08,0.000341697,0.13987233,0.08868162,0.000000163,0.000212783,0.99944943,0.000349608,0.000000252,0.9959638,0.000000203,0.000353564,0.12423292,0.99965537,0.000239367,0.000262576,0.0858618,0.000000354,0.000000276,0.9996793,0.6998047,0.000226035,0.07865275,0.12555742,0.000000439,0.09335287,0.19271831,0.000000659,0.17993963,0.000000109,0.043919228,0.000000135,0.000000542,0.07444839,0.17678739,0.000000471,0.000000283,0.073121145,0.000000108,3.85E-08,0.99971074,0.000478045,0.9205133,0.9996816,0.000000441,0.000000284,0.000292351,0.000000346,0.9997514,0.000000112,0.96458,0.000000467,0.08431637,0.000567896,0.000288528,0.000305073
1484,5,0.0000594,0.0000397,0.9966079,0.00000258,0.00000159,0.999912,0.000718,0.001554815,0.99995005,0.001598372,0.00000223,0.046212874,0.0000449,0.000169112,0.9999311,0.00000144,0.95077956,0.99728787,0.000853166,0.00000837,0.000120265,0.00000424,0.79388726,0.00000123,0.00000236,0.812006,0.0000113,0.00000279,0.801881,0.00105936,0.9609031,0.27222833,0.0000937,0.00000396,0.85621685,0.00000402,0.0000152,0.7930917,0.00000418,0.00000293,0.00000868,0.99656326,0.00000255,0.00000781,0.9982565,0.00000633,0.00000218,0.9978719,0.0000429,0.722102,0.9999951,0.00000446,0.00000657,0.048146825,0.00000772,0.00000283,0.9975902,0.0000343,0.00006,0.9974331,0.001848264,0.001515792,0.99827147,0.000824487,0.00000624,0.055530965,0.0000074,0.0000039,0.9968972,0.00000414,0.9617976,0.9985544,0.001310057,0.0000523,0.001790405,0.00000281,0.9957585,0.00000278,0.0000036,0.99548596,0.000000473,0.77134824,0.058806863,0.00000124,0.0000044,0.9982856,0.00000325,0.001449627,0.9987501,0.001101975,0.00000616,0.00000365,0.9972391,0.00000313,0.00000486,0.99832195,0.00000169,0.72180533,0.9983517,0.00000444,0.00000292,0.052028213,0.000906219,0.0000645,0.999997,0.001528636,0.002058215,0.99999404,0.001357558,0.0000848,0.050650433,0.00000333,0.00000155,0.9999925,0.000111765,0.94566387,0.9974269,0.001766697,0.00000825,0.000733294,0.001843016,0.9999975,0.0000571,0.6679965,0.036390375,0.0000104,0.002114368,0.9983571,0.001179527,0.00000745,0.9981724,0.0000108,0.003203132,0.001121917,0.9987431,0.00000117,0.6650604,0.99760264,0.001461946,0.0000503,0.028996998,0.00000288,0.001159134,0.9978265,0.002297499,0.0000706,0.053536884,0.00000402,0.0000102,0.9999933,0.0000793,0.94379836,0.99778855,0.001490827,0.0000124,0.0000469,0.7679957,0.043832064,0.00000249,0.002889181,0.9986247,0.0012037,0.0000154,0.998168,0.00000156,0.001420983,0.793426,0.99759644,0.0000521,0.000977385,0.05454551,0.00000664,0.00000394,0.9982218,0.2243464,0.0000406,0.054037116,0.7532346,0.00000606,0.07128973,0.72541696,0.00000141,0.7748288,0.000000991,0.038068414,0.00000285,0.00000845,0.0779943,0.7100356,0.00000601,0.0000045,0.048190963,0.00000763,0.000011,0.99767,0.0000217,0.9610539,0.9967788,0.00000866,0.00000586,0.0000944,0.00000161,0.9977627,0.00000379,0.9625181,0.0000117,0.048266914,0.000108404,0.001330708,0.000114969
1485,5,0.000306318,0.000179277,0.9992461,3.85E-08,5.68E-08,0.9998629,0.000428172,0.000371605,0.99971956,0.000294586,0.000000252,0.036698524,0.000125026,0.000159647,0.9998204,7.15E-08,0.95978737,0.99988854,0.000283945,0.000000139,0.000285193,0.000000033,0.06492021,0.00000031,0.000000114,0.06758264,0.000000496,7.51E-08,0.061188553,0.000361997,0.9758908,0.949634,0.000164126,0.000000208,0.058237333,0.00000018,0.000000404,0.056656044,0.000000155,0.000000038,5.29E-08,0.9997781,0.000000181,0.000000267,0.999803,0.000000212,0.000000152,0.9997837,0.000231375,0.07578195,0.99999976,0.000000031,0.000000174,0.025425848,0.000000106,0.000000112,0.99981314,0.000225771,0.000282743,0.9993814,0.00023687,0.000429818,0.99915755,0.000282572,0.00000022,0.02336143,9.31E-08,0.000000104,0.99871826,0.000000155,0.97026515,0.9996275,0.000247699,0.000194549,0.00024826,3.61E-08,0.9996741,0.000000275,0.000000134,0.999736,6.91E-08,0.04402757,0.023959424,6.19E-08,0.000000209,0.9997476,0.000000169,0.00028438,0.9997149,0.000249183,0.000000176,7.18E-09,0.9997222,0.000000141,0.000000135,0.999826,0.000000215,0.06026316,0.999765,1.47E-08,0.000000137,0.020634774,0.000303678,0.000114575,0.9999999,0.00021925,0.00016989,1,0.000193846,0.000189555,0.023574932,7.81E-08,0.000000133,0.99999976,0.000145936,0.97209305,0.9998306,0.000261088,6.05E-08,0.000193841,0.000339198,0.9999999,0.00016257,0.049125735,0.023700083,0.000000216,0.000337985,0.9996172,0.000321022,6.15E-08,0.99903667,0.000000116,0.000189337,0.000248466,0.9998031,0.000000041,0.051345,0.99987364,0.000237306,0.000181581,0.017125105,0.00000023,0.000438788,0.9997321,0.000341495,0.000195479,0.022685643,0.000000114,0.000000145,0.99999976,0.000346787,0.97864956,0.9997098,0.000372935,4.39E-08,0.000204461,0.035857387,0.02564457,0.00000006,0.00020542,0.99942386,0.000399275,9.83E-08,0.9986218,6.22E-08,0.000338006,0.040850274,0.9997503,0.000159027,0.000286681,0.030823587,0.000000224,7.32E-08,0.9997559,0.9360309,0.000124397,0.025327496,0.04744507,0.00000032,0.028377257,0.056743152,0.000000282,0.059807748,4.09E-08,0.027034424,4.13E-08,0.000000225,0.021046638,0.052708603,0.000000234,0.000000121,0.023537187,3.22E-08,1.86E-08,0.9997726,0.000310694,0.9695574,0.99973863,0.000000153,0.000000161,0.000174002,0.000000144,0.9998202,4.91E-08,0.9846534,0.000000261,0.0226735,0.000361476,0.000327359,0.000184071
1486,6,0.018311294,0.016815776,0.9606666,0.0000179,0.0000333,0.979511,0.91010576,0.9268707,0.9877565,0.9304229,0.0000206,0.020660358,0.018090673,0.026588123,0.98198825,0.0000143,0.98320156,0.03539744,0.91477126,0.000224164,0.01625335,0.00018821,0.005565418,0.0000235,0.0000239,0.023116244,0.0000177,0.0000727,0.014767366,0.91025144,0.99722713,0.9614304,0.013919843,0.0000428,0.9384613,0.0000219,0.0000171,0.006609354,0.00000326,0.0000908,0.000116386,0.026987705,0.000212595,0.000014,0.029707089,0.0000119,0.000015,0.023314053,0.018872187,0.011077514,0.99997306,0.0000354,0.000093,0.003078485,0.0000108,0.0000437,0.019752776,0.015184148,0.011170549,0.96291995,0.91804546,0.92946464,0.96171665,0.9299085,0.0000168,0.003946081,0.0000189,0.000119427,0.92969567,0.0000191,0.9397842,0.076607,0.92689884,0.012952378,0.92890286,0.000024,0.02432287,0.0000416,0.0000574,0.025827078,0.000014,0.003339385,0.00541483,0.00017016,0.0000137,0.02477839,0.0000348,0.9498365,0.09310263,0.9340026,0.0000753,0.0000953,0.024199748,0.000031,0.0000316,0.029448757,0.0000192,0.004082781,0.033357743,0.0000604,0.0000228,0.002817032,0.9270958,0.020469157,0.9999765,0.9336123,0.91838884,0.99993694,0.9268861,0.017436005,0.004661446,0.000022,0.0000176,0.9999323,0.014817017,0.99661714,0.017947374,0.93303126,0.000011,0.9160169,0.9402975,0.99997866,0.013744337,0.022039067,0.003604754,0.000329902,0.94810337,0.072217576,0.93902224,0.000278211,0.9587627,0.000272362,0.92586935,0.9207861,0.099669695,0.000244419,0.017074255,0.029225618,0.93221694,0.021465579,0.9159757,0.000039,0.9386684,0.019596048,0.9307329,0.01820665,0.003264334,0.0000187,0.000233592,0.99995327,0.019260371,0.99625397,0.01944428,0.9277551,0.0000681,0.01712106,0.017664095,0.003641048,0.0000711,0.9205277,0.060747854,0.9352667,0.000202294,0.93712133,0.00000916,0.9259169,0.9520472,0.03065676,0.016186675,0.9274049,0.014011147,0.0000192,0.00000618,0.021814907,0.98915035,0.013385454,0.004000837,0.9610547,0.000499385,0.003906322,0.002997412,0.0000228,0.011918767,0.0000116,0.8897266,0.0000305,0.0000117,0.003673644,0.003391767,0.0000142,0.0000602,0.003412271,0.0000467,0.000530429,0.026534824,0.017481558,0.9955947,0.029376566,0.000107114,0.0000151,0.021394456,0.0000291,0.029827453,0.0000366,0.042191837,0.000064,0.004841169,0.023284787,0.94084924,0.02428554
1487,6,0.015472646,0.012712781,0.9639152,0.0000415,0.0000579,0.98131275,0.91332054,0.92061186,0.98672533,0.91933334,0.0000513,0.028573459,0.016059333,0.009740477,0.98117507,0.0000611,0.9692357,0.035677224,0.9158186,0.000158056,0.01452744,0.000356588,0.010100056,0.000046,0.0000882,0.030035233,0.000101251,0.000100454,0.028358126,0.92823726,0.9871202,0.9812107,0.016434658,0.0000647,0.9359789,0.000041,0.0000411,0.010216473,0.0000202,0.00016773,0.000167649,0.03438417,0.000136015,0.0000601,0.037377134,0.0000377,0.0000452,0.044391222,0.015419535,0.03168066,0.99996924,0.0000552,0.0000815,0.010503627,0.0000111,0.0000659,0.037562616,0.02028001,0.017217254,0.96546113,0.92039067,0.901857,0.9741925,0.9182257,0.0000848,0.008804407,0.0000387,0.00028682,0.9754258,0.0000688,0.959543,0.07514328,0.95303744,0.014771474,0.94595456,0.000126833,0.040250145,0.000095,0.000136304,0.0375083,0.0000474,0.003672387,0.009998417,0.000137386,0.000037,0.042386435,0.0000568,0.924248,0.066543594,0.94154197,0.00011773,0.000126847,0.035382636,0.000123884,0.0000566,0.0405384,0.0000515,0.004341815,0.035650007,0.0000798,0.0000501,0.011130712,0.95105344,0.019779777,0.9999292,0.9505831,0.94191337,0.99994206,0.9495869,0.021445487,0.013459428,0.0000753,0.0000466,0.9999342,0.013051417,0.98682123,0.038178343,0.92592007,0.0000268,0.9372882,0.93514097,0.99986744,0.020999465,0.01946117,0.011299746,0.000164628,0.9406685,0.085356176,0.94778186,0.00023534,0.9697035,0.000254296,0.9416439,0.946176,0.069268994,0.000176241,0.021946903,0.041132085,0.9474482,0.014669664,0.91167,0.0000656,0.9307855,0.039651275,0.94426864,0.013352923,0.012425535,0.0000512,0.000449627,0.99992573,0.018378247,0.98766464,0.038798735,0.9201316,0.0000578,0.015100111,0.028375076,0.010313341,0.0000721,0.94094676,0.06544081,0.94334036,0.000178698,0.97126657,0.0000583,0.91522056,0.9151109,0.037483003,0.016089093,0.93219215,0.034340635,0.0000397,0.0000261,0.040905297,0.97403616,0.023068804,0.00980789,0.91919434,0.000281891,0.013605679,0.004220427,0.0000337,0.041081507,0.0000378,0.8827335,0.0000703,0.0000405,0.011367378,0.002894871,0.0000647,0.0000835,0.010312937,0.0000909,0.000232811,0.035328,0.014406751,0.98862505,0.04123058,0.000119009,0.0000766,0.012454509,0.0000377,0.03366954,0.000074,0.06069854,0.0000743,0.012651106,0.014845757,0.9330251,0.013656019
1488,1,0.003651744,0.002871642,0.9668482,0.000338626,0.000323288,0.9951708,0.12270106,0.12505823,0.99566793,0.13120127,0.000385274,0.11959458,0.004310384,0.00329161,0.9965347,0.000318636,0.8959557,0.8382341,0.124937,0.000957402,0.004196495,0.000821398,0.57283986,0.00036476,0.000483806,0.56768066,0.000810687,0.000533148,0.5932996,0.11821885,0.8428346,0.5748575,0.003998681,0.00056723,0.77182657,0.000591766,0.000571839,0.54846555,0.000281416,0.000342545,0.000830663,0.83820367,0.000550074,0.000828177,0.85399675,0.000354378,0.000346197,0.84117234,0.004552058,0.33765933,0.99969435,0.000660638,0.000460757,0.14539492,0.000374576,0.000370599,0.85261846,0.00413759,0.004703399,0.96100944,0.118918,0.11435237,0.9680331,0.13591442,0.000843485,0.14228758,0.000613718,0.000819078,0.97106576,0.000564811,0.8520481,0.86779696,0.107374795,0.004496014,0.08710665,0.000480125,0.861342,0.000514977,0.000721764,0.8515062,0.000201584,0.39396358,0.11294918,0.000393663,0.000357268,0.859595,0.00027155,0.11323673,0.8909616,0.12521349,0.000986184,0.000496306,0.8630851,0.000649007,0.000435198,0.8436529,0.000326968,0.3890545,0.83659273,0.000390648,0.000468417,0.15625846,0.12386808,0.003722769,0.9996717,0.094312824,0.13705343,0.9996358,0.10158731,0.004413079,0.12679431,0.000555678,0.000476252,0.99951386,0.003081053,0.8472423,0.84952533,0.11205323,0.000495813,0.11310212,0.10574036,0.99891996,0.003104937,0.458688,0.14421713,0.00084336,0.114659496,0.8650368,0.1193077,0.000769029,0.97186005,0.001096209,0.11000816,0.1239968,0.88181996,0.000330316,0.4123793,0.85902345,0.09387543,0.003670003,0.2952261,0.000545867,0.1131322,0.84964037,0.1091887,0.003550427,0.14144176,0.000434703,0.001105855,0.99952435,0.003220152,0.8732288,0.8491499,0.13727933,0.000413122,0.003289884,0.45893636,0.15543644,0.000445161,0.11837927,0.84681195,0.10920972,0.001194237,0.9732529,0.000324309,0.122067764,0.64807165,0.8395171,0.004047487,0.11073838,0.1071732,0.00034572,0.000444341,0.8487449,0.39434138,0.00415416,0.15166874,0.63148206,0.000921852,0.12458861,0.4138582,0.000222714,0.32356417,0.000312751,0.32086903,0.000474026,0.000371689,0.13988152,0.39551705,0.00047042,0.000512641,0.15448877,0.000578219,0.000756554,0.8535134,0.003796421,0.8499563,0.8807772,0.000883704,0.00044201,0.002988313,0.000194221,0.83593327,0.000336247,0.6216232,0.000853943,0.1091832,0.00280062,0.107149124,0.003467142
1489,5,0.000817683,0.000953377,0.9910959,0.00000796,0.00000389,0.99916923,0.032246474,0.031591583,0.99938023,0.035313476,0.0000088,0.060362164,0.000535414,0.000703374,0.99937963,0.00000594,0.9176356,0.9654476,0.036659244,0.0000171,0.000685383,0.0000172,0.16126011,0.00000667,0.00000348,0.1508507,0.0000332,0.00000934,0.12797417,0.03912215,0.9105753,0.9278172,0.000732156,0.0000131,0.13504162,0.0000114,0.0000194,0.14716572,0.00000782,0.00000666,0.0000142,0.97001374,0.0000124,0.0000135,0.96676797,0.000012,0.0000104,0.969397,0.000522841,0.063882664,0.9999912,0.0000114,0.00000902,0.08660675,0.00000568,0.00000634,0.9659018,0.000627059,0.000433621,0.9895672,0.04120265,0.030719105,0.9903888,0.035419412,0.0000189,0.07894577,0.00000528,0.0000191,0.9910734,0.00000696,0.91822785,0.96382815,0.035560697,0.000768821,0.034195628,0.00000826,0.9629571,0.000011,0.0000161,0.96610904,0.00000195,0.065008886,0.09164371,0.0000139,0.0000103,0.9700127,0.00000478,0.03757625,0.9622135,0.030479118,0.0000213,0.0000117,0.9651683,0.0000127,0.00000944,0.9634873,0.00000822,0.07190293,0.9691975,0.0000108,0.00000902,0.07934572,0.033028968,0.00078233,0.9999913,0.028076077,0.031588063,0.99998665,0.03633116,0.000485629,0.08640354,0.00000759,0.00000666,0.999979,0.000840657,0.91551596,0.9623188,0.036437407,0.00000918,0.03914164,0.034765877,0.99998605,0.000685935,0.06829407,0.071205534,0.0000199,0.037459943,0.9712071,0.035170548,0.0000274,0.99335843,0.0000258,0.027795456,0.03241817,0.9675598,0.0000102,0.053280987,0.9644997,0.04372436,0.000569776,0.11078568,0.00000773,0.0364288,0.96937054,0.027896002,0.000654389,0.08352963,0.0000182,0.0000212,0.99999106,0.001110128,0.9120925,0.9689734,0.03717678,0.0000107,0.000576004,0.065397605,0.075103745,0.00000485,0.02683905,0.96654934,0.029755605,0.0000253,0.9892259,0.00000526,0.031646643,0.08107926,0.9715056,0.000720142,0.03831591,0.084614426,0.0000137,0.00000652,0.9739227,0.8653033,0.000634777,0.085016295,0.07626518,0.0000273,0.08468646,0.060942836,0.00000465,0.060349196,0.00000546,0.11483029,0.0000134,0.0000158,0.079288125,0.07928162,0.0000108,0.00000786,0.08698724,0.0000157,0.0000246,0.9695105,0.000398975,0.9143504,0.96849895,0.0000153,0.0000157,0.00084391,0.00000622,0.9672291,0.0000107,0.90624464,0.0000171,0.09372905,0.000920005,0.028099768,0.000940594
1490,5,0.002137536,0.001450344,0.97395635,0.00000177,0.0000026,0.99749446,0.0629837,0.0764508,0.99760216,0.061483253,0.00000459,0.021264186,0.002974543,0.001714877,0.99671626,0.00000196,0.97850764,0.8185814,0.052741636,0.00000891,0.001685284,0.00000495,0.097413346,0.00000521,0.00000344,0.30023664,0.00000324,0.00000353,0.31618837,0.06946623,0.99250585,0.7157034,0.00398043,0.0000024,0.71625,0.00000296,0.00000254,0.11789014,0.00000175,0.00000222,0.00000394,0.8222365,0.00000287,0.00000602,0.80809367,0.00000209,0.00000132,0.8256942,0.001860767,0.17780587,0.99999785,0.00000352,0.00000523,0.00779134,0.00000225,0.00000548,0.84031016,0.003124204,0.002646294,0.97983164,0.06942302,0.06343695,0.97435915,0.054558,0.00000188,0.009580959,0.00000427,0.00000358,0.98021483,0.00000574,0.9381,0.9214347,0.07879729,0.002656448,0.06677018,0.00000102,0.8264759,0.00000337,0.00000412,0.8013845,0.00000195,0.12341209,0.009697612,0.00000208,0.00000273,0.81408954,0.00000158,0.06624282,0.930464,0.069616385,0.00000529,0.00000107,0.83308756,0.00000757,0.00000302,0.8472417,0.00000151,0.1069782,0.8167059,0.000000859,0.0000025,0.008756122,0.07350639,0.001766708,0.99999785,0.0744568,0.06919481,0.99999845,0.06733302,0.002827699,0.011273863,0.00000332,0.00000255,0.9999975,0.001150411,0.98934925,0.82623756,0.07026918,0.00000172,0.053003144,0.06025526,0.9999976,0.002877415,0.2624435,0.007270221,0.00000747,0.0655859,0.94114447,0.077242374,0.00000283,0.97838634,0.00000538,0.07203455,0.06527795,0.9293246,0.00000236,0.36398506,0.8188439,0.06583084,0.001390205,0.25721574,0.00000743,0.066796154,0.822573,0.06189653,0.001989411,0.010391139,0.00000181,0.0000101,0.9999963,0.00204133,0.99064976,0.85328436,0.05639657,0.00000202,0.001882565,0.31621143,0.007049145,0.0000023,0.080109954,0.9329251,0.08384098,0.00000525,0.9747659,0.00000132,0.07039647,0.66995484,0.8176357,0.003119371,0.075299405,0.024020141,0.00000269,0.00000206,0.8332288,0.66323256,0.001880377,0.010223071,0.6626532,0.00000961,0.007624951,0.15938528,0.00000517,0.18976748,0.00000115,0.21696168,0.00000283,0.00000255,0.008179272,0.11673541,0.00000236,0.00000334,0.010294863,0.00000244,0.00000334,0.8152898,0.002661906,0.99104965,0.8106506,0.00000701,0.00000177,0.001531374,0.00000191,0.8090848,0.00000193,0.5984453,0.00000385,0.00731301,0.002408459,0.067186914,0.001666851
1491,6,0.004373636,0.002941568,0.98815453,0.00000259,0.00000515,0.9950718,0.702617,0.7206095,0.9948841,0.7036213,0.00000448,0.010906066,0.003021784,0.002566741,0.996256,0.0000045,0.9893161,0.1579183,0.701213,0.0000159,0.003625952,0.0000143,0.002158377,0.00000482,0.00000863,0.00981673,0.0000109,0.00000568,0.010332598,0.7388891,0.9977149,0.99175805,0.004211654,0.00000629,0.7489903,0.00000385,0.00000415,0.002426382,0.00000178,0.0000105,0.00000854,0.13163817,0.0000156,0.00000452,0.15215316,0.00000395,0.00000391,0.14772744,0.004008159,0.017591827,0.9999964,0.00000239,0.00000982,0.002347675,0.000000991,0.00000417,0.16615413,0.004577483,0.00548088,0.98789793,0.6967848,0.7106165,0.9908528,0.6979518,0.00000786,0.002033849,0.00000214,0.0000237,0.99006885,0.00000568,0.98310065,0.30148283,0.77606684,0.0045673,0.76945406,0.0000061,0.1429791,0.0000096,0.00000918,0.14288524,0.00000299,0.001623327,0.002493015,0.0000107,0.00000364,0.14540334,0.00000489,0.7189142,0.28104892,0.7477239,0.0000106,0.00000503,0.13842292,0.00000839,0.00000548,0.16525869,0.00000488,0.001974118,0.14587504,0.00000386,0.00000352,0.002321517,0.78405386,0.003122638,0.9999938,0.7591759,0.7349056,0.9999957,0.77710146,0.005718617,0.002914431,0.00000494,0.00000356,0.9999939,0.003658784,0.996403,0.15369564,0.6999142,0.00000198,0.72873765,0.7661883,0.99999344,0.004689575,0.010955335,0.002854903,0.000017,0.77464634,0.3084031,0.7715384,0.0000171,0.9881124,0.000014,0.7801569,0.77376777,0.3079389,0.0000111,0.010763223,0.18567401,0.73631644,0.003307527,0.69750386,0.00000554,0.7334369,0.17920326,0.79240257,0.003272289,0.00314058,0.00000459,0.0000344,0.99999225,0.005354433,0.9971674,0.14667118,0.72286344,0.00000383,0.003703085,0.010590675,0.002636492,0.00000422,0.7657871,0.26442444,0.7894708,0.0000132,0.988653,0.00000305,0.68027234,0.80733323,0.16465668,0.004550715,0.72245944,0.008599605,0.00000373,0.00000159,0.1614364,0.9913119,0.003518521,0.002533703,0.8284549,0.0000303,0.003147662,0.001792436,0.00000278,0.020871086,0.0000021,0.6692019,0.00000288,0.00000395,0.002968103,0.001280633,0.00000569,0.00000478,0.002304768,0.00000388,0.0000104,0.12418873,0.003467204,0.99721473,0.16408348,0.0000119,0.00000585,0.00298392,0.00000397,0.16825348,0.00000644,0.21424778,0.0000072,0.002439037,0.00447492,0.7563953,0.003163297
1492,1,0.005632575,0.004256405,0.96963656,0.000073,0.0000855,0.99200493,0.388088,0.39509344,0.99318415,0.38234076,0.0000899,0.06603564,0.00702427,0.005509326,0.9925599,0.0000642,0.91617936,0.5878006,0.42599723,0.000225231,0.005729785,0.000230699,0.38225132,0.000118376,0.0000967,0.37938976,0.000095,0.000167258,0.40605432,0.43165833,0.9091874,0.75857097,0.009537366,0.0000669,0.84627867,0.0000616,0.0000691,0.38997933,0.0000377,0.0000908,0.000159953,0.5665805,0.000109521,0.000173664,0.59924996,0.0000564,0.0000388,0.6516406,0.004785108,0.2312353,0.99995446,0.000137012,0.0000676,0.09074952,0.0000449,0.000103902,0.6172592,0.008556956,0.00742392,0.96841455,0.41060957,0.34859672,0.97049505,0.3783192,0.0000681,0.08653935,0.000102217,0.000187152,0.97657657,0.000100197,0.9159255,0.59972924,0.3570498,0.006542661,0.41618443,0.0000771,0.6303117,0.0000953,0.000186254,0.6013616,0.00005,0.23233643,0.09171014,0.0000875,0.0000587,0.66582376,0.0000571,0.35295165,0.5856172,0.37031627,0.000130202,0.0000718,0.6051558,0.000174162,0.0000925,0.5988903,0.0000507,0.21703781,0.5927345,0.0000508,0.0000832,0.09330909,0.35221827,0.006436355,0.99994886,0.40947637,0.3450229,0.9999285,0.38065878,0.008250104,0.091837406,0.0000764,0.0000708,0.99991393,0.003593459,0.8996798,0.5937229,0.4128438,0.0000624,0.3421604,0.3295251,0.9998697,0.006496826,0.22202066,0.092258684,0.000182771,0.3468211,0.634241,0.37381208,0.000180281,0.9697721,0.000287197,0.41776842,0.3840912,0.5746418,0.000101324,0.29042283,0.60931313,0.35498327,0.005452773,0.55159163,0.000190567,0.40549573,0.61080056,0.380657,0.004535516,0.09176632,0.0000474,0.000278471,0.9999119,0.008599793,0.91549045,0.6291779,0.3813229,0.0000883,0.004893387,0.26452538,0.0874734,0.0000783,0.3401675,0.594037,0.36165765,0.000215691,0.9703207,0.0000597,0.38870758,0.7704729,0.63391143,0.008168088,0.32921615,0.068288594,0.0000465,0.0000578,0.63031405,0.58725315,0.007317501,0.08559179,0.7456611,0.000206406,0.09642722,0.22421697,0.000077,0.26235232,0.0000559,0.62318873,0.000117736,0.0000591,0.08672576,0.21078625,0.0000831,0.00010617,0.08478131,0.000104613,0.000192244,0.5825074,0.006192814,0.91674685,0.65079933,0.000142675,0.0000661,0.004481836,0.0000514,0.58934623,0.0000769,0.4245284,0.000107513,0.08846021,0.007029613,0.37012473,0.005794395
1493,5,0.0000811,0.0000556,0.99653864,0.000000818,0.000000452,0.9999043,0.002932982,0.00389996,0.9999267,0.003889303,0.000000854,0.030033303,0.0000457,0.0000998,0.9999422,0.000000506,0.97168726,0.99489945,0.002851213,0.00000225,0.000102986,0.00000169,0.22313999,0.000000595,0.000000483,0.26056024,0.0000051,0.000000658,0.20790774,0.003287361,0.97371936,0.82967085,0.0000786,0.00000172,0.22937271,0.00000148,0.0000036,0.22146297,0.00000156,0.000000706,0.0000017,0.99371606,0.0000014,0.00000208,0.9941195,0.00000173,0.00000118,0.99428093,0.0000536,0.18175165,0.99999845,0.00000134,0.00000163,0.027914647,0.00000146,0.000000726,0.99533564,0.0000431,0.0000459,0.9972819,0.004710811,0.00469277,0.9974751,0.003386186,0.00000296,0.026727801,0.000000749,0.00000189,0.9971179,0.00000108,0.9573137,0.9964479,0.003620717,0.000071,0.004451954,0.000000866,0.9926766,0.0000014,0.0000013,0.994087,0.000000112,0.18811281,0.0408021,0.000000995,0.00000152,0.9951493,0.000000574,0.003721765,0.99585116,0.003370418,0.00000351,0.000000901,0.9942378,0.00000145,0.00000158,0.9948985,0.00000076,0.17942674,0.99525803,0.000000979,0.00000111,0.025453938,0.002823061,0.0000714,0.9999989,0.003497376,0.004384334,0.99999833,0.003930123,0.0000619,0.03165257,0.00000107,0.000000627,0.9999974,0.000104715,0.95901316,0.99457586,0.003963362,0.00000189,0.002753196,0.003927617,0.9999989,0.0000599,0.18203814,0.022956906,0.00000335,0.004313476,0.9960277,0.003528923,0.00000273,0.99784625,0.00000207,0.004360057,0.002998182,0.9962232,0.000000698,0.16128659,0.9941847,0.00349831,0.0000453,0.025290603,0.000000976,0.003837302,0.99516135,0.004890633,0.0000643,0.035157226,0.00000191,0.0000034,0.99999774,0.000111887,0.9621568,0.9948724,0.004525774,0.0000022,0.0000512,0.17341554,0.025144694,0.000000581,0.004800502,0.9966911,0.003272577,0.00000401,0.9974559,0.0000004,0.004028973,0.15907285,0.99515754,0.000074,0.003310116,0.032236457,0.00000218,0.00000107,0.99652356,0.7447328,0.000045,0.037008096,0.15990475,0.00000304,0.031045668,0.19646254,0.000000425,0.17408937,0.000000593,0.032064088,0.00000111,0.00000307,0.03806367,0.19556168,0.00000193,0.000000801,0.031942286,0.00000225,0.00000264,0.99469095,0.0000282,0.9724053,0.99425346,0.00000267,0.00000239,0.0000928,0.000000795,0.9951049,0.00000145,0.96668595,0.00000332,0.029422516,0.0000975,0.003213353,0.000105206
1494,2,0.002430904,0.001889114,0.9038011,0.000170314,0.000237,0.9968689,0.15959159,0.15648666,0.99757284,0.15860713,0.000251378,0.09731531,0.002369568,0.002450202,0.99726933,0.000210936,0.8991596,0.5990461,0.13802628,0.000684611,0.00231241,0.000564467,0.7097324,0.000201688,0.000362444,0.85239685,0.000391045,0.000382259,0.8627841,0.10979145,0.85693187,0.28014526,0.002536906,0.000282781,0.9656751,0.000348083,0.000299505,0.7139926,0.000150987,0.000268203,0.000702005,0.65159297,0.000261844,0.000504352,0.62991256,0.000176056,0.000136481,0.6289745,0.002915363,0.44216457,0.9998442,0.000507627,0.000288966,0.122567676,0.000224788,0.000194121,0.6237398,0.00216473,0.003089557,0.8838431,0.12894447,0.13848929,0.9134364,0.16553728,0.000407845,0.12754354,0.000406497,0.000561996,0.9089517,0.000375533,0.7302406,0.84726447,0.13249251,0.002340931,0.117503755,0.000392468,0.6523705,0.000335605,0.000481674,0.62654513,0.000125734,0.53217304,0.09778677,0.000170042,0.000182327,0.63916475,0.000178887,0.14837849,0.8809628,0.14246799,0.000622477,0.000323667,0.63300204,0.000316992,0.000305889,0.6566522,0.000151092,0.49193326,0.62413204,0.0003147,0.000232061,0.14512502,0.11763758,0.002593887,0.9998155,0.11604384,0.15824282,0.9997769,0.12610172,0.003091364,0.12715214,0.00034391,0.000242784,0.9998116,0.001906813,0.86130524,0.635343,0.1251317,0.000285766,0.11489592,0.12847939,0.99935824,0.002286175,0.72813284,0.13375477,0.000538266,0.13548125,0.850741,0.16388358,0.000499212,0.91890436,0.000871017,0.14406466,0.1596969,0.8703766,0.000192969,0.7348686,0.61103237,0.108969375,0.002709359,0.38574746,0.000319948,0.1472213,0.6400457,0.13561109,0.002504974,0.12560064,0.000213085,0.000876375,0.99977595,0.00184319,0.8888486,0.6516302,0.1521055,0.000254194,0.002076937,0.7733108,0.118275136,0.000337371,0.13186291,0.8297431,0.15772867,0.000748079,0.9120954,0.000211434,0.13508324,0.9239713,0.61365765,0.002234458,0.12180473,0.08881959,0.000171205,0.000251035,0.5833792,0.12727678,0.002058436,0.1307781,0.9166841,0.000549316,0.111993946,0.510617,0.000100473,0.4368578,0.00013906,0.4073757,0.000233115,0.000216578,0.13239335,0.4882383,0.000279506,0.000383185,0.12875727,0.000353452,0.000712877,0.6167261,0.002695952,0.85695744,0.68742716,0.000735259,0.000213013,0.001593257,0.0000782,0.63216716,0.000177644,0.34653863,0.000529294,0.10844354,0.002066651,0.13374245,0.00194793
1495,5,0.00079706,0.000492902,0.9988668,0.000000019,4.22E-08,0.9995072,0.01502485,0.01705298,0.999268,0.012036779,8.26E-08,0.007660145,0.000456357,0.0005433,0.9993831,2.67E-08,0.98981047,0.98847467,0.012896073,0.000000105,0.000649871,2.56E-08,0.009689237,0.000000131,5.27E-08,0.015787132,0.000000113,4.81E-08,0.014556113,0.011642362,0.99742836,0.987575,0.000667822,4.64E-08,0.10196241,3.36E-08,6.59E-08,0.010538703,2.42E-08,2.31E-08,0.000000028,0.98813057,0.000000103,5.03E-08,0.98555124,5.11E-08,3.13E-08,0.9885903,0.000397849,0.030056788,1,1.13E-08,8.82E-08,0.002768155,2.46E-08,6.15E-08,0.98935366,0.000672276,0.000821258,0.9989403,0.011655312,0.015816113,0.99860793,0.01121452,3.12E-08,0.003778618,2.13E-08,7.97E-08,0.9982596,3.15E-08,0.9939767,0.9866876,0.010249681,0.000701019,0.012139356,1.35E-08,0.9847723,7.81E-08,7.38E-08,0.98817635,2.42E-08,0.008135468,0.004192466,6.92E-08,4.86E-08,0.9870364,4.59E-08,0.013247002,0.987722,0.013061463,5.75E-08,9.19E-09,0.98673856,5.93E-08,4.72E-08,0.9866269,6.05E-08,0.008847234,0.98699796,7.8E-09,2.65E-08,0.003333375,0.011561593,0.000342422,1,0.015512434,0.011776122,1,0.011376785,0.000727546,0.003145241,2.82E-08,4.11E-08,0.9999999,0.000537711,0.9960867,0.9849893,0.011460653,1.42E-08,0.011625294,0.016084827,1,0.00057885,0.011047148,0.003586475,0.000000119,0.011777743,0.9852063,0.014891353,6.08E-08,0.99824023,0.000000072,0.013211266,0.013551709,0.9888101,4.86E-08,0.0158628,0.98871243,0.012032646,0.000430722,0.08818115,7.48E-08,0.015805384,0.98769987,0.015750978,0.000477537,0.002941369,2.46E-08,0.000000128,0.9999999,0.000996135,0.99704033,0.9862547,0.012531986,2.95E-08,0.000578165,0.010212823,0.003271637,2.32E-08,0.013621758,0.986342,0.017623285,5.75E-08,0.99823534,1.31E-08,0.015442225,0.15222016,0.98810345,0.000652221,0.013247314,0.006113425,5.38E-08,1.35E-08,0.9882207,0.98661035,0.000299193,0.003766838,0.14666228,0.00000022,0.003614193,0.00881792,8.62E-08,0.03114134,1.49E-08,0.09153241,1.56E-08,4.26E-08,0.00369111,0.00777623,5.91E-08,0.000000054,0.003425174,1.94E-08,2.63E-08,0.98311687,0.000897793,0.99671555,0.9864158,6.35E-08,4.61E-08,0.000440333,5.79E-08,0.9883072,4.28E-08,0.9293074,6.76E-08,0.003223857,0.00136172,0.019047402,0.000456847
1496,2,0.009365724,0.005890091,0.98723245,0.00000977,0.0000168,0.991452,0.18976471,0.20095049,0.99149066,0.16951111,0.00002,0.0523829,0.007931684,0.00713909,0.99074274,0.0000126,0.9339634,0.80311286,0.19119114,0.0000284,0.008061797,0.0000234,0.12882124,0.0000268,0.0000198,0.13261263,0.0000203,0.0000214,0.14400695,0.18694872,0.9529004,0.9353131,0.010934352,0.0000122,0.56490684,0.00001,0.0000141,0.14002451,0.00000727,0.0000111,0.0000157,0.8341477,0.0000202,0.0000208,0.78943276,0.0000119,0.00000963,0.8366984,0.00634299,0.1130893,0.99998987,0.0000132,0.0000156,0.04631914,0.0000085,0.000022,0.83436924,0.009891967,0.010420196,0.98628426,0.18646659,0.16523054,0.9856899,0.16673079,0.0000103,0.047038276,0.0000116,0.0000317,0.9877884,0.0000126,0.9563816,0.8242981,0.17782076,0.008995906,0.18200819,0.00000939,0.830411,0.0000174,0.0000282,0.82733667,0.00000992,0.059514143,0.04797548,0.0000238,0.0000128,0.84058595,0.0000111,0.18557452,0.8070481,0.20935442,0.0000219,0.00000983,0.83105403,0.0000221,0.0000126,0.81713665,0.0000113,0.057944868,0.83262455,0.00000603,0.00000997,0.045582615,0.18940854,0.006817246,0.99999034,0.22684523,0.20145413,0.99999034,0.18481633,0.009479309,0.0471582,0.000014,0.0000159,0.99998426,0.006544059,0.95021325,0.8287151,0.18820554,0.00000824,0.18156324,0.19283704,0.9999875,0.009519689,0.05548594,0.045753494,0.0000285,0.18581758,0.8206997,0.20236573,0.0000254,0.9854409,0.0000359,0.2159867,0.17787541,0.8073691,0.0000198,0.07582352,0.81979996,0.18857084,0.00625639,0.40974858,0.000027,0.19822304,0.8408856,0.20514876,0.006408322,0.04206286,0.00000707,0.000051,0.99998295,0.010590985,0.9567765,0.84085244,0.16308984,0.0000157,0.007218145,0.0646001,0.04418161,0.0000119,0.20096684,0.8319783,0.21849695,0.0000259,0.9872679,0.00000836,0.18973075,0.47410548,0.82744896,0.009755244,0.17362908,0.05614043,0.0000109,0.00000745,0.840022,0.85914433,0.006753633,0.05227679,0.42483553,0.0000413,0.05000477,0.06572842,0.0000182,0.134861,0.00000794,0.4311279,0.0000117,0.0000112,0.04674299,0.048896905,0.0000177,0.0000187,0.04693961,0.0000139,0.0000209,0.8094653,0.009480894,0.95734113,0.8314811,0.0000235,0.0000134,0.006917229,0.0000114,0.81398356,0.0000149,0.60300916,0.0000176,0.04644453,0.010514417,0.22412318,0.006955073
1497,2,0.002461502,0.003450787,0.9672345,0.0000706,0.0000338,0.9968681,0.16059817,0.1540674,0.9971643,0.18273981,0.0000421,0.115249574,0.002471517,0.002274927,0.99742305,0.0000492,0.8878856,0.75861317,0.15438375,0.000169542,0.002656789,0.000137875,0.35047024,0.000054,0.0000436,0.35750243,0.000100583,0.000106689,0.3863467,0.16646612,0.86990315,0.74340683,0.002188665,0.000084,0.617651,0.0000659,0.0000834,0.3258267,0.0000372,0.0000632,0.00014712,0.7799701,0.000104189,0.000134498,0.7765008,0.0000556,0.0000609,0.77766764,0.002096666,0.17326443,0.99995375,0.0000812,0.0000625,0.1251453,0.00003,0.0000375,0.7502555,0.002904112,0.003018274,0.9523416,0.18420708,0.12833014,0.9679952,0.15370934,0.0000968,0.11882142,0.0000629,0.000160123,0.9630937,0.000058,0.85086566,0.8601256,0.13949528,0.003675396,0.1373657,0.0000664,0.773807,0.0000565,0.000134136,0.7712329,0.0000218,0.1626025,0.106214985,0.0000747,0.00005,0.8069911,0.0000416,0.17457584,0.8460915,0.16095054,0.000140836,0.0000678,0.76724344,0.0000946,0.0000673,0.7720189,0.0000486,0.1725076,0.76031166,0.0000833,0.0000896,0.11582705,0.14510274,0.00291247,0.9999504,0.14770937,0.15843262,0.9999105,0.15490888,0.002326277,0.09767681,0.0000538,0.0000509,0.9998903,0.001912866,0.897242,0.7474818,0.12818617,0.0000583,0.1651181,0.15328035,0.99987006,0.002203171,0.23988235,0.123553,0.000188271,0.16854103,0.8260073,0.17397372,0.000150227,0.9684299,0.000216565,0.15899862,0.15687741,0.84247655,0.0000759,0.21301666,0.7897923,0.15704554,0.002692315,0.31104782,0.0000741,0.17611384,0.7597548,0.1539665,0.002009884,0.10996531,0.0000884,0.000124296,0.99994814,0.00276079,0.89270484,0.7480557,0.16978918,0.0000638,0.002434458,0.2236788,0.12725309,0.0000562,0.13397028,0.82960105,0.14378595,0.000198875,0.96875453,0.0000451,0.18413156,0.49122983,0.79606724,0.002676178,0.124176085,0.099171646,0.0000584,0.0000482,0.81131804,0.635577,0.002545731,0.1213344,0.48274857,0.000144275,0.11407763,0.15951666,0.0000336,0.13971642,0.0000389,0.32800633,0.000101947,0.0000598,0.096561395,0.1504044,0.0000499,0.000071,0.11390263,0.000101962,0.000127608,0.758976,0.002260927,0.8739894,0.7902411,0.000117839,0.0000563,0.002576219,0.0000328,0.77303296,0.0000519,0.57914317,0.000101212,0.12156456,0.002835947,0.14880002,0.002787374
1498,1,0.000149073,0.000126822,0.96321326,0.00000844,0.00000605,0.99984586,0.00154477,0.001945552,0.9998759,0.002253622,0.0000113,0.09104913,0.0000967,0.00032022,0.9998709,0.00000615,0.9181232,0.9919002,0.001319008,0.0000238,0.000303971,0.0000114,0.83341485,0.00000583,0.0000083,0.9156198,0.0000318,0.00000893,0.9033527,0.001350847,0.92930484,0.1053624,0.000176559,0.000014,0.8606921,0.0000131,0.0000359,0.79938614,0.0000166,0.00000846,0.0000249,0.9871976,0.00000882,0.000032,0.9921789,0.0000193,0.0000102,0.9915388,0.000102092,0.7419603,0.99998415,0.0000104,0.0000179,0.10832516,0.0000254,0.00000845,0.99331,0.0000849,0.000159099,0.97212976,0.002529564,0.002281093,0.97675306,0.0015489,0.0000252,0.09077429,0.0000181,0.0000122,0.96671283,0.0000114,0.8039341,0.99837095,0.001344843,0.000127063,0.002448543,0.0000109,0.9875144,0.00000962,0.0000126,0.98678976,0.00000176,0.7806299,0.12278436,0.00000388,0.0000138,0.99179596,0.00000982,0.002047733,0.9985299,0.001558718,0.0000239,0.0000098,0.99116874,0.00000862,0.0000214,0.99273634,0.00000586,0.8015757,0.9935028,0.0000169,0.0000109,0.084468916,0.000899715,0.000150348,0.9999913,0.001589942,0.002356181,0.99998236,0.001871859,0.000157756,0.09051511,0.00000925,0.0000061,0.9999776,0.000200871,0.909169,0.99201775,0.002217707,0.0000301,0.000990698,0.001840776,0.9999914,0.000112895,0.88391024,0.0800417,0.0000335,0.002566184,0.9980564,0.001528292,0.0000185,0.97319174,0.0000244,0.002855608,0.001512276,0.9981516,0.00000555,0.86938965,0.9923949,0.001457337,0.000120957,0.025354426,0.0000108,0.001881299,0.99127334,0.002853307,0.000108351,0.10022458,0.000012,0.0000211,0.99997616,0.00020175,0.903065,0.9914169,0.002099329,0.0000263,0.000130753,0.8768312,0.10194386,0.0000102,0.002680179,0.9985642,0.001446323,0.0000427,0.9771802,0.00000898,0.002433806,0.811843,0.9924177,0.00011991,0.001184763,0.0902512,0.0000268,0.0000141,0.99448216,0.083877556,0.000079,0.1179983,0.8012376,0.0000138,0.113419674,0.7956112,0.00000633,0.7662384,0.00000524,0.03512485,0.0000116,0.0000289,0.106925406,0.78022283,0.0000211,0.0000125,0.106062524,0.0000171,0.0000214,0.99249774,0.0000507,0.92080104,0.98954433,0.0000205,0.0000216,0.000175843,0.00000564,0.9906933,0.0000108,0.91275674,0.000044,0.10721429,0.00019865,0.001684588,0.000211049
1499,5,0.00018859,0.000139735,0.99853814,0.000000519,0.000000367,0.99984276,0.011351077,0.015641138,0.99984026,0.01320345,0.000000642,0.018741485,0.00011154,0.000203431,0.9998373,0.000000339,0.97898084,0.9900017,0.013671719,0.00000165,0.000175029,0.00000132,0.042288266,0.000000441,0.000000281,0.032777477,0.00000478,0.000000563,0.026227938,0.015085617,0.98512626,0.98236805,0.000145978,0.00000129,0.08132061,0.00000125,0.00000254,0.052944243,0.000000839,0.000000512,0.000000993,0.99050003,0.00000146,0.000000875,0.98949945,0.00000114,0.000000882,0.9894063,0.000124879,0.039767098,0.9999989,0.000001,0.00000132,0.015515864,0.000000623,0.00000057,0.9904226,0.000112996,0.0000715,0.9985759,0.016204825,0.015926871,0.9987571,0.013976125,0.00000201,0.018371565,0.000000349,0.0000018,0.9986308,0.000000685,0.9826239,0.984768,0.01682213,0.000157669,0.018796,0.000000657,0.9871334,0.00000125,0.00000113,0.9882409,9.66E-08,0.02665065,0.021278596,0.00000147,0.000000999,0.99114615,0.000000393,0.015060945,0.9818293,0.013339575,0.00000236,0.000000954,0.98893845,0.00000101,0.0000008,0.9896904,0.000000778,0.029731331,0.99044025,0.000000646,0.000000642,0.0195916,0.015601395,0.000152842,0.9999989,0.013984663,0.016287405,0.9999989,0.0133961,0.000103257,0.020373588,0.000000727,0.000000488,0.99999785,0.000252648,0.9798426,0.9893026,0.013488387,0.000000823,0.015016244,0.0159571,0.99999917,0.000166074,0.019183053,0.011498336,0.00000209,0.016374223,0.98437655,0.01519589,0.00000251,0.9992472,0.00000231,0.01619402,0.012280955,0.9863247,0.000000734,0.016133735,0.98801404,0.017078472,0.000106439,0.055740386,0.000000594,0.014460717,0.9906075,0.01653258,0.000170172,0.018388297,0.00000162,0.00000283,0.9999988,0.000213961,0.97874475,0.9902867,0.015066627,0.00000141,0.00013289,0.020004578,0.012462411,0.000000371,0.015835453,0.98619604,0.014269099,0.00000272,0.9986187,0.000000236,0.013399151,0.057475183,0.99055403,0.000145008,0.015913172,0.022781985,0.00000158,0.00000052,0.9916745,0.9698779,0.000131019,0.019673903,0.0490388,0.00000411,0.01410635,0.02956991,0.000000338,0.03553004,0.000000454,0.06088611,0.000000728,0.00000169,0.019561531,0.034978922,0.00000138,0.00000074,0.016743377,0.00000166,0.00000279,0.9888911,0.0000886,0.9841955,0.9863002,0.00000158,0.00000197,0.000214474,0.000000654,0.9899547,0.00000136,0.9630421,0.00000186,0.016449094,0.000227135,0.012878991,0.000225948
