V1,V2,V3,T1,T2,T3,xA1,xA2,xA3,xB1,xB2,xB3,targets
1.291508691,1.240649867,1.266320957,-1.174164715,-1.089867135,-1.099006569,0.4574653,0.245910342,0.454102414,-0.502968725,-0.260495712,-0.483360022,4
-0.107797744,-0.388788925,-0.351192216,1.100792674,0.445686339,0.494774214,-0.98102273,-0.462137231,-0.424018426,1.001332096,0.437454231,0.376561928,1
-1.125475151,1.115308421,-0.600040397,-0.790233222,-0.062884102,-0.070638414,0.995929466,0.236533445,0.176089941,-1.068300626,-0.234536672,-0.157169412,4
0.655460312,0.363259748,1.515169137,-0.129573815,-0.404779439,-0.369433706,-0.165851713,0.056306741,0.31687709,0.158019028,-0.083787952,-0.387043686,4
0.019411932,-1.140837598,-1.906493344,0.153319011,0.055953293,0.015178219,-0.062844244,0.158014206,0.089517272,0.043875254,-0.197452233,-0.129764921,4
-0.489426772,0.363259748,0.45756437,-0.106091209,-0.106745283,-0.086662781,0.173973595,0.131750335,0.201180076,-0.22126612,-0.170387114,-0.260571251,1
-0.489426772,0.613942639,1.639593227,0.332083615,0.7823061,0.785954683,-0.198823558,-0.699808867,-0.801780938,0.193462957,0.74883386,0.874128763,3
0.121179673,-0.890154707,-0.724464487,0.531796348,0.510148957,0.581941297,-0.391602761,-0.32459956,-0.288405825,0.408785874,0.330221018,0.287766191,4
2.080208682,-1.103235164,0.022080054,0.291132499,-0.205598983,-0.245715173,-0.717012314,0.018150399,-0.026966914,0.758552013,-0.049556353,-0.008728648,4
0.782669988,-0.902688852,0.519776415,-1.553332107,-0.813639938,-0.997879725,1.409087737,1.096767074,0.627580727,-1.193157023,-0.897352824,-0.340333803,2
-1.252684827,0.074974423,-0.475616306,1.040724941,0.804490713,0.865283725,-0.627998553,-0.593842143,-0.577522368,0.635935816,0.591057601,0.548462521,1
-0.55303161,1.541469336,-0.848888577,0.519065874,0.705909821,0.742202905,-0.584728859,-1.026605408,-0.644287441,0.534747348,0.923493713,0.44167018,3
1.100694178,-1.817681404,0.893048686,-2.101900428,-2.459777216,-2.48964646,1.669010373,2.348253979,2.372827257,-1.747428556,-2.384116171,-2.373705096,1
-1.02370741,1.792152227,-1.719857209,0.659012325,0.855859763,0.81980563,-0.208883904,-0.671377209,-0.968797079,0.205562179,0.724136783,1.076176163,2
-0.107797744,0.613942639,-0.600040397,-1.066680479,-0.519157794,-0.542499687,0.987775507,0.492882155,0.299147572,-0.908734591,-0.366877829,-0.090146173,1
-0.463984836,-0.388788925,-0.226768126,-0.034694843,-0.083777498,-0.071511342,0.328719436,0.360349036,0.253086356,-0.372015191,-0.385447979,-0.261034246,3
1.647695784,-1.617135091,0.893048686,0.474668662,-0.278700551,-0.222659866,-0.893821937,0.036324882,0.197156062,0.916847059,-0.092880138,-0.291005231,1
-1.60887192,1.466264469,-0.351192216,0.626009122,1.691024011,1.629301915,-0.377862937,-1.455224438,-1.297620316,0.351476367,1.44232125,1.207657508,2
1.77490546,-0.388788925,0.644200505,-0.767038057,-1.036743068,-1.026674878,0.425805172,0.775024771,0.580619505,-0.423567273,-0.7243616,-0.444741078,1
-0.743846123,0.86462553,0.395352325,0.264310226,0.054900418,0.08978298,-0.132183568,-0.176753473,-0.119368012,0.119594474,0.16462027,0.095751443,2
0.528250636,-1.015496153,0.146504145,0.153217022,-0.042653071,0.00562612,-0.302775663,0.026482319,0.152942264,0.295863132,-0.054248598,-0.199332908,3
-1.65975579,0.488601194,-0.475616306,0.91570423,1.150169215,1.194148198,-0.255460876,-0.76279811,-0.769223658,0.239318344,0.74634163,0.730279683,1
0.375599025,-1.479259501,-0.600040397,-1.350630329,-1.757692751,-1.824272731,1.14777016,1.847729971,1.910706388,-1.250229731,-1.960855498,-2.039736432,3
0.960763534,1.955096106,0.644200505,0.091407041,0.218016289,0.268190847,-0.55049215,-0.810249375,-0.656173833,0.584287293,0.874226075,0.710671776,4
-0.489426772,-1.516861935,-0.102344036,0.798800736,0.830190309,0.831823037,-0.464876714,-0.342013139,-0.509039054,0.481347697,0.345168082,0.534199479,4
-1.316289665,0.200315869,0.644200505,-0.515381416,-0.747465862,-0.787031962,1.172648955,1.044845512,0.669030608,-1.010163879,-0.850824396,-0.37785129,1
0.337436122,0.100042713,-1.147506394,0.158166924,0.025729983,0.050854175,-0.463019215,-0.357357589,-0.221417967,0.458894348,0.342951035,0.184299859,3
1.545928043,0.914762108,1.813786953,-1.224180802,-1.261178828,-1.271942724,0.628888952,0.702995183,0.876314344,-0.677233017,-0.74697198,-0.946800651,4
-1.125475151,-0.877620563,-0.226768126,1.693059285,1.631642872,1.547299531,-1.109680016,-1.036997865,-1.343648167,1.139587848,1.054282056,1.375835709,2
1.03708934,-0.025298733,0.519776415,-0.510862494,-0.319287532,-0.273538477,0.1620329,0.115626714,0.199632162,-0.173687368,-0.118328511,-0.19689622,4
-0.998265475,0.237918303,-0.351192216,0.34022957,-0.117584975,-0.182445514,0.057737064,0.227727422,0.099998364,-0.074239296,-0.256746373,-0.119263447,3
0.528250636,-0.388788925,0.146504145,-0.923713385,-0.767190473,-0.670869101,0.453375858,0.486770997,0.873650781,-0.511675349,-0.546175623,-0.993194862,1
0.528250636,0.062440279,-1.782069254,2.26887129,2.378348122,2.276455415,-2.04172653,-2.04845772,-2.148117534,1.93318009,1.94073817,1.936110067,1
-0.209565485,-0.639471816,-1.296815302,-1.514999967,-1.489243504,-1.302866871,1.525981432,1.496381548,1.545561766,-1.586003779,-1.481737081,-1.476042959,3
1.011647404,-0.263447479,0.71885496,0.991934134,0.275572667,0.195551049,-1.087898273,-0.431878399,-0.550554725,1.148308505,0.426077132,0.553927213,3
0.40104096,0.112576857,-1.023082303,-0.763841123,-0.290068864,-0.360857577,0.679855906,0.385751329,0.346399585,-0.747666483,-0.422296257,-0.382398824,4
-1.596150952,1.365991312,1.440514683,0.61471629,0.975424986,0.998276801,-0.288673195,-0.947461297,-1.017284091,0.288433089,1.001509631,1.081523146,4
0.998926437,-1.140837598,0.146504145,-0.359620013,-0.792797125,-0.750437157,0.056193275,0.680450607,0.900274795,-0.08365149,-0.754197804,-1.014347656,2
-0.362217096,-0.012764588,-0.226768126,1.24817412,0.536989077,0.593458004,-1.09688965,-0.657725848,-0.57474945,1.145783924,0.669426409,0.576601455,1
-0.107797744,-0.514130371,0.270928235,-1.023276605,-0.423547785,-0.48567037,1.090365678,0.773678496,0.681939416,-1.192361173,-0.847256143,-0.761565941,3
-0.247728387,1.616674203,-0.724464487,0.437785458,0.678169043,0.687264222,-0.369089471,-0.839209517,-0.925244511,0.383115732,0.902466648,1.011549587,3
1.304229659,-2.143569162,0.395352325,0.881276523,0.355803139,0.375756912,-1.127389844,-0.296757996,-0.273180155,1.184549374,0.272451945,0.233104574,1
0.782669988,1.365991312,-0.600040397,0.40222033,1.064201415,0.97778558,-0.6581403,-1.255017008,-1.202294685,0.642768798,1.2605868,1.16253607,3
-0.362217096,0.112576857,0.893048686,0.604103721,0.331171656,0.357328794,-0.486550058,-0.303717994,-0.181986006,0.4119085,0.210645059,0.052289099,4
0.019411932,-0.388788925,0.519776415,0.260920387,-0.209238068,-0.215935578,-0.100883689,0.273336318,0.082539352,0.104322502,-0.257301834,-0.049781712,2
-1.507104179,0.112576857,0.022080054,-1.262147045,-0.336723012,-0.139407483,1.453895931,0.490841995,0.64806164,-1.459395173,-0.417693645,-0.531304406,3
-0.23500742,-1.028030297,-0.226768126,-0.197290538,-0.856084692,-0.850168235,0.274545072,1.018267633,1.158738497,-0.32793854,-1.130287094,-1.31928323,3
1.673137719,-0.050367022,-1.558105891,1.039810663,0.714355216,0.549995802,-1.304692811,-0.928166542,-1.165327531,1.383659692,0.971867141,1.246825526,1
0.273831284,0.062440279,-0.214325717,0.923939046,0.969225636,0.973642388,-0.850964784,-0.874495134,-0.952751154,0.800224517,0.83677459,0.878360348,1
-0.489426772,-0.388788925,2.336368132,-0.52023222,0.05534043,0.153225799,0.479578799,0.115850356,0.23575011,-0.450736615,-0.066844883,-0.159177086,1
0.146621608,1.967630251,-1.83183889,-0.271224198,-0.474669401,-0.506709726,0.052751646,-0.151253334,0.037135435,-0.066308531,0.152094704,-0.053650942,2
-0.616636447,-1.516861935,0.258485826,-0.154789476,0.031535728,0.027727518,0.54714316,0.631206781,0.378215642,-0.605140984,-0.678549059,-0.406284358,3
1.164299015,-0.037832878,0.022080054,1.690466843,1.752402477,1.814760739,-2.023294772,-1.957081231,-1.556519276,1.882380366,1.752168626,1.24633437,3
-0.616636447,0.639010928,-0.102344036,-1.702451899,-2.195642198,-2.313551932,1.940921244,2.133776456,1.817133283,-1.842426411,-1.994671332,-1.601929802,1
-0.998265475,-0.012764588,-0.0525744,1.439184021,1.771389669,1.81258386,-1.167894092,-1.557704223,-1.546446257,1.226174216,1.625043741,1.610134408,2
0.146621608,-0.138106034,0.96770314,-1.033011955,-1.066060798,-1.023592296,0.894499643,1.011391214,1.054893939,-0.97638082,-1.067959488,-1.117551961,1
0.909879664,0.488601194,0.519776415,1.541558788,1.353824624,1.290150181,-1.682142803,-1.532981717,-1.560003938,1.731693953,1.536281485,1.529004289,3
-0.871055799,-0.764813262,1.054800003,0.345328765,-0.071508039,-0.118550359,0.109638652,0.377151506,0.239171669,-0.141974484,-0.431768463,-0.290171101,1
0.146621608,0.989966976,-0.861330986,0.096475243,0.696262728,0.630673999,-0.143742011,-0.607851103,-0.81766794,0.133046822,0.6441085,0.885727377,3
-0.311333225,-0.388788925,2.025307907,-0.309017179,-0.286796892,-0.219994736,0.270539478,0.269488666,0.501760981,-0.325889363,-0.314553345,-0.587130004,1
0.08301677,-1.604600947,-1.346584938,0.156202387,-0.503358334,-0.537805726,-0.033723339,0.627455852,0.703461486,0.010479164,-0.725010535,-0.836365708,3
0.795390955,-0.388788925,-0.600040397,-0.407906976,-0.952339967,-0.973046387,0.139345392,0.753547874,0.969273513,-0.175865272,-0.830145803,-1.086220361,1
-0.362217096,-1.855283838,-0.848888577,1.081689097,0.435308323,0.436971238,-0.527492364,0.044458804,-0.12099528,0.556321108,-0.08014683,0.097989692,4
0.019411932,0.989966976,-0.600040397,-1.60056978,-1.93428898,-1.948901392,1.460559508,1.584423338,1.698289955,-1.549719247,-1.653360982,-1.752990835,1
-1.29084773,-0.764813262,0.519776415,0.391991181,0.621999499,0.682634888,0.032987701,-0.132898891,-0.14665577,-0.065114326,0.122931806,0.134685894,4
1.202461918,-0.589335238,0.146504145,-0.282667359,-0.666352271,-0.655133683,-0.25423188,0.197943114,0.428881451,0.257004357,-0.247802439,-0.528075652,2
-1.303568697,1.942561962,0.519776415,0.836641564,1.445650233,1.404127882,-0.215835165,-1.032454531,-1.455619326,0.211194134,1.116689119,1.616049518,3
1.08797321,-1.015496153,-0.973312667,0.200532549,-0.576079136,-0.477161789,-0.583292653,0.151793838,0.517237528,0.619033551,-0.190928156,-0.615492609,4
-0.107797744,1.115308421,0.519776415,-0.466892838,-0.195641818,-0.288276192,0.426107999,0.161023443,0.120624102,-0.496124838,-0.196484333,-0.160427528,4
-0.55303161,-1.015496153,-0.600040397,1.703804818,1.780519553,1.899049454,-1.26602873,-1.463783539,-1.527400384,1.345513487,1.528263499,1.608473923,1
-0.222286452,-0.514130371,0.395352325,-1.304603164,-1.21174232,-1.288741598,1.162102315,1.383506137,1.424188167,-1.28551812,-1.48906496,-1.555678246,1
1.215182886,1.365991312,-0.226768126,1.947630269,2.195101594,2.232028847,-2.337662489,-2.637812289,-2.349406573,2.359499675,2.527616001,2.182375554,3
0.146621608,-1.64220338,1.266320957,-0.079041028,-0.942953484,-0.964051823,0.383930449,1.203555736,0.779377955,-0.314197296,-1.052607998,-0.559786565,3
-0.743846123,1.115308421,-1.806954072,-0.829178106,-0.624150698,-0.651723502,0.985011796,0.574563776,0.58218935,-1.046784961,-0.596715525,-0.599771058,4
0.019411932,0.237918303,-1.471009028,-0.209787689,-0.772483378,-0.874084334,0.36641345,0.750672304,0.532544876,-0.395374271,-0.765547211,-0.522561692,4
0.40104096,0.363259748,-0.848888577,-0.138815083,0.773836072,0.712959632,-0.029250912,-0.739803159,-0.695166008,0.100046616,0.758195866,0.66529425,1
-1.761523531,-0.388788925,0.270928235,0.288282979,0.174215896,0.207458648,0.325065976,0.284908281,0.067160631,-0.259488906,-0.200728336,0.062795153,4
0.273831284,-0.012764588,0.395352325,-1.151964852,-1.088087661,-1.086004126,1.107627349,1.112952752,1.037145162,-1.165606387,-1.1341125,-1.006883165,1
0.273831284,-1.266179044,-0.724464487,0.147324168,-0.217579084,-0.151297087,-0.31306337,0.1866363,0.450374822,0.316263314,-0.235533605,-0.549093813,3
1.03708934,1.240649867,0.395352325,1.690694046,1.586115897,1.513889151,-1.84503789,-1.886885967,-1.903130383,1.719426163,1.783258866,1.730460478,3
-1.876012239,-0.263447479,-0.102344036,-1.926980933,-1.798296321,-1.777466801,2.292126632,2.082743336,2.073340717,-2.265450747,-2.04399111,-1.978895083,3
1.787626428,-0.012764588,-1.433681801,0.656896416,0.93792602,0.912796891,-0.985382052,-1.083074885,-1.278370407,1.063257185,1.169263376,1.405485714,1
-1.863291272,1.365991312,1.851114181,-0.275486565,-0.440007904,-0.406865981,0.628953577,0.475430299,0.609968087,-0.720006521,-0.541324682,-0.707032952,1
0.235668381,-2.21877403,-0.600040397,1.529719543,1.517721468,1.511163139,-1.084103606,-0.775894527,-1.045797906,1.163684569,0.816399752,1.118228851,2
0.922600631,0.689147506,0.022080054,0.340980303,0.31561248,0.354137077,-0.963426627,-0.98935817,-0.691938072,0.948924185,0.966178937,0.608886025,3
-1.074591281,0.112576857,0.644200505,-0.833966329,-0.713477308,-0.706149125,1.318701932,1.104371334,0.983297707,-1.381945501,-1.125238989,-0.970772287,1
-0.069634841,-0.626937671,-0.848888577,-0.385038376,-0.82583332,-0.79488516,0.234169067,0.6221008,0.907732412,-0.288307301,-0.716550757,-1.066547246,3
0.413761928,1.85482295,-0.351192216,0.767585141,1.016421229,0.97575173,-0.831523541,-1.260803652,-1.485442939,0.89470191,1.365095749,1.640903837,3
1.189740951,-1.842749693,0.893048686,0.786380172,0.847767197,0.879222204,-1.035467018,-0.654236512,-0.674486716,1.06085464,0.641103938,0.641355543,4
-1.405336438,1.315854734,-0.848888577,-1.037665715,-0.984168441,-1.049633845,1.340120887,1.053806134,1.071849162,-1.449204394,-1.119261353,-1.133593444,4
1.698579654,-1.604600947,0.893048686,0.187281621,-0.091073551,-0.055541855,-0.600681546,-0.111274781,0.041312815,0.63975677,0.094498206,-0.087388782,1
-0.362217096,-0.125571889,0.519776415,0.221527802,0.220674487,0.204449837,-0.035418904,-0.04508175,-0.141038755,0.014137618,0.026865776,0.131282092,1
0.019411932,2.193244853,-0.848888577,0.543246418,0.631690523,0.647025183,-0.588305996,-0.949530599,-0.99237729,0.617504809,1.014209147,1.070248819,3
-0.616636447,-0.764813262,0.146504145,-0.047408783,0.152155972,0.126978335,0.22904978,0.15373837,0.088573719,-0.272421061,-0.181914127,-0.112854249,3
0.909879664,-0.138106034,-0.985755076,1.479005554,1.633119017,1.651517302,-1.79921625,-1.767007109,-1.40345633,1.765401295,1.662447817,1.167552885,1
-1.876012239,0.86462553,1.278763366,-1.262196531,-1.126262222,-1.03394712,1.80869059,1.275097801,1.069262629,-1.831427977,-1.17767518,-0.868908815,1
2.296465131,-0.890154707,0.644200505,0.911156083,0.83105622,0.722314597,-1.554793005,-1.097754553,-1.058665574,1.629855105,1.095528787,1.017516065,4
-0.23500742,1.203047433,1.490284319,-2.313451534,-1.948072074,-1.914811086,2.034529912,1.543989005,1.654123365,-1.950389952,-1.456055453,-1.494246457,1
-0.616636447,0.739284085,-0.973312667,1.162135468,1.070020351,1.12092406,-1.016724214,-1.19401038,-1.147735242,1.079895244,1.266008629,1.225754552,2
1.03708934,0.363259748,-0.313864989,0.789145323,1.122646087,1.041967474,-1.115626704,-1.199812654,-1.122390926,1.071272713,1.111780542,0.960120032,3
-0.743846123,-0.890154707,-0.363634625,-0.94568425,-0.684398424,-0.616301048,1.237099452,1.020752576,0.843326661,-1.242277748,-0.945612044,-0.688870068,3
-0.362217096,-0.902688852,1.98798068,0.627720539,-0.031770567,0.016540848,-0.37329011,0.19929763,0.247507269,0.379215439,-0.243892347,-0.309528228,1
0.146621608,1.754549793,-1.844281299,0.391933481,0.803935993,0.737345243,-0.572728476,-1.087657361,-1.121749993,0.581069282,1.111393375,1.131535693,3
-0.107797744,-2.381717909,2.137289588,-0.037586169,-0.431087909,-0.40022066,0.332161978,0.999707489,0.972799558,-0.365630837,-1.059886595,-1.023569704,3
1.164299015,0.977432831,-0.724464487,-0.960747432,-0.891086881,-0.855803914,0.271721703,0.151230368,0.463772781,-0.316671748,-0.180241974,-0.543245279,2
-0.23500742,-0.714676683,0.146504145,0.57751008,0.493179784,0.397367655,-0.141906539,-0.019660201,-0.330972118,0.131385708,-0.003130662,0.346748543,1
0.40104096,-0.113037745,-0.973312667,2.02415901,2.064995711,2.255404438,-2.11569674,-1.999247578,-1.70933785,1.928166237,1.828489942,1.453118634,1
0.146621608,1.165444999,1.515169137,-0.396496771,-0.166250563,-0.326680385,0.195355625,-0.189283968,-0.244122146,-0.033598462,0.324511304,0.384444125,4
-0.998265475,0.989966976,-0.724464487,-1.193346326,-1.408949939,-1.421393261,1.519323803,1.470479249,1.24000278,-1.528697807,-1.429398437,-1.124503557,1
-0.92193967,-1.266179044,0.644200505,0.478854842,0.331257325,0.45430517,-0.115259607,-0.061199675,0.109833863,0.100315649,0.042168013,-0.159062286,2
-0.298612258,1.115308421,-1.582990709,1.535877828,1.795061237,1.84730543,-1.422155371,-1.935484236,-1.687324206,1.432379082,1.841390951,1.543263032,2
2.423674807,-1.842749693,-0.127228854,-0.273864636,-0.473455665,-0.546814031,-0.448621026,0.417207985,0.17894732,0.423333149,-0.371507214,-0.118305104,1
-0.23500742,1.44119618,1.652035636,-0.505854661,-0.323916279,-0.359688747,0.457880896,0.06941865,0.072334817,-0.414036777,-0.005347857,0.015644104,4
-0.998265475,-0.012764588,-0.848888577,-0.918427131,-1.036134435,-1.047419082,1.130321128,1.212879693,1.290919799,-1.233394061,-1.29623403,-1.398952935,3
-0.947381605,0.363259748,-0.351192216,1.200388897,1.619159759,1.65178243,-0.777850069,-1.427644054,-1.561427969,0.822089194,1.494216634,1.647619524,2
0.858995793,-1.015496153,0.768624596,0.852589359,0.119336285,0.089911473,-0.910713112,-0.036472745,-0.133689339,0.936592091,0.005810978,0.095958081,4
1.03708934,-1.040564442,-1.383912165,0.030536027,-0.208179519,-0.227487567,-0.217156535,0.211306596,0.159292754,0.197369341,-0.254289981,-0.207132917,4
-0.107797744,0.513669483,1.428072274,-0.869159221,-0.255425826,-0.224904484,0.812979341,0.290696323,0.32449967,-0.852209619,-0.282645889,-0.298440097,1
-0.489426772,-0.551732804,-0.886215804,1.814684717,1.69965523,1.660083218,-1.610497336,-1.425964264,-1.297498709,1.568011876,1.351846861,1.106719775,1
-0.23500742,0.187781724,1.925768635,-1.830178232,-1.82218606,-1.800723523,1.809106009,1.753474942,1.712556705,-1.837999005,-1.758055228,-1.629958079,1
0.019411932,1.453730324,0.022080054,0.472962122,0.478665773,0.49053694,-0.487781077,-0.734507742,-0.776382303,0.513326816,0.78452596,0.837527265,3
1.800347395,0.827023097,1.788902135,1.643225634,1.536687028,1.446518296,-2.027158956,-1.935269161,-2.104305963,2.076102924,1.986654133,2.167889344,4
2.156534488,-1.316315622,2.299040905,0.519172173,0.015802757,0.053886217,-1.380840058,-0.397697145,-0.18631385,1.41376517,0.352201566,0.104151075,4
-1.379894503,1.040103554,-0.102344036,0.732185567,1.118125545,1.089763885,-0.16711907,-0.890298105,-1.014594342,0.162352527,0.917003947,1.045645068,2
0.40104096,-0.138106034,-1.719857209,-0.452847672,0.042218724,0.052385343,0.234985382,-0.054940235,-0.037862239,-0.238007372,0.076054512,0.065088965,4
-0.756567091,-0.012764588,0.146504145,0.432422632,-0.241801788,-0.357316757,0.154568663,0.558989206,0.255923137,-0.171871155,-0.588902863,-0.256736916,3
-0.260449355,0.112576857,1.266320957,0.500375222,0.662642094,0.784363599,-0.456314842,-0.710872723,-0.50017752,0.451530158,0.70910753,0.461558133,4
1.202461918,0.488601194,-0.973312667,-1.226766125,-1.006347006,-1.052727842,0.651005108,0.679531486,0.722507944,-0.707523617,-0.706803971,-0.747513607,1
-0.616636447,-1.291247333,-0.226768126,1.875332353,1.746670498,1.741125883,-1.473007248,-1.220759534,-1.260175397,1.487591958,1.188049165,1.176354555,2
-0.158681614,1.14037671,0.270928235,-0.868041364,-1.112014237,-1.129993298,0.82592469,0.699912243,0.706918759,-0.832922237,-0.676129861,-0.637159869,1
-0.23500742,-1.190974176,0.270928235,-0.923546457,-0.876331532,-0.814834924,0.825777752,1.089183953,1.318356934,-0.933463996,-1.212731694,-1.500789651,3
-0.222286452,0.914762108,0.519776415,0.152639977,0.823240023,0.834598029,-0.158970811,-0.811193795,-0.851733816,0.149312259,0.876517622,0.936810206,3
2.09292965,-0.012764588,-0.724464487,1.11460615,0.898310235,0.792371959,-1.531586787,-1.249048208,-1.425948517,1.637402886,1.297005267,1.488460534,3
0.019411932,-0.514130371,-0.400961852,0.437854128,0.194992362,0.199473657,-0.30243979,-0.019293688,-0.079785656,0.292395894,-0.007014652,0.047756366,4
-0.998265475,-0.426391359,1.440514683,0.912678163,0.711130446,0.795388099,-0.652654187,-0.518165528,-0.332444292,0.581393858,0.432732474,0.194768399,2
0.019411932,-0.413857214,-0.973312667,-1.929600938,-2.172798387,-2.221899198,1.824820734,2.037794845,2.141264377,-1.880479923,-2.101933346,-2.206651692,3
0.273831284,0.676613362,-0.649810033,0.63476022,1.003680365,0.970704853,-0.50603261,-0.799181204,-1.092854792,0.536250873,0.866356905,1.216280109,3
-0.23500742,1.240649867,1.316090593,-0.045249086,-0.015853403,0.010082607,-0.041165436,-0.260344331,-0.138921197,0.019092141,0.263856572,0.123775797,4
-0.616636447,-1.491793646,-0.351192216,1.8084758,0.969106034,1.074381474,-1.317643779,-0.661628485,-0.590972096,1.364340032,0.649492281,0.558231439,4
1.03708934,0.338191459,0.270928235,-0.305378006,0.305083898,0.197697963,-0.067490082,-0.396299975,-0.60508766,0.072927447,0.419329526,0.640647123,3
-2.194036429,0.989966976,0.270928235,-2.012820846,-2.276411904,-2.350675374,2.412555395,2.229522963,2.071956204,-2.224995013,-1.995951894,-1.78216032,3
0.222947414,-1.679805814,-0.973312667,1.481717298,1.276869065,1.226640654,-0.879762738,-0.497923996,-0.931985837,0.945236167,0.519443027,1.014004571,2
-0.107797744,-1.880352127,0.519776415,-0.496504337,-0.655641888,-0.56490771,0.539271868,0.908691422,1.1105562,-0.607711365,-1.002269827,-1.242237612,3
-0.006030003,-0.890154707,-0.848888577,-2.006536716,-1.552003432,-1.519943061,1.776546642,1.653650685,1.575366597,-1.677397863,-1.534412295,-1.421624779,3
-0.463984836,1.491332758,0.270928235,0.208286638,0.511991134,0.380630225,0.035460804,-0.440726394,-0.695190806,-0.066159813,0.460152026,0.751303451,3
-0.044192906,-1.993159428,0.270928235,2.192804579,2.410541366,2.432088129,-1.712505516,-1.494230822,-1.377657267,1.75122828,1.449222318,1.224990548,2
2.296465131,0.237918303,-1.371469756,-1.77051168,-1.953493025,-1.938846378,0.630274182,0.867466603,0.908304655,-0.621970617,-0.823285763,-0.782825574,2
-1.647034822,1.090240132,-0.276537762,-0.273303397,-0.500033634,-0.513860783,0.748856854,0.647948427,0.554106731,-0.837420875,-0.714957537,-0.621474936,4
-0.107797744,-2.256376463,-1.856723708,0.163034694,-0.573738906,-0.603751791,0.233017835,1.158513536,0.963428148,-0.262944189,-1.228778135,-1.018335513,4
0.655460312,-0.526664515,1.017472776,-2.004109944,-1.112709053,-1.184865585,1.586060058,1.121555848,0.759916294,-1.181971552,-0.766646119,-0.257993899,2
-0.362217096,0.877159675,0.022080054,-0.083411449,-0.391639208,-0.386150936,0.171065772,0.222753455,0.287844072,-0.20571241,-0.258281527,-0.336146732,1
1.03708934,-0.263447479,-1.097736758,0.915438456,1.066355382,1.134563271,-1.306978596,-1.328589646,-1.143785753,1.313592767,1.316767804,1.083963968,1
-1.888733207,-0.990427863,1.639593227,-1.014943249,-1.274463321,-1.315995927,1.650188641,1.899329866,1.869372097,-1.745555423,-1.995535453,-1.964659398,3
0.909879664,1.466264469,-0.600040397,1.111048505,1.080936624,1.127591142,-1.489793683,-1.663391908,-1.608130525,1.579467805,1.762493515,1.715903873,3
-0.947381605,-0.012764588,-1.520778664,0.168981368,0.420970582,0.362523954,0.274947428,-0.011533796,-0.290857056,-0.297435651,0.015948707,0.318887672,4
1.495044173,-0.977893719,1.813786953,1.244915736,0.692921314,0.763202921,-1.588537252,-0.825295426,-0.474204123,1.375042169,0.599791564,0.148404503,3
1.444160303,0.989966976,0.519776415,0.549905139,1.156038251,1.099588304,-1.121503424,-1.514432697,-1.558146163,1.172931266,1.565906578,1.607416561,3
-0.489426772,-0.012764588,-1.07285194,0.666576924,0.459246773,0.437908044,-0.515501924,-0.354308403,-0.328956137,0.495439167,0.306716467,0.242805249,1
0.273831284,0.363259748,0.494891597,-0.531537809,-0.858173898,-0.873801897,0.62175841,0.802551807,0.631923161,-0.634220437,-0.78516404,-0.556473679,1
0.782669988,-1.767544826,-0.351192216,-0.142096952,-0.09308679,0.060581416,-0.227931079,0.056272831,0.366696028,0.217201117,-0.087545813,-0.44074774,3
-0.616636447,1.742015649,1.390745047,-0.309349192,-0.106778926,-0.152771495,0.410085291,-0.048897312,0.008707195,-0.460497243,0.046393798,-0.022056578,4
0.528250636,-1.767544826,-0.475616306,1.11786897,0.642962912,0.55408952,-0.894102507,-0.276599648,-0.614731127,0.931366368,0.254671377,0.621610647,1
0.146621608,0.739284085,-0.898658213,0.669275224,1.35443313,1.435451599,-0.971083056,-1.520111698,-1.08548272,0.879696662,1.401292398,0.884537187,1
-1.863291272,0.613942639,1.440514683,-0.724941126,-0.699952892,-0.722805745,1.35753379,1.000668924,0.634924301,-1.332002271,-0.870264682,-0.430730046,1
1.902115136,-1.441657067,-1.794511663,-0.09322307,-0.809890102,-0.814046762,-0.353235919,0.601529603,0.747379316,0.36280188,-0.669654127,-0.84590748,4
-0.743846123,1.165444999,2.211944042,1.51325432,1.728520728,1.790178465,-1.426386218,-1.794115309,-1.596904733,1.354385978,1.711403124,1.46930276,3
-0.934660637,-1.516861935,-0.351192216,-0.808069486,-0.748986976,-0.784847631,1.426986235,1.538308631,1.180590624,-1.400995995,-1.470434852,-1.05256002,3
1.991161909,1.742015649,-0.226768126,0.243676876,0.053870353,-0.055085057,-0.935798701,-0.895291315,-0.876313479,0.976127874,0.925213607,0.895878376,4
-0.107797744,-0.138106034,0.270928235,0.866921562,0.926628087,0.938857503,-0.902219145,-0.910833156,-0.738190444,0.835266159,0.824117176,0.567793957,1
0.146621608,-1.253644899,0.519776415,-2.036307373,-2.006776116,-2.063749515,1.885074078,2.094421043,2.076902295,-1.889563864,-2.101148015,-2.062752392,1
0.655460312,1.729481504,0.146504145,0.548276155,1.221114999,1.228740468,-0.779909622,-1.483140933,-1.554900922,0.830491727,1.597632607,1.701786504,3
0.273831284,-1.742476537,-1.284372893,0.354901174,0.105760744,0.09175267,-0.180571913,0.356933072,0.209499357,0.173303542,-0.405408841,-0.251408948,4
0.019411932,-0.113037745,1.950653453,-0.048182598,-0.250460224,-0.197274533,-0.12236803,0.041954192,0.235733537,0.108889843,-0.070345493,-0.296979146,1
-0.23500742,-0.263447479,-1.433681801,-2.900355383,-2.377446909,-2.396283746,2.481229929,2.172418598,2.170578517,-2.189895457,-1.956980884,-1.896998394,3
0.528250636,-1.554464368,-0.848888577,-0.958892875,-1.217465782,-1.103960766,0.765154518,1.29889562,1.522019023,-0.840382863,-1.400427692,-1.658382835,3
-0.616636447,1.528935191,-1.035524712,0.255902232,0.182331734,0.133027738,-0.079815835,-0.376211665,-0.388689999,0.062388379,0.394428168,0.411385981,2
0.273831284,-0.388788925,-0.351192216,-0.804738344,-0.671221653,-0.594203627,0.482429464,0.47723836,0.802909198,-0.535226273,-0.52229122,-0.893938645,1
-0.743846123,1.115308421,-0.351192216,-0.075023776,-0.200868474,-0.245703833,0.358154373,0.288225161,0.197514226,-0.421303834,-0.33918517,-0.248678918,1
-0.23500742,0.363259748,-1.533221073,1.577671295,1.693021173,1.75404911,-1.452386965,-1.756166444,-1.71699742,1.530895641,1.819372598,1.781160192,2
0.655460312,-0.263447479,0.395352325,-0.827682746,-0.484072653,-0.455284235,0.596312304,0.462300233,0.448032628,-0.639139262,-0.455887599,-0.434707794,2
1.164299015,-1.266179044,1.577381182,1.020113322,0.345063964,0.234822998,-0.999355341,-0.180822266,-0.402945319,1.024007822,0.136728747,0.359068863,4
-1.761523531,-0.37625478,-0.475616306,-0.611528991,-0.436803563,-0.400447887,1.035293007,0.827462456,0.920656461,-1.111258042,-0.881359403,-0.981527052,3
-0.616636447,0.350725604,0.519776415,0.290107591,0.283172944,0.29327254,0.046436129,-0.087876842,-0.16527389,-0.078049703,0.074304741,0.158760347,2
0.45192483,-0.012764588,-0.724464487,-0.485643933,-0.420721494,-0.404347881,0.065932231,0.160289214,0.37739045,-0.101415765,-0.203285472,-0.463866539,4
0.655460312,0.977432831,-2.279765615,0.833043116,0.393927458,0.287576941,-0.845325621,-0.673046496,-0.761158343,0.812096939,0.627714923,0.683449371,2
0.019411932,-0.012764588,0.544661233,-0.407527054,-0.704023753,-0.63446562,0.216581903,0.495381031,0.722663519,-0.210131047,-0.501695182,-0.726157222,1
-2.041384818,-0.727210828,1.552496364,-0.70643026,-0.451623723,-0.456692677,1.442940991,1.11134573,1.081083402,-1.552537097,-1.19948033,-1.188865591,3
1.698579654,0.576340205,-0.600040397,0.522739818,0.786343044,0.859502637,-1.174151678,-1.272250315,-1.189176394,1.258564744,1.366220853,1.292890441,3
0.019411932,1.240649867,0.270928235,0.213646471,0.707324975,0.693505565,-0.248556371,-0.887520915,-0.942801877,0.242049958,0.909586039,0.97118698,3
-0.107797744,-1.391520489,-0.724464487,1.598066727,1.224317891,1.102721513,-1.297700459,-0.699649263,-0.697019768,1.188596642,0.532576535,0.405725232,2
-1.621592887,-0.188242612,0.270928235,-1.185649362,-1.717302249,-1.64839005,1.918992706,2.051049981,1.893490952,-1.904060949,-2.007136574,-1.731280238,3
0.184784511,0.413396326,-0.102344036,1.746206411,1.769069528,1.858073937,-1.869099329,-1.984113718,-1.766697445,1.880414455,1.974394092,1.714911234,2
1.495044173,-0.739744972,0.644200505,-0.825033584,-0.795558315,-0.922690125,0.332154756,0.697597178,0.371088519,-0.286758263,-0.652011333,-0.285196034,1
-0.871055799,-0.012764588,-0.600040397,-0.29964323,0.1087333,0.098154018,0.6274845,0.293409402,0.207170614,-0.668645659,-0.300845885,-0.19126175,3
0.528250636,0.338191459,1.017472776,-0.932314479,-1.368165776,-1.32148319,0.466604465,0.73032299,1.154893243,-0.539845835,-0.82912003,-1.333317662,1
0.909879664,0.613942639,0.270928235,2.264055058,2.296647316,2.229276242,-2.256967324,-2.244885634,-2.374904295,2.250803238,2.237875937,2.324640203,3
-0.107797744,-0.501596226,-0.077459218,0.692820695,0.95383233,0.958955607,-0.554620438,-0.667717244,-0.771921848,0.57482595,0.700723793,0.826206372,1
-0.743846123,1.228115722,0.557103642,0.520009383,0.384462808,0.265224834,-0.132816354,-0.35627573,-0.644458727,0.124729696,0.366635733,0.685457517,3
1.164299015,0.86462553,-0.81156135,0.301560326,0.433343136,0.387575522,-0.753050615,-0.79473991,-0.641277521,0.760022797,0.78557482,0.590207064,3
0.273831284,-1.516861935,1.228993729,0.310668207,-0.173613424,-0.064597318,-0.320877636,0.227079769,0.342209991,0.28540358,-0.278217652,-0.401237679,2
0.019411932,-0.012764588,-0.351192216,0.880673848,0.977956745,0.98304945,-0.798207588,-0.83080465,-0.680122883,0.6038135,0.658144439,0.45161622,1
0.019411932,-0.326118202,0.395352325,-1.032109719,-1.18756425,-1.23076399,1.130917276,1.208994232,0.897246318,-0.944582807,-1.05338296,-0.67235323,1
-2.219478364,0.17524758,-1.271930484,-0.657755952,-0.088250475,-0.074956423,1.126462104,0.666182802,0.766739536,-1.255921585,-0.740116705,-0.865047816,4
0.146621608,1.365991312,0.022080054,-1.170633953,0.0656618,0.006539753,0.944652499,-0.176954243,-0.329983244,-0.730562473,0.360148765,0.54963858,2
-0.807450961,1.679344926,-0.56271317,-1.529864717,-1.605776667,-1.591154599,1.597606382,1.257533201,1.145177419,-1.61623515,-1.209401223,-0.99316705,1
1.736742557,0.237918303,0.482449188,1.427709616,0.784838073,0.817948951,-1.943303928,-1.321779284,-1.032662102,1.905800176,1.233485669,0.882814005,3
-1.252684827,-1.755010681,0.146504145,0.053656484,0.143786016,0.152410183,0.498022974,0.510685801,0.255055334,-0.422191402,-0.445876257,-0.157350902,3
-0.362217096,-1.266179044,-1.19727603,-1.8841646,-1.698532548,-1.623273462,1.82693772,1.828151223,1.870131129,-1.836774059,-1.808197603,-1.83147144,3
1.291508691,-0.865086418,1.117012048,1.006735736,0.788573894,0.762052324,-1.110913978,-0.727162787,-0.848214723,1.175283126,0.753059022,0.894020587,4
0.273831284,0.613942639,-0.226768126,-1.491185222,-0.806080767,-0.896727972,0.949990237,0.494574168,0.191316395,-0.231522086,0.066142021,0.484057956,1
1.291508691,-0.062901167,2.075077543,0.51011782,0.337901516,0.31490867,-0.731498878,-0.602971487,-0.690190492,0.777198604,0.633536591,0.733392377,4
-1.379894503,0.100042713,-2.192668751,-0.648744086,-0.86169792,-0.793733194,0.698778127,0.786974028,1.115071115,-0.795740428,-0.890043178,-1.287785939,4
0.019411932,-0.388788925,0.059407281,2.171694251,2.120120606,2.060250894,-1.619672689,-1.535640067,-1.976407373,1.716515729,1.623077535,2.113922189,1
0.909879664,0.388328037,0.196273781,-0.027929457,0.009059859,0.112845998,-0.575439583,-0.566248213,-0.172599825,0.519393667,0.514989073,0.081496068,3
-1.557988049,-0.163174323,1.029915185,-0.519484689,-0.227102169,-0.305254849,1.381682808,1.071320972,0.64661436,-1.41107074,-1.066459757,-0.581134291,3
0.426482895,1.466264469,-1.284372893,-0.643442194,-0.404477186,-0.337011102,-0.024251663,-0.484342,-0.06923025,-0.000603856,0.505707656,0.036054325,2
-1.125475151,-0.050367022,0.270928235,-1.594362056,-1.320429122,-1.430931063,1.923159301,1.548963798,1.359641694,-1.756280972,-1.432414813,-1.205394949,3
0.528250636,0.400862182,-0.724464487,0.729625901,1.020412046,1.048580791,-0.895550955,-1.120151286,-1.212360695,0.944299697,1.190699143,1.301247053,1
-1.863291272,0.739284085,0.519776415,1.208925404,1.81641047,1.879611082,-0.697502459,-1.452616995,-1.09842178,0.637945509,1.303664178,0.828810782,2
1.13885708,0.488601194,-0.226768126,-2.100066814,-2.864762318,-2.886575793,1.455346581,2.183667961,2.186100561,-1.50967388,-2.133259154,-2.085156515,1
0.82083289,-1.015496153,0.432679552,-1.516655345,-2.005458444,-1.977584554,1.219224999,1.83663152,1.958430338,-1.307305616,-1.927440334,-2.048572417,1
1.03708934,1.115308421,-0.749349305,0.234473878,0.35266165,0.297768521,-0.422979145,-0.568570286,-0.643942742,0.442417209,0.606567861,0.699803851,1
-1.507104179,-1.216042465,0.544661233,0.086654871,0.112501502,0.127439137,0.353256002,0.429952187,0.427899142,-0.419623925,-0.501685445,-0.516158577,4
0.019411932,1.315854734,0.146504145,0.144482268,0.259884863,0.296181793,-0.265763435,-0.556054949,-0.528051956,0.269419709,0.595217348,0.569325982,4
0.146621608,0.488601194,-0.102344036,0.642246882,0.669996538,0.64338019,-0.555776085,-0.66701237,-0.838260595,0.589042016,0.705727005,0.90417388,3
-0.807450961,-2.030761861,-0.56271317,0.37970107,0.056849017,0.060287857,0.24427627,0.648019824,0.693474963,-0.296104242,-0.7351684,-0.803282335,4
2.042045779,0.488601194,-0.102344036,-1.357172159,-1.760281238,-1.875996089,0.595246531,1.232531114,1.122522024,-0.600773076,-1.167848111,-1.024224591,1
-0.871055799,-1.491793646,0.270928235,0.410205352,0.154394044,0.214049408,-0.102910577,0.196791734,0.199218935,0.087396345,-0.238834969,-0.253733052,4
0.528250636,1.842288805,-1.5705483,0.713219845,1.620792853,1.523878482,-1.033640904,-1.856720384,-1.783584714,1.033403149,1.841466706,1.719803196,3
1.952999006,1.85482295,0.084292099,0.587398371,1.115813987,1.114160374,-1.220545657,-1.776129025,-1.71124311,1.299744266,1.881018005,1.834606002,4
-0.489426772,-1.140837598,0.109176918,0.426651581,0.30683954,0.338406365,-0.174912723,0.030761164,-0.104030592,0.165474032,-0.045572295,0.094529051,4
0.528250636,-0.138106034,-0.17699849,1.804916917,1.090672853,1.060941162,-1.603331492,-0.958022624,-0.770893478,1.190108773,0.570733029,0.267725798,1
-0.871055799,1.115308421,0.258485826,-1.772905865,-1.48348044,-1.486185484,1.651075191,1.201843321,1.103477774,-1.276409765,-0.856117318,-0.663188139,1
-1.367173535,-1.140837598,1.72669009,-0.234323096,0.279925286,0.426842043,0.672730007,0.31111062,0.328592666,-0.763287648,-0.352293615,-0.384408472,1
0.76994902,-0.012764588,-1.95626298,1.030841425,0.468275818,0.332561203,-1.054136229,-0.596131687,-0.825008169,1.129364111,0.615540422,0.873403108,1
1.164299015,0.739284085,2.000423089,0.085399688,-0.07847173,-0.105537866,-0.539975101,-0.356057394,-0.19229866,0.541318901,0.34295659,0.154911547,4
0.909879664,-0.012764588,0.58198846,1.717647376,1.845871831,1.777942392,-1.618247281,-1.672373024,-1.970670635,1.695135255,1.748211411,2.088010711,3
0.146621608,-0.890154707,0.146504145,-1.087097142,-0.921161161,-0.887085343,1.084180501,1.091619183,1.142373555,-1.141307006,-1.126167906,-1.164293409,3
-0.107797744,-0.138106034,0.768624596,0.256290762,0.525685591,0.53976144,-0.139617772,-0.308349537,-0.432762453,0.128482781,0.31645314,0.457031544,4
-0.23500742,-0.514130371,-0.848888577,1.844502147,0.777237045,0.843752916,-1.691148386,-0.91078567,-0.698977549,1.641016803,0.830736857,0.56285036,1
0.019411932,1.115308421,-0.960870258,-1.023117306,-0.330535081,-0.4048531,0.976361172,0.3200168,0.138759198,-0.912930816,-0.243006281,-0.020013867,1
0.273831284,0.112576857,-0.002804764,-0.401155566,-0.147302101,-0.14581335,0.250547814,0.090353703,0.115481785,-0.293093604,-0.109070625,-0.139046821,1
-0.107797744,0.112576857,0.283370644,0.509998801,0.270354879,0.31900549,-0.48175564,-0.362964782,-0.242046821,0.497558738,0.362106435,0.22176432,3
0.909879664,-1.617135091,1.764017317,0.968851417,0.635517927,0.589149688,-1.018894282,-0.417364231,-0.535785767,1.005878148,0.363377305,0.4608132,4
-0.107797744,-0.175708468,-0.848888577,1.199108285,1.167254653,1.135361768,-0.937264257,-0.895353615,-0.738587934,0.649416068,0.644974321,0.331331867,1
-0.362217096,1.629208348,-0.226768126,-1.978076397,-1.322756055,-1.195896155,1.574018334,0.740894911,0.840646248,-1.310215759,-0.455140691,-0.403016718,1
0.273831284,-1.140837598,0.893048686,-0.068461755,-0.552984982,-0.572889184,0.11978361,0.711121983,0.676468363,-0.150527527,-0.786451804,-0.767132693,2
0.146621608,0.989966976,-1.732299618,0.416430785,0.519785228,0.537371801,-0.572447979,-0.775326698,-0.685959774,0.591646351,0.812662458,0.719542478,2
-1.405336438,-0.764813262,1.029915185,0.615181582,0.448548166,0.390356611,0.217615336,0.262618213,-0.024320217,-0.252538398,-0.297015329,0.016004723,1
1.571369978,0.613942639,-0.475616306,0.179018888,0.255855782,0.200908683,-0.791580909,-0.711812063,-0.665245372,0.817424327,0.726510184,0.665744486,3
0.146621608,-1.015496153,-0.226768126,0.444610911,0.092598124,0.180128804,-0.515953627,-0.09229742,0.021034802,0.484275885,0.040426462,-0.098737062,4
-1.939617077,1.240649867,0.644200505,-0.184544588,0.834196798,0.788509399,0.739660228,-0.384520778,-0.564789442,-0.762274721,0.432322483,0.629373918,1
1.72402159,-1.140837598,-0.960870258,-0.467306673,-0.977473716,-0.913936523,-0.043097515,0.640279413,0.854214474,0.0312811,-0.688691652,-0.920647233,2
-0.489426772,0.237918303,0.146504145,1.118341761,1.522068588,1.55738005,-1.080809788,-1.468309836,-1.343975317,1.085374178,1.451878721,1.291727832,1
-1.100033216,0.488601194,1.502726728,-1.459285031,-1.993752046,-2.002693101,1.658874931,1.961969281,2.031174504,-1.77706454,-2.039843097,-2.126967722,1
0.286552252,0.488601194,-1.657645164,1.633989744,1.494320655,1.459612931,-1.333160748,-1.415599499,-1.695183783,1.435077545,1.5051848,1.834920649,2
0.362878057,-0.263447479,-0.152113672,-0.855252225,-0.706215605,-0.735092264,0.67511592,0.765363078,0.775963115,-0.754197899,-0.831910658,-0.850502385,1
0.40104096,-0.388788925,2.249271269,0.208026608,0.211603316,0.290665392,-0.434912936,-0.387680141,-0.147292196,0.453326061,0.399762874,0.125655337,3
-0.107797744,-0.902688852,-0.724464487,-0.445851733,-0.698856475,-0.771242045,0.436164461,0.756056997,0.761948201,-0.50968766,-0.861205532,-0.895030036,3
1.03708934,0.250452447,0.146504145,1.089820444,1.232619019,1.283291876,-1.274427143,-1.343075484,-1.375814011,1.364265102,1.440964651,1.500354049,3
-1.736081596,-0.489062081,0.644200505,-0.439205602,-0.424854191,-0.466622523,1.05601607,1.048521936,0.967381029,-1.175743613,-1.162009134,-1.096241151,3
0.222947414,0.338191459,0.022080054,0.564803417,0.432848536,0.43593361,-0.516224378,-0.547143837,-0.624769304,0.549143765,0.584725775,0.679559002,3
-0.184123549,0.112576857,-0.102344036,0.667400384,0.719318009,0.753088618,-0.478771925,-0.597414729,-0.653580011,0.500672842,0.630212985,0.696308991,2
0.630018377,-0.789881551,-0.102344036,0.98301306,0.934010884,0.897727122,-1.078870077,-0.779955974,-0.915542037,1.106026548,0.776889304,0.891687014,1
-0.438542901,1.641742492,-1.346584938,-1.507089735,-1.491698353,-1.518571568,1.326143925,1.05134633,1.249529191,-1.429823639,-1.117353276,-1.318683212,4
1.240624821,-1.015496153,0.146504145,0.337314651,0.387066802,0.415579141,-0.505326025,-0.329669603,-0.359031985,0.534299667,0.339096887,0.371420619,4
-1.456220309,-0.463993792,0.146504145,1.070619621,0.713672719,0.704438686,-0.306050796,-0.1766181,-0.298509559,0.309805972,0.166971518,0.299040236,4
-1.252684827,0.989966976,-2.118014297,0.068003431,-0.086478914,-0.178790833,0.171205853,0.016240189,-0.132379829,0.038495469,0.153381405,0.304000333,3
-0.362217096,0.363259748,0.096734509,-0.406590882,0.296258351,0.347050785,0.318364787,-0.313214195,-0.191378211,-0.265930145,0.328572125,0.20954621,1
1.673137719,-1.78007897,0.594430869,0.058451538,-0.350832421,-0.302448224,-0.30305814,0.446947503,0.329904408,0.27724666,-0.419825759,-0.267888407,1
-0.489426772,-0.213310901,0.395352325,-1.058260888,-1.359124463,-1.45424172,1.359097676,1.482557727,1.316516757,-1.374682115,-1.507231094,-1.319503333,1
0.019411932,-0.40132307,-1.135063985,-0.264198411,-0.27994551,-0.265274018,0.085000222,0.162315142,0.364505957,-0.120290074,-0.205435577,-0.449246514,4
-0.616636447,0.488601194,-0.475616306,-0.375162684,-0.445907169,-0.519159908,0.454061205,0.424875858,0.475284247,-0.522940115,-0.485754507,-0.557275724,4
-0.107797744,0.613942639,-1.757184436,0.250898311,0.449737314,0.593394472,-0.323132731,-0.604762984,-0.425967744,0.331391705,0.642983288,0.445234972,1
1.291508691,0.488601194,0.45756437,2.298353324,1.458408656,1.36707193,-2.338201041,-1.640907471,-1.638805938,2.102351667,1.41585272,1.362406017,3
-1.379894503,-2.19370574,1.117012048,-0.721684399,-0.073000575,-0.128695243,1.301812372,1.013591687,0.53910567,-1.027994064,-0.793391107,-0.221859062,3
0.146621608,0.538737772,0.519776415,0.149088607,-0.281672399,-0.19713299,-0.447471157,-0.23721999,0.104306586,0.43463826,0.212692462,-0.170786563,4
1.291508691,0.86462553,-0.724464487,-0.559319855,0.009638536,-0.08046841,0.291764785,-0.145126445,-0.366291619,-0.305310003,0.167312739,0.415626549,1
-1.939617077,0.112576857,-0.102344036,-0.254215031,0.163687506,0.298900066,0.633798972,0.111604066,0.360901031,-0.717926482,-0.137205486,-0.419981896,4
1.978440941,-1.3664522,-0.861330986,1.314821531,0.699366113,0.545880478,-1.591383455,-0.703852313,-0.942409316,1.658933349,0.682212514,0.913902574,1
-2.219478364,0.463532905,0.781067005,-0.922375314,-1.173099976,-1.082206787,1.54117514,1.388493837,1.58724833,-1.655906289,-1.479450413,-1.693757989,3
1.622253849,-0.138106034,0.022080054,0.634054791,0.941619221,0.898502601,-1.13441676,-1.151483737,-1.305520995,1.218785793,1.233151368,1.417382593,3
-0.871055799,0.764352374,-1.769626845,-1.136220023,-1.004628321,-1.02186932,1.200351592,0.854108119,0.813579469,-1.11562723,-0.72929095,-0.636083717,3
-0.998265475,-0.012764588,-0.027689582,0.526800941,0.563392034,0.498244624,-0.02614458,-0.129956392,-0.405622554,0.006999724,0.121589961,0.422610975,4
-0.60391548,1.115308421,1.241436138,-0.090365249,-0.197433578,-0.141132551,0.241231821,0.026994105,0.076356918,-0.289644526,-0.048881074,-0.107925921,4
0.45192483,0.237918303,-0.475616306,1.050483939,1.113930078,1.160523166,-1.342515274,-1.409433304,-1.028341573,1.374304613,1.332944343,0.875747089,1
1.355113529,-2.319047186,0.768624596,-0.569604091,-1.161908014,-1.184809515,0.38955895,1.418661739,1.198440369,-0.389230756,-1.398861538,-1.139255302,2
0.019411932,1.541469336,-1.097736758,0.099765911,0.807656614,0.81431628,-0.285625734,-1.118992356,-1.047812595,0.281159487,1.167438631,1.090791456,3
-1.23996386,-1.103235164,1.390745047,0.525333661,-0.481986581,-0.501143703,0.196441809,0.97148989,0.898508055,-0.22552979,-1.044139867,-0.973805014,1
-0.489426772,1.704413215,-0.475616306,-1.062137979,-0.037708902,0.015559535,0.78336009,-0.178790416,-0.069536308,-0.886955736,0.182208256,0.0585561,2
1.4059974,-0.514130371,-1.147506394,1.362264774,0.6666249,0.566595926,-1.559110391,-0.871000536,-0.986179763,1.664415262,0.88955605,1.012411273,1
0.782669988,-0.764813262,1.938211044,0.892998614,0.687403242,0.723540176,-1.014898647,-0.654773667,-0.512134775,0.884002844,0.519765194,0.315141274,4
-1.685197725,1.491332758,-1.918935753,-1.976391487,-1.667169235,-1.674733285,2.187922091,1.704777159,1.696615014,-2.198439395,-1.675489614,-1.640744608,4
1.978440941,-1.266179044,1.09212723,1.898578498,2.016946954,2.119580827,-2.339569586,-2.210005519,-2.005808553,2.360863988,2.174820714,1.944387981,3
-1.761523531,0.739284085,-0.985755076,-1.092473899,-1.159503089,-1.278156014,1.742690201,1.604938283,1.216515278,-1.748568731,-1.552906433,-1.111844355,3
1.418718367,-1.955556994,1.776459726,0.90574597,0.212973727,0.226056872,-1.198915955,-0.362778762,-0.28314817,1.262743333,0.34353067,0.238830635,3
1.291508691,-1.64220338,0.395352325,-0.966908344,-0.656464581,-0.731844482,0.678124022,0.817620848,0.450118994,-0.470332629,-0.637770588,-0.209615678,2
-0.23500742,-0.012764588,-0.475616306,-0.718484638,-0.470588877,-0.418294698,0.68660971,0.479712422,0.583319401,-0.715015607,-0.489834876,-0.593600163,3
-1.634313855,0.613942639,-1.023082303,0.067043768,0.124610269,0.079818611,0.463064544,0.212998652,0.106223324,-0.531804671,-0.249704901,-0.135502091,4
0.40104096,0.237918303,0.942818322,-0.650131411,-0.775868992,-0.738889194,0.151045632,0.331124834,0.678412908,-0.196628283,-0.393180151,-0.808502126,1
0.655460312,-1.466725356,-1.135063985,1.042778566,1.053084937,1.012820095,-0.757846672,-0.572174602,-0.878260803,0.815330811,0.608250216,0.965581377,1
-1.265405795,-0.764813262,-2.006032616,-1.393996545,-2.134754754,-2.049487299,1.83719829,2.327690302,2.246234715,-1.931416794,-2.359814762,-2.2234877,3
-0.871055799,-0.476527937,-0.450731488,-1.511463181,-1.367219268,-1.25417343,1.512335625,1.425310247,1.475034916,-1.401759417,-1.312471803,-1.270643882,3
-0.489426772,0.112576857,1.739132499,0.467716268,0.260424376,0.248610767,-0.155131177,-0.095196706,-0.177115565,0.144956107,0.080463334,0.167893557,4
-0.731125156,1.378525457,-0.724464487,-0.154247978,0.454785895,0.467287638,0.242507165,-0.582008794,-0.511233355,-0.290604354,0.614697115,0.54002963,3
0.642739344,-0.764813262,-1.271930484,0.081317947,-0.54435276,-0.651298751,-0.143047136,0.580175584,0.486872162,0.13472704,-0.653522911,-0.56403661,3
0.146621608,-0.288515769,1.191666502,0.49082234,0.686780255,0.676376188,-0.384727858,-0.448287467,-0.609272532,0.398037487,0.469401312,0.653026275,4
0.528250636,0.513669483,0.644200505,-0.512315589,-0.674159463,-0.631735307,0.122631355,0.195490049,0.497536188,-0.160166175,-0.237368932,-0.591199595,1
-0.743846123,0.488601194,0.022080054,1.383063743,1.939000154,1.914519579,-1.201074024,-1.756240524,-1.835778466,1.253490206,1.811507792,1.880024012,2
0.311994187,-2.080898439,1.390745047,0.692863155,0.100900081,0.047679847,-0.287901403,0.563957728,0.411025127,0.296592304,-0.63690886,-0.476220801,2
2.042045779,-0.263447479,-2.167783933,-1.737543322,-2.529083892,-2.50890856,0.987045963,1.789994017,1.953477642,-1.043392239,-1.854278338,-2.009620994,1
0.273831284,0.237918303,0.270928235,-1.426531467,-1.912304661,-1.936652344,1.224319589,1.503954435,1.754956519,-1.306233615,-1.606896778,-1.896679674,1
0.146621608,-0.514130371,0.407794734,0.336983993,0.941616593,1.013174016,-0.456330284,-0.788108539,-0.569890313,0.413472299,0.706091925,0.433269261,4
0.019411932,0.488601194,1.191666502,-0.156065063,-0.185879316,-0.203160973,0.173546233,0.109501496,-0.018670555,-0.159294054,-0.058897813,0.086296508,4
-0.489426772,-1.341383911,0.768624596,-1.094954598,-1.710347563,-1.766884637,1.376196315,2.053212615,1.992971988,-1.487510597,-2.157323393,-2.086015522,3
1.393276432,0.839557241,0.109176918,-1.023468387,-1.271194855,-1.272541898,0.372128264,0.529290896,0.544618698,-0.395293957,-0.543524163,-0.524032877,4
-1.087312248,0.112576857,-0.326307398,0.928554411,0.559925541,0.602638524,-0.470037477,-0.4073577,-0.364150886,0.471466666,0.397356254,0.335023755,4
1.889394168,0.86462553,0.743739778,-1.146124259,-0.764680767,-0.718460442,0.306727261,0.170110894,0.45389595,-0.339912999,-0.180634884,-0.490107469,4
-0.489426772,-1.78007897,-0.226768126,1.490533269,0.762664583,0.7316325,-1.127225096,-0.379440588,-0.556729973,1.101734021,0.308715744,0.473381825,2
0.782669988,0.062440279,-0.127228854,0.635850396,1.087019747,1.126709965,-0.805964747,-1.07965843,-0.825109321,0.557952909,0.865019167,0.522890634,3
-1.888733207,0.425930471,0.917933504,-2.356536848,-2.367747983,-2.374326344,2.406453518,2.221546015,2.305317183,-2.25596951,-2.076731083,-2.124201109,3
0.528250636,-0.990427863,-0.351192216,0.188234011,0.057091886,0.042821815,-0.238477552,0.00039954,-0.021579257,0.239243224,-0.027723846,-0.010351779,4
0.019411932,0.839557241,-0.226768126,0.13534646,0.474718454,0.526272658,-0.183936323,-0.483382562,-0.472799326,0.178014526,0.517112439,0.511405431,2
-0.65479935,0.237918303,1.266320957,1.552109504,1.021228686,1.012813206,-0.988543503,-0.865915831,-0.980531534,1.052972834,0.91534896,1.057579927,4
0.311994187,-0.012764588,-1.83183889,-0.179079787,0.606106846,0.5789613,0.080546397,-0.378893617,-0.614143576,-0.104732123,0.396674089,0.660331841,1
0.019411932,-2.105966729,1.017472776,-1.166721474,-1.386715288,-1.319190995,0.957585773,1.433492641,1.243855079,-0.523400695,-1.105022284,-0.818932162,3
-1.125475151,0.952364542,-1.097736758,-1.006234551,-0.292242345,-0.294108208,1.268515102,0.490839842,0.511768355,-1.33690945,-0.499388011,-0.525703566,3
-0.107797744,-0.81494984,-0.600040397,1.683033849,1.828258326,1.867015198,-1.513518294,-1.537583279,-1.566756532,1.565273487,1.570761918,1.601757699,1
-0.362217096,0.664079217,1.639593227,0.20064109,-0.329081329,-0.376804517,0.140245893,0.270883079,0.115341437,-0.138145631,-0.268462686,-0.097422083,4
-0.209565485,0.86462553,-0.226768126,-1.733803868,-1.396956965,-1.382436876,1.339253976,1.141826519,1.38780426,-1.472512128,-1.237272679,-1.529012246,1
0.630018377,-1.015496153,0.270928235,1.29257594,1.624986355,1.543563239,-1.112225066,-1.20058872,-1.621767653,1.203107288,1.288581905,1.774260452,1
1.800347395,0.613942639,-0.475616306,-0.39356027,-0.384558077,-0.302733572,-0.3636221,-0.347984609,0.110946038,0.364566137,0.343668113,-0.166447451,4
-1.507104179,-1.278713188,0.022080054,0.558822802,-0.251071863,-0.21809066,0.100159513,0.734949253,0.592963911,-0.127322773,-0.813624153,-0.67546821,4
-0.998265475,0.162713435,0.022080054,-0.54216978,-0.02841859,-0.063889169,0.798781498,0.418706493,0.4557809,-0.905742983,-0.479315185,-0.534907387,3
0.655460312,0.325657314,0.022080054,1.228427901,0.949981983,0.91603456,-1.177865647,-1.082820638,-1.333975676,1.271786453,1.160987787,1.454496479,3
1.800347395,-0.138106034,-0.102344036,-0.390554287,0.081031954,0.187046956,-0.44423998,-0.585762741,-0.238376945,0.444846785,0.596873319,0.21038396,4
-0.107797744,0.86462553,-0.600040397,0.182635235,0.147508273,0.022226595,-0.036533192,-0.129046576,-0.326801584,0.025639546,0.126653927,0.339276497,2
-1.939617077,-0.138106034,-0.313864989,-0.284344765,-0.624428697,-0.599777717,0.887810378,1.019425587,1.003894584,-0.990098697,-1.116735207,-1.11160161,3
0.45192483,-1.328849766,0.345582689,1.386797981,1.703722754,1.814467201,-1.401407948,-1.390686401,-1.395982357,1.48266778,1.454223395,1.451549277,1
0.528250636,-0.050367022,0.905491095,-0.391362271,-0.631963356,-0.695263667,0.192645799,0.427543747,0.452730326,-0.2130857,-0.457813054,-0.481599322,1
-0.616636447,0.45099876,-0.600040397,-0.970257714,-1.170719694,-1.239977216,0.992941938,1.033570033,1.22063133,-1.111934027,-1.15232028,-1.388693544,3
0.273831284,0.501135338,-0.463173897,2.540259176,2.380311274,2.407415948,-2.329361887,-2.312441174,-2.432079384,2.38827543,2.356928556,2.441899837,1
-0.107797744,0.112576857,-0.17699849,-2.103375111,-1.701989152,-1.676665824,1.885881972,1.637969984,1.691470381,-1.947123975,-1.652608237,-1.65835033,1
-0.107797744,-0.138106034,0.58198846,0.046873422,-0.223956811,-0.199057578,-0.076764211,0.094642994,0.228926443,0.058048199,-0.13146024,-0.296663504,1
1.596811914,0.989966976,-1.172391212,0.358057847,1.452788487,1.519089691,-1.13808395,-1.86714504,-1.674555979,1.15937942,1.847616571,1.632903255,3
-1.71063966,-1.391520489,1.465399501,-0.633726265,-1.130582465,-1.264079736,1.432939593,1.999645658,1.568658794,-1.538301654,-2.036878613,-1.564011026,3
0.261110316,1.365991312,-1.383912165,1.052914339,1.695928024,1.818473683,-1.353352276,-2.202069441,-1.832860204,1.420888329,2.204660211,1.774139409,3
-0.489426772,1.228115722,2.11240477,-0.928372449,-0.293285414,-0.269626263,0.742923006,-0.080006442,0.061718699,-0.651650529,0.194290592,0.102918626,4
1.545928043,0.739284085,-1.097736758,0.04181355,-0.415625737,-0.43030093,-0.534792245,-0.069433253,0.002846608,0.517756605,0.031654318,-0.056581467,1
-0.107797744,0.237918303,1.141896866,-0.289320366,0.678593098,0.782182631,0.192099544,-0.650595717,-0.476238868,-0.198934154,0.665390568,0.47837711,4
-0.743846123,-1.266179044,-1.222160848,0.922755605,0.481879251,0.463237142,-0.598657155,-0.112593399,-0.223312815,0.569104029,0.062742986,0.157381182,4
-0.743846123,1.115308421,-0.400961852,-1.296650411,-1.344804818,-1.394915627,1.513264885,1.383999062,1.331461634,-1.590283654,-1.405462977,-1.339467274,1
-0.362217096,-0.890154707,1.938211044,0.042015611,-0.329937999,-0.309267221,0.041362763,0.343187312,0.480613157,-0.073859595,-0.406225884,-0.58088306,2
0.909879664,-0.388788925,-0.226768126,1.558953978,1.576921734,1.555475549,-1.582327376,-1.474218015,-1.721373216,1.680569912,1.554006593,1.84097392,1
0.146621608,1.365991312,-0.226768126,-0.989032331,-0.299692949,-0.254416821,0.714109249,0.021555447,0.224715666,-0.771637179,-0.012362258,-0.230480858,2
-0.616636447,-0.764813262,0.022080054,0.501331909,0.408810502,0.33805843,-0.076588995,0.12928124,-0.229272819,0.060176503,-0.155267273,0.238869616,4
0.909879664,-0.263447479,0.022080054,0.283439539,0.212175645,0.213010022,-0.563592886,-0.444567425,-0.359524884,0.58920636,0.452610025,0.350850486,4
-0.23500742,-1.103235164,-1.222160848,0.652386845,0.300750331,0.432254419,-0.570578727,-0.117606417,0.065140051,0.569961557,0.078804003,-0.134907624,4
-1.227242892,1.704413215,-0.525385943,-0.290969229,0.314385761,0.175599443,0.628363486,-0.260295191,-0.432196904,-0.685017836,0.274968414,0.460206173,2
2.41095384,-0.514130371,1.938211044,0.415139685,-0.543277123,-0.520725583,-1.051402232,-0.033441325,0.150001827,1.08972815,-0.005137674,-0.213789003,4
-0.298612258,1.629208348,-0.226768126,-0.90370922,-1.148993235,-1.283788676,0.997798803,0.939911116,0.702826495,-1.082786462,-0.987247133,-0.726152309,1
0.922600631,-0.639471816,0.519776415,1.287667278,1.067926607,1.058862826,-1.48114728,-1.156328974,-1.151687823,1.55670191,1.182089144,1.149370605,3
-0.362217096,0.739284085,-1.396354574,-0.151407507,0.135050626,0.136738154,0.146637139,-0.198634314,-0.160075871,-0.162356714,0.2035074,0.162591063,3
0.019411932,-0.890154707,1.440514683,-0.064403146,-0.09021378,-0.080467831,0.195485168,0.311132768,0.258571041,-0.222283712,-0.327340557,-0.257676716,2
1.291508691,-0.263447479,0.395352325,-0.358784345,-0.664965091,-0.645336553,0.002862673,0.379009454,0.50517272,-0.023804316,-0.426505375,-0.572830652,1
0.273831284,-1.103235164,-1.222160848,1.538626579,1.684897,1.695722702,-1.453093119,-1.309940769,-1.294568244,1.396092912,1.241035855,1.149180163,1
-0.871055799,0.827023097,0.768624596,-0.1404868,0.193195548,0.177294939,0.172942009,-0.277243641,-0.20263762,-0.126978694,0.329392178,0.267417525,2
-0.107797744,-0.263447479,1.191666502,-0.320578625,-1.370839613,-1.343499802,0.49859442,1.18924338,1.087052586,-0.491368853,-1.157320512,-0.991641961,1
1.418718367,1.240649867,-0.102344036,-0.371203015,0.297528491,0.2712399,-0.200003235,-0.712156806,-0.611101069,0.19305018,0.734768982,0.625332083,4
-1.507104179,1.365991312,1.365860229,-0.830630857,0.556401668,0.49383521,0.75347757,-0.525978026,-0.425869063,-0.386602855,0.737361107,0.647416837,2
-0.438542901,-1.817681404,0.270928235,-0.253159088,-0.390032727,-0.345783883,0.724468612,0.976853894,0.682170571,-0.720775878,-0.87413727,-0.496603643,3
-0.107797744,-1.391520489,0.022080054,-2.172872607,-2.162017514,-2.132928197,1.958387814,2.187501976,2.326608317,-2.028502949,-2.234805641,-2.367738961,3
-1.252684827,1.115308421,0.942818322,1.883988511,1.203068829,1.185633147,-1.37917863,-1.149438302,-1.177796274,1.299848897,1.035182714,1.007408853,2
-0.107797744,-1.64220338,0.644200505,0.052230643,0.464442739,0.441566501,0.14587974,0.091250367,-0.08259692,-0.098972845,-0.03940605,0.14414208,2
-0.28589129,1.742015649,0.270928235,-1.949091801,-1.623154804,-1.62385256,1.689157808,1.233361127,1.326046865,-1.77210947,-1.240702758,-1.293921935,1
0.833553858,-0.764813262,-2.030917434,0.274834004,-0.089536721,0.00736419,-0.473233651,-0.07634336,0.1210988,0.499320731,0.058989925,-0.172920337,4
0.273831284,-0.388788925,-0.015247173,0.219262,0.333189676,0.305603944,-0.204788716,-0.216409634,-0.305003968,0.200355296,0.214820795,0.314135547,1
-0.616636447,-1.015496153,1.241436138,0.760622395,0.200846319,0.210026477,-0.515527947,-0.019013342,0.018048082,0.533625077,-0.013242457,-0.065273718,2
-0.107797744,0.488601194,-1.234603257,0.172587622,0.403209193,0.322867704,0.091020193,-0.206228423,-0.494767635,-0.117302697,0.211883442,0.539489526,1
0.553692571,-0.501596226,-0.537828352,-0.479024541,-0.194409913,-0.186196242,0.211762906,0.233539218,0.175883644,-0.217301007,-0.217699375,-0.130583699,3
0.40104096,-0.363720636,1.701805272,-0.989922771,-1.621136121,-1.62871429,0.79524245,1.29411574,1.481440305,-0.86888391,-1.403256808,-1.623945953,1
1.418718367,2.080437552,-0.600040397,1.569736798,1.892792329,1.842135717,-1.993293988,-2.329917179,-2.248687219,1.963598948,2.298562272,2.145712298,3
-0.998265475,-0.012764588,0.768624596,-1.608082986,-1.600588855,-1.617915059,1.882205778,1.770127759,1.437358334,-1.756675567,-1.591370607,-1.148421821,1
-0.107797744,0.488601194,-1.607875527,1.334395964,1.130424465,1.092033264,-1.270941864,-1.251334449,-1.267636873,1.324042345,1.280383678,1.273104932,2
1.164299015,-0.714676683,1.278763366,-0.501112527,-0.512906056,-0.477682576,0.219733247,0.424830573,0.431598223,-0.236945856,-0.442637564,-0.43484825,1
0.019411932,1.190513289,-0.226768126,-0.162868,-0.465577066,-0.428853758,0.015242152,0.077680876,0.304144445,-0.034573294,-0.099626636,-0.356127999,2
-2.130431591,0.363259748,-0.226768126,0.798336826,1.770445031,1.733514788,-0.134865198,-1.12266667,-1.259211825,0.105082376,1.124367446,1.240598415,1
0.579134506,-1.729942392,0.519776415,-0.421785195,-1.201423787,-1.111877901,0.435704955,1.346269909,1.345956216,-0.475059337,-1.403306076,-1.379540367,3
-0.196844517,0.45099876,-0.911100622,-0.288847292,-0.668510606,-0.642352386,0.185660754,0.313136605,0.541741167,-0.232332689,-0.371520648,-0.648934384,4
0.680902247,0.488601194,0.034522463,-0.323513215,-0.09377945,-0.143630687,-0.094937006,-0.155003721,-0.084156101,0.07868278,0.148508237,0.063321936,4
0.782669988,0.613942639,-0.214325717,2.698658603,2.12838255,2.153983254,-2.507165153,-2.152901588,-2.224187073,2.388729532,2.056394641,2.107883654,3
-0.362217096,0.237918303,1.303648184,-1.948378382,-1.217156286,-1.304469873,1.949623185,1.383701618,1.157415485,-1.821726834,-1.251361203,-0.956253707,1
0.655460312,-1.140837598,-1.159948803,1.994057198,0.975093519,1.047437646,-2.082786491,-1.145494622,-0.958953513,1.97950762,1.033029411,0.789666207,1
-0.23500742,0.112576857,-0.239210535,-1.923750383,-1.018550244,-0.951597508,1.735184232,1.050335129,1.198026876,-1.647581877,-0.977215229,-1.129501302,1
-0.23500742,0.488601194,-0.351192216,1.820753427,0.824168133,0.907846168,-1.401470809,-0.766916338,-0.432537233,0.998740144,0.402775582,-0.069253661,1
0.146621608,-0.95282543,-1.222160848,-2.403351267,-1.983123643,-1.981610427,2.079847666,1.919607714,1.791971035,-1.760747818,-1.665168906,-1.426687494,3
-0.871055799,0.551271916,0.893048686,-0.332430989,-0.163266917,-0.146867145,0.288914649,0.068453337,0.224175559,-0.347653143,-0.097874053,-0.285533669,1
0.909879664,0.739284085,-0.351192216,0.67356466,0.793227394,0.782118865,-0.734455033,-0.907085826,-1.040164399,0.786661721,0.973835097,1.140187028,3
-0.489426772,0.237918303,1.515169137,0.372622549,0.174701837,0.146140882,-0.128889561,-0.059636552,-0.178740002,0.117184493,0.042916839,0.171858642,4
0.909879664,-1.015496153,0.270928235,0.718696586,1.151806545,1.124534903,-0.980271136,-1.078899266,-1.051854599,1.01237948,1.099259715,1.049625812,1
-1.774244498,-0.012764588,-0.351192216,-1.076104573,-1.477233536,-1.391925809,1.416860154,1.629798758,1.814304769,-1.550351687,-1.753034638,-1.970728485,3
1.685858687,-0.388788925,-1.433681801,2.464259845,1.499343435,1.493586741,-2.54869225,-1.684014812,-1.751783827,2.484937656,1.619213596,1.666671162,1
-1.557988049,-0.614403527,0.606873278,-0.585508887,0.053700789,0.090835659,1.185192359,0.62106133,0.451965281,-1.040392585,-0.508466116,-0.284352903,3
-0.55303161,0.237918303,-1.856723708,-0.608930354,-0.018127669,0.122453657,0.652411972,0.004699399,0.222214996,-0.731218665,-0.021067396,-0.254018004,3
-1.252684827,0.112576857,1.801344544,-1.267186276,-1.007911108,-1.034122198,1.59063886,1.19885502,0.938291557,-1.449630644,-1.016456802,-0.674183497,1
-0.476705804,0.237918303,0.270928235,0.040048266,0.441742921,0.4123551,0.098534377,-0.19322977,-0.355846753,-0.133996675,0.188846141,0.365954685,2
1.660416752,-1.140837598,-1.471009028,1.382463232,0.442726003,0.451372755,-1.717638094,-0.760606898,-0.591661576,1.717254499,0.685384472,0.450355188,1
-1.176359022,0.212850013,-0.376077034,-1.025698759,-0.884078035,-0.864691836,1.365264686,1.066751504,0.702935688,-1.187701139,-0.846796157,-0.306938148,3
-0.018750971,-0.23837919,0.022080054,-0.979224098,-1.34729573,-1.2665017,0.706122194,1.028075523,1.408208057,-0.796208369,-1.139196909,-1.58613706,1
0.782669988,-1.266179044,-0.537828352,-0.724040082,-1.179261771,-1.272173632,0.710735319,1.398036048,1.114293744,-0.734013819,-1.364654875,-1.034585609,3
-1.010986443,-0.727210828,0.33314028,-0.540822187,-0.893850611,-0.8337229,0.691963845,0.976058936,1.228038851,-0.792915939,-1.105399254,-1.424811687,3
0.782669988,-1.241110755,-0.824003759,-0.768321375,-0.924944732,-0.933393994,0.731977451,1.082179851,0.984294684,-0.735099646,-1.094059283,-0.96936082,3
0.146621608,-0.363720636,1.614708409,0.398667525,0.441084223,0.424922755,-0.434371422,-0.381043672,-0.395095251,0.433593846,0.378429072,0.387546792,3
-2.041384818,2.067903407,-0.226768126,-0.725297631,-0.262808738,-0.255446795,1.100744937,0.324997068,0.337450678,-1.212126174,-0.349186568,-0.36258856,1
0.45192483,-0.263447479,-0.226768126,0.41761036,0.157066268,0.141284039,-0.408124199,-0.182417904,-0.228956001,0.428658184,0.177660186,0.227499443,1
0.121179673,-1.64220338,0.146504145,-0.163464228,-0.119653236,-0.056818565,0.116328375,0.422458972,0.608055005,-0.156774786,-0.492924115,-0.721965056,3
-0.362217096,-0.012764588,-0.724464487,1.038653594,0.959312122,0.914593326,-0.86321586,-0.783794165,-0.782286349,0.832905344,0.72903199,0.667895842,2
-0.616636447,-0.438925503,-1.44612421,-1.211881726,-1.412026947,-1.39941062,1.498570528,1.669778148,1.58123098,-1.561900301,-1.720444419,-1.579476822,3
0.019411932,-0.301049913,1.241436138,-0.061069953,-0.415065295,-0.391725839,-0.056326184,0.175947946,0.393443924,0.035485135,-0.223176244,-0.486139259,1
-0.362217096,0.262986592,0.519776415,1.66371564,2.388653283,2.360500719,-1.317895897,-1.807992443,-2.127824332,1.394140833,1.921666225,2.270032425,2
0.121179673,-0.576801093,0.134061736,-0.95871881,-1.386074214,-1.408045124,0.866563125,1.398511462,1.528996566,-0.962485673,-1.517603081,-1.677641821,1
1.50776514,-0.138106034,0.270928235,-1.505624728,-1.545831957,-1.708142805,0.973754522,1.273760717,0.9639825,-0.953545829,-1.144520998,-0.756480039,2
0.273831284,0.989966976,0.146504145,1.934404111,1.319332114,1.300221729,-1.841583797,-1.407791247,-1.19306423,1.661279631,1.191232244,0.852046035,3
0.40104096,-0.012764588,-0.848888577,-1.087758068,-0.25027822,-0.244297488,0.772539322,0.140275991,0.06837512,-0.59029987,0.050553703,0.198431939,4
-1.723360628,-1.516861935,0.270928235,-0.400192957,-0.751259547,-0.717006721,1.132797124,1.45836199,1.220042378,-1.214030712,-1.512070613,-1.231913917,1
1.126136113,1.240649867,-0.102344036,-0.531303901,-0.776202408,-0.799421103,-0.041716502,0.097122705,0.390858739,0.01987251,-0.131488927,-0.477492201,4
-0.743846123,-1.266179044,-0.637367624,2.326556967,2.675836245,2.665507235,-1.879382772,-2.026213249,-2.10014277,1.917886935,2.029614787,2.058187498,2
1.418718367,0.237918303,1.552496364,-0.526985523,-0.892500598,-0.805864515,0.045680249,0.348379181,0.411201445,-0.043297897,-0.331356791,-0.350123562,4
-1.634313855,-0.652005961,-0.973312667,-1.248364725,-1.456080508,-1.458932026,1.625208623,1.72137955,1.799501239,-1.724622638,-1.824155023,-1.935752849,3
0.019411932,2.005232684,0.022080054,1.652209178,1.818672927,1.745722728,-1.516415696,-1.930897575,-2.214369845,1.617714713,2.04923996,2.372182623,3
0.273831284,-1.266179044,0.022080054,-0.253201799,0.27148051,0.279958305,0.229949927,0.072108612,0.003559062,-0.257940614,-0.071439211,0.011525921,3
0.782669988,-0.388788925,0.022080054,0.525121233,0.3722558,0.373146217,-0.709989032,-0.458134147,-0.360726285,0.713474399,0.432296015,0.297653781,3
-1.214521924,0.86462553,1.141896866,-1.107367546,-1.208164029,-1.215324027,1.355728557,1.259926997,1.270082824,-1.467600042,-1.330476616,-1.322467094,1
1.762184492,-1.203508321,-1.595433118,-0.086111805,-0.54845818,-0.517388256,-0.312408107,0.224898513,0.425699601,0.321687751,-0.276953455,-0.521343629,4
-0.489426772,-0.37625478,-0.189440899,1.181721503,1.241544704,1.25818129,-0.983174862,-0.967282839,-1.125274421,1.041018402,1.026723538,1.213345905,1
-1.545267082,1.541469336,2.099962361,-0.58142309,0.04199095,0.172133675,0.844430154,-0.072253244,0.151746024,-0.942642264,0.071010592,-0.180947995,2
0.184784511,-0.138106034,-1.471009028,0.736031135,0.753805169,0.688384183,-0.647911378,-0.677762261,-0.763002768,0.687012984,0.695301742,0.791325072,1
0.909879664,-0.012764588,0.022080054,0.683422152,0.510851757,0.42446148,-0.958499951,-0.59355129,-0.686871269,0.99349108,0.578956755,0.651698131,3
0.40104096,0.739284085,1.639593227,0.758557424,0.256476092,0.289013969,-0.891493256,-0.554061286,-0.326029904,0.798651913,0.420038153,0.12843253,3
-1.507104179,0.237918303,1.515169137,-1.71687881,-0.704957745,-0.79292118,1.897620888,1.022301218,0.719479175,-1.491214391,-0.714192367,-0.288392742,1
-0.60391548,0.613942639,-0.848888577,-0.364566008,-0.497280917,-0.434184852,0.384042063,0.272896841,0.541889793,-0.450421421,-0.319537598,-0.634833886,4
-0.107797744,-1.654737525,-0.102344036,0.094612171,0.38181739,0.383995325,0.07962128,0.298556034,0.277307708,-0.117018611,-0.356602138,-0.346410392,3
0.426482895,1.127842566,-1.32170012,0.342903892,0.413230401,0.406920274,-0.504101098,-0.778832797,-0.984727855,0.535549411,0.839093123,1.083981203,3
-0.55303161,0.237918303,1.141896866,-0.520655363,0.491629011,0.307314013,0.541410427,-0.238931624,-0.409278547,-0.382671621,0.371138564,0.527549562,2
-1.914175142,2.092971696,0.569546051,-0.971253048,-0.918073437,-0.960880475,1.495175457,0.951929911,0.715825477,-1.495218649,-0.884708591,-0.55719651,1
0.40104096,-1.980625283,0.146504145,-0.827631121,-1.273925074,-1.191864477,0.416864411,1.090915828,1.544955622,-0.489414699,-1.226759602,-1.772746904,3
0.146621608,0.613942639,-1.558105891,-0.498913372,-0.99824701,-1.027769224,0.509000115,0.824335095,0.908888061,-0.566355785,-0.898474196,-0.998665788,4
-1.252684827,-1.040564442,1.47784191,-0.347120617,-0.113034297,0.036644784,0.387729209,0.364607201,0.627555755,-0.457752359,-0.427571983,-0.745690834,1
-0.107797744,-0.062901167,-1.620317936,2.437282835,1.925141269,1.807313908,-1.74133555,-1.499247743,-1.933748324,1.834878168,1.564974695,2.040023219,1
-0.209565485,0.689147506,1.788902135,-2.24209845,-2.032135662,-1.962306311,1.568537552,1.372976089,1.873261771,-1.697552578,-1.475263517,-2.038621476,1
1.647695784,0.989966976,-0.102344036,1.579854654,1.337977549,1.348802706,-1.82778049,-1.688295211,-1.743998684,1.928592245,1.773870536,1.864015878,3
-1.468941276,-0.514130371,-1.097736758,-1.255051887,-0.977220136,-1.065763745,1.577176248,1.40767485,1.33532997,-1.703870258,-1.510693137,-1.459621518,3
-0.489426772,-0.764813262,-0.42584667,1.808257623,2.212464521,2.298870433,-1.151274533,-1.636869648,-1.815406317,1.238962997,1.744412527,1.959261773,2
0.655460312,0.613942639,0.420237143,-1.209778685,-1.658554517,-1.623486052,0.886182982,1.152254952,1.415716756,-0.945924225,-1.217582591,-1.494383194,1
-1.507104179,0.363259748,1.415629865,-0.507760648,0.057603798,0.128146357,0.722703919,0.067971215,0.136961692,-0.628220388,0.038054707,0.027455002,1
-0.667520318,0.488601194,0.519776415,0.496463063,0.24822132,0.359903183,-0.237391899,-0.340566751,-0.162275118,0.215125209,0.297413994,0.100067614,2
1.851231266,-0.138106034,0.146504145,-0.28659239,-0.173493586,-0.306817518,-0.198906466,0.113582842,-0.115307477,0.202486028,-0.09314418,0.144529848,4
-0.616636447,-1.64220338,-0.724464487,-1.070430982,-1.418984602,-1.325977817,1.047456644,1.49253285,1.774717148,-1.122236516,-1.588950865,-1.916117261,3
-0.616636447,1.742015649,-1.010639894,0.638312008,0.899110364,0.850253216,-0.223286565,-0.755349068,-1.045083742,0.220773577,0.811007075,1.153488948,2
-0.794729994,-1.516861935,-0.56271317,-0.077109792,0.302188603,0.30908215,0.371582495,0.359957931,0.324667751,-0.440135733,-0.417493283,-0.389551647,4
2.232860293,0.112576857,0.768624596,0.668068484,-0.073310873,-0.012305399,-1.473285376,-0.813664301,-0.500843004,1.567320008,0.839991387,0.489150647,4
-0.23500742,-0.138106034,-1.719857209,-2.127287509,-1.462090749,-1.523298749,1.553061682,1.194724426,0.891735703,-0.634338572,-0.553075341,-0.100150385,3
-0.107797744,-0.67707425,1.141896866,-0.697489538,-0.604088134,-0.61797975,0.642498394,0.680592128,0.825786734,-0.705666278,-0.747786556,-0.924453527,1
-0.362217096,0.200315869,-0.848888577,0.76960006,1.272314486,1.340327154,-0.658015979,-1.031456498,-1.067515046,0.686810382,1.096506003,1.149091962,2
-0.362217096,-0.313584058,1.639593227,-0.236400601,-0.906075035,-0.923623749,0.341099451,0.803041818,0.899464274,-0.38927253,-0.893307844,-1.024707146,1
0.40104096,1.240649867,-0.475616306,0.788190264,1.319277812,1.236949611,-0.78243767,-1.326363266,-1.612751059,0.820135649,1.409821649,1.73672563,3
0.019411932,0.664079217,2.099962361,-2.470873183,-2.145584223,-2.075894374,2.052418424,1.749927265,1.835879023,-2.07416798,-1.71040617,-1.71600501,1
1.927557071,-0.827483984,-2.267323206,0.720901858,0.192432854,0.112719805,-0.902161091,-0.347611944,-0.499832196,0.968247511,0.350821213,0.52133934,1
-1.888733207,0.676613362,2.435907405,-0.560823425,-0.224666438,-0.126198472,0.68538127,0.300834567,0.566499217,-0.781265863,-0.348892559,-0.664340682,1
0.146621608,-0.526664515,-2.08068707,0.897622127,0.878663725,0.864509468,-0.576657199,-0.515760466,-0.745249598,0.614777105,0.546034361,0.814525314,1
0.019411932,-0.514130371,1.129454457,-0.207721094,-0.221112159,-0.284254705,0.213535517,0.369982359,0.376624584,-0.26368664,-0.434593407,-0.456627917,2
-0.107797744,1.754549793,-1.010639894,1.545497602,1.005527421,1.108718877,-1.630964702,-1.689937571,-1.44841179,1.707096809,1.764324804,1.507160276,3
1.164299015,-1.015496153,1.552496364,-1.4894449,-1.145756278,-1.203092909,1.179881493,1.296326607,1.220498101,-1.258432693,-1.375941846,-1.315350286,2
-1.303568697,-0.313584058,-1.222160848,-0.062177735,-0.001214243,0.064771882,0.211183066,0.149394034,0.271897934,-0.264317086,-0.192135434,-0.345531419,4
0.909879664,1.641742492,-0.351192216,0.531495278,0.579041444,0.584398219,-1.039790169,-1.230993914,-1.008498441,0.983156508,1.17198502,0.883103368,3
0.655460312,-0.639471816,-1.5705483,-1.436564579,-1.40595843,-1.454832741,1.359869235,1.472751596,1.417451548,-1.362720459,-1.460757405,-1.367987219,3
-0.616636447,-0.388788925,0.059407281,0.746793541,0.972146858,0.972422327,-0.47350441,-0.617183951,-0.831233495,0.490258644,0.648062646,0.890353645,2
-0.871055799,1.616674203,1.701805272,-0.344881317,-0.295487928,-0.293857494,0.383440366,0.039501231,0.178252413,-0.442314158,-0.058282087,-0.216681088,4
-0.438542901,-1.015496153,-0.102344036,-0.268851744,-0.563792595,-0.505777839,0.307098385,0.651408582,0.884286311,-0.369262371,-0.742466352,-1.0305508,3
0.604576441,0.613942639,-0.102344036,0.946625687,1.388169667,1.356094041,-0.958113579,-1.370299887,-1.631766839,1.031832107,1.469523146,1.780992474,3
1.418718367,-0.012764588,-0.749349305,0.21406399,0.324435782,0.184701866,-0.595087384,-0.449967597,-0.437991761,0.528545619,0.372128127,0.285770275,1
-0.489426772,-1.002962008,1.664478045,-1.163279132,-1.243874105,-1.172524574,1.480469285,1.621856249,1.391571665,-1.461626317,-1.573611435,-1.234732923,1
-0.362217096,0.012303701,-1.097736758,-0.31999146,-0.737595363,-0.621690081,0.086657923,0.34697575,0.736325623,-0.121136595,-0.409441855,-0.871303133,3
0.146621608,-0.802415695,0.519776415,-0.886548796,-1.364618752,-1.349537138,0.933517982,1.389917657,1.445136636,-0.980289163,-1.458601409,-1.509947118,1
-1.125475151,0.150179291,0.146504145,1.287284461,1.388672734,1.543138818,-1.096821617,-1.217966405,-1.1600632,1.113374821,1.248833254,1.185195125,2
0.40104096,1.742015649,-1.097736758,-1.066319254,-1.192437467,-1.257285298,0.831484245,0.668609187,0.805553805,-0.871900929,-0.688259933,-0.847471533,1
-0.489426772,-1.91795456,0.768624596,1.016880535,0.827784281,0.736749505,-0.427281644,-0.07959193,-0.450080794,0.438454519,0.055734101,0.465937435,2
0.909879664,2.26844972,-1.097736758,0.738994021,0.768108675,0.756645876,-1.303411216,-1.518989629,-1.265376739,1.264457298,1.489549063,1.171597404,3
-0.23500742,-1.516861935,0.519776415,0.644378741,1.002005891,0.962788791,-0.41968289,-0.467593159,-0.412822701,0.330340013,0.366175243,0.221547374,2
-0.616636447,0.613942639,-0.102344036,-0.514081801,-1.160217605,-1.077921957,0.63956418,0.874374052,0.79708814,-0.532040407,-0.751025209,-0.559749822,1
1.03708934,-1.316315622,-0.102344036,-1.431572801,-1.151969627,-1.165279435,1.094344174,1.180777844,1.295583673,-1.16818194,-1.268068347,-1.416404456,2
-0.362217096,1.052637698,-0.973312667,-0.439398108,-0.068015839,-0.121713618,0.298936206,-0.176948429,-0.166511675,-0.094397012,0.339387442,0.366557889,4
0.782669988,-0.263447479,0.146504145,-0.550918655,0.204277001,0.151209699,0.14395891,-0.235911428,-0.30713505,0.097740564,0.354189599,0.406344307,1
-1.812407401,-0.764813262,-0.600040397,-1.241351987,-1.352204708,-1.377346973,1.903601351,1.87117475,1.605989489,-1.834171401,-1.781687931,-1.429440924,3
-0.438542901,1.240649867,0.644200505,0.651180977,1.450926654,1.465297159,-0.679188388,-1.467800738,-1.488740949,0.707705549,1.537444306,1.548048714,3
1.673137719,-2.168637451,-1.19727603,0.627056183,0.085627991,0.082430895,-0.854570346,0.054658059,-0.013422476,0.87161462,-0.091861275,-0.031213327,4
0.40104096,1.265718156,0.084292099,0.648840964,0.155124758,0.129954885,-0.837675129,-0.626858144,-0.421069266,0.720078169,0.513927467,0.233985569,3
-1.672476758,0.739284085,-0.239210535,-1.354579588,-0.600246506,-0.455720462,1.645622279,0.696418635,0.765420653,-1.603664011,-0.586772559,-0.593087611,3
1.838510298,-1.805147259,0.445121961,0.840532335,0.6967551,0.680408541,-1.379383724,-0.692903159,-0.588022486,1.402248145,0.649459452,0.521264525,1
0.019411932,1.779618082,0.519776415,0.616247553,0.380365975,0.286191538,-0.597389794,-0.692080448,-0.651374184,0.521982808,0.596161237,0.504430092,3
-0.107797744,-0.890154707,-0.475616306,1.036708241,0.78008899,0.851741508,-0.676603671,-0.382043068,-0.23000992,0.274610122,0.04393498,-0.164346536,1
-1.125475151,-0.852552273,0.146504145,-0.898106851,-0.622966918,-0.634853575,1.212523297,1.03709086,0.552502918,-0.748343483,-0.611823731,-0.008709135,3
0.40104096,0.363259748,-1.471009028,-0.900086539,-0.324662171,-0.369500722,0.780091565,0.3278093,0.183495052,-0.731440892,-0.22629847,-0.044002482,4
0.273831284,-0.138106034,1.639593227,0.352890627,-0.331087962,-0.386484191,-0.254619401,0.315612334,0.196690688,0.251955751,-0.34379995,-0.217510616,4
-0.616636447,-0.890154707,-2.167783933,0.475802482,0.29231236,0.326223276,-0.285509616,-0.113431502,-0.049852895,0.271469354,0.089315064,0.011267907,4
-0.769288059,-0.840018129,1.714247681,-1.26228574,-0.672290271,-0.55041629,1.278674396,1.020422425,1.208064887,-1.396175538,-1.102536163,-1.330369578,1
1.444160303,0.438464615,0.768624596,0.720762908,0.338211753,0.210122195,-0.908155389,-0.680777073,-0.827267156,0.976576345,0.721912589,0.896435014,4
-0.616636447,0.363259748,-1.719857209,0.422749645,0.320371742,0.346947865,-0.237381617,-0.254896969,-0.244237355,0.233033564,0.253258131,0.23829864,1
-0.616636447,-0.95282543,-0.413404261,-0.49779249,-0.174958456,-0.177070577,0.690723644,0.634632445,0.5984327,-0.783734578,-0.715060792,-0.690279634,3
-0.23500742,0.03737199,1.141896866,-1.776391294,-1.721945757,-1.738601656,1.588709286,1.481269393,1.771026621,-1.675326589,-1.564167496,-1.873329633,1
-0.107797744,0.902227964,-0.102344036,2.036504574,2.638758705,2.609183786,-2.041763431,-2.560915316,-2.557396354,2.09272157,2.605994482,2.537220066,2
0.40104096,-0.551732804,-0.351192216,-0.369556811,-0.573344905,-0.550396156,0.444594666,0.66606431,0.385927222,-0.416286862,-0.606535417,-0.231074062,3
-0.489426772,1.027569409,-1.097736758,-0.328586201,0.078222076,0.172745878,0.282568179,-0.28258987,-0.039944242,-0.315953446,0.283053837,0.025176927,3
0.40104096,0.739284085,1.639593227,-0.00826975,-0.982716527,-0.960287588,-0.086389795,0.582611004,0.670208225,0.07556778,-0.625665437,-0.728891967,4
-0.362217096,-0.138106034,-1.794511663,-0.108375021,0.286239525,0.176419387,0.325357884,0.092749921,-0.155417114,-0.374546369,-0.112654102,0.162429055,4
1.291508691,-1.140837598,2.211944042,0.077388113,-0.05524469,0.051812555,-0.514815728,-0.186567615,0.118523901,0.535651743,0.174338463,-0.176521353,1
-2.066826753,1.491332758,-1.881608526,-0.030124862,-0.035682542,-0.120979072,0.652977435,0.335657379,0.100190896,-0.743025707,-0.384059446,-0.127323046,4
2.105650617,-0.388788925,0.557103642,1.276197193,1.516234271,1.527577755,-1.905224374,-1.89222234,-1.693589084,1.982405105,1.912707488,1.663664757,3
-1.112754184,0.613942639,0.519776415,-1.940484067,-1.937472897,-1.914784456,2.081706594,1.946064057,1.972548736,-2.149043786,-1.972620916,-1.951227642,1
-1.036428378,-0.890154707,0.930375913,-1.692458974,-1.438993907,-1.325190845,1.940261411,1.715466334,1.565765179,-1.798657011,-1.522856017,-1.257391238,3
1.45688127,-0.012764588,1.141896866,-0.476405139,-0.747405243,-0.86618138,0.086119822,0.413017353,0.407977983,-0.120675781,-0.480671848,-0.491381224,1
0.019411932,-0.138106034,-1.471009028,0.620852463,0.44292538,0.485943361,-0.694553946,-0.533032528,-0.451884842,0.737154032,0.56017013,0.470573555,1
-1.92689611,-0.012764588,-0.326307398,1.057341379,1.524410809,1.572915232,-0.142566368,-0.781905772,-0.960270609,0.129304086,0.826046377,1.032682592,1
1.838510298,-0.012764588,0.619315687,-0.331222249,-0.518181473,-0.566324587,-0.428788174,-0.016616825,0.002335459,0.439661438,-0.004128054,-0.031404098,4
-1.621592887,-0.138106034,1.390745047,1.236337998,0.908644182,1.009151674,-0.545152909,-0.526718199,-0.406660651,0.533600161,0.510061166,0.367414102,2
1.82578933,0.112576857,1.938211044,1.263340734,1.219867148,1.233249934,-1.643776632,-1.535636529,-1.552953616,1.749684944,1.613760926,1.641076421,4
0.591855474,-0.95282543,0.519776415,0.602581808,0.163112379,0.230471321,-0.826058065,-0.333656227,-0.160912929,0.884834564,0.337050858,0.137948097,1
0.706344182,1.177979144,-0.600040397,0.342949954,0.282462373,0.215340851,-0.523027055,-0.580716935,-0.701173992,0.538461716,0.601573358,0.739528815,3
-0.489426772,0.363259748,0.644200505,0.009945633,0.262498015,0.211112489,0.242640483,-0.040588781,-0.199675169,-0.277756393,0.034513158,0.21043295,2
1.800347395,-0.514130371,0.270928235,-0.381299043,-0.337992428,-0.252978816,-0.222773543,-0.03365726,0.226840351,0.217899794,0.01481573,-0.283607217,1
-0.23500742,-0.388788925,-0.600040397,1.398043346,1.17972019,1.219863137,-1.304132253,-1.076158257,-1.052161364,1.270443486,1.022759973,0.977205336,1
-0.616636447,-0.263447479,-0.624925215,-0.914387609,-0.759751502,-0.840154723,1.223277186,1.085685373,0.8759662,-1.228221525,-1.074905538,-0.831758169,3
-0.23500742,0.363259748,0.544661233,1.585435954,1.34573231,1.342599204,-1.531756979,-1.408921601,-1.320526466,1.524506032,1.380815669,1.235836575,3
0.782669988,-0.902688852,1.266320957,-1.533524796,-1.668336873,-1.634888946,1.212469203,1.464350011,1.629593266,-1.224871606,-1.493196213,-1.654437699,1
0.273831284,0.112576857,-2.317092842,0.552389535,1.200880105,1.220440849,-0.556910978,-1.015226073,-1.137765025,0.575451947,1.080173313,1.230899909,1
-1.125475151,0.877159675,0.569546051,0.579159222,0.125962242,0.097947318,-0.209249456,-0.111846744,-0.202848516,0.202246943,0.095254005,0.188617831,2
0.019411932,-0.263447479,0.445121961,-0.270239431,-0.023418171,-0.024213183,0.27869612,0.155224569,0.122856814,-0.316988196,-0.174506366,-0.139496979,2
-0.273170322,0.852091386,0.805951823,-1.527750812,-1.264029329,-1.184993728,1.191979524,0.859716267,1.256495145,-1.292794079,-0.918989635,-1.355152394,1
-1.418057406,1.240649867,-1.010639894,-1.066250644,-0.834528724,-0.777821355,1.339186525,0.758635549,0.893155782,-1.435969776,-0.762370943,-0.888768152,4
1.03708934,-0.138106034,-0.674694851,-2.046036301,-2.593327329,-2.68830082,1.630485154,2.120780096,2.168436559,-1.704211741,-2.185006162,-2.216898268,1
-0.871055799,1.115308421,0.594430869,1.649463736,1.503090116,1.60963641,-1.390493357,-1.583389579,-1.56591248,1.46878021,1.676042127,1.677604416,3
1.164299015,-1.391520489,-0.512943534,-0.569212485,-0.419339329,-0.52411384,0.54620061,0.777543589,0.515598771,-0.588051171,-0.833703207,-0.552464465,3
-1.125475151,0.86462553,1.179224093,0.124167663,0.129346929,0.136790474,0.129283412,-0.078462276,-0.075787884,-0.166100081,0.067242693,0.061665374,2
-0.489426772,0.237918303,-0.600040397,0.085100864,0.47835152,0.512431103,-0.021871245,-0.386803849,-0.303782,-0.003178628,0.401877664,0.307457541,1
0.121179673,-0.764813262,-0.102344036,0.032699306,-0.537337756,-0.510372581,-0.045210416,0.471431683,0.623387137,0.024216326,-0.545000086,-0.736426238,3
-0.107797744,0.488601194,-1.682529982,0.33049266,1.061141023,1.043299022,-0.378364397,-0.983853999,-0.924093217,0.362474664,0.974436337,0.881677589,1
0.019411932,0.237918303,0.731297369,-0.506898854,-1.127874344,-1.206645265,0.652773377,1.062131898,0.879547379,-0.675594548,-1.07121329,-0.845794424,1
-0.871055799,-1.466725356,1.390745047,0.385946054,0.20817529,0.385444537,-0.159626035,0.107635,0.333407364,0.145348222,-0.144964911,-0.409611921,2
1.418718367,0.939830397,-0.226768126,1.417131428,1.301988114,1.169592448,-1.652682775,-1.559647774,-1.605627188,1.502110204,1.427383652,1.397881784,3
-1.723360628,-0.012764588,-1.819396481,-1.955598893,-1.089494535,-0.980709988,2.177109076,1.42713218,1.418526735,-2.124589416,-1.315424227,-1.231435965,4
1.634974816,-1.103235164,-0.313864989,0.704619466,-0.006305752,-0.019106795,-1.073104464,-0.279395724,-0.213056448,1.14664308,0.267360311,0.186170644,1
-0.489426772,-0.138106034,1.017472776,-0.807445995,-0.379063293,-0.344718313,0.832325946,0.416360379,0.271363899,-0.747076422,-0.287711047,-0.045552322,1
0.146621608,0.86462553,0.768624596,0.804541201,0.221674684,0.210791201,-0.751504527,-0.375034702,-0.308750234,0.722104446,0.310447296,0.198859433,3
0.655460312,-1.466725356,-2.229995979,-0.401957229,-0.031273092,-0.026020017,0.283448939,0.260363946,0.161725713,-0.273634989,-0.230609434,-0.095318402,4
-0.362217096,1.566537625,0.905491095,-0.36097898,-0.654336129,-0.631889336,0.448413445,0.389177631,0.411166331,-0.478788437,-0.404794321,-0.416667516,4
0.528250636,-0.388788925,-0.93598544,-0.459964757,-0.377477044,-0.350420153,0.19007876,0.243277,0.499919894,-0.229199127,-0.27990655,-0.577401868,4
-1.456220309,-1.291247333,1.72669009,0.544956833,0.434709234,0.486160657,0.054167534,0.18298439,0.072402386,-0.084998883,-0.224418986,-0.109482294,1
1.622253849,1.015035265,-0.475616306,0.444431287,0.452661718,0.359654035,-0.916981931,-0.966414161,-1.064404929,0.967410589,1.01638652,1.129654699,3
-1.252684827,0.488601194,-0.600040397,-0.946571943,-0.917666343,-0.832497745,0.982258537,0.880076252,1.171305277,-1.093617762,-0.96700136,-1.314469867,3
-0.362217096,0.112576857,-0.699579669,1.64196214,2.237268377,2.140269523,-1.394537366,-1.907046599,-2.148402689,1.474974392,1.97186841,2.212502845,2
0.909879664,-0.639471816,0.20871619,-1.270221137,-1.992404045,-1.928831628,0.985890817,1.688893032,1.917603481,-1.073257762,-1.779295585,-2.014756792,1
-0.616636447,-0.514130371,0.059407281,0.368253144,0.282683337,0.360181918,-0.1787113,-0.113590754,-0.062865156,0.171724835,0.100737685,0.037452842,4
-1.60887192,0.989966976,1.09212723,0.669040861,0.709196537,0.763932351,-0.337920196,-0.723260623,-0.536562304,0.328914587,0.721478399,0.50096697,2
-0.514868707,-0.890154707,0.893048686,0.958810621,1.538925726,1.743066989,-0.62461089,-1.000507594,-0.644326878,0.553211527,0.793360401,0.349954031,1
2.436395775,0.739284085,-0.351192216,-1.199516403,-2.238998578,-2.428107393,0.27195283,1.310309642,1.133973384,-0.221219544,-1.147892023,-0.906325732,1
0.019411932,0.112576857,0.519776415,0.375737824,0.883602703,0.817035122,-0.286644452,-0.718974245,-0.905218574,0.2824589,0.734626018,0.926624019,3
-1.812407401,-0.639471816,0.146504145,1.306046451,0.774495533,0.849873919,-0.65492161,-0.408413005,-0.306071685,0.596080182,0.323069668,0.174065188,4
2.538163516,-1.404054634,0.519776415,0.731673145,0.53455203,0.602076086,-1.543742775,-0.915533651,-0.599301742,1.544121075,0.854341961,0.473608071,4
-0.107797744,0.751818229,-0.102344036,-0.72940154,-0.721674567,-0.663342571,0.7029305,0.54386403,0.628489477,-0.683254241,-0.504368176,-0.578389922,1
-1.125475151,-1.203508321,-0.102344036,1.445882348,1.737913609,1.633022767,-0.844046083,-0.863490162,-1.103701766,0.828601215,0.834356588,1.041198883,2
0.782669988,1.428662035,0.893048686,-0.696271415,-0.677660756,-0.707529212,0.281933855,0.043002095,0.038517769,-0.275406924,-0.013798269,0.023740347,4
-0.616636447,-0.639471816,0.270928235,0.96521127,-0.194375903,-0.078523252,-0.671767517,0.195439953,0.321766846,0.61297046,-0.28614082,-0.435471659,4
0.40104096,-0.689608394,-0.724464487,-0.555432616,0.140901477,0.11232656,0.415096428,0.075438535,0.022081314,-0.385678045,-0.039878492,0.030600006,3
0.019411932,2.168176564,-0.886215804,-0.404164069,-0.503267046,-0.519941145,0.323958995,0.074836123,0.178078437,-0.351695451,-0.077728402,-0.19039618,2
-0.871055799,-0.890154707,0.805951823,-0.255716387,-0.217972448,-0.268835031,0.561122456,0.617236641,0.503129376,-0.638181164,-0.690075114,-0.575485382,3
-0.578473545,-0.764813262,-0.351192216,1.720032299,1.128427216,1.305209105,-1.324126867,-1.050330303,-0.875373433,1.38853277,1.086886568,0.891073831,1
1.03708934,0.989966976,-2.105571888,-0.25792293,-0.161898367,-0.177201019,-0.240737873,-0.361063733,-0.177446403,0.222811787,0.340254246,0.139683076,2
-0.998265475,-1.64220338,0.233601008,0.40125741,0.165323311,0.34259467,0.040929569,0.327424508,0.324785206,-0.054882919,-0.336985615,-0.324079473,3
1.418718367,0.237918303,0.320697871,-1.302012839,-1.476723741,-1.544624659,0.745603417,0.99144106,1.169921167,-0.789003377,-1.048707905,-1.262964263,1
-1.252684827,0.488601194,0.768624596,1.268229637,1.87641143,1.782413405,-0.726059167,-1.343725247,-1.705070774,0.752948765,1.410574626,1.811619023,2
1.03708934,-0.990427863,0.022080054,0.04481667,-0.509565087,-0.452804889,-0.331079519,0.314533305,0.469321708,0.318988984,-0.363772393,-0.53340429,2
1.584090946,2.193244853,-0.226768126,0.609443206,0.86172791,0.738085148,-0.898822936,-1.299017167,-1.510072015,0.97046113,1.407842711,1.672593233,4
0.909879664,-0.576801093,1.141896866,-1.923753306,-1.506096378,-1.545254925,1.665072347,1.495227176,1.4679229,-1.619629969,-1.470522805,-1.417716785,2
0.019411932,1.679344926,-0.475616306,1.347081156,1.41115983,1.367524118,-1.369838125,-1.606227361,-1.718533823,1.422631142,1.672743802,1.787022264,3
-1.125475151,-1.140837598,0.768624596,-0.859075793,-0.796533072,-0.721556276,1.112680156,1.11299897,1.223214229,-1.190332875,-1.17263128,-1.28655113,3
1.03708934,-0.764813262,-2.155341524,0.757545793,0.914691117,0.844718535,-0.857599835,-0.765175541,-0.999610102,0.904855619,0.801123573,1.062196783,2
0.019411932,0.463532905,1.328533002,0.165731082,-0.310088365,-0.168066617,-0.424764157,-0.113667904,0.265202201,0.413779382,0.07943689,-0.348851483,4
-0.362217096,1.14037671,-0.351192216,0.317427194,0.207519379,0.113265692,-0.081178622,-0.255745105,-0.42118381,0.075293729,0.263548872,0.444175418,3
-0.107797744,-0.263447479,-0.724464487,0.710652184,0.934500485,0.943578736,-0.632860935,-0.740022719,-0.705469678,0.604034337,0.710763753,0.644850174,1
-0.489426772,0.613942639,1.017472776,0.057712614,0.509195309,0.446636858,-0.113358249,-0.527223237,-0.450157355,0.106262829,0.510990811,0.389228941,4
-0.362217096,-1.328849766,-0.388519443,-0.941938151,-0.761534192,-0.795974875,1.163271905,1.171089984,0.808055877,-0.950175207,-0.985953893,-0.515217197,3
-0.107797744,0.112576857,-0.102344036,-1.041864702,-0.758408786,-0.774770655,1.012135136,0.758729462,0.655909095,-0.90819894,-0.655893766,-0.502591334,1
-1.061870313,-1.140837598,0.644200505,0.406944314,0.247620211,0.313956239,0.056676991,0.180599886,0.249149904,-0.081719759,-0.213192501,-0.29815121,3
0.973484502,1.115308421,-1.222160848,0.370669177,1.248586113,1.156283933,-0.911997127,-1.521805383,-1.491085415,0.911197341,1.51613496,1.435679902,3
-0.832892897,0.488601194,0.519776415,-0.143957361,-0.118295062,-0.15939247,0.368433554,0.205743004,0.05272261,-0.380496475,-0.180662503,0.003364972,1
-0.120518711,-2.156103307,1.141896866,-0.801613147,-1.236658781,-1.155362161,1.021081392,1.707725611,1.849519425,-1.126172556,-1.826761491,-1.978944212,3
0.248389349,0.626476784,-1.632760345,1.262603073,1.59875963,1.526084711,-1.174598931,-1.534960402,-1.827567389,1.259154549,1.638289748,1.966703998,2
0.515529668,-0.087969456,-0.164556081,-1.672165381,-1.351629291,-1.388828175,1.229375657,1.101460122,1.112639313,-1.208233145,-1.076602201,-1.073544997,1
0.40104096,0.425930471,1.067242412,-0.026912962,-0.127639628,-0.30820283,0.072024782,0.086336017,-0.096125836,-0.101959974,-0.115488976,0.085591089,4
0.146621608,1.040103554,0.270928235,0.093396024,0.197483125,0.24230698,-0.311309032,-0.515832961,-0.343735071,0.316496782,0.543774126,0.350666408,4
0.655460312,-0.639471816,-0.973312667,0.712645427,0.67522371,0.628518916,-0.717113774,-0.583946779,-0.794385403,0.747720183,0.598557319,0.828659511,1
-2.257641267,-0.150640179,-0.351192216,-1.585949751,-1.947456988,-1.954102064,2.215482915,2.303502715,2.246119542,-2.242250375,-2.311777578,-2.187399469,3
1.024368372,-0.025298733,-0.475616306,0.664533615,1.080343427,1.18836097,-1.03562915,-1.21703429,-1.234821701,1.11705004,1.315790795,1.353562811,3
-0.107797744,0.187781724,1.017472776,-0.542660465,-0.886414675,-0.957673223,0.591650846,0.787148421,0.785112714,-0.675105679,-0.885260633,-0.903849128,1
0.146621608,1.604140059,-1.993590207,0.328817416,0.34798523,0.323324906,-0.413540621,-0.650513023,-0.682615671,0.433573302,0.698094466,0.742385399,2
0.146621608,-2.093432584,0.793509414,-0.294741575,-0.432496934,-0.441285623,0.237114121,0.626309772,0.772384601,-0.292002679,-0.723510043,-0.914383799,3
-0.883776767,0.074974423,0.270928235,1.620884467,1.662688704,1.690272601,-0.812380939,-0.934572882,-1.289259074,0.873640037,1.011205444,1.427901276,2
0.413761928,0.024837845,-0.226768126,-1.237816965,-1.216531,-1.185711692,0.602660397,0.685584717,1.050005075,-0.694960346,-0.783525166,-1.219717748,1
1.03708934,0.689147506,1.515169137,0.598808905,0.434804153,0.483648627,-0.854456667,-0.809042363,-0.75311077,0.921746166,0.872908542,0.820823158,4
-1.761523531,-0.037832878,0.022080054,-2.433587584,-1.387024488,-1.420756101,2.474359844,1.622544972,1.539342086,-1.984881675,-1.305087312,-1.130633198,3
-0.540310642,1.817220516,-0.761791714,0.932422935,1.800089373,1.854837202,-0.900416156,-2.014505448,-1.936551692,0.940777331,2.076988924,1.981729208,3
-0.998265475,0.86462553,1.35341782,-2.095116434,-1.976230985,-2.012651526,2.024877379,1.664635958,1.417950164,-1.580984701,-1.26905023,-0.852001161,1
-0.794729994,0.86462553,-0.102344036,-0.134390753,0.538590636,0.614668406,0.170731313,-0.489746396,-0.388702117,-0.215758258,0.51441653,0.402331084,2
0.070295803,-0.514130371,0.022080054,-0.32195285,-0.977754705,-1.028067494,0.225767995,0.851105251,0.987008507,-0.27878357,-0.963048999,-1.144897232,3
-0.107797744,0.237918303,-0.973312667,0.597256012,0.385528622,0.395530388,-0.559806124,-0.409611004,-0.269858061,0.460265458,0.285842567,0.092441791,1
-1.97777998,0.112576857,0.146504145,-0.418372441,-0.481403947,-0.477537565,1.255628154,0.894148338,0.579645851,-1.185831068,-0.753477023,-0.341024836,3
2.016603844,-1.266179044,-0.351192216,-1.092365252,-1.331360688,-1.364231035,0.425871765,1.105933458,1.239498555,-0.485350895,-1.211581779,-1.375829552,2
-1.125475151,0.613942639,0.270928235,0.37605096,0.334786795,0.399621907,-0.162375026,-0.289427182,-0.195264615,0.153212782,0.297249485,0.188743636,1
-0.107797744,-0.012764588,-1.44612421,-0.141132988,0.009337189,-0.016271012,0.114906815,0.047642039,0.045941441,-0.154896141,-0.07637897,-0.082471406,4
-0.069634841,-0.95282543,-0.848888577,-1.50955091,-1.708966397,-1.657816556,1.533228166,1.928478999,1.936123697,-1.616248001,-1.975749676,-1.964153565,3
-0.222286452,1.303320589,-0.475616306,-0.082496572,-0.013354936,-0.128399347,0.048474249,-0.174212816,-0.343765091,-0.082436018,0.169972374,0.363012843,2
0.909879664,-0.890154707,-0.736906896,-0.073228701,-0.230331515,-0.170330169,-0.229118122,0.067077381,0.258631339,0.229283097,-0.100764368,-0.331228335,4
-1.061870313,-1.078166875,1.017472776,0.540145357,-0.172253215,-0.282055286,0.438697922,1.030558816,0.681908812,-0.482485854,-1.101028331,-0.719027401,3
1.609532881,0.676613362,-1.968705389,-0.135665463,-0.272191496,-0.140809473,-0.948165736,-0.753913417,-0.345057621,0.968991802,0.763153636,0.301033546,1
-0.743846123,-0.752279117,2.386137768,-0.825543472,-0.829055039,-0.822239536,1.0018468,1.04285038,1.142984446,-1.078012348,-1.130255121,-1.268679012,1
1.164299015,2.481530177,-2.304650433,1.173135658,1.45051933,1.370608947,-1.399000921,-1.866428217,-2.036386403,1.459467576,1.955934853,2.157558355,3
-1.379894503,-2.331581331,2.099962361,0.29430844,0.198528516,0.176037954,0.440642456,0.719585465,0.465707161,-0.465029143,-0.748247743,-0.464046374,2
0.019411932,1.303320589,-0.351192216,-0.898022032,-0.552240874,-0.553978971,0.624659554,0.231509248,0.306354701,-0.703285923,-0.261089805,-0.344701527,1
0.273831284,0.739284085,-1.433681801,0.769897775,0.843701593,0.822157523,-0.878338433,-1.058040664,-1.036232128,0.932821733,1.106022223,1.072005397,2
1.164299015,-0.514130371,2.224386451,1.305232129,0.913832268,0.921453941,-1.51783055,-1.016043465,-0.700919041,1.394168653,0.826102416,0.380036402,3
-1.125475151,0.739284085,-1.869166117,-0.850027982,-0.309502142,-0.287998943,0.982489856,0.36211311,0.153367727,-0.873567656,-0.199359089,0.099786303,3
0.273831284,-0.138106034,1.540053955,-1.130854705,-1.771112337,-1.735961478,0.947874959,1.488446026,1.763504066,-1.042704462,-1.581932752,-1.887223228,1
0.273831284,-0.263447479,-0.724464487,2.422107116,2.132563283,2.054681409,-2.201245101,-1.948052925,-2.121357227,2.213173042,1.917503681,2.054665419,1
0.528250636,0.363259748,0.146504145,-0.779207176,-0.522351353,-0.454136039,0.606841603,0.378778266,0.346714908,-0.547259929,-0.297305211,-0.202489138,1
1.164299015,0.86462553,-0.102344036,-1.920517034,-1.066741183,-1.183226181,1.497150572,0.938137872,0.704032851,-1.270160299,-0.748814834,-0.458637656,1
-0.362217096,-1.516861935,-1.222160848,-0.379892761,-0.480776038,-0.510070152,0.485478979,0.744575825,0.787171846,-0.556575815,-0.835713838,-0.903917077,3
0.019411932,1.090240132,-1.346584938,-0.607993115,0.08156586,0.057040766,0.264246039,-0.372156735,-0.253021241,-0.167794209,0.452362945,0.34854618,1
0.528250636,-0.514130371,0.768624596,-0.814096376,-0.753033281,-0.652265374,0.665442155,0.640907928,0.607145123,-0.658980615,-0.582720209,-0.482908608,2
-0.616636447,-0.764813262,-1.259488075,-0.56586661,-1.23803064,-1.2721875,0.754752969,1.359021388,1.483792363,-0.840859308,-1.490461065,-1.662075563,3
-0.23500742,1.742015649,-0.077459218,1.202998392,1.948534701,1.942722861,-1.127929017,-1.963100869,-2.126417718,1.191600819,2.067757135,2.256546504,3
0.528250636,-1.629669236,0.656642914,-0.586536115,-1.168528852,-1.206921956,0.672834631,1.402234396,1.344862531,-0.739302808,-1.492564611,-1.427897106,3
0.40104096,-0.639471816,-0.351192216,-1.261653533,-1.135787946,-1.092442646,1.039557044,1.038177569,1.008181667,-0.981173849,-0.967237719,-0.853656766,1
-0.23500742,0.613942639,-0.376077034,-0.301952532,-0.048279786,-0.047838989,0.3850603,0.113670294,0.076037776,-0.435142472,-0.131863935,-0.091974167,4
-0.107797744,0.86462553,1.415629865,0.289718454,0.108840544,0.09160118,-0.224505885,-0.231986449,-0.237309735,0.221494439,0.229582102,0.232113735,4
0.655460312,-1.905420416,-0.973312667,-0.091445025,-0.181512732,-0.198444223,-0.011745444,0.360327505,0.393396717,-0.011722879,-0.419503627,-0.470368912,3
-1.150917086,1.754549793,-0.861330986,0.752219877,0.702175849,0.78576006,-0.535191418,-0.953787826,-0.851084853,0.556322123,1.010540065,0.901900221,2
0.909879664,-1.378986345,-0.351192216,-0.214493663,-0.462157403,-0.39242804,0.119022271,0.541800172,0.4773256,-0.124116086,-0.549141031,-0.448053713,3
-0.871055799,0.476067049,1.266320957,0.513649329,0.934723644,0.846663157,-0.393751271,-0.827348651,-0.758181088,0.376160144,0.819250729,0.697107343,4
-0.871055799,-0.626937671,-0.351192216,0.103287327,-1.354235112,-1.232260206,0.256443133,1.298290078,1.419852863,-0.270479856,-1.363017528,-1.465461471,3
1.545928043,0.72674994,-0.848888577,0.262521703,0.607022884,0.601469338,-0.758418196,-0.924255091,-0.914783012,0.689313617,0.900640277,0.882828768,3
0.019411932,-0.138106034,-0.226768126,0.115434139,0.505626901,0.488239742,-0.013508538,-0.332199284,-0.450788634,0.039978191,0.355752941,0.473182403,1
-1.914175142,1.365991312,0.146504145,-0.391291536,0.271338065,0.214581725,0.854637616,-0.030453437,-0.10142735,-0.855427541,0.083459065,0.179234083,1
1.571369978,-0.388788925,0.022080054,-0.184087115,-0.585139485,-0.584859476,-0.243975791,0.273810373,0.336801242,0.245215237,-0.297178488,-0.362638326,1
-0.998265475,-0.890154707,-0.886215804,0.537210944,0.5928289,0.65032759,-0.131745572,-0.145059173,-0.26252763,0.119691885,0.135052329,0.258748976,4
-0.247728387,0.363259748,1.925768635,-1.128647582,-1.303008156,-1.293598691,0.923460218,1.07620535,1.380816808,-1.037489812,-1.192472078,-1.557551079,1
0.286552252,0.488601194,-1.5705483,0.149497782,0.202463154,0.169747849,-0.190727355,-0.247710411,-0.29574373,0.185868516,0.251798035,0.306525257,1
0.40104096,0.613942639,-0.164556081,1.232618201,1.080934566,1.088384632,-1.145986362,-1.186277823,-1.335147162,1.231834331,1.264889348,1.443445645,3
-0.23500742,-0.388788925,2.174616815,-0.343886568,-0.227892656,-0.120853638,0.24270576,0.159624849,0.437472571,-0.284693097,-0.185659137,-0.502850267,1
-0.107797744,0.701681651,1.751574908,-1.641548665,-1.408012918,-1.39021712,1.441405092,1.110072866,1.179501257,-1.355369216,-0.995597809,-1.022293351,1
0.655460312,-0.388788925,-0.475616306,1.117899936,1.49581498,1.569904663,-1.247037419,-1.387383207,-1.306108834,1.244609119,1.355603773,1.259623596,1
-0.743846123,-0.388788925,1.589823591,-1.665578909,-1.626291349,-1.667057134,1.989589013,1.953429766,1.556033551,-1.917867123,-1.795252793,-1.282500216,1
-0.502147739,-1.140837598,-1.097736758,0.218785529,-0.192288145,-0.12112701,0.043680712,0.352194526,0.563051142,-0.076247016,-0.417615147,-0.67582753,4
1.03708934,-0.514130371,1.017472776,-0.916674516,0.031277884,-0.050510301,0.67220183,0.153840854,-0.117456099,-0.577193489,-0.041243903,0.265473565,1
-0.362217096,-0.514130371,-0.102344036,-0.542222278,-1.166646057,-1.138860176,0.68772594,1.173828232,1.301387473,-0.75059137,-1.260613587,-1.400811105,3
0.528250636,-0.138106034,0.270928235,0.596787351,0.806226123,0.912910407,-0.864158294,-0.928738005,-0.776378899,0.895750905,0.966104961,0.801318462,3
0.146621608,-0.138106034,-0.973312667,0.047726182,-0.147128531,-0.257347865,0.167077173,0.283563465,0.041776042,-0.187494328,-0.311755333,-0.050371517,4
-0.743846123,-0.764813262,-1.271930484,0.233534058,0.455108188,0.480513055,-0.029483946,-0.069742633,-0.074951488,0.009841547,0.056255271,0.057821644,4
-0.743846123,0.288054881,1.191666502,0.69860007,0.143779728,0.163144778,-0.423432001,-0.180048206,-0.155213966,0.425840762,0.161599926,0.124314841,4
-0.362217096,-0.388788925,-0.475616306,-1.089065916,-0.783602358,-0.695020187,0.860461217,0.738906631,1.060436502,-0.954274537,-0.821081028,-1.204617936,3
-0.23500742,1.353457168,0.644200505,-0.686961955,-0.939197601,-0.974632176,0.625827552,0.536541552,0.299707057,-0.453012031,-0.34829769,-0.010809141,1
-0.23500742,-1.140837598,-0.226768126,-1.348766852,-1.358918979,-1.283306198,1.235585187,1.415234651,1.717220216,-1.324315446,-1.50420259,-1.846050059,3
-0.489426772,1.365991312,-0.102344036,0.390931057,0.622914274,0.627056756,-0.152716342,-0.560998502,-0.686601051,0.142777912,0.598152675,0.749799766,3
-1.125475151,-1.729942392,1.017472776,0.390043289,0.48658409,0.460668899,0.231488012,0.427030871,0.228543499,-0.286232466,-0.497747808,-0.285852891,2
0.782669988,0.325657314,-1.222160848,0.002571628,-0.271314549,-0.218871206,-0.412183428,-0.321021174,-0.134619428,0.433708017,0.332425259,0.117384783,2
1.164299015,-0.012764588,-0.674694851,1.511135251,1.122182732,1.104645973,-1.69638614,-1.317474367,-1.407194193,1.753218343,1.343147689,1.43334336,1
0.528250636,0.739284085,0.84327905,0.177971033,0.953858351,0.864321676,-0.431677869,-1.035747704,-0.86215217,0.397795555,0.995907497,0.742172224,3
-1.888733207,0.237918303,0.768624596,-0.49052439,-1.103556434,-1.075726165,1.244982823,1.399008846,1.098620255,-1.253384471,-1.362502185,-0.95672152,3
0.528250636,-0.138106034,-1.346584938,1.070628201,0.752269288,0.802715566,-1.315529767,-1.008683313,-0.815960518,1.320803058,0.982940129,0.741001589,1
-0.858334832,0.488601194,0.519776415,-0.658188315,0.120051514,0.219378706,0.909211437,0.028899122,0.094367629,-0.933644436,0.0036388,-0.051502353,1
1.4059974,-0.263447479,0.270928235,0.642115287,0.072390601,-0.060600805,-1.030861786,-0.22734561,-0.385773724,1.054897552,0.197347215,0.344723287,4
1.164299015,0.613942639,1.913326226,-0.592611609,-1.105092858,-1.009999053,0.150454031,0.543714164,0.757119495,-0.150410663,-0.532479714,-0.708555513,4
-0.998265475,0.237918303,-0.475616306,0.130855665,0.568271145,0.590957749,0.118287582,-0.416549262,-0.441435806,-0.119546034,0.43025307,0.456141583,4
-1.163638054,-0.764813262,-1.5705483,-0.940982303,-1.133595095,-1.20925432,1.341726699,1.596558251,1.454757199,-1.465257436,-1.704283444,-1.572480148,3
0.693623215,-1.165905887,0.345582689,1.366516537,1.518983597,1.523672892,-1.248519197,-1.1979873,-1.47415078,1.344618752,1.28119128,1.599201184,1
-0.23500742,0.513669483,0.917933504,-0.234420463,-0.64973877,-0.543930893,0.123712927,0.277658997,0.666068624,-0.155520293,-0.319274321,-0.76062528,1
0.782669988,0.613942639,0.768624596,-0.496124531,-0.306901978,-0.382426084,0.303829324,0.21269909,0.079623554,-0.35441567,-0.249473776,-0.107271713,4
0.731786117,1.115308421,0.519776415,-0.890834366,-0.804270098,-0.860549425,0.285151827,0.112089631,0.048989336,-0.251342229,-0.037172253,0.087416178,4
2.156534488,0.739284085,-1.918935753,-0.965989351,-0.71713241,-0.792191239,0.167398924,0.127949913,0.112319469,-0.168289234,-0.11755612,-0.092558526,1
0.273831284,-0.388788925,-0.600040397,-0.96542001,-1.051539747,-0.98113545,0.775595178,0.846881669,0.674700806,-0.547722526,-0.615762792,-0.305244782,3
-1.468941276,0.86462553,0.644200505,0.254065402,0.369715328,0.382807052,0.125420991,-0.345437214,-0.247332646,-0.131395482,0.354944123,0.249578668,1
0.070295803,-0.388788925,0.022080054,-1.274651054,-0.862812631,-0.839359433,1.129917513,1.054566605,1.03386512,-1.229835776,-1.106174196,-1.092139367,1
1.075252242,-0.514130371,-0.724464487,0.752050072,0.197676812,0.25359016,-1.046077731,-0.484023728,-0.351915192,1.114946661,0.491908664,0.342381351,1
-0.743846123,-1.028030297,0.146504145,1.04171033,1.540161175,1.50073391,-0.558939609,-0.829363294,-1.067776298,0.556431052,0.84111312,1.095749302,2
0.909879664,1.127842566,0.270928235,-0.676191994,-1.131985432,-1.135707592,0.195958641,0.4023774,0.617610855,-0.211468436,-0.423639456,-0.65783142,4
-0.107797744,-1.353918055,-0.848888577,-0.430168456,-0.576757775,-0.638069367,0.610653755,0.879006381,0.835185119,-0.679121168,-0.975642877,-0.951550343,3
0.528250636,1.829754661,0.395352325,1.491875243,1.879748455,1.878078968,-1.687324719,-2.144771505,-2.170523754,1.718099908,2.193135027,2.203627334,3
-0.107797744,0.363259748,0.519776415,0.395308823,0.451655738,0.497646097,-0.363091559,-0.42601303,-0.277848325,0.303443429,0.341908769,0.156055375,3
-0.743846123,0.237918303,0.270928235,-0.450964683,-0.140360803,-0.122461271,0.59332049,0.188445872,0.123755977,-0.539001803,-0.095231633,0.01262543,1
0.782669988,-1.140837598,0.022080054,1.494847657,0.495182543,0.40024145,-1.283411135,-0.276236943,-0.325521416,1.034742898,0.043631061,-0.011152482,1
-0.362217096,-0.263447479,-0.600040397,-1.95496684,-1.507896172,-1.419440157,1.765606907,1.408711764,1.401075498,-1.571218584,-1.220484368,-1.105136993,3
0.273831284,0.488601194,-0.724464487,0.244252626,0.143658255,0.16157522,-0.334134742,-0.300921527,-0.231427169,0.338338697,0.302353303,0.222027759,2
-1.252684827,-1.253644899,1.390745047,-0.009707299,-0.167593004,-0.12888678,0.393732492,0.592049559,0.669137448,-0.4543889,-0.670938075,-0.780508371,2
1.800347395,1.604140059,-1.558105891,0.730780023,0.982524687,0.916585313,-1.183186441,-1.448961611,-1.552252118,1.244267048,1.529114547,1.663241756,3
-1.125475151,-1.140837598,0.980145549,1.036404257,1.201680942,1.196507962,-0.667766983,-0.704110329,-0.752547637,0.632771821,0.651258254,0.658165623,2
-0.985544508,0.739284085,0.270928235,-1.573283422,-1.85941105,-1.802143725,1.758688665,1.771588975,1.891239173,-1.855760827,-1.82802862,-1.943899711,1
1.660416752,-1.241110755,-1.097736758,1.097345028,0.847165572,0.742387893,-1.243644903,-0.762183237,-1.046235831,1.334589409,0.800203967,1.124753767,1
-1.036428378,0.814488952,-0.102344036,-2.098180882,-1.484136955,-1.394408484,1.928733638,1.279942404,1.593604873,-1.987180507,-1.289691003,-1.595913295,1
0.299273219,-0.263447479,0.146504145,1.72643188,1.505612442,1.448022414,-1.41027456,-1.275115895,-1.579471164,1.50759788,1.345964004,1.689828561,1
1.558649011,0.112576857,-0.600040397,-1.393073208,-1.432727243,-1.417212562,0.697509796,0.894473903,1.20853261,-0.767713642,-0.97445524,-1.335333935,2
-1.125475151,0.488601194,0.270928235,2.374765129,2.434441102,2.357934584,-1.959186923,-2.112339037,-2.153017047,1.927954372,2.060259143,2.017504902,2
-1.125475151,1.240649867,-0.102344036,-2.061813019,-1.759784679,-1.717747894,1.987108479,1.473879175,1.461549329,-1.754896363,-1.228382586,-1.069908378,1
1.291508691,0.363259748,1.017472776,0.700782376,0.982703019,0.932390238,-0.943353232,-1.064697969,-1.210839312,0.988975659,1.102750939,1.258236937,3
-0.362217096,0.375793893,1.764017317,-0.814288636,-1.31493638,-1.298722357,0.494881251,0.733962792,1.163458358,-0.574959221,-0.837821253,-1.353530622,1
0.528250636,1.365991312,-2.180226342,1.315429676,1.573858961,1.554274852,-1.278139174,-1.685922265,-1.885676496,1.370153879,1.806247339,2.057058675,2
-0.107797744,-1.416588778,0.731297369,0.630830264,0.444529891,0.571531327,-0.528131094,-0.177250262,-0.091591787,0.514833333,0.141062784,0.036547633,2
1.418718367,-0.075435311,1.017472776,-0.023586665,0.221143889,0.234123734,-0.423458641,-0.455461047,-0.379321986,0.396283641,0.427978709,0.336884851,4
-1.888733207,1.077705988,-1.844281299,-0.949942594,-1.212886202,-1.328477923,1.477637758,1.360643359,1.308288297,-1.550916496,-1.406095948,-1.361011798,3
0.782669988,-0.639471816,2.012865498,-0.082437026,-0.117426841,-0.108800615,-0.154864891,0.059805121,0.133940064,0.145562334,-0.091956395,-0.186735788,1
-0.28589129,0.613942639,-0.214325717,0.826103837,0.901345522,0.894543537,-0.862566977,-1.130108039,-0.818641687,0.864344058,1.06850814,0.664766926,2
1.800347395,0.237918303,0.370467507,-0.815427077,-1.538425598,-1.520736619,0.274816355,1.010711354,0.951976244,-0.2750133,-0.985446162,-0.872098654,1
0.273831284,-1.604600947,-0.288980171,1.105498347,1.579631293,1.735640914,-1.220412969,-1.200885517,-0.98031212,1.135711336,1.096878639,0.827022275,2
-1.519825147,1.57907177,0.308255462,-0.531273492,-0.758169671,-0.948021975,1.11404497,0.766345563,0.351610984,-1.063350561,-0.667294422,-0.191187982,1
1.685858687,-0.890154707,-0.313864989,0.171841575,-0.487300354,-0.4146655,-0.728817862,0.097218203,0.377920137,0.736599977,-0.151921025,-0.475533643,1
-1.379894503,1.491332758,1.328533002,0.433490626,1.143898123,1.030126404,-0.12018586,-0.979234375,-1.100138563,0.113831131,1.008610799,1.119974675,3
0.273831284,-1.391520489,0.644200505,-0.794310007,-0.954812063,-0.78401759,0.706173077,1.029235513,1.234771034,-0.764730405,-1.072644799,-1.285518349,3
0.528250636,-1.140837598,-1.097736758,-1.890933987,-1.815690404,-1.806297624,1.751512018,1.856188711,1.569233934,-1.449210528,-1.55910612,-1.156599702,3
1.03708934,-0.138106034,-0.600040397,-0.969196759,-0.573012236,-0.505754905,0.483100537,0.274069235,0.365933799,-0.425709528,-0.184231933,-0.224064967,2
0.40104096,-0.012764588,-0.637367624,-0.030099878,-0.358770315,-0.43106481,0.168303323,0.452147678,0.217105911,-0.174147238,-0.458244378,-0.20540596,4
-0.362217096,-1.028030297,2.050192725,0.275576209,-0.001820543,0.049274962,-0.17413878,0.179566898,0.244898239,0.15952991,-0.22049971,-0.303091898,1
0.019411932,1.253184011,-0.724464487,1.169924714,1.290158782,1.239263349,-1.18983241,-1.442200264,-1.313408024,1.06225368,1.319372482,1.105213402,3
-0.362217096,-0.764813262,-0.724464487,-0.944667245,-0.389425763,-0.343858896,1.052144129,0.680215016,0.499000643,-0.948773299,-0.53179062,-0.261770122,3
-0.871055799,0.739284085,-0.525385943,0.000206974,-0.388211105,-0.419505974,0.259784549,0.303052867,0.319738222,-0.296772915,-0.333052881,-0.354159544,4
1.03708934,0.488601194,0.693970142,0.666232679,0.811706355,0.732727191,-1.007645111,-0.97567712,-0.966425055,1.031818453,0.969039943,0.926241091,3
0.948042566,-0.902688852,-0.600040397,0.765470721,0.976284302,0.865131624,-0.809338246,-0.626788905,-0.992226837,0.86604846,0.661866654,1.081415029,1
1.164299015,0.250452447,0.395352325,-0.703160029,-0.85107236,-0.904595575,0.259624227,0.399090887,0.591157713,-0.307567078,-0.459336489,-0.688851227,1
-1.252684827,-0.564266949,1.141896866,1.968917292,1.149920431,1.27660697,-1.491016517,-0.898485656,-0.867005631,1.511909579,0.892383298,0.842810805,2
1.418718367,0.664079217,0.270928235,-0.285234212,0.373655661,0.242937602,-0.141971183,-0.600319259,-0.747890724,0.155624815,0.63529774,0.789367627,3
-0.871055799,0.739284085,-1.719857209,-1.227589171,-1.105491161,-1.034375562,1.254688577,1.005586886,1.248162935,-1.327377096,-1.052683392,-1.312100149,3
-0.616636447,-0.514130371,1.515169137,0.0870301,0.307846113,0.312243242,0.139622954,0.063935467,-0.01696437,-0.182686052,-0.094594535,-0.00959691,2
0.146621608,-0.012764588,-0.226768126,1.791922246,1.610508281,1.670090229,-1.801138481,-1.768466071,-1.647662088,1.8719998,1.813618411,1.677253602,1
0.273831284,1.491332758,-1.931378162,-0.819487031,-0.273747564,-0.361172364,0.727687454,0.218285043,-0.037434315,-0.743810921,-0.180054779,0.107897292,1
-0.489426772,-0.890154707,-0.600040397,-0.052420524,0.249963596,0.229341067,0.188418411,0.008933459,-0.063511084,-0.147460312,0.036372541,0.124007139,3
-1.061870313,-0.789881551,0.768624596,-0.940324017,0.119969144,0.087145293,1.244992607,0.521700317,0.23682347,-0.929670019,-0.281111961,0.087909075,3
1.291508691,-1.140837598,-0.42584667,-0.555521811,-1.211488268,-1.227361378,0.378682865,1.16772458,0.959716508,-0.375839335,-1.157017928,-0.90949356,2
0.528250636,1.115308421,0.84327905,-0.182194302,0.073413318,0.004106981,0.076525005,-0.210034047,-0.293343184,-0.094611274,0.21950448,0.314274388,4
-0.998265475,0.237918303,-0.351192216,0.605615239,0.493155245,0.560175076,-0.406233763,-0.455628515,-0.393379689,0.406995359,0.456663931,0.379521052,1
0.782669988,-0.012764588,0.146504145,0.853221755,1.024081964,1.037132067,-1.175788602,-1.181242992,-0.834704941,1.048116834,1.017130832,0.587270799,3
-1.379894503,-1.266179044,-0.93598544,-1.172126413,-1.287998639,-1.291665647,1.794644834,1.892980034,1.564149744,-1.758559865,-1.815231122,-1.417767516,3
0.528250636,-0.551732804,1.228993729,0.590833224,0.557392317,0.551051471,-0.591594421,-0.427043382,-0.526569957,0.622816014,0.440762555,0.550794764,4
0.273831284,0.237918303,-0.351192216,-0.851618435,-0.896052456,-0.8901703,0.513409219,0.53957529,0.823581647,-0.589548002,-0.616032746,-0.955530979,1
-1.481662244,1.779618082,-0.288980171,0.146730529,0.460460208,0.438809403,0.12275688,-0.358005399,-0.450224528,-0.166492783,0.375191897,0.483607677,2
0.553692571,-2.005693572,0.45756437,1.959000263,0.773270586,0.890675071,-1.760028895,-0.756873453,-0.611134374,1.856952809,0.76454465,0.596789361,1
0.858995793,0.72674994,1.141896866,-1.713077666,-0.824948412,-0.904667243,1.19825845,0.615110501,0.649101424,-1.282674002,-0.65701843,-0.708003741,1
-0.616636447,0.989966976,0.146504145,0.234134338,0.304604646,0.352466703,-0.145743062,-0.406180468,-0.341368874,0.134984801,0.427137473,0.355851218,2
1.03708934,-0.263447479,-0.475616306,0.790722755,0.698839626,0.711623803,-0.977603038,-0.795220799,-0.785904648,1.041262704,0.833453663,0.833276423,1
-1.150917086,0.112576857,0.022080054,-0.022584139,0.220867443,0.253863223,0.443035653,0.076816288,-0.011195577,-0.501940736,-0.094117201,-0.001871772,4
0.808111923,-0.514130371,-0.351192216,0.387803934,0.080446138,-0.032158807,-0.462936831,-0.038654078,-0.197271216,0.483310187,0.018046515,0.190576363,1
0.146621608,-0.263447479,0.644200505,1.258657108,1.766821535,1.82947987,-1.39510034,-1.675290905,-1.446647959,1.368187942,1.607657447,1.297260178,1
-0.909218702,-1.253644899,-1.508336255,-1.440540303,-1.827413303,-1.801638165,1.827303967,2.27310109,2.183186129,-1.896948223,-2.313347543,-2.187428233,3
0.439203863,1.604140059,-0.30142258,0.598520865,0.651061723,0.61914804,-0.709968795,-1.048615161,-1.219973991,0.760460967,1.133694059,1.343961403,3
-0.527589674,0.739284085,2.124847179,-0.419669021,-0.250811089,-0.22276174,0.315700948,0.018078212,0.251266016,-0.37571545,-0.040104135,-0.31071499,1
1.965719974,-1.266179044,-1.632760345,1.755514465,1.113333611,1.046103066,-1.955237051,-1.088853132,-1.234313416,1.998798073,1.05093686,1.180986351,1
-1.634313855,1.115308421,1.179224093,-0.047066733,0.368683271,0.516924699,0.334430286,-0.388374169,-0.158683524,-0.317445669,0.413032407,0.182782709,2
1.418718367,-1.516861935,0.644200505,0.018880373,-0.149807213,-0.29489389,-0.236796609,0.333913581,0.087694956,0.231603279,-0.340961413,-0.082482507,1
-0.998265475,1.742015649,-0.351192216,-0.343273444,-0.206393142,-0.121357743,0.427151368,-0.090924634,0.079838306,-0.44900878,0.106517672,-0.071085375,1
0.273831284,-0.639471816,-1.943820571,1.028618761,1.280542896,1.163833019,-1.091998101,-1.019826902,-0.992190005,1.061931689,0.93061136,0.814621997,2
-0.578473545,-0.263447479,-0.886215804,-2.207051585,-2.025099077,-2.059921711,2.119716402,2.062411519,2.119815064,-2.157763869,-2.075896682,-2.12369376,3
-0.107797744,-1.266179044,-0.351192216,0.228390662,-0.438736989,-0.494236164,0.141366102,0.774313202,0.413331873,-0.123010929,-0.746273717,-0.338335657,3
-0.489426772,-0.852552273,-0.226768126,-1.775330557,-1.602908507,-1.572995821,1.566746852,1.534892663,1.918244591,-1.695493807,-1.663270092,-2.105623822,3
-0.858334832,1.829754661,-1.259488075,1.051582681,1.123268443,1.098679031,-0.524187007,-0.968870279,-1.217591853,0.557954909,1.055223765,1.358548317,2
1.278787724,0.237918303,1.552496364,-0.090406294,-0.031483849,-0.009599702,-0.347775591,-0.242556398,-0.163982226,0.358699646,0.243052536,0.151283314,4
-1.354452568,-0.639471816,-1.7074148,0.648609251,0.460576248,0.478613122,-0.013766468,-0.034427874,-0.121351028,-0.010718094,0.014220911,0.106817139,4
-2.143152559,0.989966976,0.022080054,-1.259805969,-0.84256769,-0.875229125,1.714977123,0.951156671,0.592801476,-1.322724109,-0.574920972,-0.062232263,3
2.181976423,-0.764813262,-0.351192216,-0.291220048,-0.591649792,-0.632608373,-0.354057841,0.270249401,0.320716002,0.359000502,-0.313025051,-0.375267366,1
-1.965059012,0.488601194,-0.848888577,-0.748566468,-0.563189489,-0.434176598,0.958322919,0.628772238,0.97461258,-1.074506328,-0.703163447,-1.111915122,4
0.986205469,-1.178440032,1.017472776,0.142658909,-0.032427082,-0.079138954,-0.296046378,0.060752432,0.019033122,0.303879304,-0.094795994,-0.0562421,1
0.909879664,1.027569409,0.022080054,0.336953227,0.479929411,0.483871569,-0.530469583,-0.696720297,-0.731197149,0.561802752,0.749698025,0.799969662,4
-0.998265475,0.613942639,-0.824003759,0.07157347,0.04987851,0.014790758,0.234316778,0.140137448,0.035751373,-0.28581629,-0.177117391,-0.066827381,4
-0.807450961,0.363259748,0.992587958,1.094084314,1.853059488,1.940615521,-0.931913485,-1.797989359,-1.719241396,0.981915661,1.862111755,1.77021437,1
0.273831284,-0.150640179,0.905491095,-1.848933893,-1.08743175,-1.214063686,1.692565755,1.205568747,0.95376258,-1.539414979,-1.063572264,-0.737494549,1
-0.23500742,0.877159675,-0.873773395,1.322211263,1.141526385,1.131285906,-1.351424783,-1.384169262,-1.297909313,1.379610058,1.390780388,1.254052316,2
-1.074591281,-0.514130371,1.166781684,-1.313245994,-1.371410454,-1.31352909,1.628844642,1.666557322,1.755099994,-1.740686815,-1.7503903,-1.832734108,1
0.528250636,-1.140837598,-1.471009028,0.637535997,0.228743655,0.163919035,-0.567509033,-0.060492,-0.257208984,0.596543847,0.041140353,0.254188419,4
-1.329010633,-0.514130371,-0.724464487,-0.451895936,-0.117120577,-0.019420828,0.776259076,0.600140605,0.776832424,-0.882055874,-0.675832446,-0.888864523,4
0.261110316,0.739284085,2.012865498,0.301120806,0.360395702,0.265110564,-0.400679892,-0.592787328,-0.734321191,0.419816537,0.630142375,0.795823144,4
1.126136113,-1.216042465,-0.848888577,0.668914942,-0.031459337,0.0991185,-0.996678612,-0.226718199,0.035716673,1.057096396,0.207079376,-0.098516245,2
1.03708934,0.237918303,-0.998197485,1.117646059,1.070202931,0.912840517,-1.178998956,-1.101750947,-1.257465374,1.113360977,1.043943213,1.160357612,1
1.164299015,1.491332758,-0.288980171,1.647155107,2.276321607,2.277604322,-1.733773406,-2.366257585,-2.504382683,1.824895887,2.464944792,2.633150379,3
-0.362217096,-1.516861935,1.701805272,0.748557761,-0.171158685,-0.243190683,-0.288387996,0.602264093,0.308167064,0.269858153,-0.64069476,-0.332159905,2
-0.489426772,1.616674203,-0.973312667,0.009539887,0.75166177,0.782859954,-0.200503899,-0.983530366,-0.708202824,0.184948684,0.967973844,0.636756836,3
-0.107797744,0.989966976,-1.097736758,-1.168012978,-1.49795317,-1.495051263,1.085273372,1.151042734,1.199781375,-1.07225946,-1.112799838,-1.133413976,1
-1.125475151,-0.764813262,1.017472776,0.003858783,-0.35119752,-0.345455673,0.488010083,0.689501247,0.41703982,-0.435408204,-0.572120122,-0.240420283,1
0.40104096,-1.291247333,-1.346584938,0.425057318,-0.57393589,-0.498440503,-0.543416567,0.551928165,0.685848683,0.486930781,-0.647380316,-0.809323264,3
0.782669988,0.889693819,1.515169137,-1.372865678,-0.561940134,-0.677056488,1.167815378,0.397488932,0.362202175,-1.180232692,-0.372523892,-0.331768716,1
-0.743846123,0.488601194,-2.130456706,0.516962851,0.696525993,0.804709953,-0.38269927,-0.685671946,-0.665031571,0.391756472,0.721912194,0.705512176,1
-1.100033216,0.86462553,1.428072274,0.308031616,0.52839109,0.361735197,0.10390906,-0.206079699,-0.532152242,-0.137898685,0.202307466,0.561131291,4
1.13885708,-1.64220338,0.395352325,0.238669204,-0.227535514,-0.191885404,-0.405751119,0.230104667,0.340152564,0.420422455,-0.271090214,-0.400808401,2
0.655460312,0.739284085,-0.600040397,1.966189558,1.554993105,1.702245883,-2.017082059,-1.74926635,-1.328424262,1.611644747,1.398541394,0.866988295,3
0.40104096,-1.190974176,0.519776415,-1.713683523,-1.336464467,-1.445599615,1.474110841,1.375232596,1.085610513,-1.075389517,-1.044251579,-0.670311151,1
-2.359409008,1.541469336,-0.102344036,-0.45402863,-0.253242205,-0.286687599,0.970578088,0.513774863,0.443311494,-1.085646961,-0.571614595,-0.501982255,4
1.545928043,-0.012764588,0.494891597,-1.605280567,-1.485316285,-1.640008236,1.15154911,1.195992496,0.79923577,-0.914639772,-0.951233562,-0.447121753,1
-2.270362235,1.240649867,-0.537828352,0.518271492,0.404557885,0.527915069,0.173219532,-0.30975407,-0.180060187,-0.205029496,0.313314416,0.168623913,4
-0.095076776,-1.266179044,1.204108911,-0.910776535,-0.915698648,-0.994854944,0.841659971,1.227018095,1.268197578,-0.95022091,-1.351365631,-1.421289915,3
2.169255455,-0.576801093,-0.898658213,1.547334168,1.095681602,1.143575877,-2.144046812,-1.498724686,-1.50227755,2.207112779,1.525315648,1.519665428,1
0.019411932,0.551271916,0.121619327,-0.394936941,-0.072073706,-0.114286667,0.387146771,0.009833779,-0.036021906,-0.353457695,0.034031173,0.098427659,1
-0.743846123,0.363259748,0.594430869,-0.671523853,-0.370561416,-0.257483703,0.725058385,0.411098893,0.598221626,-0.786634911,-0.438468199,-0.651895482,1
0.184784511,-0.388788925,0.395352325,-1.293142582,-1.622920002,-1.57481767,1.303765056,1.491203377,1.329939396,-1.284627803,-1.393734109,-1.127594964,1
0.019411932,0.237918303,-0.351192216,1.130951323,1.51613208,1.508193923,-1.249090069,-1.516389837,-1.399704624,1.254795608,1.474864766,1.299776967,1
-0.680241285,0.363259748,-1.906493344,-0.876631651,-0.434969331,-0.447492295,1.081585406,0.586438697,0.371809672,-1.127920665,-0.533160376,-0.26195701,3
0.846274826,-2.293978897,1.950653453,1.550166596,0.155334539,0.195581381,-1.335655498,0.160775648,0.139367847,1.351728323,-0.243882902,-0.249092559,1
1.545928043,2.393791165,-1.421239392,-1.177802863,-0.203838989,-0.185921182,0.316500792,-0.654858601,-0.420349726,-0.300811758,0.719476413,0.484999298,2
-0.743846123,-0.138106034,1.714247681,-0.214872258,-0.210555904,-0.203732535,0.389587694,0.357445695,0.406523159,-0.429034729,-0.372303888,-0.428285478,1
0.655460312,-2.168637451,-1.7074148,1.396017267,0.692615368,0.598727441,-1.16787719,-0.250873279,-0.56484358,1.16738275,0.181659996,0.485822431,2
-1.379894503,1.516401047,0.631758096,-0.885682357,-0.685674633,-0.538135614,0.974949311,0.43752434,0.791027649,-1.004047098,-0.422289742,-0.788224798,1
-0.23500742,-0.138106034,1.390745047,0.242970468,0.486217377,0.397582444,0.020001781,-0.122075897,-0.458877149,-0.044498651,0.115071152,0.492287555,4
-1.647034822,1.528935191,-2.155341524,-1.343312501,-1.345034254,-1.204384847,1.580011153,1.098702605,1.198486847,-1.557501183,-1.019105079,-1.053382111,3
-0.514868707,-0.890154707,1.577381182,0.652144598,0.814493664,0.705121357,-0.156323749,-0.165602257,-0.499153077,0.146583271,0.157877469,0.528499003,1
1.202461918,-0.639471816,0.022080054,1.013937714,0.716700516,0.83535367,-1.508941348,-1.027327849,-0.777490649,1.518589108,0.983245669,0.6679655,1
-0.692962253,1.867357094,-0.226768126,0.166648915,-0.489510369,-0.499745702,-0.031367409,-0.03395041,0.160876197,0.026937345,0.035760778,-0.15712582,2
0.477366765,-1.64220338,1.017472776,-1.728808401,-0.857231532,-0.844277822,1.458881606,1.280062976,1.207173499,-1.532583877,-1.323689233,-1.258814125,2
-0.23500742,0.112576857,-0.724464487,2.031425657,0.856676146,0.908693932,-1.753998375,-1.039695717,-0.998705708,1.793502028,1.038746035,0.992815579,1
1.418718367,-0.37625478,-0.973312667,-0.487914301,0.496272584,0.336392002,0.205175458,-0.286196617,-0.609790086,-0.175628119,0.327617239,0.678678687,1
-2.066826753,1.604140059,0.768624596,-0.271608087,-0.1828155,-0.156614568,0.853057167,0.344004235,0.321778295,-0.926967382,-0.362051442,-0.325620615,1
0.299273219,-1.842749693,-0.226768126,-0.086026128,-0.053227237,-0.050004959,0.140521796,0.555813751,0.602668291,-0.180609915,-0.629900474,-0.693577813,3
1.062531275,1.315854734,-0.662252442,0.611928178,0.265830699,0.287980824,-1.157601019,-1.155755314,-0.996559369,1.230646428,1.219222574,1.041474141,3
0.146621608,0.613942639,-0.164556081,0.032355762,-0.053686855,-0.011775126,-0.153870564,-0.146511757,-0.024676194,0.142189131,0.135554183,-0.002546847,2
-0.362217096,-0.388788925,0.519776415,-0.311803611,0.206891613,0.145764352,0.541750815,0.234079073,0.019150108,-0.599488729,-0.251410382,-0.014343952,3
-0.23500742,-1.855283838,-0.400961852,0.185424558,-0.433148307,-0.420123143,0.09465359,0.758829584,0.86711378,-0.129927483,-0.861156917,-1.005774357,3
0.782669988,1.829754661,-0.0525744,0.252567995,0.703680479,0.817826667,-0.815813751,-1.385935481,-1.198657323,0.863381856,1.483408361,1.290572869,3
-0.871055799,-1.140837598,2.012865498,0.861618505,0.097038803,0.06036557,-0.385767698,0.277164618,0.234876942,0.3817337,-0.330357634,-0.298272132,2
-1.252684827,0.237918303,-0.662252442,1.424552321,1.061863018,1.049165567,-1.026668435,-0.943432809,-0.900451761,1.013225715,0.882031931,0.801794947,1
0.273831284,0.237918303,0.022080054,-0.598379401,-0.272635064,-0.155675383,0.380705652,0.10626583,0.331167532,-0.414290483,-0.108670677,-0.348026055,1
0.273831284,0.112576857,-0.102344036,1.04047474,1.195357704,1.014866681,-0.864453794,-0.981105101,-1.324112481,0.891755659,1.013179485,1.389706501,1
0.935321599,-0.263447479,-1.097736758,-0.009947764,-0.018210265,0.118887859,-0.542370425,-0.402577447,-0.100340565,0.569302342,0.41537289,0.070333463,2
-0.387659031,0.363259748,0.022080054,-1.363079524,-1.969072373,-1.942159248,1.563563763,1.829963764,1.673044749,-1.605824355,-1.836876845,-1.592075002,1
0.45192483,-0.012764588,-0.226768126,0.129414074,1.298181407,1.161307727,-0.33336196,-0.976751542,-0.995532295,0.319170932,0.947521817,0.893173006,1
-0.92193967,-0.138106034,1.266320957,-0.125417589,-0.438315535,-0.328308116,0.339837921,0.395411128,0.500510726,-0.263162471,-0.326012971,-0.387410375,1
-0.871055799,-1.516861935,0.022080054,1.820249879,1.084332307,1.135545179,-1.34108471,-0.62752105,-0.533643812,1.208985716,0.466540939,0.285929646,2
0.909879664,2.030300973,-0.600040397,-1.008728238,-0.286149942,-0.357351242,0.607074754,-0.156527615,-0.129227888,-0.595004619,0.218327024,0.214201597,4
-1.634313855,0.225384158,0.706412551,-2.071287155,-1.747673497,-1.744787041,2.156141513,1.791632665,1.91202957,-2.158082351,-1.778756775,-1.879200653,3
0.490087733,0.86462553,-0.102344036,1.289117988,1.388996865,1.356267281,-1.583653157,-1.750642583,-1.671763579,1.659477646,1.799637557,1.673548558,3
0.464645798,-0.639471816,-0.973312667,-0.088855842,-0.239216583,-0.305322577,0.006271944,0.428459706,0.320566222,-0.031791455,-0.489559278,-0.379107957,3
-1.278126762,1.2782523,-0.226768126,-0.075696925,0.357124904,0.382495073,0.408769531,-0.328192613,-0.269516122,-0.470365317,0.342804344,0.278733257,1
1.049810307,-0.050367022,-0.226768126,0.982021053,0.760153907,0.705437362,-1.039176627,-0.827823279,-1.049129102,1.117320481,0.883055089,1.144719167,3
-1.010986443,-1.140837598,1.764017317,-0.87042806,-0.925534417,-0.83471927,0.971727115,1.12540268,1.47365589,-1.087777865,-1.24505791,-1.660573977,3
-0.743846123,-0.764813262,0.320697871,0.153157614,-0.409713352,-0.363021422,0.27716768,0.702102969,0.518403719,-0.294534154,-0.716757198,-0.490512347,3
1.164299015,0.613942639,-1.894050935,1.331297028,1.817764369,1.804397985,-1.629481355,-2.04438525,-2.040162008,1.72451029,2.126985326,2.103852954,1
0.668181279,1.466264469,1.515169137,0.199793598,-0.006402038,-0.193485506,-0.262723657,-0.302428692,-0.493409172,0.266951113,0.313187288,0.535053485,4
2.14381352,0.363259748,-0.102344036,1.004796342,0.783448836,0.890406798,-1.786780859,-1.565029375,-1.058188345,1.818992441,1.51871458,0.940365032,3
-2.232199332,1.604140059,0.893048686,-0.786939575,0.312624642,0.198718016,1.444274914,0.216319171,-0.133873931,-1.494593556,-0.169752561,0.235418188,1
0.909879664,-1.002962008,0.631758096,0.520374269,-0.101083213,-0.080957409,-0.644941661,0.100073979,0.099060849,0.597867207,-0.183290639,-0.203389597,3
0.909879664,-0.263447479,-0.587597988,-0.013765188,-0.037476783,0.016373163,-0.486765927,-0.308729874,0.004219917,0.483693737,0.292031854,-0.059672938,1
-0.23500742,-0.263447479,-1.222160848,-0.496666359,-0.500837352,-0.488830576,0.735223607,0.718243501,0.518848693,-0.738444945,-0.693371293,-0.443221175,3
0.604576441,-0.388788925,2.187059224,1.126478254,0.750611441,0.769592637,-1.364718946,-0.979516688,-0.726661228,1.374107708,0.927958204,0.606553284,3
-1.71063966,0.112576857,-2.267323206,0.42301174,0.364884478,0.345818609,0.186292002,0.085884717,-0.089504392,-0.224174237,-0.108636741,0.080201749,4
0.40104096,1.41612789,0.146504145,-1.163107717,-0.465576792,-0.445677228,0.882912698,0.141693381,0.208074716,-0.860552843,-0.070377061,-0.102916864,2
-0.260449355,-0.000230444,-2.391747296,-0.236671986,-0.988246682,-1.061075686,0.182486994,0.540047713,0.782066569,-0.230233851,-0.627791664,-0.92811772,3
-0.998265475,-0.087969456,-0.799118941,-1.618394207,-1.42693847,-1.403612585,1.5355707,1.324919811,1.661652707,-1.658129193,-1.433050873,-1.820939505,3
1.851231266,-2.043296006,-0.226768126,0.70599718,0.318487427,0.18265126,-1.024314155,-0.067015313,-0.370178497,1.043402782,0.014662743,0.32230644,1
-1.812407401,1.955096106,0.768624596,0.144138519,0.296324177,0.456058212,0.305984865,-0.451858091,-0.178646698,-0.348434377,0.471697677,0.171745482,2
-0.23500742,-0.601869382,-0.102344036,-2.13903529,-1.657953073,-1.764292722,1.657353107,1.461633993,1.060391242,-0.776166096,-0.788986931,-0.193218199,1
-0.871055799,-0.626937671,0.519776415,-1.734289945,-2.084096411,-2.017975226,1.948543597,2.186683694,2.065024906,-1.914379091,-2.136032127,-1.904771102,3
-0.438542901,0.513669483,2.037750316,-1.781253352,-1.31217575,-1.367771749,1.848118593,1.448752091,1.305534497,-1.87383227,-1.438476596,-1.25721755,1
-0.743846123,-0.53919866,-1.247045666,2.133011039,2.01886653,2.038092331,-1.71764963,-1.566386648,-1.597021404,1.676234992,1.523526148,1.531883286,2
-0.107797744,-0.764813262,0.270928235,-0.679086443,-1.085547249,-1.016631671,0.679710039,1.084981381,1.267683296,-0.745381341,-1.171002622,-1.385482648,3
0.655460312,-0.514130371,-0.475616306,-1.112017032,-0.481303392,-0.491425826,0.8447836,0.46603472,0.294072625,-0.740824961,-0.331319445,-0.085015418,2
0.019411932,0.613942639,0.893048686,0.831264227,0.268256706,0.237782207,-0.641822924,-0.263808828,-0.27173608,0.538565906,0.159442462,0.118174412,3
0.273831284,-0.514130371,-0.226768126,-0.225975247,-0.295595672,-0.2352368,0.121320895,0.173838113,0.167901013,-0.103310373,-0.127755942,-0.070286905,3
0.515529668,0.488601194,-0.475616306,0.163827234,0.147221834,0.023818767,-0.371487859,-0.239602111,-0.256596106,0.341340579,0.203457154,0.177915611,1
-0.731125156,-0.639471816,0.270928235,1.138134237,0.82545648,1.001293525,-0.767608338,-0.599747943,-0.316678138,0.728575901,0.497140767,0.158083458,2
1.049810307,-0.263447479,1.278763366,-0.473328509,-0.641663237,-0.627897459,0.228904856,0.409071702,0.230732838,-0.218281872,-0.345456509,-0.088114575,1
-0.743846123,-0.514130371,-0.475616306,1.905175927,1.718593485,1.857921405,-1.388152694,-1.497620857,-1.464149645,1.468928552,1.568369296,1.536201085,2
-0.23500742,0.739284085,1.801344544,0.3427325,0.469067041,0.35104699,-0.083095993,-0.289892684,-0.527086741,0.065490612,0.29995431,0.5750156,4
-1.125475151,0.363259748,0.893048686,0.841245337,0.616856047,0.551996876,-0.407524389,-0.33326758,-0.31515889,0.332331348,0.248839038,0.156930114,2
0.782669988,-1.64220338,-0.724464487,1.645384746,1.714997783,1.775071396,-1.785400883,-1.589152213,-1.460474974,1.766840001,1.533950141,1.338157158,1
0.782669988,2.343654587,0.768624596,0.180151404,0.266440703,0.230117932,-0.480615535,-0.770265213,-0.817666801,0.507388572,0.830911078,0.895489966,4
-0.23500742,0.03737199,-0.724464487,-0.591685952,-0.227310874,-0.267706497,0.627142896,0.382857731,0.411501979,-0.71017094,-0.43836185,-0.481643083,3
-1.252684827,-0.764813262,0.084292099,-0.544122897,-1.342488722,-1.400890551,1.177130626,1.727423307,1.411019865,-1.163543079,-1.65262523,-1.287623048,3
2.118371585,1.428662035,-1.334142529,0.354911494,0.864727485,1.000938091,-1.65405094,-2.037909128,-1.398901382,1.635772771,1.944356956,1.204880479,3
-0.400379998,-1.203508321,0.022080054,-0.21613331,-0.519671084,-0.526880456,0.886674358,1.283604557,0.99006143,-0.945326057,-1.321070794,-0.965044918,3
-1.278126762,-0.514130371,0.270928235,1.473048921,1.890537872,1.954627193,-1.159323495,-1.575762021,-1.483512496,1.193975425,1.594336724,1.457411379,2
-0.616636447,0.613942639,-1.097736758,-1.471968538,-1.085235481,-1.123648705,1.601084435,1.186922895,1.093767452,-1.556854978,-1.129041461,-0.982026036,3
0.108458705,0.613942639,-0.164556081,-0.853416355,-0.086761352,-0.077795133,0.465403359,-0.06418158,0.029228869,-0.535360149,0.054990293,-0.053900371,1
-1.850570304,0.86462553,-0.0525744,-0.808845413,-1.068971227,-1.030085426,1.447995716,1.135131405,1.052917628,-1.318373138,-0.978758005,-0.813220937,3
0.019411932,-0.263447479,-0.102344036,0.647294234,1.003700619,1.031017719,-0.67973434,-1.03875332,-1.008125824,0.71972962,1.092525376,1.068566952,1
-0.107797744,0.363259748,-0.351192216,-2.814690143,-2.180368363,-2.18991031,2.409291611,1.974448108,1.757489262,-2.03167561,-1.592237066,-1.263074825,1
-1.125475151,-1.140837598,-0.351192216,-0.971720753,-1.116060361,-1.00639272,1.174849761,1.395398321,1.572005354,-1.286669442,-1.504332703,-1.717800656,3
1.291508691,1.365991312,0.644200505,-0.573679818,0.223913661,0.116802576,0.15549611,-0.495320317,-0.601885959,-0.139779903,0.539602685,0.657021851,4
-0.743846123,-1.391520489,1.054800003,1.382963913,0.346535693,0.41946029,-1.008377442,-0.088159958,-0.004717105,0.997965512,0.017189412,-0.09525699,2
0.146621608,-0.388788925,-1.508336255,-0.047026309,-0.139611893,-0.124760318,0.010430634,0.099267429,0.159176172,-0.0312142,-0.115902289,-0.182664605,4
0.146621608,1.240649867,0.519776415,0.11840239,0.717330445,0.735515895,-0.337230563,-0.930934062,-0.866245722,0.33818245,0.972071764,0.897388412,3
0.40104096,-1.140837598,-1.346584938,0.958737028,0.724786849,0.671868018,-0.783952754,-0.498597643,-0.711571218,0.837595455,0.518915565,0.762279916,1
-0.743846123,-0.263447479,1.639593227,-0.516374146,-0.767052384,-0.78913535,0.832066889,1.106395343,1.008826655,-0.925776103,-1.194024689,-1.109992519,1
-0.23500742,1.917493673,0.818394232,0.312710296,0.974650022,1.016484102,-0.414912699,-1.23515636,-1.137296155,0.419044364,1.299205717,1.206307916,3
0.909879664,-0.050367022,-0.189440899,-0.363546182,-0.856542494,-0.84514664,-0.115687535,0.320118307,0.67270112,0.101021409,-0.376613044,-0.787462215,2
-1.379894503,-1.654737525,-0.438289079,-0.176273025,-0.487593942,-0.463877333,0.883577411,1.212382305,0.809681905,-0.890034928,-1.186120007,-0.715831753,4
0.782669988,1.365991312,-0.848888577,-1.046794131,-0.64569871,-0.80823197,0.586628915,0.165869232,0.043267354,-0.282227263,0.126797044,0.311219456,2
-0.107797744,-0.113037745,-1.906493344,0.037150838,0.233617087,0.223579652,0.032108144,-0.072918708,-0.131893971,-0.055301826,0.063070274,0.127096849,4
0.782669988,-0.163174323,1.515169137,-0.715443216,-0.326569483,-0.326150686,0.53432438,0.302929352,0.35052343,-0.556388403,-0.309089584,-0.352235426,1
1.50776514,-1.516861935,-0.102344036,0.854959882,0.378070435,0.374827059,-1.257017812,-0.523035249,-0.442670199,1.294367637,0.497021814,0.382904983,1
-0.578473545,-0.263447479,0.482449188,-0.946210351,-1.295820905,-1.249515416,1.405944309,1.506283177,1.141071031,-1.422492649,-1.43345006,-0.944365457,1
0.82083289,1.879891239,-1.558105891,1.323567863,1.920785956,1.837494056,-1.977632934,-2.414184229,-2.214692805,2.003264358,2.386906692,2.08912619,3
-0.527589674,-1.028030297,1.141896866,-0.570429685,-1.210469957,-1.287180384,1.067113655,1.642583447,1.495499914,-1.156026662,-1.732155054,-1.581358972,1
-0.998265475,0.739284085,0.395352325,0.165855136,0.556007936,0.618871152,0.004917353,-0.561746399,-0.346511894,-0.021504129,0.554646845,0.317880126,2
1.240624821,0.112576857,-0.102344036,1.802493032,2.050984729,2.093964856,-2.132101078,-2.249510668,-2.133687095,2.196682451,2.251838365,2.089212214,3
-0.565752577,1.829754661,0.519776415,-0.757022501,-0.600858145,-0.661283138,0.638941913,0.272820968,0.395576014,-0.730763914,-0.318106465,-0.467870371,2
-1.125475151,-1.353918055,-0.724464487,0.666328528,0.455773148,0.554231238,-0.236958721,0.004853082,0.021961128,0.231989909,-0.033752751,-0.062590354,4
1.291508691,1.44119618,1.390745047,-1.018479644,-1.418998792,-1.413359891,0.445005234,0.540439673,0.760973651,-0.492778842,-0.587966206,-0.825807152,4
1.03708934,1.616674203,-0.600040397,-0.827798174,-0.783095642,-0.796772969,0.351959004,0.164168831,0.299217258,-0.322752112,-0.124942054,-0.234336771,4
-0.616636447,-2.018227717,0.270928235,1.379328336,0.567021988,0.623397524,-0.877013319,-0.011986646,-0.113074202,0.829312593,-0.079126919,-0.014159792,4
-0.23500742,2.055369263,-0.848888577,0.925003644,1.593268951,1.483204432,-0.838893233,-1.681679236,-1.922826458,0.875598648,1.773878656,2.052853859,3
0.782669988,-1.704874103,0.768624596,0.084426499,-0.173626616,-0.080251815,-0.369535489,0.092616263,0.336222261,0.381520921,-0.132042718,-0.423052379,2
-0.489426772,1.503866902,0.644200505,-1.234170734,-0.563512632,-0.581265964,1.322504932,0.607808264,0.583390234,-1.382304689,-0.612288309,-0.579826988,1
0.273831284,-1.028030297,-1.097736758,-0.061222189,-0.521717265,-0.460905913,-0.033433104,0.482809368,0.606375601,0.010235388,-0.523777576,-0.643876929,3
-0.489426772,-0.514130371,1.291205775,1.65689964,1.53888124,1.529173677,-1.459655873,-1.350410114,-1.468773475,1.483301928,1.353991327,1.44909451,1
1.164299015,1.44119618,-0.376077034,-1.812944081,-1.411916882,-1.518978733,1.445814265,1.047570695,0.980931136,-1.403524186,-0.998233695,-0.909424941,1
-0.769288059,-0.840018129,-1.097736758,0.861457763,0.317218286,0.322246595,-0.236581253,0.104273582,0.076324434,0.235563185,-0.143879779,-0.122994636,4
0.76994902,0.425930471,-0.600040397,-0.802222392,-0.80302588,-0.87341971,0.317824834,0.410080424,0.493002934,-0.373371895,-0.466726457,-0.573271693,1
-1.367173535,-0.451459648,0.395352325,-0.101857107,0.673064244,0.727032717,0.788135282,0.078873147,-0.07713639,-0.823136587,-0.061280066,0.116344019,3
1.571369978,0.664079217,0.768624596,0.611964958,0.025116116,-0.050174646,-1.408262723,-0.868384167,-0.768963505,1.453330746,0.878323985,0.765438483,3
-0.476705804,-2.068364295,-0.102344036,0.163991586,-0.621908368,-0.605003809,0.457457678,1.393749913,1.276591578,-0.513201275,-1.477565927,-1.364139809,2
-1.672476758,1.240649867,0.395352325,0.525028047,1.118519277,1.244316625,-0.321794036,-1.21006207,-0.956738059,0.313976958,1.230596708,0.945723335,2
1.418718367,0.513669483,-0.102344036,0.537790429,0.46591123,0.348419453,-0.719636568,-0.675605602,-0.835840094,0.76727049,0.717319092,0.905524787,4
0.871716761,-1.91795456,-0.600040397,-1.055504578,-1.801468517,-1.672438052,0.905242539,1.853565373,1.870932724,-0.971351742,-1.90277188,-1.887670144,3
-0.502147739,1.240649867,0.270928235,1.230832476,1.895964096,1.778700339,-1.086880545,-1.784895017,-1.870552866,1.120061826,1.77889038,1.825989345,3
-1.201800957,0.488601194,0.022080054,-1.240980989,-0.889943158,-0.923038134,1.537325866,1.062300181,1.088281025,-1.574997225,-1.055701596,-1.086568889,3
1.596811914,-0.890154707,-0.351192216,1.51686017,1.02957632,1.166779976,-2.034427872,-1.46581891,-1.199903807,2.074884461,1.45294864,1.143647509,1
-0.794729994,-0.890154707,0.519776415,-0.146305805,-0.002612836,0.032021771,0.410292447,0.427197935,0.420433747,-0.481089387,-0.488296716,-0.491889248,3
0.540971603,0.363259748,1.278763366,-1.190192743,-1.249341869,-1.275918624,1.071306175,1.160799672,0.943046619,-1.102474613,-1.121607841,-0.836353109,1
-1.519825147,-0.263447479,-0.861330986,1.870175184,2.017472766,2.029107428,-1.420363968,-1.680460401,-1.582751198,1.435368414,1.642622761,1.488080195,1
0.909879664,1.917493673,-0.973312667,0.616810579,0.70290749,0.68785211,-0.756919819,-1.016851248,-1.105269113,0.81550588,1.105855228,1.225306078,1
-0.107797744,-0.940291285,0.893048686,-0.77282883,-0.6013676,-0.677779562,0.794169067,0.811549495,0.756035848,-0.899717977,-0.917818299,-0.881196129,3
0.528250636,-0.639471816,-0.724464487,0.101120887,-0.008978211,0.049747279,-0.309679489,-0.008667564,0.12345659,0.310847682,-0.017205612,-0.174911469,4
-1.634313855,0.488601194,0.395352325,-0.216509631,-0.246627497,-0.282179971,0.7386858,0.450356607,0.377424892,-0.780183218,-0.463893703,-0.388096966,1
2.360069969,0.927296253,-0.351192216,0.09815995,0.337320068,0.276399751,-1.159364396,-1.082137846,-0.982862131,1.192486079,1.111283922,1.005248003,3
0.146621608,-0.012764588,0.059407281,-0.259524339,-0.23071824,-0.259568317,0.137245575,0.122630447,-0.010491122,0.0266872,0.020015434,0.183457815,1
-1.252684827,1.892425383,-0.525385943,0.844397356,0.932120928,0.912003243,-0.451381658,-0.935595806,-1.033100153,0.450226852,0.971133564,1.07714084,2
2.054766747,-1.040564442,-1.097736758,-0.193132614,-0.894789301,-0.884257559,-0.570928966,0.32763891,0.596579905,0.58635279,-0.390701888,-0.705236103,2
-0.031471938,-1.015496153,1.141896866,1.62436494,1.750590183,1.657327044,-0.983932241,-1.064539489,-1.509112347,1.062673319,1.134427324,1.647226487,1
-0.095076776,1.616674203,-1.097736758,-0.408736384,-0.193385693,-0.114281754,0.034519683,-0.312436717,-0.114861663,-0.067386595,0.324081172,0.096649664,2
0.006690965,-0.514130371,1.664478045,-1.996766711,-2.170987076,-2.093050573,1.88851933,2.092527684,2.119747424,-1.958223368,-2.125006672,-2.083679096,1
0.273831284,-0.514130371,0.270928235,1.051582593,0.884672001,0.785768309,-1.083760539,-0.684324107,-0.586161014,1.039706142,0.587247404,0.389149203,1
-0.565752577,-0.138106034,0.134061736,1.902563833,2.212100442,2.243244326,-1.283236264,-1.763693859,-2.047281265,1.370727735,1.85831593,2.185014876,1
-0.23500742,0.363259748,0.034522463,0.074073463,-0.013098694,0.005709016,-0.097858383,-0.109166715,-0.034665581,0.081551426,0.096540928,0.005586792,1
0.76994902,1.065171843,-0.624925215,-0.816825117,-0.904624872,-0.967530035,0.153204909,0.19737944,0.423308661,-0.197527965,-0.242933102,-0.514738976,2
-0.60391548,-0.965359574,-0.600040397,-0.526234826,-0.454990702,-0.328539954,0.852447169,0.914176428,1.04428289,-0.937777464,-0.989536618,-1.136123771,3
0.337436122,-0.764813262,-0.226768126,-0.234614249,-0.630778313,-0.616237048,0.350645081,0.717359727,0.468132832,-0.338963153,-0.67033384,-0.3427032,3
-0.425821934,0.86462553,0.022080054,1.675213763,2.086789571,2.019829374,-1.654462596,-2.093445564,-1.983837831,1.697468214,2.098183316,1.916679965,2
-0.362217096,0.877159675,1.403187456,-0.282469103,-0.109096811,-0.129396599,0.303558999,0.054918128,0.082701243,-0.356943411,-0.077694956,-0.11420507,4
0.146621608,-1.153371743,-1.234603257,0.599890417,0.237796339,0.223845996,-0.377338515,0.059625474,-0.074319147,0.387311444,-0.095253227,0.046293057,4
1.278787724,-0.890154707,1.403187456,-0.483229919,-1.390776716,-1.458964413,0.101752046,1.190237383,1.16251886,-0.115943252,-1.215328761,-1.185878888,2
-1.379894503,-1.015496153,0.893048686,-1.61026299,-1.45740393,-1.400592536,1.957980705,1.922459712,1.889020606,-2.002256934,-1.935750085,-1.863430926,3
0.782669988,-0.263447479,-0.102344036,1.725567459,1.502593743,1.428871069,-1.76071701,-1.470945022,-1.524872536,1.731077982,1.391669231,1.394824168,1
0.935321599,1.616674203,-0.600040397,0.156345324,0.457773997,0.467137114,-0.602873776,-0.988393817,-0.950854045,0.64184582,1.069105767,1.043383185,4
-1.278126762,-0.1005036,0.893048686,0.239614518,0.319376758,0.282156195,0.342690027,0.173319363,0.05239824,-0.405488315,-0.214607808,-0.086705715,1
1.342392562,-1.930488705,-0.226768126,0.285540956,0.063756523,0.091677841,-0.649930026,-0.097973418,-0.009938554,0.693813627,0.078830025,-0.028584109,2
-1.685197725,1.71694736,-0.102344036,-1.293412626,-0.907548761,-0.863792373,1.452077648,0.8081931,1.085015018,-1.557766924,-0.850872937,-1.16224019,1
1.851231266,0.112576857,0.893048686,1.060459082,0.291449527,0.313233372,-1.59676567,-0.989265603,-0.911641469,1.664165082,1.002683681,0.896161807,3
-0.069634841,-0.23837919,-0.724464487,-0.878670997,-0.437666813,-0.485872306,0.785005898,0.656953101,0.634724087,-0.874457492,-0.721707846,-0.700451538,3
-1.468941276,-0.639471816,0.644200505,-0.181959173,-0.424415068,-0.325268336,0.878788067,0.900179846,0.737964954,-0.846039055,-0.84745647,-0.601941129,3
1.482323205,1.190513289,0.420237143,0.915177196,1.025188868,0.992997067,-1.684561233,-1.780013994,-1.506705577,1.66610665,1.748165836,1.368137703,3
-0.680241285,-0.840018129,0.134061736,0.84726283,0.536901439,0.519622084,-0.313622686,-0.044483376,-0.11048008,0.319105808,0.021082398,0.087280961,1
0.273831284,-1.64220338,-0.985755076,-1.587916561,-0.97960282,-1.002365912,1.606291791,1.466429999,1.196984335,-1.615544814,-1.426631568,-1.080837558,3
0.782669988,-0.589335238,0.270928235,-0.579565122,0.127089257,0.145368637,0.414205476,0.0802227,0.023891201,-0.443370196,-0.07561986,-0.001917113,2
1.024368372,-0.890154707,0.022080054,-0.047466223,-0.37015598,-0.433768329,-0.184495938,0.398939319,0.21054783,0.179118959,-0.419144593,-0.214227516,2
1.545928043,-1.015496153,0.146504145,0.253158692,0.029127813,0.087909953,-0.599141053,-0.14019702,-0.055210022,0.54406191,0.077090728,-0.023491514,1
-0.489426772,0.112576857,-0.724464487,0.922324889,0.713103755,0.703604726,-0.78160829,-0.676206364,-0.524563319,0.786127385,0.633636278,0.427151474,1
0.273831284,0.363259748,0.893048686,-0.012614829,0.554312846,0.531605919,-0.170547762,-0.588466672,-0.659224803,0.160916783,0.609815238,0.682496272,3
-0.743846123,-1.140837598,0.270928235,-0.751816671,-0.717338119,-0.68421881,1.090673805,1.058721786,0.903669387,-1.069768864,-1.000296909,-0.778235985,3
0.909879664,1.365991312,0.022080054,0.178794641,-0.250155595,-0.211725211,-0.42766541,-0.19914204,-0.082595777,0.375528136,0.136287024,0.009198778,3
0.630018377,-0.012764588,-0.102344036,1.426962706,1.607119994,1.470141271,-1.702079758,-1.683156086,-1.694268376,1.757782565,1.688299247,1.640503695,1
-0.33677516,-0.890154707,-0.226768126,-1.664269586,-1.11026384,-1.083561146,1.77475696,1.503841869,1.323588537,-1.771290751,-1.442335864,-1.219286908,3
-0.107797744,0.989966976,0.146504145,2.000133806,1.686631692,1.677308674,-1.864153223,-1.833809338,-1.715281274,1.817989558,1.760476118,1.601734866,3
-0.616636447,-1.303781477,-0.226768126,-1.581110315,-1.793369898,-1.76611959,1.80739591,2.028481335,1.817367702,-1.647273872,-1.872631726,-1.530050178,3
-0.743846123,-0.890154707,0.022080054,1.274795956,0.913445296,0.956797445,-0.871903727,-0.529323401,-0.380343051,0.651110491,0.295598012,0.03168321,2
0.146621608,1.616674203,0.880606277,0.843481584,1.028640462,0.943544165,-0.977133847,-1.285290819,-1.249634255,0.974197856,1.277630979,1.20527527,3
2.169255455,-0.388788925,-1.83183889,-1.625518512,-1.846435888,-1.889991382,0.931649704,1.392048674,1.189431718,-0.888908742,-1.291699211,-1.019199148,2
-1.507104179,0.225384158,1.017472776,-1.66156968,-1.927245783,-1.859462965,1.815432735,1.87672691,2.026676429,-1.843549477,-1.891094049,-2.001214266,1
0.782669988,-0.877620563,-0.139671263,1.904017865,2.184814098,2.13770896,-1.859730914,-1.882156764,-2.014156675,1.840001669,1.848811978,1.923543763,1
1.278787724,-0.890154707,-2.180226342,-0.495220754,-0.924611251,-0.926304451,0.124994083,0.7946298,0.988379751,-0.158574728,-0.878016011,-1.115130992,4
-1.112754184,1.879891239,0.768624596,0.697378216,1.113311755,1.101431843,-0.350836945,-1.137885772,-1.307540014,0.357055766,1.211814492,1.415693652,3
-0.743846123,-1.028030297,1.340975411,0.079520556,0.017149841,-0.009968531,0.200354815,0.345297553,0.269137825,-0.240906393,-0.400021626,-0.329002766,2
0.019411932,0.989966976,-0.674694851,-1.553189579,-1.760188042,-1.717475898,1.360946229,1.321327761,1.406917965,-1.243016628,-1.194794001,-1.239797058,1
1.851231266,0.187781724,-0.973312667,1.532140694,1.977052759,2.008097703,-2.187072511,-2.287918287,-2.133514788,2.097792705,2.210854653,1.989611994,3
-0.92193967,-0.200776757,0.893048686,-1.438074918,-1.312351377,-1.295105826,1.693244264,1.491546297,1.602548551,-1.700177271,-1.506811543,-1.591614917,1
-2.181315461,2.017766829,-1.794511663,-0.967820608,-0.725674218,-0.679743181,1.404485692,0.71001795,0.856373512,-1.484874452,-0.715406792,-0.843646848,4
1.164299015,-2.043296006,0.893048686,1.280871859,1.043063356,1.036548736,-1.344130835,-0.789623645,-0.906676813,1.365891387,0.758438453,0.842187972,1
1.126136113,1.365991312,-1.222160848,-0.323696277,0.113584019,0.003398609,-0.242507692,-0.501439691,-0.584370989,0.242315059,0.527408587,0.624530812,1
0.13390064,-1.391520489,0.519776415,0.975939058,0.658829988,0.737723866,-0.693307559,-0.459111069,-0.423663877,0.744167061,0.480748361,0.441890447,2
-0.400379998,1.365991312,-0.226768126,-0.198387986,-0.185184681,-0.147640537,0.122787359,-0.082085348,0.00666854,-0.165748346,0.066844119,-0.040355347,2
-0.782009026,-0.138106034,1.266320957,0.763430624,0.826306226,0.727297458,-0.172870208,-0.278992983,-0.574173185,0.165615168,0.286199703,0.626503501,4
1.177019983,-0.764813262,-0.475616306,-0.493380884,-1.077544796,-1.026819305,-0.065685951,0.615888334,0.98617277,0.047942813,-0.701687949,-1.145005759,2
-1.774244498,0.363259748,1.490284319,0.064022875,0.489829388,0.547512994,0.337144426,-0.191939669,-0.195991696,-0.398669442,0.188204298,0.189680588,1
-0.489426772,-1.015496153,-1.44612421,0.236097,-0.049787967,-0.101083286,0.183900541,0.556274013,0.287595264,-0.216377909,-0.60880573,-0.319840991,4
1.545928043,1.917493673,-0.102344036,-0.221544857,0.504479413,0.52971784,-0.486185593,-1.183078984,-1.008279981,0.500185576,1.255674754,1.073533517,4
0.744507085,-1.943022849,1.21655132,0.015822036,-0.848015112,-0.832412814,-0.084438171,0.937716856,1.050998911,0.073090251,-1.027385002,-1.164748329,2
-0.196844517,-0.012764588,-0.550270761,0.176113344,0.428215674,0.358346733,-0.073493151,-0.201501283,-0.397088868,0.055166622,0.194796307,0.40069532,1
-1.634313855,0.488601194,0.270928235,-0.348855849,0.027143288,0.104437574,0.786822481,0.141170059,0.277081988,-0.821366593,-0.124545299,-0.257924223,3
1.584090946,-0.012764588,0.644200505,-0.256777903,-0.450315572,-0.434085039,-0.247009942,0.062779341,0.122696651,0.227094725,-0.08483349,-0.13964573,4
-1.672476758,-0.514130371,-0.0525744,1.470965625,1.191224907,1.180935209,-0.885218383,-0.778069604,-0.810856562,0.896217624,0.753184148,0.745981501,1
0.655460312,1.240649867,-0.525385943,-0.282125364,-0.523564902,-0.505381466,0.064655419,0.122220047,0.253309837,-0.088589035,-0.144605235,-0.288318075,2
1.062531275,-1.015496153,-0.475616306,0.981246704,1.193066443,1.227486299,-1.145166649,-1.170629855,-1.242936817,1.226605921,1.237778697,1.314645218,1
-1.02370741,-0.138106034,0.930375913,-1.612340448,-1.743748232,-1.880573804,2.032547576,2.107437211,1.608109534,-2.009966826,-1.953288294,-1.379742022,1
-0.743846123,-0.388788925,-1.632760345,1.453312591,1.774661613,1.879117695,-1.446162358,-1.65809799,-1.214530712,1.316774996,1.426047214,0.899628653,2
1.03708934,1.491332758,0.768624596,-1.670206506,-1.458724044,-1.501216864,1.313109774,1.044743423,0.843763347,-1.156884715,-0.869277734,-0.584314873,2
0.909879664,-0.012764588,-0.724464487,0.735007953,1.075865401,1.05049064,-0.660508185,-0.843514374,-1.085962739,0.697489571,0.904932613,1.195133173,1
1.393276432,-2.131035018,-0.226768126,-0.641200792,-1.23079013,-1.258095199,0.05896599,1.084439619,1.305280952,-0.087868231,-1.206998004,-1.490033553,3
-1.481662244,0.989966976,1.017472776,-0.073897878,0.101977737,0.213928526,0.342189425,-0.215532147,0.009618224,-0.396171079,0.211361847,-0.04121444,1
-0.362217096,-1.140837598,-0.102344036,-0.702197903,-0.720383882,-0.817231718,1.079780763,1.195551808,0.741998818,-0.99866771,-1.058027118,-0.524004329,3
2.131092553,0.363259748,0.395352325,1.470552956,0.999576734,1.111692639,-2.155559093,-1.683514241,-1.223509461,2.127839246,1.537883083,0.985898513,3
-1.71063966,0.488601194,-0.226768126,-0.545680894,0.016625154,-0.080960516,1.113735116,0.53487137,0.286128184,-1.209189182,-0.55684713,-0.281892932,4
-0.845613864,-0.250913335,-2.242438388,1.148725539,0.572185227,0.669319973,-0.581355337,-0.374654434,-0.286871476,0.60143667,0.370466166,0.264651838,4
0.019411932,-1.266179044,0.395352325,-0.408584362,-0.558732035,-0.50141299,0.500198764,0.78544198,0.806180625,-0.555743508,-0.837446305,-0.850831812,3
-0.107797744,1.804686372,0.146504145,1.264102438,1.575440836,1.517250151,-1.184801986,-1.719737405,-1.901476488,1.261330228,1.821805804,2.024786323,3
-0.743846123,-2.206239885,0.768624596,-1.029293717,-1.294141795,-1.267010993,1.347612055,1.845809493,1.80404758,-1.446186501,-1.938729367,-1.899989178,3
0.019411932,0.488601194,0.880606277,-1.411497492,-0.071794445,-0.111221871,1.003394891,0.009771109,-0.137017383,-0.4772947,0.332855664,0.525141629,1
-0.489426772,1.804686372,-1.471009028,0.95429835,0.764821009,0.840791779,-0.981699561,-1.22340772,-1.047225914,1.034141028,1.288038642,1.09673081,2
-0.616636447,-0.702142539,1.515169137,-0.648027015,-0.694126625,-0.728806965,1.031418701,1.149334309,0.977985844,-1.109089962,-1.226672795,-1.046480275,1
0.655460312,-1.266179044,-0.848888577,-0.200705933,-0.818409127,-0.791749471,0.191579431,0.79369742,0.648408877,-0.17345473,-0.723632382,-0.518141223,3
-0.616636447,1.491332758,0.395352325,-0.518560424,0.366710802,0.328201958,0.360461882,-0.524048182,-0.405334065,-0.246925776,0.584085361,0.448439841,2
1.558649011,-0.138106034,0.644200505,1.440263538,0.955994666,0.978051064,-1.866978669,-1.298999317,-1.017824309,1.741544727,1.143909065,0.77298624,3
-1.519825147,0.839557241,-0.351192216,-0.531492393,0.165337649,0.204789959,0.886260807,0.106673438,0.109280062,-0.930220614,-0.082231707,-0.065018834,3
1.77490546,-0.050367022,-0.600040397,0.864188315,0.488253729,0.453606108,-1.415229356,-0.981713413,-1.049528069,1.461638922,0.997112423,1.055392435,3
-0.97282354,-1.704874103,0.768624596,0.784311048,0.722880568,0.675467266,-0.024661545,0.159572292,-0.114022558,0.00153316,-0.200933631,0.101283105,2
-0.616636447,-0.138106034,-1.222160848,-0.365461994,-0.942165603,-0.902294127,0.509763784,0.947934825,1.05506137,-0.568777585,-1.021517442,-1.162109389,3
0.782669988,1.629208348,0.395352325,-0.05077562,0.411152696,0.462024804,-0.513777879,-1.073290775,-0.749156697,0.52466232,1.117009358,0.757805244,3
-0.489426772,0.187781724,-0.475616306,0.815343311,0.719223386,0.597417764,-0.356009496,-0.373445477,-0.715080694,0.364995971,0.385452068,0.773305121,2
0.019411932,-1.353918055,2.11240477,-1.005316714,-1.529790412,-1.426706275,1.062928426,1.676463771,1.702933345,-1.111303074,-1.717183396,-1.731382276,1
0.273831284,0.613942639,-1.44612421,-0.105214208,0.691441338,0.650748654,-0.139785961,-0.787411128,-0.660532322,0.132393812,0.778722471,0.614579569,1
0.45192483,1.955096106,-0.923543031,0.141368394,0.092332274,0.090445628,-0.465431864,-0.797397579,-0.829388449,0.49084085,0.856308464,0.901004891,3
-2.066826753,-0.977893719,-0.848888577,-0.452579174,-0.486886373,-0.523205114,1.293982547,1.437892852,1.347458521,-1.407882442,-1.543178325,-1.455477874,4
1.736742557,-1.015496153,0.395352325,0.432092753,0.027316957,0.142437742,-0.851494405,-0.314670105,-0.084296734,0.873066392,0.288071293,0.028564386,4
-0.680241285,0.86462553,0.917933504,-1.159988692,-0.086333039,-0.155706703,1.145696102,0.205492412,0.038271232,-1.135279639,-0.129200301,0.086302894,1
0.019411932,0.237918303,-1.371469756,1.919277248,1.481200924,1.474894026,-1.755099443,-1.480618946,-1.541001006,1.7484584,1.456241409,1.48906931,1
1.202461918,-0.138106034,1.900883817,0.358624302,0.054965267,0.111330907,-0.669314771,-0.454001429,-0.314927269,0.719097678,0.477739409,0.320096924,4
-1.92689611,-0.138106034,-0.17699849,-1.065254916,-1.369663317,-1.33530101,1.638948195,1.837222656,1.756452204,-1.767426954,-1.932052954,-1.821410639,3
1.596811914,0.112576857,0.196273781,1.188042832,1.502322154,1.408358825,-1.645400576,-1.76613851,-1.756941226,1.718804839,1.804158596,1.760455188,3
-1.176359022,0.764352374,-0.836446168,0.143564783,0.372996397,0.426031606,0.118572502,-0.246569056,-0.222977436,-0.158259489,0.251163057,0.223597163,4
-0.362217096,-1.667271669,-1.346584938,-1.37287346,-1.394193323,-1.409867137,1.570570621,1.751768606,1.635982807,-1.573327603,-1.739066249,-1.575265312,3
0.566413539,0.112576857,-1.296815302,-2.072481385,-1.949760656,-1.995732704,1.589569763,1.706576722,1.837991305,-1.676087394,-1.75303615,-1.899377671,1
-1.92689611,0.739284085,0.022080054,2.008029077,1.95591223,2.051804092,-1.529506228,-1.847850662,-1.727893277,1.555403145,1.862680468,1.708940141,2
1.927557071,-0.388788925,1.266320957,-1.77879845,-2.201360129,-2.297445061,1.391491024,1.940205908,1.726804317,-1.411538465,-1.917541831,-1.645454552,2
-0.692962253,-0.890154707,-0.848888577,-0.567364081,-1.327520476,-1.336450151,0.885446997,1.540565973,1.582114883,-0.983657145,-1.662549854,-1.726067984,3
-0.489426772,-0.012764588,1.639593227,0.388968385,1.278635765,1.27680325,-0.227551114,-0.970790349,-1.084318135,0.218400445,1.000771487,1.122126809,4
0.909879664,0.739284085,-0.42584667,0.086250155,-0.693946597,-0.657724956,-0.542487629,-0.026003503,0.315536095,0.560271442,-0.004430871,-0.396590627,4
0.299273219,-1.266179044,-1.271930484,0.742927281,1.127303856,1.152280882,-0.633666165,-0.714723883,-0.888079581,0.674046195,0.756872551,0.95555376,2
0.311994187,-0.138106034,-0.102344036,-0.282974684,-0.851799387,-0.912050606,0.230564444,0.886838026,0.838751936,-0.276205029,-0.964523439,-0.924346992,1
-0.934660637,1.365991312,1.266320957,0.71350749,1.388156865,1.456378889,-0.435643008,-1.373990974,-1.394173617,0.450022679,1.45697511,1.492591012,3
0.40104096,-0.639471816,0.233601008,-1.073422937,-1.078834762,-1.079587801,0.80524867,1.01229114,1.182653697,-0.895559167,-1.108503484,-1.31541823,1
0.591855474,-0.890154707,-1.06040953,1.20476503,0.627684616,0.599876369,-1.135157618,-0.610526625,-0.642190211,1.211024218,0.62055522,0.647704325,1
0.108458705,1.491332758,1.104569639,-0.688333892,-0.199926739,-0.22225294,0.321856208,-0.068485647,-0.103950964,-0.381606019,0.056605789,0.092808783,4
-0.006030003,-0.388788925,-0.81156135,0.657394957,0.666404369,0.725807812,-0.581886065,-0.659326922,-0.545635264,0.615236666,0.694896095,0.568019125,1
-0.616636447,-0.514130371,0.022080054,0.541906134,0.439946338,0.454486616,-0.118352582,-0.090100656,-0.190870944,0.104616641,0.075026446,0.185333046,4
0.146621608,1.654276637,0.519776415,-0.268701578,-0.301442621,-0.331638746,-0.015974008,-0.238024292,-0.151458275,-0.00883523,0.241243123,0.140904342,4
0.426482895,-1.053098586,0.507334006,0.370739174,0.628630982,0.653947477,-0.351323487,-0.248629518,-0.325428437,0.364013737,0.250854032,0.337041702,1
0.044853867,1.027569409,-1.209718439,-1.227872306,-0.738966509,-0.937969754,0.989715778,0.545905875,0.454154501,-1.083075742,-0.596127304,-0.501857324,4
0.235668381,-0.514130371,-0.68713726,0.157860517,-0.157692243,-0.241273132,-0.098975008,0.307781132,0.225050866,0.083580602,-0.363031471,-0.282756237,4
-1.379894503,0.488601194,0.270928235,0.041004782,0.421248372,0.548512498,0.135920443,-0.379816571,-0.247007032,-0.179849931,0.394510995,0.243973572,4
0.655460312,0.112576857,-1.222160848,-1.259223338,-1.093602578,-1.047869049,0.972882459,0.939277981,1.170685927,-1.061660219,-1.009462201,-1.267797684,4
0.858995793,0.613942639,0.146504145,0.428278564,0.225375013,0.185165749,-0.865144809,-0.664095335,-0.59619174,0.894141297,0.667216727,0.571962971,3
-0.095076776,-0.639471816,-0.226768126,1.310275198,1.356753144,1.261746074,-0.786147546,-0.816512127,-1.233993309,0.842624683,0.869582732,1.350766642,1
0.273831284,-0.764813262,-0.102344036,0.070654941,0.081229932,0.097951237,-0.173940411,-0.002109721,0.011304758,0.167122669,-0.022035577,-0.045026565,4
-0.374938063,1.365991312,0.644200505,-1.649201503,-1.92922927,-1.833177558,1.463176914,1.386905494,1.699553424,-1.580785713,-1.455559441,-1.781994174,1
0.057574835,0.827023097,-0.848888577,-1.286900871,-1.340577777,-1.307512898,0.848379417,0.77975307,1.027416298,-0.950385224,-0.864135719,-1.149869896,1
0.0321329,-1.604600947,1.266320957,1.45512601,1.419870363,1.448282699,-0.992764115,-0.726081544,-0.856264853,1.0567438,0.755642101,0.891979646,1
-1.545267082,-0.388788925,-0.600040397,0.164546403,0.203959756,0.174623138,0.420370653,0.330545659,0.126154687,-0.487810881,-0.380244459,-0.158659382,4
-0.616636447,1.666810781,1.253878548,-0.039123641,0.253534468,0.284567132,0.017854296,-0.450355801,-0.318967675,-0.040792667,0.476632321,0.333064101,4
1.876673201,-1.817681404,-0.040131991,0.539575407,0.103282146,0.042098799,-0.848892282,-0.174063867,-0.234548472,0.905003322,0.156904607,0.217089071,1
-0.056913873,-0.263447479,-1.271930484,-0.289347954,-0.447473466,-0.454715105,0.29982875,0.528018861,0.538116349,-0.354784285,-0.587943262,-0.6118259,3
0.184784511,-0.012764588,1.278763366,-1.171910463,-0.978967717,-1.065041485,1.167258838,1.085535451,0.828059904,-1.170550839,-0.972957274,-0.654779843,1
-0.743846123,-0.514130371,0.395352325,-0.652097888,-1.206324606,-1.141514901,0.775963805,1.196672231,1.460079815,-0.848726802,-1.294310256,-1.596235478,3
1.342392562,-1.266179044,0.519776415,0.968322573,0.770054146,0.653953325,-1.079083406,-0.535109667,-0.792141715,1.133997998,0.53154195,0.797831377,4
-0.413100966,1.115308421,-0.600040397,-0.22039971,0.363775445,0.368933045,0.20579305,-0.490675862,-0.441913079,-0.249946821,0.508972589,0.456776136,2
0.617297409,0.676613362,1.390745047,0.157113194,-0.160055969,-0.117158725,-0.522241701,-0.381392844,-0.23530242,0.546056241,0.389234993,0.222308321,4
0.413761928,1.365991312,-0.973312667,1.47828561,0.571968692,0.720905272,-1.682895972,-1.314257301,-0.827027484,1.673676669,1.216819345,0.651250297,3
0.45192483,-1.516861935,-0.475616306,-0.728127169,-0.544569317,-0.494187859,0.357475224,0.657438818,0.891898944,-0.424017933,-0.7502251,-1.038326478,3
-2.194036429,1.478798613,0.631758096,-1.06468899,-1.139185128,-1.094462092,1.682805829,1.213165188,1.086516728,-1.623438116,-1.111899627,-0.873620154,1
-0.909218702,-0.012764588,-0.102344036,-2.098601932,-2.031770404,-1.99203435,2.254713469,2.121416022,1.982579047,-2.23044783,-2.05751217,-1.791621329,1
-1.379894503,0.551271916,0.768624596,1.781184592,1.946339881,1.890713544,-1.218947258,-1.482354859,-1.41209257,1.067418289,1.336929048,1.133355137,2
1.800347395,-0.150640179,0.693970142,-0.112192272,-0.628669204,-0.746609799,-0.338744785,0.202497599,0.157777809,0.335303389,-0.247342943,-0.210764264,4
-0.362217096,0.17524758,-0.152113672,-1.039849891,-0.349634905,-0.234666635,0.883013831,0.280581907,0.442223596,-0.81486982,-0.18760454,-0.309159032,1
0.019411932,-0.012764588,-0.102344036,-0.923772876,-0.323324147,-0.309445028,0.810824591,0.331879074,0.208133419,-0.591666196,-0.132109467,0.037198525,1
0.273831284,1.165444999,1.963095862,0.040134463,-0.384690025,-0.426992506,-0.189461073,-0.057144472,0.001402884,0.150052962,0.048279208,0.007040677,4
-0.23500742,-0.388788925,-1.645202755,1.055996278,0.931634553,0.863370323,-0.848295695,-0.645186523,-0.712116246,0.806292696,0.575343391,0.591072989,1
1.914836103,-0.388788925,1.017472776,0.10502144,-0.117693059,-0.143501296,-0.645951701,-0.178238864,-0.181677987,0.66531751,0.165047764,0.162936616,4
-0.731125156,1.491332758,-0.724464487,-1.203621699,-0.797484542,-0.72577197,1.253621425,0.521443308,0.600788714,-1.219908469,-0.423269667,-0.434351383,1
0.0321329,-1.015496153,-0.973312667,0.76084867,1.241215361,1.36566431,-0.534995572,-0.846650188,-0.949994571,0.569932487,0.912681768,1.04506829,2
-1.163638054,0.488601194,-0.475616306,-0.108032223,-0.057032511,-0.018503148,0.218977716,0.109470978,0.231660199,-0.273300112,-0.147027864,-0.298524475,4
0.528250636,0.363259748,0.519776415,-1.619440576,-1.532664657,-1.591544413,1.334766671,1.299706061,1.41618063,-1.415078965,-1.363417278,-1.49035846,1
0.146621608,0.237918303,-0.226768126,-0.325437885,-0.339680824,-0.439441069,0.38481135,0.385715552,0.129452771,-0.274875288,-0.275354338,0.014779608,1
-0.998265475,1.71694736,0.868163868,0.914620384,1.54767496,1.45670602,-0.548680343,-1.31488285,-1.664318705,0.571157421,1.401900112,1.804847249,3
1.03708934,-1.742476537,-2.317092842,0.152648757,-0.382987735,-0.381411629,-0.281532693,0.439428402,0.461853153,0.285115165,-0.510992628,-0.556463617,4
-1.125475151,2.13057413,2.037750316,-1.191720035,-1.204712874,-1.078991924,1.142704152,0.729570435,1.066786999,-1.218594311,-0.751173244,-1.108287962,2
0.655460312,0.087508568,-0.251652944,0.727256459,0.881857415,0.827390429,-0.853831379,-0.95372032,-1.008465997,0.858284034,0.962205471,0.994365337,3
1.189740951,-1.629669236,-0.600040397,-0.857884681,-0.8255575,-0.79743209,0.631579579,1.035306653,0.976753982,-0.654106001,-1.051204509,-0.953665583,3
-1.65975579,-0.138106034,-0.475616306,0.673115312,0.582640619,0.507698647,-0.050506477,-0.147377043,-0.313635512,0.052794166,0.146256399,0.295835172,4
0.019411932,-0.138106034,1.266320957,0.063176121,0.333135,0.429755364,-0.217155747,-0.414728611,-0.181626043,0.189102693,0.387290692,0.135594021,3
1.418718367,0.989966976,0.022080054,0.199202279,0.045649729,0.027441438,-0.646274291,-0.49487382,-0.392033173,0.634488637,0.468550393,0.334056321,3
-0.362217096,0.112576857,-0.973312667,1.229287533,1.433638975,1.349014027,-0.924211053,-1.158754547,-1.462556171,0.971166921,1.223024859,1.568173723,2
-0.743846123,0.739284085,0.146504145,0.116435176,0.168070502,0.268552585,-0.063708301,-0.218440972,-0.067734143,0.044545753,0.220023598,0.045961911,1
0.528250636,-1.140837598,0.022080054,0.13962112,-0.365697417,-0.467924169,-0.025467675,0.498161056,0.353056758,0.004135218,-0.574447834,-0.428728718,3
-0.23500742,0.977432831,0.768624596,-1.849718943,-1.570866605,-1.456532699,1.535496521,1.110475928,1.322308606,-1.46927849,-1.006552753,-1.142154552,1
0.273831284,0.237918303,1.266320957,-1.329772267,-1.33614782,-1.41618784,1.290189394,1.408024886,1.255014361,-1.354170206,-1.429051874,-1.253842703,1
-1.379894503,-0.263447479,-0.724464487,0.53643691,0.499471717,0.532815469,-0.007821924,-0.148675107,-0.185838482,0.006764368,0.142585389,0.17261471,4
1.545928043,-0.138106034,-0.226768126,1.30726471,1.12993758,1.149328736,-1.758768457,-1.478641772,-1.373109413,1.797294425,1.458390412,1.333789503,3
0.655460312,0.488601194,1.35341782,-1.240104624,-1.303682,-1.40299693,0.730733401,1.036638188,1.046268966,-0.80374355,-1.075070936,-1.089827,1
-2.270362235,0.112576857,-0.438289079,0.62277969,0.646199491,0.821670404,0.193352077,-0.295404427,-0.066522233,-0.228162502,0.268135737,0.017873465,4
2.118371585,0.613942639,-0.475616306,0.919305927,1.446639016,1.346188547,-1.496725383,-1.701404706,-1.9552478,1.588339594,1.79820241,2.082729759,3
0.782669988,-0.890154707,1.714247681,-0.951847556,-1.692696853,-1.669718089,0.82040187,1.528426202,1.496929725,-0.799085806,-1.50186744,-1.409609468,1
1.609532881,0.86462553,-1.918935753,0.976099586,1.795679428,1.67979793,-1.682818605,-2.085062493,-2.037767823,1.684438674,2.054727015,1.939952948,3
-0.489426772,-0.764813262,1.179224093,1.136364796,0.844921294,0.948532449,-0.979903619,-0.741335237,-0.618134007,0.967364215,0.711205535,0.564445744,4
0.782669988,0.989966976,0.196273781,-0.693043032,-0.51617979,-0.496506812,0.281976201,0.142985956,0.307716588,-0.313148605,-0.156193966,-0.336754521,4
-0.998265475,0.488601194,-1.184833621,1.109071537,0.92548804,0.919111725,-0.769103915,-0.843234302,-0.893396551,0.793963996,0.873075577,0.922337088,1
1.03708934,-1.391520489,0.395352325,-0.05080891,-0.878498401,-0.931560132,0.069951065,1.044872652,0.900141299,-0.090935485,-1.119984382,-0.969224837,2
-0.616636447,0.613942639,-0.475616306,0.273827093,0.664105871,0.761225837,-0.304332265,-0.840139271,-0.557950072,0.298541727,0.849311723,0.527770963,2
0.528250636,-0.890154707,0.146504145,0.291597991,-0.163038885,-0.32773606,-0.179736732,0.433795111,0.120529447,0.177500349,-0.466681183,-0.124225925,3
0.706344182,1.115308421,-0.724464487,0.66745826,1.205888832,1.33001611,-0.937989475,-1.626409906,-1.515786907,1.009121848,1.730712772,1.624615509,3
-0.794729994,1.102774277,1.266320957,0.423956553,0.610187447,0.557280987,-0.075248758,-0.378992853,-0.564797671,0.055945358,0.400125634,0.61860849,4
-0.362217096,-1.002962008,-0.973312667,-0.516902405,-0.603849232,-0.619112283,0.4921709,0.722239916,0.842477467,-0.572490391,-0.825815206,-0.990347421,4
0.273831284,1.127842566,2.012865498,-0.11814975,0.003039335,-0.020765622,-0.025210246,-0.302861999,-0.288237518,0.005095929,0.314781822,0.299500443,4
0.146621608,-0.1005036,0.009637645,-0.406906514,-0.389116212,-0.29905566,0.221153471,0.268070217,0.496444834,-0.257092849,-0.307523291,-0.572788974,1
-1.252684827,0.137645146,0.146504145,1.147811581,1.295315388,1.229424611,-0.467430699,-0.722462084,-1.084219266,0.477809611,0.764119085,1.178749262,2
0.273831284,-0.388788925,-2.329535251,0.504768288,0.302144502,0.321393302,-0.52703716,-0.294445661,-0.290400408,0.551867104,0.29625317,0.291116742,2
0.528250636,0.17524758,1.390745047,0.236249445,0.211660736,0.218365117,-0.311152021,-0.283184775,-0.293542669,0.319072546,0.290395945,0.302656569,4
1.08797321,-0.163174323,0.022080054,-0.512503343,-0.647841867,-0.613072445,-0.118908563,0.099622536,0.352503149,0.105407601,-0.137726043,-0.440526109,2
0.388319992,-0.37625478,0.445121961,-0.212382701,-0.123791432,-0.162227148,-0.042244834,0.101581661,0.125902715,0.020544545,-0.136808078,-0.173934896,1
-1.519825147,0.363259748,1.428072274,0.592651622,0.766711036,0.811281907,-0.145070051,-0.542494606,-0.56565376,0.133133937,0.553896854,0.572822514,2
0.273831284,0.839557241,-1.881608526,-0.778552988,-0.138052307,-0.202900423,0.723208574,0.076245059,-0.014506674,-0.652147743,0.006650035,0.128874229,4
0.528250636,-1.742476537,0.395352325,0.497220367,0.221989179,0.232011375,-0.461663592,0.095589424,0.014176594,0.384428191,-0.183331153,-0.121893634,2
0.40104096,1.253184011,0.146504145,0.214160879,0.339855603,0.287221528,-0.378952931,-0.610431578,-0.60025865,0.360159022,0.612364787,0.600448757,3
-1.379894503,-1.654737525,0.893048686,1.014830618,-0.245631448,-0.206429835,-0.464291562,0.654860518,0.607688279,0.447547657,-0.728887517,-0.69634311,2
1.838510298,-0.012764588,-0.600040397,-1.187604641,-0.072989579,-0.109662681,0.490507166,-0.09565494,-0.066861463,-0.480874397,0.142641606,0.118860427,1
0.222947414,0.488601194,0.768624596,0.804866517,0.297819781,0.447357728,-1.030222932,-0.804587297,-0.384474015,1.008293664,0.755098887,0.279211807,3
-0.476705804,0.989966976,-0.102344036,0.166730198,0.011072451,-0.059590152,-0.013831283,-0.117306377,-0.172825411,-0.003550915,0.109495748,0.167132255,2
-0.616636447,-0.263447479,0.494891597,1.297109205,1.515715301,1.522247092,-0.812936264,-1.014524095,-1.31969575,0.857664798,1.075248654,1.425188247,1
0.935321599,-0.890154707,1.141896866,1.806553427,1.176764266,1.151208253,-1.778574044,-1.20396543,-1.377131654,1.87237375,1.233571541,1.4026086,3
-1.65975579,-0.388788925,-1.097736758,-1.992976327,-1.477670141,-1.436704173,2.303810763,1.826188069,1.671933373,-2.244540968,-1.706589532,-1.451227491,3
0.528250636,2.005232684,1.925768635,1.147699174,1.295695341,1.237528184,-1.348979911,-1.599943542,-1.390594104,1.167843348,1.440335081,1.116696938,3
0.909879664,-0.652005961,0.196273781,1.15324117,0.313554085,0.288377249,-1.188782618,-0.457558615,-0.555179307,1.255482886,0.450449022,0.551589125,1
-1.252684827,-0.138106034,-1.931378162,-0.997942259,-0.191372464,-0.182086983,1.267465586,0.634051777,0.685772681,-1.353033685,-0.65805429,-0.716481315,4
0.528250636,-1.015496153,1.266320957,1.392345532,0.923819679,0.981992495,-1.450004353,-0.955436699,-0.958805047,1.501849097,0.965431441,0.961473286,4
0.998926437,1.930027817,-0.351192216,0.429854209,0.475169332,0.391346167,-0.528909378,-0.774138394,-0.982469781,0.563700418,0.839140617,1.092813707,4
-0.145960647,-0.150640179,1.365860229,-0.390407184,-0.493981936,-0.425400254,0.076316494,0.173922522,0.475175361,-0.113695391,-0.221030059,-0.582045418,1
0.248389349,-1.566998513,-1.819396481,-1.472373839,-1.602614047,-1.538056572,1.552354301,1.916841552,1.85959734,-1.642247446,-1.979674951,-1.865013686,3
-0.896497735,1.616674203,0.868163868,0.163499063,0.295459758,0.264090123,0.173054678,-0.405253524,-0.415997557,-0.171905092,0.427450881,0.438491377,4
-0.107797744,0.212850013,-0.17699849,0.990154989,0.165581923,0.140253406,-0.836670194,-0.325378284,-0.342584681,0.828656489,0.280604231,0.282477408,1
-0.743846123,-1.491793646,0.009637645,0.794080951,1.070086594,1.103878642,-0.495646467,-0.511402652,-0.603033622,0.510712556,0.523812205,0.627681708,4
1.469602238,1.453730324,-0.214325717,0.585620679,0.776259275,0.757181268,-0.821448119,-1.097256753,-1.174201583,0.885876909,1.191824424,1.302091937,4
-0.28589129,-0.601869382,-0.376077034,-1.308326135,-0.804039405,-0.793869001,1.199389923,0.980856005,1.05012,-1.321860473,-1.085093365,-1.193910395,3
-0.489426772,-0.263447479,-0.351192216,0.608094308,0.082716476,0.197681227,-0.644413526,-0.285856932,0.034746896,0.654714355,0.268662492,-0.098733009,4
-0.107797744,-0.514130371,-0.600040397,0.061212387,-0.574984085,-0.63075078,0.184642478,0.742500461,0.634986312,-0.215400879,-0.802997084,-0.687478149,3
-0.667520318,-0.764813262,-0.56271317,0.734744949,0.296170883,0.189464027,-0.212703324,0.113407164,-0.172425338,0.210016973,-0.147043784,0.168612973,4
0.40104096,2.080437552,-0.600040397,-1.65458588,-0.919067147,-0.8797215,1.109352823,0.315504701,0.576032126,-1.172217597,-0.303791181,-0.581477052,2
-1.952338045,0.989966976,0.619315687,-0.638155949,-0.49186424,-0.43625845,1.19782137,0.615080091,0.537325395,-1.16934783,-0.5288882,-0.39584265,1
0.464645798,-0.263447479,-1.508336255,0.665985926,1.454566979,1.480067091,-0.780498047,-1.294341794,-1.412305324,0.828297225,1.356712111,1.498555602,1
-0.680241285,1.566537625,0.893048686,-0.860310037,-1.023866255,-1.018901565,0.789091814,0.532798603,0.853413989,-0.882067291,-0.589158632,-0.961228605,1
-1.507104179,-0.075435311,-0.102344036,-0.817579025,-0.766436443,-0.73031264,1.224026718,1.04697596,0.808328637,-1.056010056,-0.866085768,-0.501593539,3
-2.079547721,0.613942639,-1.471009028,-0.866253208,-1.009239003,-0.992858374,1.508614,1.433955689,1.180405322,-1.607480636,-1.454200435,-1.158136978,4
-1.176359022,1.228115722,1.577381182,-1.305854439,-0.673994794,-0.758138244,1.610204416,0.670261316,0.698350414,-1.668222306,-0.674233676,-0.712710257,1
0.146621608,0.501135338,0.022080054,0.503144749,1.688583583,1.632051673,-0.472172491,-1.4281376,-1.495966176,0.459511546,1.45966188,1.523253784,3
-0.743846123,-0.250913335,-0.351192216,-0.710811563,-1.692668912,-1.552380063,0.691620739,1.380014673,1.488060583,-0.643330915,-1.358483005,-1.411067708,3
1.545928043,0.288054881,0.270928235,0.611444579,1.318776182,1.328974255,-1.256929895,-1.593262236,-1.258216362,1.189115939,1.529988626,1.074932411,3
-0.743846123,-0.463993792,-0.724464487,-0.39637565,-0.520014361,-0.544232568,0.848969341,0.879556921,0.678647112,-0.821563868,-0.860920657,-0.601939107,3
0.909879664,-0.890154707,1.900883817,0.608177731,0.376204113,0.327952599,-0.788402812,-0.307024419,-0.312200525,0.728456491,0.229704683,0.193487189,3
-1.761523531,0.739284085,0.382909916,0.357615734,-0.034778099,0.034453512,0.131977206,0.069590663,0.119561195,-0.14408052,-0.077839665,-0.121189812,1
1.164299015,-1.391520489,-0.002804764,0.010139466,0.217479129,0.2363288,-0.164661867,-0.059995854,-0.06172049,0.149686739,0.050022138,0.051998272,2
-0.107797744,0.86462553,-1.819396481,0.889516076,1.112050554,1.109039337,-1.018470244,-1.257370169,-1.179588811,1.041056637,1.274678002,1.153959571,2
1.253345789,0.852091386,-0.351192216,0.277671333,0.235640302,0.195898766,-0.708010011,-0.669657729,-0.784473453,0.754831192,0.711676043,0.846569832,3
-0.832892897,-1.128303454,2.037750316,-0.407951227,-0.560557131,-0.519043392,0.844687273,1.041681672,1.131817498,-0.939668042,-1.140704444,-1.25526459,1
0.273831284,-0.639471816,-1.371469756,1.35320629,1.21788264,1.1990418,-1.217134993,-1.112021082,-1.287527553,1.300695806,1.168241873,1.367741267,1
0.184784511,1.679344926,1.228993729,-0.914224209,-0.481699956,-0.509353516,0.4159351,0.00763038,0.188619885,-0.485305881,-0.026161285,-0.237450764,4
0.146621608,-1.955556994,-0.040131991,0.634922776,-0.492378177,-0.535214209,-0.191168566,0.978171782,0.838036874,0.191258809,-1.057424198,-0.913490206,3
-1.799686434,1.365991312,-0.002804764,-0.421343328,-0.115504318,-0.037046094,0.762169118,0.087900615,0.158074494,-0.826360176,-0.093714119,-0.162862168,1
1.876673201,0.363259748,0.246043417,0.052468612,0.711999096,0.745843229,-0.866196244,-1.186143722,-0.951459412,0.885032731,1.214574338,0.937196191,3
-0.692962253,-1.015496153,-1.07285194,0.544219631,0.431842682,0.369770516,-0.021171175,0.107208136,-0.160370095,0.002504109,-0.13508823,0.158280308,4
0.146621608,-0.138106034,-0.475616306,-1.21212054,-1.017103038,-1.010488908,1.152164198,1.018261719,0.953952111,-1.106217887,-0.942384615,-0.828298943,1
-0.743846123,-0.388788925,0.395352325,0.758583527,0.263138891,0.336748265,-0.432478008,-0.149179212,-0.080771621,0.359419841,0.075424116,-0.010355831,1
-0.362217096,-0.489062081,0.519776415,-0.946002736,-1.015913902,-0.985947977,0.861328054,0.980904681,1.153840079,-0.954793534,-1.08122824,-1.304266605,1
0.642739344,0.275520736,0.295813053,0.055491384,-0.181347602,-0.060749937,-0.515648432,-0.3452718,0.027751918,0.523513301,0.336675638,-0.08545139,4
-1.112754184,0.375793893,-1.495893846,-1.043458529,-0.241610204,-0.235867985,1.37078322,0.611695105,0.417694548,-1.267786956,-0.489828357,-0.198358101,3
0.782669988,-0.363720636,-0.102344036,2.639014701,1.949093004,1.930911708,-2.477566046,-1.894414789,-2.0600128,2.439573992,1.855476543,1.980226367,1
-0.23500742,0.375793893,1.266320957,-1.760845092,-1.568593853,-1.644602415,1.645088402,1.445390074,1.5440605,-1.747968979,-1.53171694,-1.65185772,1
-1.252684827,-0.125571889,-0.475616306,0.913880175,1.113346474,1.135830325,-0.294942274,-0.5452622,-0.728220646,0.272401512,0.543052079,0.732579019,1
2.271023196,-1.867817982,0.395352325,0.079926534,-0.931294776,-0.825385322,-0.780753629,0.51590874,0.850895829,0.782369503,-0.592180751,-0.960168879,1
-0.082355809,1.115308421,0.022080054,0.073957404,0.235893367,0.194328561,-0.310673831,-0.60698688,-0.50774947,0.305421956,0.605719804,0.473797019,3
-0.731125156,-0.012764588,0.022080054,0.609126223,0.604916837,0.641403186,-0.233331411,-0.336797559,-0.351001799,0.228202221,0.336052789,0.34259857,1
0.273831284,0.902227964,-1.097736758,-0.759122628,-0.363745888,-0.457346865,0.538839793,0.15231495,0.073950959,-0.582329978,-0.153256815,-0.056651377,1
0.019411932,1.240649867,-0.102344036,0.857186426,0.437719175,0.45630438,-0.896290458,-0.712159025,-0.660283318,0.901667162,0.701466504,0.644329625,3
1.927557071,0.112576857,1.179224093,-0.871144774,-0.780518651,-0.732598525,0.036910084,0.155290508,0.573492748,-0.061201067,-0.18291617,-0.652922081,4
0.477366765,0.363259748,-1.010639894,-0.574641833,-0.218477014,-0.331954888,0.303362063,0.157462085,-0.103487788,-0.315445116,-0.150549435,0.139248477,1
0.464645798,-0.1005036,2.224386451,-0.675503606,-0.730636726,-0.663632157,0.002836146,0.167040068,0.528303054,-0.030138302,-0.212464054,-0.641308855,1
-1.189079989,-0.702142539,-0.56271317,0.085431958,-0.509105474,-0.50869092,0.479980282,0.843246604,0.933879334,-0.547707967,-0.941982131,-1.05982654,3
-0.489426772,-0.138106034,-1.471009028,0.189888346,0.396851539,0.45535411,-0.072523386,-0.230507006,-0.223963102,0.056350086,0.230226604,0.219929065,4
-0.23500742,-0.639471816,1.751574908,-0.407232471,-0.261048366,-0.24385955,0.597364981,0.549422981,0.492260638,-0.619713948,-0.556911962,-0.4705406,2
0.909879664,1.290786445,0.445121961,-1.93599671,-1.054486474,-1.256487422,0.996607862,0.329878659,0.043046696,-0.225787508,0.208029843,0.609292383,2
-1.125475151,0.375793893,0.022080054,-0.924643511,-1.105227786,-1.204053254,1.291374659,1.184758716,1.183659266,-1.340946484,-1.231624901,-1.238151916,1
1.711300622,-1.040564442,1.975538271,0.71437154,1.096156179,1.089555018,-1.266693587,-0.999274435,-1.094726096,1.266184264,0.982415519,1.080855859,4
0.871716761,-0.476527937,-0.68713726,-0.441214409,-0.516630102,-0.556643458,-0.001038518,0.306230857,0.38577809,-0.023268033,-0.356509094,-0.454630243,2
-0.184123549,-0.388788925,0.855721459,1.272907676,1.125765199,1.048559079,-0.645708626,-0.583855245,-0.974314755,0.690930039,0.615159394,1.062140766,4
0.006690965,0.801954807,-1.06040953,-0.121302544,0.218958797,0.272621219,-0.100370927,-0.468685791,-0.368101655,0.084073893,0.49754158,0.386260655,2
-1.125475151,0.350725604,-0.475616306,-0.255140915,-0.248158088,-0.232683544,0.55629392,0.407159638,0.502361464,-0.640255112,-0.470423361,-0.593804879,3
1.4059974,-0.288515769,0.768624596,0.343383561,0.191188602,0.117276354,-0.820062979,-0.540953527,-0.613994544,0.8800107,0.56913679,0.65554622,4
-1.125475151,0.363259748,0.519776415,-0.101497432,-0.409968057,-0.382943828,0.443595905,0.503480231,0.496065212,-0.475972996,-0.530818365,-0.512202536,1
0.909879664,0.363259748,0.022080054,0.779223885,1.097327706,1.035088631,-0.986552625,-1.177189253,-1.279439937,1.018324229,1.21831277,1.319308289,3
1.278787724,-1.391520489,1.241436138,-0.215017551,-1.09476858,-1.076497538,-0.038245853,0.897103077,1.055774501,0.026661277,-0.970614517,-1.146719862,2
-0.362217096,1.792152227,0.532218824,0.958078385,1.680344346,1.656504731,-0.899491366,-1.753091754,-1.968406046,0.959151469,1.868490081,2.113563163,3
-0.985544508,-0.81494984,-1.95626298,-1.267489216,-1.285295967,-1.208430461,1.488386669,1.556981163,1.776468902,-1.61105641,-1.672564706,-1.917886645,3
0.528250636,0.237918303,-0.351192216,0.976506376,1.120123865,1.039525424,-1.10635184,-1.158440813,-1.27640419,1.136189428,1.184984358,1.292048029,3
0.922600631,0.839557241,0.893048686,0.46721104,0.029940722,0.014210231,-0.763418617,-0.600074459,-0.643860516,0.818428454,0.636029113,0.690405687,4
-0.222286452,-0.865086418,0.146504145,-0.681442502,-0.311876953,-0.359841677,0.770748967,0.835615993,0.789286308,-0.866761046,-0.926686038,-0.894633501,3
-2.041384818,-0.764813262,1.316090593,0.187466707,-0.012886472,0.026531204,0.601051079,0.528738107,0.488480326,-0.62095386,-0.532593838,-0.488836451,3
1.418718367,1.215581578,-0.139671263,1.138534493,1.292650522,1.365738236,-1.592836543,-1.753965411,-1.692059334,1.651944517,1.819560851,1.760526552,3
-1.125475151,0.363259748,-0.612482806,-0.177219294,-0.439067052,-0.409734131,0.334916378,0.391240768,0.615747751,-0.393895071,-0.454412635,-0.724913716,4
0.909879664,-0.313584058,-1.346584938,0.123577175,0.155863687,0.105120272,-0.188998782,-0.116098844,-0.257994695,0.18305762,0.104388203,0.260627888,2
-0.616636447,-0.689608394,1.515169137,-1.10235394,-1.60786308,-1.582984387,1.347691294,1.715528865,1.522850549,-1.323818877,-1.651971688,-1.371026743,1
1.164299015,0.488601194,-0.600040397,1.370313533,1.624151969,1.630930416,-1.91896278,-2.079355986,-1.660266596,1.90057094,2.001163912,1.453470426,3
0.337436122,0.024837845,1.005030367,0.578555578,0.852992602,0.868238298,-0.485662767,-0.635209281,-0.875646696,0.514150089,0.681678557,0.964317502,3
0.006690965,-1.178440032,0.121619327,-0.450789156,-0.654559589,-0.655011515,0.372720211,0.740416927,1.019170488,-0.440210694,-0.840405227,-1.177605529,3
-1.812407401,0.989966976,-2.180226342,-1.658221178,-0.55252115,-0.6592034,1.976314392,0.864422679,0.511229211,-1.618152539,-0.581141224,-0.119784008,4
0.273831284,-0.890154707,-1.471009028,-0.099371624,-0.462077809,-0.481087807,-0.008011138,0.355802471,0.470253861,-0.01811725,-0.42285023,-0.571705181,4
-0.871055799,-1.516861935,1.266320957,-0.137567441,0.205919527,0.183346726,0.571936488,0.484512057,0.28145792,-0.645375282,-0.541134437,-0.326106659,2
-0.743846123,1.867357094,0.022080054,0.220136644,-0.097294006,-0.027298623,-0.257323846,-0.313735984,-0.070537296,0.252420286,0.314604809,0.039414582,2
1.03708934,0.388328037,-0.475616306,-0.330893544,0.109792129,0.110152549,-0.054112894,-0.33945406,-0.229041664,0.038303158,0.355135593,0.233453971,4
1.316950627,0.024837845,-0.475616306,-0.945726622,-1.10306348,-1.193887603,0.318467365,0.580984392,0.577005999,-0.339451699,-0.623429949,-0.619628628,2
0.159342576,-1.579532657,-0.226768126,0.723014834,-0.103033848,-0.112299848,-0.334807279,0.644909887,0.418710007,0.338158306,-0.645384578,-0.391671031,3
-1.074591281,0.639010928,-0.475616306,-1.529131747,-1.301206941,-1.327172342,1.596529271,1.309576446,1.462661918,-1.721310204,-1.397654526,-1.562950581,1
-0.107797744,-0.075435311,0.270928235,1.61506,1.657741572,1.652380155,-1.43693229,-1.43501084,-1.630819959,1.488012979,1.489520766,1.694119821,1
0.146621608,0.150179291,0.893048686,-2.801303949,-2.367136366,-2.459482793,2.286464767,1.946312951,1.832309526,-1.786876395,-1.578138094,-1.348267031,1
-0.871055799,-0.388788925,-0.973312667,0.811974335,0.747331572,0.827942892,-0.722074506,-0.670245232,-0.428750542,0.700102904,0.646401006,0.369028601,4
0.40104096,0.488601194,-1.222160848,0.341029223,0.035982921,0.048215899,-0.43916454,-0.256382217,-0.167013433,0.447141693,0.246571502,0.138359023,2
-0.489426772,0.288054881,0.644200505,-0.46730612,-0.440021084,-0.457914751,0.665656315,0.545562803,0.388037325,-0.697380676,-0.558174064,-0.371948133,1
2.14381352,-0.062901167,-0.102344036,1.119823311,1.184840914,1.092340807,-1.67858438,-1.545908948,-1.636564619,1.763792544,1.61021873,1.709579279,3
-0.578473545,-0.639471816,0.768624596,-0.011712342,-0.462211486,-0.448541718,0.243546016,0.625061331,0.736527502,-0.296653857,-0.71173038,-0.858574986,3
-0.362217096,-0.639471816,0.022080054,-0.555329843,-0.320173845,-0.227359987,0.670566296,0.569437876,0.644488317,-0.740742343,-0.606202084,-0.683264076,3
0.680902247,0.613942639,-1.346584938,0.465850337,1.002179779,0.908522094,-0.669535509,-1.019657241,-1.239966397,0.692201645,1.059373211,1.298049102,1
-1.150917086,-0.012764588,1.888441408,-0.629957437,-0.836202666,-0.712281016,0.902160029,0.855244425,1.096673612,-0.940665232,-0.881644965,-1.130350113,1
-0.107797744,0.939830397,-0.600040397,1.498057292,1.181494951,1.047530672,-1.253800663,-1.193744661,-1.454532927,1.275235782,1.204967961,1.468507827,2
0.528250636,-1.592066802,-0.973312667,-0.502850738,-0.718011941,-0.667237194,0.440085974,0.98718629,1.031540373,-0.484932509,-1.053245689,-1.11834449,3
0.782669988,0.112576857,0.395352325,0.164350797,0.09437171,0.193501744,-0.589600863,-0.572325093,-0.230757467,0.60149965,0.563155105,0.180936112,4
-1.252684827,0.112576857,1.017472776,0.298529855,0.529855207,0.439415067,0.184377182,-0.047330199,-0.287067982,-0.216605812,0.03935807,0.298905902,1
1.164299015,0.112576857,-0.102344036,-1.036843096,-0.661965389,-0.624775771,0.577805462,0.37805807,0.477724252,-0.586096775,-0.354706002,-0.428954549,1
-1.634313855,-0.263447479,-1.097736758,0.740597797,0.636775019,0.645685408,-0.23481619,-0.301958627,-0.329444037,0.220187302,0.283197562,0.288764766,4
0.782669988,0.363259748,0.395352325,1.225093501,0.677349325,0.594380507,-1.23894935,-0.777746544,-0.917009952,1.262051889,0.751521035,0.882072761,3
0.909879664,-0.138106034,-0.600040397,-0.302940107,0.230549512,0.335872193,-0.201035803,-0.500523545,-0.238241592,0.194324982,0.524024257,0.229639668,1
-0.107797744,-0.388788925,0.893048686,-0.574083712,-0.526869123,-0.548530543,0.772207072,0.80283131,0.635037693,-0.826915762,-0.844383137,-0.657433526,1
-1.379894503,0.488601194,1.129454457,0.708655201,-0.035130594,-0.124393895,-0.132140489,0.216463835,0.046179093,0.123495041,-0.235272849,-0.059726544,2
0.655460312,0.739284085,-1.209718439,0.87636748,1.145572334,1.191390786,-1.174810431,-1.486811987,-1.345034064,1.21668357,1.522456258,1.371523217,1
0.019411932,0.338191459,-0.600040397,0.263640534,0.56107169,0.645532654,-0.36495817,-0.608982962,-0.567284702,0.37767705,0.652054597,0.611788348,2
1.03708934,-0.739744972,-0.102344036,0.120706968,-0.231282183,-0.302294434,-0.278283069,0.101764937,0.115892015,0.283420891,-0.140356156,-0.167320986,2
-0.489426772,-0.263447479,1.639593227,-0.51606379,0.021254668,0.036204015,0.6948012,0.383855091,0.286981231,-0.784212846,-0.434221271,-0.336342222,1
0.40104096,-0.263447479,0.33314028,-0.846958299,-1.24779289,-1.260872203,0.731888648,1.146023794,1.173542641,-0.74113016,-1.146390123,-1.163695504,1
